CustomerID,FirstPurchase,LastPurchase,Orders,Revenue,Lines,Country
12346,2009-12-14 08:34:00,2011-01-18 10:01:00,12,77556.46,34,United Kingdom
12347,2010-10-31 14:20:00,2011-12-07 15:52:00,8,5633.32,253,Iceland
12348,2010-09-27 14:59:00,2011-09-25 13:13:00,5,1658.3999999999999,46,Finland
12349,2010-04-29 13:20:00,2011-11-21 09:51:00,3,3678.69,172,Italy
12350,2011-02-02 16:01:00,2011-02-02 16:01:00,1,294.4,16,Norway
12351,2010-11-29 15:23:00,2010-11-29 15:23:00,1,300.93,21,Unspecified
12352,2010-11-12 10:20:00,2011-11-03 14:37:00,9,1729.54,95,Norway
12353,2010-10-27 12:44:00,2011-05-19 17:47:00,2,406.76,24,Bahrain
12354,2011-04-21 13:11:00,2011-04-21 13:11:00,1,1079.4,58,Spain
12355,2010-05-21 11:59:00,2011-05-09 13:49:00,2,947.61,35,Bahrain
12356,2010-10-11 09:42:00,2011-11-17 08:40:00,6,5611.73,139,Portugal
12357,2010-11-16 10:05:00,2011-11-06 16:07:00,2,17437.66,295,Switzerland
12358,2009-12-08 07:59:00,2011-12-08 10:26:00,5,3447.07,74,Austria
12359,2009-12-05 13:32:00,2011-10-13 12:47:00,10,8873.39,362,Cyprus
12360,2010-02-22 09:32:00,2011-10-18 15:22:00,6,3612.89,211,Austria
12361,2010-01-26 14:37:00,2011-02-25 13:51:00,4,451.25,25,Belgium
12362,2011-02-17 10:30:00,2011-12-06 15:40:00,10,4737.23,256,Belgium
12363,2011-04-11 13:29:00,2011-08-22 10:18:00,2,552.0,23,Unspecified
12364,2011-08-19 15:24:00,2011-12-02 10:22:00,4,1208.1,81,Belgium
12365,2011-02-21 13:51:00,2011-02-21 13:51:00,1,320.69,21,Cyprus
12366,2010-03-16 10:28:00,2010-03-16 10:28:00,1,500.24,3,Cyprus
12367,2011-12-05 16:48:00,2011-12-05 16:48:00,1,150.9,10,Denmark
12368,2010-03-21 15:56:00,2010-03-21 15:56:00,1,917.6999999999999,18,Cyprus
12369,2010-03-08 08:09:00,2010-10-22 13:13:00,3,1511.15,90,Austria
12370,2010-02-09 09:41:00,2011-10-19 14:51:00,7,3956.56,197,Cyprus
12371,2010-03-04 18:23:00,2011-10-11 10:43:00,4,3347.38,163,Switzerland
12372,2011-02-16 12:46:00,2011-09-29 12:12:00,3,1196.04,49,Denmark
12373,2010-02-04 12:08:00,2011-02-01 13:10:00,3,927.6500000000001,48,Austria
12374,2010-04-30 14:01:00,2011-11-14 15:37:00,3,2669.22,81,Austria
12375,2011-09-02 14:23:00,2011-11-29 10:36:00,2,377.5,15,Finland
12376,2010-10-18 08:42:00,2010-11-15 12:15:00,2,383.15,11,Switzerland
12377,2010-04-29 15:34:00,2011-01-28 15:45:00,4,3266.32,150,Switzerland
12378,2010-05-26 14:07:00,2011-08-02 10:34:00,2,5416.32,301,Switzerland
12379,2010-06-23 12:49:00,2011-09-19 10:09:00,4,1470.22,77,Belgium
12380,2010-02-15 12:05:00,2011-11-18 11:27:00,8,7210.65,267,Belgium
12381,2011-08-12 09:57:00,2011-12-05 12:44:00,3,1474.81,82,Norway
12383,2010-12-22 14:28:00,2011-06-08 08:02:00,5,1628.56,94,Belgium
12384,2011-08-10 11:23:00,2011-11-11 08:39:00,2,425.27000000000004,25,Switzerland
12385,2010-11-25 15:14:00,2010-11-25 15:14:00,1,1668.4,64,Belgium
12386,2010-12-08 09:53:00,2011-01-06 12:37:00,2,660.8,18,Australia
12387,2010-10-20 16:27:00,2010-10-20 16:27:00,1,143.94,9,Australia
12388,2010-05-06 12:54:00,2011-11-24 12:30:00,8,3901.11,146,Australia
12389,2010-02-22 10:15:00,2010-11-02 11:52:00,3,1433.33,49,Australia
12390,2011-09-21 09:33:00,2011-09-21 09:33:00,1,504.84000000000003,31,Belgium
12391,2010-02-15 10:12:00,2011-11-18 12:07:00,6,2724.84,267,Cyprus
12392,2010-04-27 14:04:00,2010-04-27 14:04:00,1,234.75000000000003,7,Australia
12393,2010-10-07 13:49:00,2011-09-28 15:41:00,6,2399.4500000000003,107,Australia
12394,2011-05-06 14:01:00,2011-10-07 08:08:00,2,1080.48,25,Belgium
12395,2010-04-16 10:16:00,2011-11-20 15:21:00,15,4551.27,238,Belgium
12396,2010-02-03 13:22:00,2010-02-03 13:22:00,1,931.43,65,RSA
12397,2011-07-27 14:21:00,2011-11-04 09:52:00,2,2214.9,124,Belgium
12398,2011-10-25 10:27:00,2011-10-25 10:27:00,1,1435.66,84,Switzerland
12399,2010-03-05 08:45:00,2011-08-12 13:15:00,7,1842.3,103,Belgium
12400,2010-10-21 13:45:00,2010-10-21 13:45:00,1,205.25,11,Australia
12401,2011-02-09 13:50:00,2011-02-09 13:50:00,1,69.3,4,Belgium
12402,2010-02-07 12:41:00,2011-01-20 13:49:00,6,1136.9,64,Belgium
12403,2010-07-06 11:39:00,2011-10-21 10:51:00,2,947.36,7,Denmark
12404,2010-01-26 16:25:00,2010-01-26 16:25:00,1,63.24,1,Finland
12405,2011-07-14 08:52:00,2011-07-14 08:52:00,1,1390.39,53,Finland
12406,2010-01-11 14:04:00,2011-11-17 19:22:00,5,6390.36,166,Denmark
12407,2011-03-20 13:21:00,2011-10-21 10:11:00,5,1507.1200000000001,72,Belgium
12408,2010-07-29 13:27:00,2011-11-07 12:27:00,8,3905.77,152,Belgium
12409,2010-05-23 15:21:00,2011-09-22 10:38:00,7,23419.29,264,Switzerland
12410,2010-07-25 13:26:00,2011-02-04 10:39:00,3,773.71,38,Switzerland
12411,2010-10-26 09:25:00,2010-10-26 09:25:00,1,346.9,22,Australia
12412,2010-06-18 13:22:00,2011-09-26 10:16:00,6,2404.93,121,Denmark
12413,2010-11-02 13:26:00,2011-10-04 09:00:00,4,871.45,48,France
12414,2010-09-02 12:22:00,2011-05-06 14:51:00,4,532.41,22,Austria
12415,2010-06-30 08:30:00,2011-11-15 14:22:00,24,144033.37,922,Australia
12416,2010-02-21 10:19:00,2010-02-21 10:19:00,1,202.56,11,Australia
12417,2009-12-06 10:30:00,2011-12-06 14:52:00,20,5998.41,350,Belgium
12418,2010-03-19 14:47:00,2011-08-19 11:08:00,4,2021.2,102,Switzerland
12419,2010-10-22 10:40:00,2010-11-19 10:04:00,2,391.01,23,Spain
12420,2011-10-07 08:55:00,2011-10-07 08:55:00,1,600.39,29,Cyprus
12421,2010-07-22 13:57:00,2011-11-24 09:07:00,6,874.6,59,Spain
12422,2009-12-18 12:44:00,2011-09-05 09:48:00,12,3639.35,162,Switzerland
12423,2010-08-31 09:31:00,2011-12-09 10:10:00,10,2301.39,155,Belgium
12424,2010-06-09 15:15:00,2011-06-30 12:06:00,4,3340.03,92,Australia
12425,2010-09-17 14:10:00,2011-09-22 17:31:00,2,1741.41,91,Portugal
12426,2010-02-15 08:41:00,2011-05-29 12:26:00,2,1201.21,75,Germany
12427,2010-12-03 10:44:00,2011-11-18 08:56:00,3,949.3,37,Germany
12428,2011-03-01 09:33:00,2011-11-14 08:22:00,8,6405.26,287,Finland
12429,2010-06-11 13:28:00,2011-11-30 17:22:00,8,6979.91,169,Denmark
12430,2011-10-27 15:09:00,2011-10-27 15:09:00,1,216.4,10,Norway
12431,2010-01-15 09:04:00,2011-11-04 11:55:00,25,10460.47,399,Australia
12432,2011-06-20 13:27:00,2011-10-28 11:43:00,4,4359.32,107,Norway
12433,2010-08-20 09:23:00,2011-12-09 10:02:00,10,20581.26,706,Norway
12434,2010-11-23 13:38:00,2011-09-16 12:38:00,3,1103.43,70,Australia
12435,2009-12-02 13:58:00,2011-09-21 09:06:00,6,13925.93,112,Denmark
12436,2011-09-01 12:09:00,2011-09-01 12:09:00,1,429.01000000000005,15,Norway
12437,2009-12-02 16:24:00,2011-12-08 11:35:00,38,11282.4,529,France
12438,2011-07-22 13:29:00,2011-11-25 13:28:00,2,2466.85,96,Norway
12439,2009-12-14 08:40:00,2010-01-26 12:11:00,2,1142.88,71,Cyprus
12440,2009-12-22 12:03:00,2010-09-03 13:11:00,2,739.2,30,Austria
12441,2010-12-08 10:45:00,2010-12-08 10:45:00,1,311.1,20,France
12442,2011-12-06 14:22:00,2011-12-06 14:22:00,1,144.06,11,Spain
12443,2009-12-07 15:42:00,2009-12-07 15:42:00,1,365.31,20,Norway
12444,2011-06-21 14:00:00,2011-11-18 13:23:00,5,4085.46,172,Norway
12445,2010-10-15 12:28:00,2011-11-17 18:43:00,2,378.98,23,Spain
12446,2011-10-13 12:50:00,2011-10-13 12:50:00,1,1002.3100000000001,57,RSA
12447,2011-04-10 13:25:00,2011-04-10 13:25:00,1,431.49,25,Belgium
12448,2011-10-26 13:46:00,2011-10-26 13:46:00,1,365.45,21,Spain
12449,2010-09-27 09:37:00,2011-11-17 13:46:00,5,4274.89,196,Belgium
12450,2010-08-22 13:11:00,2011-07-06 14:41:00,5,688.2,37,Spain
12451,2010-06-28 12:58:00,2011-11-29 08:40:00,8,12629.88,510,Switzerland
12452,2011-11-23 08:05:00,2011-11-23 08:05:00,1,348.57,20,Switzerland
12453,2011-07-28 14:08:00,2011-07-28 14:08:00,1,707.09,43,Austria
12454,2010-10-14 17:33:00,2011-10-14 17:13:00,4,16459.78,39,Spain
12455,2009-12-18 12:33:00,2011-09-27 15:31:00,9,5722.95,220,Cyprus
12456,2011-03-30 09:12:00,2011-10-26 14:41:00,3,2581.04,122,Switzerland
12457,2010-09-30 17:59:00,2011-10-04 13:13:00,7,2555.91,80,Switzerland
12458,2010-08-09 10:33:00,2011-09-29 15:25:00,4,1502.49,80,Switzerland
12459,2010-04-13 14:53:00,2010-04-13 14:53:00,1,398.36,22,Spain
12460,2010-09-09 13:51:00,2010-09-09 13:51:00,1,296.65,17,Belgium
12461,2011-07-08 10:23:00,2011-07-08 10:23:00,1,626.88,34,Switzerland
12462,2011-02-09 14:44:00,2011-11-21 09:11:00,2,937.59,60,Spain
12463,2011-04-12 12:47:00,2011-10-17 13:44:00,4,1200.78,79,Belgium
12464,2011-02-03 13:30:00,2011-11-29 13:33:00,8,957.05,22,Belgium
12465,2011-06-23 13:37:00,2011-11-22 16:34:00,2,682.1899999999999,45,Belgium
12466,2010-01-26 16:26:00,2010-01-26 16:26:00,1,56.73,1,France
12467,2010-10-12 15:41:00,2010-10-12 15:41:00,1,132.8,9,USA
12468,2010-01-26 10:09:00,2011-06-05 11:36:00,5,3238.74,145,Germany
12469,2010-06-21 10:30:00,2010-07-05 12:40:00,2,3070.54,76,Thailand
12470,2010-01-19 11:01:00,2010-01-19 11:01:00,1,211.95,23,Unspecified
12471,2009-12-07 10:41:00,2011-12-07 15:43:00,72,35140.99,1088,Germany
12472,2009-12-14 10:49:00,2011-11-07 14:01:00,19,16494.59,891,Germany
12473,2011-06-01 10:15:00,2011-10-17 11:27:00,3,2585.73,160,Germany
12474,2010-02-11 09:41:00,2011-11-22 14:39:00,29,11310.75,681,Germany
12475,2010-10-26 08:49:00,2011-10-17 10:10:00,2,1065.64,59,Germany
12476,2010-07-26 09:04:00,2011-11-24 12:40:00,18,12319.91,498,Germany
12477,2010-03-26 14:01:00,2011-11-17 09:51:00,9,20276.37,564,Germany
12478,2011-12-06 09:56:00,2011-12-06 09:56:00,1,545.99,35,Greece
12479,2011-11-28 13:26:00,2011-11-28 13:26:00,1,473.2,30,Germany
12480,2010-07-20 13:21:00,2011-11-11 14:52:00,7,4834.85,235,Germany
12481,2010-04-11 13:10:00,2011-11-17 08:29:00,14,11174.89,377,Germany
12482,2010-02-24 10:24:00,2010-05-12 16:51:00,27,21941.72,202,Sweden
12483,2010-01-31 13:28:00,2011-11-22 17:02:00,19,4069.1800000000003,122,Sweden
12484,2010-01-27 16:41:00,2011-11-04 15:18:00,9,5557.1,465,Spain
12485,2010-06-28 15:22:00,2010-06-28 15:22:00,1,708.1,34,Sweden
12486,2010-10-04 12:14:00,2010-10-04 12:14:00,1,917.28,48,Sweden
12487,2009-12-09 11:36:00,2009-12-09 11:36:00,1,285.29999999999995,2,Sweden
12488,2011-09-25 10:34:00,2011-11-30 08:50:00,3,1244.66,54,France
12489,2011-01-07 13:13:00,2011-01-07 13:13:00,1,298.93,14,France
12490,2009-12-01 12:52:00,2011-12-04 16:07:00,20,8764.64,441,France
12491,2011-11-01 12:18:00,2011-11-01 12:18:00,1,424.40000000000003,25,France
12492,2010-11-01 14:58:00,2011-10-07 15:15:00,3,607.21,39,Germany
12493,2011-05-26 14:53:00,2011-06-27 10:17:00,2,415.74,21,France
12494,2010-05-12 13:52:00,2011-11-24 09:34:00,9,1602.8700000000001,102,France
12495,2010-03-09 10:53:00,2010-03-09 10:53:00,1,277.4,16,Sweden
12496,2010-03-29 13:57:00,2010-03-29 14:06:00,2,45.34,10,Spain
12497,2010-03-05 09:39:00,2011-09-19 12:29:00,3,5996.5,55,Germany
12498,2011-10-13 09:30:00,2011-11-18 12:53:00,3,349.70000000000005,21,Germany
12499,2010-05-28 15:12:00,2010-05-28 15:12:00,1,357.72,26,Germany
12500,2010-02-04 15:05:00,2011-11-16 16:20:00,18,5559.21,130,Germany
12501,2011-01-07 12:28:00,2011-01-07 12:28:00,1,2025.39,148,Germany
12502,2011-02-03 10:41:00,2011-09-05 11:52:00,5,2995.87,142,Spain
12503,2010-05-04 13:59:00,2010-05-04 13:59:00,1,896.0,1,Spain
12504,2010-04-22 10:24:00,2011-11-21 16:02:00,4,689.05,17,Germany
12505,2010-10-27 09:18:00,2010-10-27 09:18:00,1,787.2,41,Italy
12506,2011-04-21 08:54:00,2011-04-21 08:54:00,1,73.5,23,France
12507,2010-05-04 09:23:00,2011-07-28 17:09:00,4,1508.06,46,Spain
12508,2011-11-10 16:27:00,2011-11-13 15:37:00,2,397.88,68,France
12509,2011-02-28 14:45:00,2011-02-28 14:45:00,1,158.5,6,France
12510,2009-12-04 13:47:00,2011-07-20 10:15:00,7,3039.03,137,Spain
12511,2010-10-07 10:39:00,2010-10-07 10:39:00,1,3084.02,190,Greece
12512,2011-10-04 14:53:00,2011-10-04 14:55:00,2,132.18,31,Israel
12513,2011-08-19 10:51:00,2011-08-19 10:51:00,1,558.29,34,France
12514,2010-03-08 12:18:00,2011-03-17 16:38:00,2,1597.76,84,Italy
12515,2010-12-21 15:43:00,2010-12-21 15:43:00,1,278.7,15,Italy
12516,2010-04-19 14:14:00,2011-09-23 09:13:00,4,2288.62,70,Germany
12517,2011-06-02 15:13:00,2011-11-11 13:57:00,4,2301.6,276,Germany
12518,2011-08-21 13:18:00,2011-12-09 10:13:00,5,1840.89,119,Germany
12519,2010-08-20 08:21:00,2011-10-07 09:26:00,2,626.54,37,Germany
12520,2011-03-11 11:35:00,2011-09-21 15:23:00,5,2346.2599999999998,147,Germany
12521,2011-07-20 10:51:00,2011-07-20 10:51:00,1,545.68,37,Germany
12522,2011-10-19 14:41:00,2011-10-31 15:30:00,2,156.72,10,Germany
12523,2009-12-07 13:46:00,2011-11-20 12:55:00,23,4010.35,238,France
12524,2010-02-08 14:41:00,2011-11-30 15:31:00,17,9794.11,224,Germany
12525,2010-03-02 14:01:00,2010-07-29 16:08:00,3,883.73,59,France
12526,2011-09-06 14:19:00,2011-12-09 12:09:00,3,1172.66,68,Germany
12527,2010-06-28 15:37:00,2011-09-19 11:55:00,5,717.51,31,Germany
12528,2011-01-31 09:05:00,2011-11-30 14:40:00,6,1645.48,86,Germany
12529,2010-06-29 13:10:00,2010-06-29 13:10:00,1,316.48,21,France
12530,2010-03-07 14:37:00,2011-10-11 12:34:00,9,3381.26,149,Germany
12531,2010-01-22 14:17:00,2011-11-25 11:12:00,2,1771.2,126,Germany
12532,2011-11-09 13:47:00,2011-11-09 13:47:00,1,313.83000000000004,15,France
12533,2009-12-01 11:50:00,2010-03-22 10:56:00,2,1223.89,70,Germany
12534,2011-08-01 10:26:00,2011-08-01 10:26:00,1,981.18,62,Germany
12535,2011-06-06 12:47:00,2011-09-09 08:48:00,2,716.35,34,France
12536,2011-10-11 14:52:00,2011-10-11 14:52:00,1,4279.71,259,France
12537,2010-10-27 08:36:00,2010-10-27 08:36:00,1,612.94,42,Sweden
12538,2010-11-26 13:02:00,2011-11-10 17:16:00,2,640.45,34,Spain
12539,2009-12-23 13:00:00,2011-11-17 13:30:00,7,11186.75,503,Spain
12540,2009-12-07 16:56:00,2011-11-20 11:31:00,32,19250.49,739,Spain
12541,2011-03-04 09:32:00,2011-11-10 10:40:00,3,841.18,49,Spain
12542,2010-03-09 16:26:00,2010-08-12 19:12:00,2,481.88,39,Spain
12543,2010-09-17 15:51:00,2010-09-17 15:51:00,1,840.25,42,Spain
12544,2011-11-03 16:15:00,2011-11-03 16:15:00,1,316.7,18,Spain
12545,2011-03-25 12:04:00,2011-09-25 13:39:00,2,832.39,48,Spain
12546,2011-09-23 09:44:00,2011-10-24 12:09:00,2,1021.5,67,Spain
12547,2010-07-27 13:55:00,2011-05-26 12:38:00,3,299.58,18,Spain
12548,2011-06-26 15:35:00,2011-06-26 15:35:00,1,67.19999999999999,4,Spain
12549,2010-01-11 12:29:00,2010-05-13 12:05:00,5,1570.68,48,USA
12550,2011-09-21 14:35:00,2011-09-21 14:35:00,1,824.83,56,Spain
12551,2010-12-17 11:23:00,2010-12-17 11:23:00,1,168.0,10,Spain
12552,2011-10-31 12:11:00,2011-10-31 12:11:00,1,317.82,19,Italy
12553,2010-10-12 13:35:00,2011-12-01 16:38:00,12,4104.75,227,France
12554,2010-09-17 12:29:00,2010-09-17 12:29:00,1,384.5,25,Spain
12555,2010-01-26 16:26:00,2010-01-26 16:26:00,1,129.23,1,Spain
12556,2011-07-11 13:35:00,2011-10-20 13:06:00,2,599.56,119,Spain
12557,2009-12-17 10:39:00,2011-11-23 16:59:00,8,18716.14,58,Spain
12558,2011-12-02 10:41:00,2011-12-02 10:41:00,1,269.96,11,USA
12559,2011-01-24 10:12:00,2011-02-02 09:49:00,2,525.71,20,Germany
12560,2011-07-19 15:55:00,2011-12-04 13:54:00,2,1918.01,103,Germany
12561,2011-02-10 11:39:00,2011-02-10 11:39:00,1,238.85,16,Germany
12562,2010-09-30 13:13:00,2011-12-01 17:20:00,9,4426.92,198,France
12563,2010-10-27 09:52:00,2010-10-27 09:52:00,1,221.24,12,Italy
12564,2011-03-23 14:55:00,2011-03-23 14:55:00,1,402.9,20,France
12565,2011-02-24 10:34:00,2011-02-24 10:34:00,1,145.92,9,Saudi Arabia
12566,2011-09-14 14:30:00,2011-09-14 14:30:00,1,297.65,18,Germany
12567,2010-02-11 10:30:00,2011-11-17 11:02:00,15,12467.86,624,France
12568,2010-03-05 09:15:00,2010-03-05 09:15:00,1,52.0,4,Germany
12569,2011-04-01 13:47:00,2011-12-07 16:24:00,32,3152.69,157,Germany
12570,2010-01-26 17:28:00,2010-01-26 17:28:00,1,77.52,1,Spain
12571,2011-08-10 12:35:00,2011-10-31 10:19:00,2,519.61,34,France
12572,2011-10-19 08:20:00,2011-12-01 09:20:00,2,912.42,58,Germany
12573,2010-08-31 17:25:00,2011-04-26 15:52:00,5,717.41,119,France
12574,2011-01-28 09:20:00,2011-01-28 09:20:00,1,182.45000000000002,10,France
12575,2010-07-01 09:15:00,2010-09-08 13:09:00,2,568.8199999999999,36,France
12576,2010-07-01 13:46:00,2011-11-04 10:11:00,8,2062.72,141,Poland
12577,2009-12-03 19:31:00,2011-11-04 13:24:00,8,1613.15,297,France
12578,2010-09-22 11:19:00,2011-11-18 13:30:00,4,4026.4500000000003,168,Italy
12579,2011-09-22 17:15:00,2011-09-22 17:15:00,1,386.42,28,France
12580,2010-05-12 11:45:00,2011-04-07 10:24:00,2,962.9,56,Germany
12581,2011-10-31 08:56:00,2011-10-31 08:56:00,1,179.71,14,Germany
12582,2010-05-11 09:55:00,2011-04-15 08:45:00,4,1820.4,101,Finland
12583,2009-12-06 11:57:00,2011-12-07 08:07:00,27,13295.44,438,France
12584,2011-03-04 15:15:00,2011-12-06 09:35:00,9,2254.15,95,Italy
12585,2010-12-23 12:58:00,2011-04-19 13:39:00,2,1824.1,85,Germany
12586,2009-12-16 13:15:00,2011-11-22 16:24:00,4,2062.67,94,Italy
12587,2011-12-02 12:47:00,2011-12-02 12:47:00,1,104.0,3,Finland
12588,2010-04-21 12:22:00,2011-10-31 15:01:00,3,718.78,42,Finland
12589,2010-01-19 12:26:00,2011-11-11 10:19:00,6,3294.91,173,France
12590,2011-05-12 14:46:00,2011-05-12 14:46:00,1,9341.26,67,Germany
12591,2010-10-27 10:42:00,2011-01-26 14:35:00,3,1114.95,65,Italy
12592,2010-07-08 14:06:00,2011-09-08 15:04:00,4,1723.6399999999999,76,Germany
12593,2011-05-05 09:29:00,2011-08-23 12:43:00,3,382.09999999999997,20,France
12594,2010-03-03 13:51:00,2011-11-02 12:20:00,14,4890.110000000001,193,Italy
12595,2010-07-23 09:10:00,2010-07-23 09:10:00,1,281.02,18,Germany
12596,2011-04-11 13:22:00,2011-10-19 13:02:00,2,450.27,25,Spain
12597,2011-03-16 14:00:00,2011-11-20 13:33:00,4,3195.22,202,Spain
12598,2010-03-01 09:58:00,2011-11-30 12:18:00,10,4192.09,199,France
12599,2010-05-11 10:42:00,2011-11-10 13:34:00,13,2026.72,120,France
12600,2009-12-07 13:37:00,2011-11-11 10:29:00,21,4448.92,111,Germany
12601,2010-10-31 10:57:00,2011-06-03 10:17:00,6,573.26,28,Germany
12602,2011-10-12 11:22:00,2011-10-12 11:22:00,1,153.12,12,France
12603,2011-11-18 10:42:00,2011-11-18 10:42:00,1,613.1999999999999,1,Germany
12604,2011-03-23 12:06:00,2011-09-21 14:08:00,2,236.18,15,France
12605,2010-09-07 14:21:00,2010-11-28 14:18:00,3,1124.95,72,Germany
12606,2010-01-26 16:23:00,2010-01-26 16:23:00,1,21.0,1,Spain
12607,2011-10-10 16:06:00,2011-10-10 16:06:00,1,1579.51,101,USA
12608,2010-10-31 10:49:00,2010-10-31 10:49:00,1,415.79,16,United Kingdom
12609,2009-12-20 13:30:00,2011-09-22 16:34:00,9,3021.86,166,Germany
12610,2011-08-05 13:52:00,2011-11-17 09:34:00,4,1747.54,102,Italy
12611,2011-10-18 13:12:00,2011-10-18 13:12:00,1,1193.32,65,Italy
12612,2011-09-26 15:35:00,2011-09-26 15:35:00,1,668.0400000000001,18,Germany
12613,2009-12-14 13:10:00,2011-10-13 14:59:00,9,6277.37,317,Germany
12614,2011-03-07 10:22:00,2011-03-07 10:22:00,1,315.6,20,Germany
12615,2010-03-18 14:09:00,2011-12-07 15:02:00,8,5362.98,264,France
12616,2010-11-16 11:38:00,2011-09-05 15:17:00,3,1023.1,51,France
12617,2011-11-10 14:39:00,2011-11-10 14:39:00,1,352.98,41,France
12618,2011-11-18 11:10:00,2011-11-18 11:10:00,1,137.31,10,Italy
12619,2010-05-28 12:52:00,2011-11-23 14:52:00,9,3085.7,92,Germany
12620,2011-05-19 12:10:00,2011-11-25 10:20:00,3,1303.41,91,France
12621,2010-02-09 12:01:00,2011-12-08 11:25:00,35,22525.81,737,Germany
12622,2011-04-21 16:39:00,2011-04-21 16:39:00,1,162.1,10,Germany
12623,2010-01-12 11:45:00,2011-03-08 13:50:00,7,3315.84,166,Germany
12624,2011-06-15 12:34:00,2011-08-25 15:04:00,2,569.13,36,France
12625,2010-04-22 11:33:00,2011-05-12 09:54:00,4,4678.88,179,Germany
12626,2011-01-17 11:01:00,2011-11-16 16:06:00,9,5954.48,285,Germany
12627,2011-07-22 13:59:00,2011-11-29 12:07:00,6,4082.53,224,Germany
12628,2011-10-06 09:28:00,2011-12-05 13:15:00,3,732.46,38,Germany
12629,2010-10-12 16:40:00,2010-11-19 09:18:00,2,1198.22,43,Sweden
12630,2011-10-27 10:41:00,2011-11-30 10:48:00,2,1030.88,62,Finland
12631,2010-01-15 14:50:00,2011-10-13 13:53:00,6,3321.57,182,Finland
12632,2010-05-24 09:07:00,2010-07-07 09:39:00,2,714.88,33,Germany
12633,2010-07-02 11:44:00,2011-10-12 11:40:00,7,5156.16,299,Germany
12634,2010-06-09 15:41:00,2010-06-09 15:41:00,1,360.0,19,USA
12635,2010-09-09 10:50:00,2011-09-11 11:04:00,4,2624.41,175,Germany
12637,2010-06-14 13:36:00,2011-10-03 13:46:00,12,8085.8099999999995,611,France
12638,2010-03-10 10:30:00,2011-11-06 13:11:00,2,681.49,46,Sweden
12639,2010-03-22 09:05:00,2011-04-15 12:48:00,3,1072.37,61,Sweden
12640,2011-09-19 12:01:00,2011-11-16 11:52:00,3,994.58,50,France
12641,2011-08-16 13:26:00,2011-08-16 13:26:00,1,145.9,9,Sweden
12642,2011-08-24 09:23:00,2011-11-14 15:03:00,3,905.26,44,Germany
12643,2010-04-07 14:16:00,2011-08-03 12:56:00,11,7803.82,42,France
12644,2010-01-14 13:02:00,2011-08-02 10:33:00,4,1900.49,110,Germany
12645,2010-02-09 10:49:00,2011-11-06 12:38:00,8,3215.3,152,Germany
12646,2011-10-21 12:52:00,2011-12-05 10:14:00,2,1346.97,45,USA
12647,2010-01-13 15:06:00,2011-11-17 12:56:00,35,14916.35,516,Germany
12648,2010-01-07 18:38:00,2011-07-08 11:55:00,4,1039.0,61,Germany
12649,2010-01-12 17:24:00,2011-08-24 14:41:00,8,2096.65,112,Germany
12650,2011-12-06 16:34:00,2011-12-06 16:34:00,1,242.44000000000003,19,France
12651,2010-08-31 15:21:00,2011-01-09 12:46:00,4,377.75,30,France
12652,2010-10-01 15:16:00,2011-01-12 15:00:00,2,891.03,50,France
12653,2010-07-01 09:56:00,2011-07-14 10:41:00,3,4160.83,86,Israel
12654,2011-02-17 13:16:00,2011-11-29 10:10:00,5,529.98,34,Germany
12655,2010-10-12 09:17:00,2010-10-12 09:17:00,1,243.35000000000002,15,France
12656,2010-05-26 09:00:00,2011-11-22 13:42:00,8,5723.83,239,France
12657,2011-09-22 11:40:00,2011-11-28 15:47:00,4,1427.18,44,France
12658,2011-11-21 10:22:00,2011-11-21 10:22:00,1,632.05,35,Germany
12659,2011-11-10 11:53:00,2011-11-10 11:53:00,1,73.68,4,France
12660,2011-11-28 13:26:00,2011-11-28 13:26:00,1,227.1,12,France
12661,2010-09-29 16:46:00,2010-09-29 16:46:00,1,162.0,11,Sweden
12662,2010-04-01 09:50:00,2011-12-09 11:59:00,20,6374.02,386,Germany
12663,2010-02-09 14:28:00,2010-03-25 09:40:00,2,185.4,8,Germany
12664,2009-12-13 10:28:00,2011-12-01 17:07:00,11,5420.04,34,Finland
12665,2010-02-08 15:11:00,2011-01-19 08:34:00,3,259.6,14,Germany
12666,2010-11-10 16:40:00,2010-11-10 16:40:00,1,1248.42,31,Israel
12667,2011-10-12 17:00:00,2011-10-12 17:00:00,1,460.13,32,Finland
12668,2010-01-31 15:45:00,2011-11-28 10:56:00,9,9906.03,527,Germany
12669,2011-03-28 10:15:00,2011-07-12 09:54:00,2,1427.73,98,France
12670,2010-02-11 10:13:00,2011-11-29 15:23:00,7,3436.29,108,France
12671,2010-04-12 16:30:00,2010-04-12 16:30:00,1,2622.48,44,Germany
12672,2010-04-23 09:57:00,2011-01-14 09:20:00,2,407.05,21,France
12673,2010-11-03 10:46:00,2011-12-04 13:55:00,3,1140.02,72,Germany
12674,2011-05-16 09:10:00,2011-11-01 12:12:00,4,1844.6,79,France
12675,2010-05-10 16:44:00,2010-06-04 09:49:00,2,873.25,111,Italy
12676,2010-08-13 13:29:00,2011-11-15 12:25:00,10,2333.09,97,Sweden
12677,2010-02-11 13:55:00,2010-06-02 14:30:00,2,359.1,19,France
12678,2010-01-07 16:46:00,2011-10-28 13:04:00,17,32855.18,366,France
12679,2011-03-01 12:26:00,2011-10-12 12:30:00,4,951.02,44,France
12680,2011-08-18 15:44:00,2011-12-09 12:50:00,4,790.81,49,France
12681,2009-12-13 13:31:00,2011-11-25 11:33:00,44,27898.28,1419,France
12682,2009-12-01 09:28:00,2011-12-06 10:00:00,51,21685.51,988,France
12683,2009-12-13 15:01:00,2011-12-05 16:28:00,20,11400.78,520,France
12684,2011-05-10 12:55:00,2011-12-02 09:53:00,6,2073.63,98,France
12685,2011-09-07 10:28:00,2011-11-11 13:46:00,6,2575.08,151,France
12686,2010-12-03 09:51:00,2010-12-03 09:51:00,1,142.28,12,France
12687,2010-08-16 12:12:00,2010-08-16 12:12:00,1,1858.91,125,Sweden
12688,2011-08-18 08:49:00,2011-08-18 08:49:00,1,4873.8099999999995,171,Israel
12689,2011-08-04 10:04:00,2011-11-14 08:31:00,2,1139.61,70,France
12690,2011-05-18 09:09:00,2011-05-18 09:09:00,1,335.01,15,France
12691,2010-10-15 12:00:00,2011-11-11 16:49:00,6,1044.4,33,France
12692,2010-03-12 14:02:00,2010-03-12 14:02:00,1,110.95,13,France
12693,2010-07-05 13:56:00,2011-08-04 17:51:00,7,1415.02,72,Germany
12694,2010-10-14 19:39:00,2011-09-30 13:06:00,3,1663.35,80,France
12695,2010-02-12 13:22:00,2011-12-02 13:22:00,7,1371.1200000000001,58,France
12696,2010-07-19 10:02:00,2010-10-01 10:43:00,2,731.91,47,Finland
12697,2011-06-23 15:44:00,2011-11-11 08:47:00,3,757.59,38,Sweden
12698,2010-04-28 15:51:00,2010-04-28 15:51:00,1,285.75,15,Germany
12699,2010-10-18 12:07:00,2010-10-18 12:07:00,1,566.11,40,Germany
12700,2011-05-08 16:10:00,2011-12-02 10:47:00,4,4525.99,264,France
12701,2010-03-16 13:23:00,2011-09-21 10:47:00,6,2248.41,141,Germany
12702,2011-11-20 10:36:00,2011-11-20 10:36:00,1,201.0,11,Germany
12703,2010-01-24 12:05:00,2011-09-29 17:52:00,4,898.53,70,Germany
12704,2011-06-23 10:20:00,2011-12-02 13:15:00,8,1740.84,81,Finland
12705,2010-06-24 09:51:00,2011-11-24 13:17:00,13,11114.1,590,Germany
12707,2011-02-21 08:38:00,2011-02-21 08:38:00,1,603.42,33,France
12708,2009-12-18 10:25:00,2011-11-10 09:52:00,18,4738.1,291,Germany
12709,2009-12-09 13:49:00,2011-11-24 15:38:00,33,29968.46,487,Germany
12710,2011-05-22 14:05:00,2011-09-04 12:00:00,3,1023.02,74,Germany
12711,2010-02-01 11:30:00,2010-04-07 11:59:00,2,1213.05,58,Germany
12712,2009-12-09 10:46:00,2011-11-11 08:19:00,21,6401.66,253,Germany
12713,2011-12-09 12:16:00,2011-12-09 12:16:00,1,794.55,37,Germany
12714,2009-12-04 10:00:00,2011-11-30 15:43:00,12,12815.710000000001,684,France
12715,2011-08-25 15:22:00,2011-08-25 15:22:00,1,263.36,19,Sweden
12716,2011-07-29 13:28:00,2011-12-06 08:55:00,2,963.49,67,France
12717,2010-04-28 14:34:00,2011-07-11 14:47:00,3,1058.91,68,Greece
12718,2011-09-29 16:38:00,2011-09-29 16:38:00,1,202.25,18,France
12719,2011-10-05 14:50:00,2011-12-04 13:45:00,2,572.95,37,France
12720,2010-07-21 09:46:00,2011-12-07 08:03:00,29,7306.67,493,Germany
12721,2010-08-25 11:07:00,2011-11-08 12:13:00,8,3635.08,231,France
12722,2011-07-12 11:55:00,2011-09-15 14:50:00,4,979.63,52,France
12723,2011-10-05 15:52:00,2011-12-06 10:19:00,5,707.07,68,France
12724,2010-06-22 14:00:00,2011-12-04 16:02:00,7,2083.52,122,France
12725,2010-05-04 13:59:00,2010-12-03 15:45:00,3,2278.56,126,Italy
12726,2010-03-25 16:25:00,2011-11-11 13:35:00,11,3690.6,168,France
12727,2010-02-23 09:54:00,2011-11-29 11:46:00,10,4905.53,193,France
12728,2010-11-21 11:34:00,2011-09-29 15:31:00,5,926.17,56,France
12729,2011-08-18 11:40:00,2011-08-18 11:40:00,1,417.01,25,France
12730,2010-07-06 12:19:00,2010-07-06 12:19:00,1,703.25,46,Germany
12731,2010-03-02 09:23:00,2011-11-16 11:59:00,17,25631.71,392,France
12732,2011-06-13 11:33:00,2011-06-13 11:33:00,1,218.26000000000002,11,France
12733,2010-01-19 13:23:00,2011-04-19 16:19:00,4,2424.02,156,USA
12734,2010-11-12 13:26:00,2010-12-22 12:47:00,3,603.65,18,France
12735,2011-01-06 14:26:00,2011-01-28 13:37:00,2,689.5699999999999,41,France
12736,2011-01-11 07:57:00,2011-01-11 07:57:00,1,144.0,3,France
12737,2010-07-29 12:27:00,2010-07-29 12:27:00,1,100.0,1,France
12738,2010-12-02 18:27:00,2010-12-02 18:27:00,1,274.7,20,Germany
12739,2010-11-10 14:27:00,2011-09-01 17:45:00,2,2421.23,86,United Arab Emirates
12740,2011-10-07 10:44:00,2011-10-07 10:44:00,1,427.6,27,France
12741,2010-06-24 16:24:00,2010-06-24 16:24:00,1,236.07,15,USA
12742,2010-03-24 12:43:00,2010-03-24 12:43:00,1,1201.52,67,United Arab Emirates
12743,2011-07-28 16:06:00,2011-07-28 16:21:00,2,540.13,131,Unspecified
12744,2010-04-27 16:19:00,2011-10-14 14:54:00,8,13158.16,332,Singapore
12745,2010-01-26 16:22:00,2010-08-10 10:14:00,3,925.41,23,United Kingdom
12746,2010-06-17 10:41:00,2010-06-17 10:41:00,1,254.55,17,United Kingdom
12747,2009-12-07 13:23:00,2011-12-07 14:34:00,26,9257.039999999999,256,United Kingdom
12748,2009-12-04 17:31:00,2011-12-09 12:20:00,323,51493.5,6910,United Kingdom
12749,2010-07-06 15:05:00,2011-12-06 09:56:00,9,6897.36,338,United Kingdom
12750,2011-08-03 09:13:00,2011-08-03 09:13:00,1,275.88,15,Poland
12751,2010-09-21 12:49:00,2010-09-21 12:49:00,1,268.27,62,Brazil
12752,2011-09-19 13:32:00,2011-09-19 13:32:00,1,4366.78,53,Norway
12753,2010-12-12 11:44:00,2011-11-17 10:52:00,6,21429.39,197,Japan
12754,2011-02-04 10:31:00,2011-04-18 09:00:00,3,3010.74,63,Japan
12755,2010-01-15 11:57:00,2011-03-04 12:42:00,11,9030.66,64,Japan
12756,2011-09-14 09:31:00,2011-09-14 09:31:00,1,112.07999999999998,4,Japan
12757,2011-05-12 19:01:00,2011-11-24 12:30:00,9,4176.75,358,Portugal
12758,2009-12-01 14:40:00,2011-08-15 10:22:00,7,9903.24,313,Portugal
12759,2009-12-04 10:47:00,2011-10-18 14:49:00,8,4618.74,294,Netherlands
12760,2010-09-10 08:50:00,2010-09-10 08:50:00,1,317.8,20,Netherlands
12761,2010-09-01 10:47:00,2010-09-01 10:47:00,1,712.95,25,Netherlands
12762,2011-11-14 14:23:00,2011-12-02 10:23:00,2,1702.52,67,Portugal
12763,2010-12-05 15:46:00,2011-07-24 14:12:00,2,814.16,34,Japan
12764,2011-01-27 10:19:00,2011-01-27 10:19:00,1,1693.88,45,Lebanon
12765,2010-03-08 09:43:00,2010-08-24 13:51:00,6,1299.58,62,Netherlands
12766,2010-10-28 09:29:00,2011-12-06 08:46:00,9,9116.28,448,Portugal
12767,2010-11-29 09:38:00,2010-11-29 09:38:00,1,949.82,43,Korea
12768,2010-09-15 12:08:00,2010-09-15 12:08:00,1,168.69000000000003,10,Korea
12769,2011-04-15 10:25:00,2011-04-15 10:25:00,1,1143.6,32,Brazil
12770,2010-09-09 11:43:00,2011-05-13 09:33:00,2,3246.45,28,Japan
12771,2010-08-11 11:51:00,2010-08-11 11:51:00,1,226.3,14,Portugal
12772,2011-10-11 09:19:00,2011-10-11 09:19:00,1,752.47,54,Portugal
12773,2010-05-24 17:30:00,2010-05-24 17:30:00,1,124.25,6,Portugal
12774,2010-06-22 10:38:00,2010-06-22 10:38:00,1,83.7,5,Netherlands
12775,2010-10-26 14:24:00,2011-11-22 16:33:00,7,1551.12,74,Netherlands
12776,2010-02-10 12:11:00,2010-02-10 12:11:00,1,27.5,3,Portugal
12777,2010-09-08 11:35:00,2010-09-08 11:35:00,1,519.45,26,United Kingdom
12778,2010-04-16 09:57:00,2011-11-20 11:30:00,9,1541.68,105,Netherlands
12779,2009-12-03 07:25:00,2011-11-02 11:43:00,14,6722.2699999999995,277,Poland
12780,2010-04-20 09:40:00,2010-04-20 09:40:00,1,322.4,19,Netherlands
12781,2011-02-28 08:43:00,2011-10-07 10:37:00,2,786.74,24,Czech Republic
12782,2010-07-08 13:31:00,2011-12-05 09:16:00,11,3862.2400000000002,217,Portugal
12783,2011-09-25 15:35:00,2011-12-07 15:56:00,4,1295.87,78,Portugal
12784,2010-06-28 13:06:00,2011-11-24 12:53:00,2,1511.15,127,Portugal
12785,2009-12-08 13:56:00,2010-12-10 13:48:00,3,904.4,53,Portugal
12786,2010-04-09 12:12:00,2010-04-09 12:12:00,1,668.5,17,Netherlands
12787,2010-10-22 14:57:00,2011-11-30 08:44:00,4,799.18,40,Netherlands
12788,2010-06-29 13:05:00,2010-09-02 14:21:00,4,384.9,22,Netherlands
12789,2010-01-15 12:06:00,2011-10-05 13:34:00,3,225.35,5,Netherlands
12790,2010-10-25 13:04:00,2011-05-31 14:14:00,2,546.85,35,Netherlands
12791,2010-03-25 17:29:00,2010-12-01 11:27:00,5,834.4300000000001,23,Netherlands
12792,2010-06-23 10:49:00,2011-03-28 11:36:00,2,715.01,45,Portugal
12793,2010-11-03 13:05:00,2011-01-09 12:12:00,3,849.33,47,Portugal
12794,2011-09-02 12:01:00,2011-10-17 14:54:00,2,860.41,45,Portugal
12795,2011-11-21 10:27:00,2011-11-21 10:27:00,1,318.48,13,Portugal
12796,2010-03-21 15:49:00,2010-03-21 15:49:00,1,351.0,6,Netherlands
12797,2010-10-11 12:53:00,2010-12-09 10:55:00,2,694.11,40,Portugal
12798,2010-10-14 12:27:00,2011-11-29 15:52:00,4,8510.93,33,Japan
12799,2010-06-28 15:57:00,2010-06-28 15:57:00,1,219.35,15,Japan
12800,2010-02-01 11:02:00,2010-08-26 14:11:00,2,500.25,32,Portugal
12801,2010-07-27 09:38:00,2010-07-27 09:38:00,1,871.82,49,Sweden
12802,2010-05-25 09:34:00,2011-06-06 09:36:00,5,2186.42,131,Netherlands
12803,2010-11-11 14:57:00,2010-11-11 14:57:00,1,1017.81,54,Netherlands
12804,2010-07-27 13:52:00,2010-08-31 11:58:00,2,325.37,66,Netherlands
12805,2010-02-03 09:06:00,2010-11-23 12:27:00,4,1230.95,54,Netherlands
12806,2010-04-30 10:44:00,2010-05-16 13:49:00,2,2558.96,64,Netherlands
12807,2010-11-21 14:21:00,2010-11-21 14:21:00,1,250.35,15,Sweden
12808,2010-09-03 10:24:00,2011-11-03 10:05:00,5,850.1,52,Portugal
12809,2010-03-02 14:19:00,2011-06-15 10:51:00,3,1384.3400000000001,78,Portugal
12810,2010-02-01 09:52:00,2010-06-23 10:53:00,2,534.99,32,Japan
12811,2010-10-08 12:20:00,2011-03-23 10:55:00,4,893.9,51,Portugal
12812,2011-10-26 09:54:00,2011-10-26 09:54:00,1,229.64000000000001,15,Japan
12813,2010-01-15 16:52:00,2010-07-26 09:50:00,3,1621.8,42,Netherlands
12814,2011-08-30 12:11:00,2011-08-30 12:11:00,1,85.92,1,Poland
12815,2011-05-25 13:34:00,2011-07-15 10:21:00,2,863.46,45,Poland
12816,2011-06-16 13:24:00,2011-09-05 12:41:00,2,452.20000000000005,27,Poland
12817,2010-10-01 08:57:00,2011-03-03 16:28:00,3,570.98,22,Austria
12818,2011-03-23 12:06:00,2011-03-23 12:06:00,1,1182.0800000000002,13,Austria
12819,2010-09-07 15:20:00,2010-09-07 15:20:00,1,540.52,19,United Kingdom
12820,2009-12-05 13:37:00,2011-12-06 15:12:00,11,2689.52,159,United Kingdom
12821,2010-04-07 15:14:00,2011-05-09 15:51:00,2,220.8,13,United Kingdom
12822,2011-09-13 13:46:00,2011-09-30 10:04:00,2,948.88,46,United Kingdom
12823,2010-01-29 12:52:00,2011-09-26 07:35:00,18,6501.5,18,United Kingdom
12824,2011-10-11 12:49:00,2011-10-11 12:49:00,1,397.12,25,United Kingdom
12825,2010-03-08 10:17:00,2010-07-06 13:56:00,2,518.63,24,United Kingdom
12826,2009-12-18 10:43:00,2011-12-07 10:25:00,12,2955.75,166,United Kingdom
12827,2011-10-26 15:44:00,2011-12-04 12:17:00,3,430.15000000000003,25,United Kingdom
12828,2011-08-01 16:16:00,2011-12-07 08:45:00,6,1018.71,56,United Kingdom
12829,2010-06-07 15:04:00,2011-01-07 11:13:00,3,385.3,19,United Kingdom
12830,2011-06-21 10:53:00,2011-11-02 11:54:00,6,6814.64,38,United Kingdom
12831,2010-09-02 15:58:00,2011-03-22 13:02:00,3,451.11,22,United Kingdom
12832,2011-09-02 13:48:00,2011-11-07 13:30:00,2,383.03,27,United Kingdom
12833,2011-07-17 13:46:00,2011-07-17 13:46:00,1,417.38,24,United Kingdom
12834,2011-03-02 09:49:00,2011-03-02 09:49:00,1,312.38,18,United Kingdom
12835,2009-12-03 12:13:00,2010-10-08 10:59:00,41,5996.83,615,United Kingdom
12836,2009-12-01 14:19:00,2011-10-11 15:10:00,15,6559.7300000000005,411,United Kingdom
12837,2010-05-19 15:10:00,2011-06-19 16:07:00,2,662.66,88,United Kingdom
12838,2010-04-26 09:59:00,2011-11-06 12:20:00,10,3366.7,415,United Kingdom
12839,2009-12-07 09:18:00,2011-12-07 12:33:00,26,10071.73,576,United Kingdom
12840,2010-02-03 14:51:00,2011-07-19 09:29:00,7,4041.97,176,United Kingdom
12841,2010-07-08 15:38:00,2011-12-05 11:13:00,40,7464.19,691,United Kingdom
12842,2009-12-02 08:15:00,2011-09-30 15:33:00,4,1917.99,48,United Kingdom
12843,2009-12-13 11:41:00,2011-10-05 12:09:00,28,6461.87,216,United Kingdom
12844,2010-04-25 11:51:00,2011-11-10 13:31:00,4,648.6,103,United Kingdom
12845,2011-02-22 14:10:00,2011-03-17 13:34:00,4,354.09,27,United Kingdom
12846,2010-01-26 16:29:00,2010-01-26 16:29:00,1,15.58,1,United Kingdom
12847,2010-11-17 12:44:00,2011-11-17 13:16:00,2,1609.0,119,United Kingdom
12848,2010-02-02 12:45:00,2010-02-02 12:45:00,1,208.0,16,United Kingdom
12849,2010-04-27 13:44:00,2011-11-08 13:41:00,6,3015.98,140,United Kingdom
12850,2010-09-20 12:26:00,2010-09-20 12:26:00,1,330.0,2,United Kingdom
12851,2010-08-19 15:13:00,2011-09-04 12:41:00,2,280.76,77,United Kingdom
12852,2011-02-18 08:47:00,2011-02-18 08:47:00,1,311.55,17,United Kingdom
12853,2010-02-05 11:57:00,2011-07-28 11:29:00,11,3907.5,148,United Kingdom
12854,2009-12-11 12:55:00,2011-09-22 12:15:00,7,2970.9700000000003,261,United Kingdom
12855,2010-11-02 18:16:00,2010-12-02 09:37:00,4,650.9399999999999,70,United Kingdom
12856,2011-10-07 12:38:00,2011-12-02 10:52:00,6,2170.78,311,United Kingdom
12857,2010-01-25 15:37:00,2011-05-13 10:20:00,6,3688.0,121,United Kingdom
12858,2010-11-21 12:55:00,2010-11-21 12:55:00,1,147.27,37,United Kingdom
12859,2010-09-07 12:20:00,2010-09-07 12:20:00,1,575.1,21,United Kingdom
12860,2010-01-15 15:22:00,2010-01-15 15:22:00,1,54.22,16,United Kingdom
12861,2010-03-30 11:39:00,2010-03-30 11:39:00,1,68.25,4,United Kingdom
12862,2010-08-01 15:20:00,2010-10-10 11:47:00,2,984.62,131,United Kingdom
12863,2010-04-29 13:54:00,2011-10-18 14:15:00,6,2792.5499999999997,48,United Kingdom
12864,2010-07-19 17:22:00,2011-07-24 13:03:00,2,299.57,7,United Kingdom
12865,2010-08-20 12:20:00,2011-11-13 14:31:00,4,3323.47,195,Austria
12866,2010-07-25 11:37:00,2011-03-01 14:11:00,3,1092.35,60,Belgium
12867,2009-12-16 16:25:00,2011-11-13 15:30:00,13,7829.26,1050,United Kingdom
12868,2010-11-12 10:05:00,2011-06-07 10:42:00,8,2247.06,146,United Kingdom
12869,2010-01-27 12:10:00,2010-01-27 12:10:00,1,337.66999999999996,37,United Kingdom
12870,2010-03-25 14:32:00,2010-11-29 13:42:00,3,1676.95,93,United Kingdom
12871,2010-09-26 10:34:00,2011-09-16 15:07:00,3,744.02,18,United Kingdom
12872,2009-12-03 20:03:00,2011-01-17 10:52:00,12,3662.4900000000002,432,United Kingdom
12873,2010-01-27 09:50:00,2011-03-02 14:58:00,3,2027.3,35,United Kingdom
12874,2010-06-03 12:51:00,2010-11-19 15:23:00,2,873.42,46,Belgium
12875,2010-01-11 12:37:00,2011-07-19 15:30:00,5,1356.99,8,United Kingdom
12876,2010-04-28 13:26:00,2011-10-13 12:26:00,4,3751.79,166,Belgium
12877,2010-01-18 10:23:00,2011-12-06 10:30:00,20,2942.14,274,United Kingdom
12878,2011-03-18 14:02:00,2011-04-17 13:07:00,2,854.99,47,United Kingdom
12879,2011-09-09 12:11:00,2011-10-26 12:24:00,3,573.22,10,United Kingdom
12880,2010-05-14 11:57:00,2010-11-23 10:50:00,2,640.13,36,United Kingdom
12881,2011-03-09 11:44:00,2011-03-09 11:44:00,1,298.0,7,United Kingdom
12882,2011-11-06 11:22:00,2011-11-30 16:18:00,2,1463.04,13,United Kingdom
12883,2011-09-11 15:18:00,2011-11-15 09:32:00,4,703.47,42,United Kingdom
12884,2011-09-12 13:10:00,2011-09-12 13:10:00,1,309.05,7,United Kingdom
12885,2011-08-08 11:45:00,2011-10-07 13:40:00,3,1175.22,71,United Kingdom
12886,2011-05-04 11:21:00,2011-10-03 10:09:00,2,1378.4,82,United Kingdom
12887,2010-11-21 11:18:00,2010-11-21 11:18:00,1,222.4,13,United Kingdom
12888,2011-03-29 14:31:00,2011-05-09 16:02:00,2,354.12,5,United Kingdom
12889,2010-07-25 14:32:00,2010-11-23 16:08:00,4,385.46000000000004,25,United Kingdom
12890,2010-11-17 14:05:00,2011-11-15 17:26:00,2,706.02,135,United Kingdom
12891,2010-02-18 14:32:00,2011-06-07 12:31:00,11,840.5,11,United Kingdom
12892,2010-11-08 09:51:00,2010-11-08 09:51:00,1,263.38,18,United Kingdom
12893,2011-11-09 12:34:00,2011-11-09 12:34:00,1,176.55,31,United Kingdom
12894,2010-05-13 14:47:00,2010-05-13 14:47:00,1,157.35,21,United Kingdom
12895,2011-09-14 08:35:00,2011-10-28 13:51:00,2,372.8,22,United Kingdom
12897,2010-06-14 11:58:00,2011-05-19 12:13:00,4,514.25,14,United Kingdom
12898,2010-02-18 12:36:00,2010-09-02 08:08:00,2,296.21000000000004,27,United Kingdom
12899,2010-10-22 09:53:00,2010-10-22 09:53:00,1,366.4,17,United Kingdom
12900,2010-10-13 15:17:00,2010-10-13 15:17:00,1,340.33,13,United Kingdom
12901,2011-03-14 10:41:00,2011-12-01 10:07:00,28,17654.54,116,United Kingdom
12902,2011-03-20 12:06:00,2011-03-20 12:06:00,1,138.68,10,United Kingdom
12903,2010-10-07 12:39:00,2010-10-07 12:39:00,1,833.53,41,United Kingdom
12904,2011-06-20 13:18:00,2011-11-21 14:34:00,2,496.06,71,United Kingdom
12905,2010-01-26 14:06:00,2010-05-12 10:05:00,2,1018.42,54,United Kingdom
12906,2011-09-22 15:03:00,2011-11-28 09:55:00,5,2919.81,63,United Kingdom
12907,2010-08-02 14:33:00,2010-11-09 12:08:00,2,508.91,25,United Kingdom
12908,2010-03-19 15:59:00,2011-06-16 15:39:00,5,1776.0,5,United Kingdom
12909,2010-02-24 12:14:00,2011-10-31 12:43:00,8,3103.19,158,United Kingdom
12910,2010-03-28 13:10:00,2011-11-16 14:28:00,13,5796.52,137,United Kingdom
12911,2010-06-06 12:13:00,2010-06-06 12:13:00,1,1651.72,236,United Kingdom
12912,2011-10-30 11:35:00,2011-12-07 08:55:00,5,1662.3,24,United Kingdom
12913,2009-12-01 12:18:00,2011-12-05 12:11:00,13,6700.860000000001,96,United Kingdom
12914,2010-11-04 12:28:00,2010-11-04 12:28:00,1,223.98,9,United Kingdom
12915,2010-04-29 19:36:00,2011-07-14 11:34:00,4,1174.75,73,United Kingdom
12916,2010-01-24 11:26:00,2011-07-24 10:35:00,7,4479.73,172,United Kingdom
12917,2009-12-09 14:22:00,2011-08-03 16:42:00,6,4359.2,50,United Kingdom
12919,2011-06-23 09:22:00,2011-12-01 13:47:00,6,1335.19,50,United Kingdom
12920,2009-12-14 15:58:00,2011-11-22 15:05:00,4,486.64,59,United Kingdom
12921,2009-12-01 13:43:00,2011-11-30 16:22:00,74,35921.04,1534,United Kingdom
12922,2011-07-01 15:35:00,2011-07-01 15:35:00,1,405.38,28,United Kingdom
12923,2010-05-13 14:55:00,2011-10-06 16:20:00,3,769.17,59,United Kingdom
12924,2009-12-09 12:40:00,2011-09-12 13:55:00,12,2461.45,73,United Kingdom
12925,2010-04-26 10:32:00,2011-12-05 11:11:00,3,729.3299999999999,50,United Kingdom
12926,2009-12-14 14:35:00,2010-10-24 15:57:00,4,1523.59,261,United Kingdom
12927,2010-11-10 10:02:00,2010-11-10 10:02:00,1,197.31,11,United Kingdom
12928,2010-06-08 10:16:00,2011-11-04 14:24:00,12,4304.89,179,United Kingdom
12929,2011-02-01 12:08:00,2011-02-01 12:08:00,1,117.85,8,United Kingdom
12930,2011-06-21 13:25:00,2011-09-22 15:18:00,2,415.8,25,United Kingdom
12931,2009-12-01 11:46:00,2011-11-18 12:39:00,57,92347.34,218,United Kingdom
12932,2010-02-10 08:46:00,2010-06-18 14:22:00,8,1698.56,95,United Kingdom
12933,2009-12-10 16:39:00,2011-11-15 16:38:00,8,1636.6299999999999,289,United Kingdom
12934,2009-12-03 10:51:00,2009-12-03 10:51:00,1,181.65,2,United Kingdom
12935,2010-04-11 15:59:00,2011-12-07 17:25:00,15,4243.86,254,United Kingdom
12936,2011-09-22 13:51:00,2011-11-22 17:32:00,4,1063.9,62,United Kingdom
12937,2009-12-03 15:43:00,2011-11-24 15:05:00,9,3097.61,217,United Kingdom
12938,2011-11-14 11:21:00,2011-11-14 11:21:00,1,114.14,9,United Kingdom
12939,2010-01-12 11:27:00,2011-10-06 14:33:00,20,25264.8,86,United Kingdom
12940,2011-09-13 10:16:00,2011-10-16 12:09:00,2,899.69,96,United Kingdom
12941,2009-12-15 13:12:00,2009-12-15 13:12:00,1,377.49,27,United Kingdom
12942,2010-12-09 09:34:00,2011-07-31 14:39:00,3,934.35,86,United Kingdom
12943,2010-04-13 11:03:00,2010-05-30 13:52:00,2,496.5,25,United Kingdom
12944,2010-12-20 10:41:00,2011-11-04 11:04:00,2,604.51,30,United Kingdom
12945,2010-02-21 15:18:00,2011-02-24 14:15:00,2,900.11,51,United Kingdom
12946,2010-09-29 10:14:00,2010-09-29 10:14:00,1,324.45,20,United Kingdom
12947,2010-12-01 16:21:00,2011-07-19 10:06:00,6,1908.03,114,United Kingdom
12948,2009-12-02 12:28:00,2011-11-23 17:10:00,9,2317.43,125,United Kingdom
12949,2009-12-03 15:56:00,2011-11-09 11:25:00,22,15526.7,715,United Kingdom
12950,2011-11-15 13:48:00,2011-12-07 13:17:00,3,1843.0,23,United Kingdom
12951,2010-01-10 12:43:00,2011-12-01 12:14:00,15,3213.7200000000003,194,United Kingdom
12952,2011-09-22 16:37:00,2011-12-04 10:35:00,4,1387.79,79,United Kingdom
12953,2010-07-05 13:37:00,2011-11-30 09:24:00,2,828.8100000000001,48,United Kingdom
12954,2010-03-11 10:16:00,2010-03-11 10:16:00,1,162.45,10,United Kingdom
12955,2011-03-17 09:03:00,2011-12-08 16:29:00,11,4757.16,180,United Kingdom
12956,2009-12-15 19:03:00,2011-02-06 16:08:00,4,521.89,42,United Kingdom
12957,2009-12-11 12:01:00,2011-11-30 09:53:00,13,8706.97,490,United Kingdom
12958,2010-05-05 16:22:00,2010-11-04 16:16:00,2,467.34,49,United Kingdom
12959,2010-08-12 17:20:00,2010-08-12 17:20:00,1,150.95,8,United Kingdom
12960,2010-02-16 13:32:00,2010-10-22 09:31:00,4,1322.07,70,United Kingdom
12961,2010-11-25 16:44:00,2010-11-25 16:44:00,1,211.99,40,United Kingdom
12962,2011-08-18 13:38:00,2011-12-02 15:55:00,2,266.39,16,United Kingdom
12963,2010-07-08 14:45:00,2011-12-01 12:55:00,12,3601.59,190,United Kingdom
12964,2010-09-28 17:47:00,2010-09-28 17:47:00,1,132.24,26,United Kingdom
12965,2011-09-11 15:31:00,2011-09-11 15:31:00,1,769.8100000000001,108,United Kingdom
12966,2011-11-30 12:38:00,2011-11-30 12:38:00,1,160.18,10,United Kingdom
12967,2010-11-21 11:03:00,2010-12-16 19:10:00,3,4306.92,80,United Kingdom
12968,2011-08-19 15:44:00,2011-08-19 15:44:00,1,135.95,5,United Kingdom
12969,2010-04-16 10:50:00,2010-04-16 10:50:00,1,122.45,5,United Kingdom
12970,2009-12-04 14:19:00,2011-12-02 14:30:00,10,1452.54,343,United Kingdom
12971,2009-12-15 19:04:00,2011-12-06 12:20:00,116,15972.79,425,United Kingdom
12972,2010-02-16 14:30:00,2010-10-22 08:41:00,4,1161.2,77,United Kingdom
12973,2010-10-22 10:14:00,2010-10-22 10:14:00,1,385.55,6,United Kingdom
12974,2010-05-23 11:45:00,2011-05-26 09:33:00,2,408.95,32,United Kingdom
12975,2009-12-06 10:38:00,2010-09-29 09:46:00,6,2100.09,112,United Kingdom
12976,2010-02-12 15:46:00,2011-05-12 09:55:00,8,3156.38,154,United Kingdom
12977,2010-07-16 16:25:00,2011-07-06 16:40:00,4,513.88,58,United Kingdom
12978,2009-12-10 12:10:00,2010-11-19 14:29:00,5,2502.82,163,United Kingdom
12979,2009-12-10 15:45:00,2009-12-10 15:45:00,1,517.7,56,United Arab Emirates
12980,2009-12-02 11:26:00,2011-07-05 09:34:00,21,16245.78,52,United Kingdom
12981,2011-07-29 14:14:00,2011-11-10 12:00:00,2,372.21999999999997,20,United Kingdom
12982,2010-04-12 13:50:00,2011-04-11 11:51:00,8,2744.81,178,United Kingdom
12983,2010-04-20 12:58:00,2010-04-20 12:58:00,1,490.08000000000004,30,United Kingdom
12984,2011-11-21 12:37:00,2011-11-21 12:37:00,1,97.5,4,United Kingdom
12985,2011-11-11 12:44:00,2011-12-09 10:46:00,2,1239.38,76,United Kingdom
12986,2010-01-21 10:45:00,2010-10-07 11:57:00,10,2729.84,102,United Kingdom
12987,2010-01-20 09:57:00,2011-09-27 12:03:00,5,1312.21,66,United Kingdom
12988,2011-02-20 14:31:00,2011-02-20 14:31:00,1,505.82,83,United Kingdom
12989,2009-12-10 13:27:00,2011-12-06 15:28:00,33,13551.75,97,United Kingdom
12990,2010-03-30 11:36:00,2011-11-08 13:01:00,7,955.5,27,United Kingdom
12991,2010-11-15 13:43:00,2011-11-16 15:34:00,3,764.82,45,United Kingdom
12992,2009-12-14 16:46:00,2009-12-14 16:46:00,1,93.35000000000001,6,United Kingdom
12993,2010-02-18 10:35:00,2011-11-16 15:49:00,8,1259.6299999999999,76,United Kingdom
12994,2011-03-16 08:31:00,2011-12-05 15:43:00,3,974.4200000000001,61,United Kingdom
12995,2011-09-15 15:44:00,2011-09-15 15:44:00,1,211.32,3,United Kingdom
12996,2010-11-29 09:27:00,2010-11-29 09:27:00,1,355.5,22,United Kingdom
12997,2010-04-06 11:06:00,2011-11-17 15:47:00,8,2110.91,107,United Kingdom
12998,2010-02-24 11:55:00,2010-08-04 08:05:00,3,920.08,58,United Kingdom
12999,2011-04-08 10:26:00,2011-05-27 13:24:00,3,455.88,28,United Kingdom
13000,2009-12-14 17:03:00,2011-08-25 10:43:00,4,1032.5,62,United Kingdom
13001,2009-12-03 16:21:00,2011-12-05 14:51:00,33,24042.65,1015,United Kingdom
13002,2010-10-01 11:58:00,2011-01-25 15:18:00,3,414.13,23,United Kingdom
13003,2011-05-09 08:23:00,2011-08-26 10:50:00,3,149.05,6,United Kingdom
13004,2009-12-15 09:44:00,2011-11-28 11:27:00,36,11650.85,815,United Kingdom
13005,2010-09-08 12:52:00,2011-06-19 10:53:00,4,999.68,56,United Kingdom
13006,2011-10-14 13:49:00,2011-10-14 13:49:00,1,81.57,4,United Kingdom
13007,2010-05-09 10:38:00,2010-05-09 10:38:00,1,175.25,11,United Kingdom
13008,2009-12-16 16:07:00,2011-01-20 14:24:00,3,612.13,35,United Kingdom
13009,2010-02-05 12:22:00,2010-02-05 12:22:00,1,234.0,4,United Kingdom
13010,2010-03-01 11:28:00,2010-11-30 15:09:00,2,330.12,12,United Kingdom
13011,2010-12-02 17:22:00,2010-12-02 17:22:00,1,101.10000000000001,6,United Kingdom
13012,2010-04-26 14:14:00,2011-11-30 13:05:00,11,2957.83,153,United Kingdom
13013,2009-12-14 10:34:00,2011-12-08 15:01:00,29,12625.77,554,United Kingdom
13014,2010-10-03 11:35:00,2011-11-29 12:27:00,11,5381.08,224,United Kingdom
13015,2010-04-15 16:35:00,2011-10-17 13:19:00,11,6579.78,348,United Kingdom
13016,2011-08-08 15:00:00,2011-09-27 14:08:00,3,789.89,47,United Kingdom
13017,2011-12-02 15:53:00,2011-12-02 15:53:00,1,204.0,1,United Kingdom
13018,2010-03-01 12:34:00,2011-11-23 13:28:00,35,9763.16,603,United Kingdom
13019,2009-12-06 15:40:00,2010-11-25 14:56:00,6,1229.95,55,United Kingdom
13020,2010-02-18 10:35:00,2010-05-26 11:12:00,2,618.96,39,United Kingdom
13021,2009-12-05 12:02:00,2011-12-05 16:37:00,17,4887.24,257,United Kingdom
13022,2010-10-06 10:50:00,2010-10-06 10:50:00,1,50.3,4,Belgium
13023,2010-06-29 09:51:00,2011-10-06 16:27:00,3,1251.03,73,United Kingdom
13024,2010-05-06 14:25:00,2010-08-26 09:42:00,2,555.87,31,United Kingdom
13025,2009-12-08 10:02:00,2009-12-08 10:02:00,1,323.39,13,United Kingdom
13026,2009-12-13 11:34:00,2011-12-08 16:58:00,9,1733.08,82,United Kingdom
13027,2010-01-20 10:41:00,2011-08-18 09:39:00,19,17239.2,85,United Kingdom
13028,2011-10-25 14:09:00,2011-11-17 11:10:00,2,661.3199999999999,45,United Kingdom
13029,2010-07-04 13:46:00,2011-11-09 09:13:00,5,1927.3,17,United Kingdom
13030,2010-12-06 14:31:00,2011-11-28 14:30:00,2,1154.8,149,United Kingdom
13031,2010-06-03 14:57:00,2010-10-28 15:34:00,5,3292.84,407,United Kingdom
13032,2010-09-05 14:01:00,2011-10-18 15:54:00,9,2815.96,207,United Kingdom
13033,2010-10-06 09:37:00,2010-12-17 14:23:00,2,220.55,13,United Kingdom
13034,2010-11-03 15:22:00,2011-10-16 12:21:00,3,922.68,55,United Kingdom
13035,2010-10-04 15:41:00,2011-09-27 08:57:00,3,1364.2,42,United Kingdom
13036,2010-01-24 11:35:00,2010-01-24 11:35:00,1,307.1,6,United Kingdom
13037,2009-12-03 17:04:00,2011-07-24 15:46:00,12,3914.9500000000003,232,United Kingdom
13038,2011-02-22 11:43:00,2011-09-20 14:37:00,3,908.46,28,United Kingdom
13039,2009-12-17 16:43:00,2010-05-04 16:45:00,4,1010.73,55,United Kingdom
13040,2011-11-06 13:53:00,2011-12-01 10:38:00,2,676.99,43,United Kingdom
13041,2010-04-29 08:43:00,2010-09-15 11:44:00,4,799.13,35,United Kingdom
13042,2009-12-07 15:42:00,2010-04-20 13:43:00,3,1488.59,184,United Kingdom
13043,2011-03-11 14:52:00,2011-03-11 14:52:00,1,516.42,13,United Kingdom
13044,2010-01-08 14:46:00,2011-02-21 15:20:00,11,4848.05,416,United Kingdom
13045,2010-08-10 13:02:00,2011-09-01 15:04:00,3,808.92,45,United Kingdom
13046,2010-09-09 13:09:00,2011-11-09 08:36:00,3,949.25,56,United Kingdom
13047,2009-12-16 11:43:00,2011-10-14 11:15:00,23,8790.210000000001,394,United Kingdom
13048,2010-01-27 12:55:00,2011-11-25 13:23:00,9,4049.13,265,United Kingdom
13049,2010-11-03 15:39:00,2011-10-06 15:31:00,4,1408.24,26,United Kingdom
13050,2009-12-15 15:06:00,2011-11-25 09:18:00,34,12205.3,998,United Kingdom
13051,2010-03-30 11:11:00,2010-05-10 09:14:00,2,155.8,4,United Kingdom
13052,2010-02-23 12:31:00,2011-05-11 14:12:00,7,3118.48,247,United Kingdom
13053,2010-03-28 11:28:00,2010-03-28 11:28:00,1,127.65,17,United Kingdom
13055,2010-10-06 08:17:00,2011-09-22 14:26:00,4,2321.11,154,United Kingdom
13056,2010-06-06 14:10:00,2010-06-06 14:10:00,1,209.48,19,United Kingdom
13057,2010-03-18 12:14:00,2010-06-27 15:44:00,3,709.59,40,United Kingdom
13058,2011-07-11 12:01:00,2011-11-15 12:43:00,3,271.40000000000003,8,United Kingdom
13059,2010-03-31 12:23:00,2011-04-04 10:40:00,10,2291.77,198,United Kingdom
13060,2011-03-31 11:37:00,2011-03-31 11:37:00,1,307.53,15,United Kingdom
13061,2011-09-28 16:04:00,2011-09-28 16:04:00,1,248.61,10,United Kingdom
13062,2011-06-01 15:12:00,2011-06-01 15:12:00,1,346.98,11,United Kingdom
13063,2010-08-16 12:27:00,2010-08-16 12:27:00,1,188.4,12,United Kingdom
13064,2010-04-27 10:08:00,2011-11-27 12:31:00,6,1666.8400000000001,93,United Kingdom
13065,2010-06-10 11:44:00,2010-12-01 16:52:00,5,1260.91,76,United Kingdom
13066,2011-11-07 17:06:00,2011-11-15 12:57:00,2,470.8,48,United Kingdom
13067,2010-09-19 13:43:00,2011-09-18 13:38:00,3,508.51,32,United Kingdom
13068,2011-01-24 08:20:00,2011-11-29 15:00:00,2,344.0,2,United Kingdom
13069,2010-06-14 14:27:00,2011-12-09 08:39:00,38,9616.95,1081,United Kingdom
13070,2009-12-07 14:44:00,2011-05-31 13:45:00,4,751.7,33,United Kingdom
13071,2010-04-06 13:37:00,2010-04-06 13:37:00,1,129.22,12,United Kingdom
13072,2011-03-18 08:12:00,2011-03-18 08:12:00,1,177.15,7,United Kingdom
13073,2010-09-28 09:27:00,2010-10-24 14:06:00,2,418.08,27,United Kingdom
13074,2009-12-16 11:46:00,2010-07-16 16:53:00,4,1378.74,29,United Kingdom
13075,2011-08-02 10:19:00,2011-08-02 10:19:00,1,919.61,22,United Kingdom
13076,2010-09-08 10:27:00,2010-09-08 10:27:00,1,135.4,9,United Kingdom
13077,2009-12-11 11:17:00,2011-12-08 19:24:00,11,3054.37,344,United Kingdom
13078,2009-12-01 09:06:00,2011-12-06 15:36:00,57,29532.45,801,United Kingdom
13079,2010-10-18 14:15:00,2011-12-05 16:53:00,6,419.18,17,United Kingdom
13080,2010-04-09 13:07:00,2011-06-13 14:59:00,4,280.73,19,United Kingdom
13081,2009-12-08 13:58:00,2011-11-28 10:54:00,28,59205.15,2354,United Kingdom
13082,2009-12-22 15:37:00,2011-08-05 16:16:00,21,7335.75,129,United Kingdom
13083,2010-10-10 13:38:00,2011-12-05 15:01:00,3,395.43,22,United Kingdom
13084,2010-08-05 08:49:00,2010-08-05 08:49:00,1,122.39999999999999,2,United Kingdom
13085,2009-12-01 07:45:00,2011-07-05 12:11:00,8,2433.28,84,United Kingdom
13086,2010-11-22 10:28:00,2010-11-22 10:28:00,1,439.33000000000004,47,United Kingdom
13087,2009-12-13 15:16:00,2009-12-13 15:16:00,1,313.64,15,United Kingdom
13088,2010-10-18 15:35:00,2010-10-18 15:35:00,1,236.11,20,United Kingdom
13089,2009-12-02 15:44:00,2011-12-07 09:02:00,203,116647.53,3356,United Kingdom
13090,2010-08-02 13:58:00,2011-12-01 12:39:00,23,14070.14,280,United Kingdom
13091,2009-12-10 12:44:00,2011-11-11 15:54:00,2,1108.8,44,United Kingdom
13092,2010-02-10 08:44:00,2011-09-30 11:18:00,12,2140.28,105,United Kingdom
13093,2009-12-04 10:32:00,2011-03-09 12:14:00,55,54943.65,1050,United Kingdom
13094,2010-11-15 14:15:00,2011-11-18 14:07:00,13,2433.1200000000003,32,United Kingdom
13095,2011-09-30 12:03:00,2011-09-30 12:03:00,1,74.39999999999999,6,United Kingdom
13096,2010-11-10 14:08:00,2010-11-10 14:08:00,1,419.70000000000005,1,United Kingdom
13097,2009-12-01 13:31:00,2011-11-07 10:43:00,27,13015.36,1003,United Kingdom
13098,2011-01-26 13:46:00,2011-12-08 14:14:00,28,28882.44,572,United Kingdom
13099,2011-09-01 17:40:00,2011-09-01 17:40:00,1,207.35999999999999,1,United Kingdom
13101,2010-01-27 15:49:00,2011-04-19 14:37:00,4,695.4,51,United Kingdom
13102,2010-05-06 13:12:00,2011-12-08 12:52:00,37,11696.92,492,United Kingdom
13103,2010-05-11 14:41:00,2011-10-31 09:38:00,3,709.64,33,United Kingdom
13104,2010-02-24 15:06:00,2011-12-06 13:10:00,9,1709.1,30,United Kingdom
13105,2010-09-29 13:41:00,2010-09-29 13:41:00,1,72.0,1,United Kingdom
13106,2010-10-22 13:10:00,2011-07-29 15:12:00,2,603.46,16,United Kingdom
13107,2010-02-04 10:50:00,2011-10-26 14:52:00,9,5253.07,178,United Kingdom
13108,2010-09-30 17:09:00,2010-12-02 10:35:00,2,1098.52,45,United Kingdom
13109,2010-06-06 12:59:00,2011-10-11 10:16:00,3,1134.03,70,United Kingdom
13110,2009-12-01 14:14:00,2011-11-08 14:30:00,12,2957.4700000000003,252,United Kingdom
13111,2009-12-21 09:00:00,2009-12-21 09:00:00,1,321.88000000000005,12,United Kingdom
13112,2010-06-16 17:03:00,2010-06-16 17:03:00,1,20.6,2,United Kingdom
13113,2010-03-28 16:13:00,2011-12-09 12:49:00,37,18603.04,387,United Kingdom
13114,2009-12-09 09:56:00,2009-12-09 09:56:00,1,234.38,16,United Kingdom
13115,2010-04-19 13:29:00,2011-11-28 12:38:00,10,5494.7,314,United Kingdom
13116,2011-07-24 14:33:00,2011-07-24 14:33:00,1,501.14,30,United Kingdom
13117,2010-03-26 13:50:00,2011-11-18 12:02:00,18,2643.81,188,United Kingdom
13118,2010-09-26 15:46:00,2011-11-20 12:46:00,9,2415.41,148,United Kingdom
13119,2010-02-09 08:38:00,2010-02-09 08:38:00,1,134.9,11,United Kingdom
13120,2011-04-15 10:19:00,2011-04-15 10:19:00,1,30.599999999999998,1,United Kingdom
13121,2011-03-15 16:47:00,2011-03-15 16:47:00,1,283.73,50,United Kingdom
13122,2011-04-13 14:12:00,2011-09-06 15:53:00,2,922.39,55,United Kingdom
13123,2010-06-28 12:43:00,2010-08-24 10:18:00,2,506.75,45,United Kingdom
13124,2010-11-19 15:50:00,2011-09-11 12:45:00,4,4641.66,283,United Kingdom
13125,2010-07-04 11:58:00,2010-07-04 11:58:00,1,148.62,20,United Kingdom
13126,2010-03-02 12:24:00,2011-12-05 10:00:00,13,3998.25,251,United Kingdom
13127,2011-09-23 10:26:00,2011-09-23 10:26:00,1,259.17,15,United Kingdom
13128,2010-03-18 15:08:00,2010-03-18 15:08:00,1,263.5,1,United Kingdom
13129,2010-06-28 11:54:00,2010-09-13 13:47:00,2,233.25,11,United Kingdom
13130,2011-09-06 15:30:00,2011-09-06 15:30:00,1,64.0,2,United Kingdom
13131,2010-02-09 09:47:00,2011-11-16 13:21:00,7,3313.77,149,United Kingdom
13132,2011-03-23 12:44:00,2011-03-23 12:44:00,1,77.3,3,United Kingdom
13133,2010-09-06 15:30:00,2011-03-11 10:31:00,3,200.45000000000002,12,United Kingdom
13134,2010-10-19 13:21:00,2011-09-15 10:35:00,6,2475.23,121,United Kingdom
13135,2010-08-05 17:28:00,2011-05-27 10:52:00,2,3371.45,18,United Kingdom
13136,2009-12-08 18:30:00,2011-10-14 13:41:00,13,6274.56,315,United Kingdom
13137,2010-07-25 15:40:00,2011-11-29 12:09:00,16,7586.94,1394,United Kingdom
13138,2010-11-08 11:45:00,2011-11-17 16:51:00,7,1467.24,99,United Kingdom
13139,2010-09-28 09:12:00,2011-11-23 13:54:00,8,8202.98,265,United Kingdom
13140,2010-08-05 19:05:00,2011-08-23 15:33:00,5,1213.18,120,United Kingdom
13141,2009-12-09 13:34:00,2011-09-16 09:54:00,17,7656.08,424,United Kingdom
13142,2011-11-20 16:07:00,2011-11-20 16:07:00,1,307.09,23,United Kingdom
13143,2010-05-04 12:22:00,2010-05-04 12:22:00,1,405.1,23,United Kingdom
13144,2010-10-04 14:14:00,2011-01-11 11:15:00,2,135.35,6,United Kingdom
13145,2010-04-19 11:11:00,2011-10-31 12:45:00,7,1423.52,10,United Kingdom
13146,2011-11-13 15:29:00,2011-11-13 15:29:00,1,228.91,17,United Kingdom
13147,2011-09-01 12:28:00,2011-11-29 13:59:00,4,712.8000000000001,4,United Kingdom
13148,2009-12-07 15:26:00,2011-11-10 15:23:00,26,8488.32,761,United Kingdom
13149,2011-02-23 13:57:00,2011-11-25 13:09:00,4,1676.06,86,United Kingdom
13150,2010-03-19 09:03:00,2010-08-12 12:59:00,3,449.96999999999997,8,United Kingdom
13151,2010-03-22 10:26:00,2011-02-17 12:29:00,3,2454.71,157,United Kingdom
13152,2010-01-14 10:01:00,2010-10-18 13:44:00,7,2146.38,135,United Kingdom
13153,2011-12-04 12:14:00,2011-12-04 12:14:00,1,486.22,15,United Kingdom
13154,2009-12-04 08:46:00,2010-11-05 16:00:00,3,1624.84,93,United Kingdom
13155,2010-08-05 09:30:00,2011-11-06 15:41:00,6,1750.18,164,United Kingdom
13156,2010-02-01 13:45:00,2010-11-19 13:09:00,3,1586.54,104,United Kingdom
13157,2010-03-08 11:59:00,2011-10-21 13:50:00,9,5687.36,251,United Kingdom
13158,2010-11-16 17:12:00,2011-09-06 11:58:00,5,1508.18,100,United Kingdom
13159,2011-08-16 11:44:00,2011-12-01 11:20:00,4,1429.35,120,United Kingdom
13160,2011-11-17 13:07:00,2011-11-17 13:07:00,1,91.8,4,United Kingdom
13161,2010-07-27 12:44:00,2011-01-30 14:03:00,2,472.13,33,United Kingdom
13162,2009-12-04 13:59:00,2011-08-09 15:59:00,16,9275.49,238,United Kingdom
13163,2010-04-08 16:21:00,2010-04-08 16:21:00,1,17.65,2,United Kingdom
13164,2010-02-10 11:52:00,2010-05-19 13:52:00,2,372.2,10,United Kingdom
13165,2010-10-22 17:04:00,2011-10-24 15:05:00,3,1451.16,49,United Kingdom
13166,2010-10-21 14:29:00,2011-03-01 15:16:00,2,875.93,68,United Kingdom
13167,2010-11-14 12:58:00,2011-11-21 12:24:00,5,1113.15,80,United Kingdom
13168,2010-06-15 15:00:00,2011-11-03 12:56:00,5,1840.73,173,United Kingdom
13169,2010-05-26 15:58:00,2011-10-07 12:11:00,3,840.08,18,United Kingdom
13170,2011-11-13 12:19:00,2011-11-13 12:19:00,1,108.81,30,United Kingdom
13171,2011-02-13 14:16:00,2011-11-18 10:27:00,3,468.41,46,United Kingdom
13172,2010-11-04 15:10:00,2010-11-04 15:10:00,1,69.6,1,United Kingdom
13173,2009-12-10 12:52:00,2011-12-05 15:51:00,11,2555.76,238,United Kingdom
13174,2009-12-04 15:40:00,2011-11-23 14:35:00,11,9341.52,1087,United Kingdom
13175,2009-12-04 12:11:00,2010-05-06 13:13:00,2,831.45,46,United Kingdom
13176,2011-10-24 15:43:00,2011-10-24 15:43:00,1,481.49,67,United Kingdom
13177,2010-10-05 10:35:00,2011-10-06 09:56:00,2,512.2,30,United Kingdom
13178,2009-12-16 14:00:00,2011-11-13 16:14:00,21,14059.19,687,United Kingdom
13179,2010-03-31 11:40:00,2010-03-31 11:40:00,1,572.3100000000001,34,United Kingdom
13180,2010-04-11 13:37:00,2010-04-11 13:37:00,1,86.10000000000001,4,United Kingdom
13181,2010-11-23 15:05:00,2010-11-23 15:05:00,1,359.69,19,United Kingdom
13182,2011-10-25 13:46:00,2011-10-25 13:46:00,1,121.18,11,United Kingdom
13183,2010-03-14 12:32:00,2011-12-02 10:30:00,15,7036.18,156,United Kingdom
13184,2011-02-22 17:25:00,2011-11-25 12:02:00,10,1667.95,178,United Kingdom
13185,2011-03-17 11:56:00,2011-03-17 11:56:00,1,71.4,1,United Kingdom
13186,2011-08-03 09:09:00,2011-10-31 11:40:00,3,1575.89,79,United Kingdom
13187,2010-03-25 17:18:00,2011-01-06 18:57:00,4,328.36,54,United Kingdom
13188,2011-11-28 15:28:00,2011-11-28 15:28:00,1,114.60000000000001,2,United Kingdom
13189,2011-08-16 13:12:00,2011-11-21 10:39:00,2,260.68,29,United Kingdom
13190,2009-12-07 12:13:00,2010-06-13 15:47:00,3,570.66,17,United Kingdom
13191,2010-02-19 17:02:00,2010-02-19 17:02:00,1,159.21,57,United Kingdom
13192,2010-01-22 08:37:00,2011-09-05 14:13:00,6,2558.58,162,United Kingdom
13193,2011-10-09 14:30:00,2011-10-09 14:30:00,1,112.08,25,United Kingdom
13194,2010-10-14 11:54:00,2011-07-27 09:01:00,2,472.78,10,United Kingdom
13195,2010-10-21 13:07:00,2010-10-21 13:07:00,1,136.73,46,United Kingdom
13196,2010-04-01 12:54:00,2011-11-28 13:54:00,7,3068.84,188,United Kingdom
13197,2010-04-09 09:14:00,2010-04-09 09:14:00,1,373.01000000000005,19,United Kingdom
13198,2010-10-01 13:27:00,2011-11-29 15:17:00,8,4974.2300000000005,314,United Kingdom
13199,2009-12-05 10:11:00,2011-12-06 12:30:00,66,16417.89,206,United Kingdom
13200,2011-08-05 14:50:00,2011-11-20 15:35:00,4,870.09,46,United Kingdom
13201,2010-03-07 11:01:00,2010-07-25 14:30:00,4,1233.06,86,United Kingdom
13202,2009-12-09 10:48:00,2010-11-10 16:24:00,7,1580.3,69,United Kingdom
13203,2009-12-17 14:15:00,2011-11-30 10:45:00,10,2648.25,169,United Kingdom
13204,2009-12-08 14:56:00,2009-12-08 14:56:00,1,966.6600000000001,57,United Kingdom
13205,2010-09-22 16:26:00,2010-09-22 16:26:00,1,2803.2,1,United Kingdom
13206,2009-12-07 13:48:00,2010-11-04 16:50:00,13,8308.19,566,United Kingdom
13207,2010-04-06 16:37:00,2011-11-24 14:52:00,4,535.86,13,United Kingdom
13208,2009-12-03 13:25:00,2011-10-11 16:25:00,8,1951.82,250,United Kingdom
13209,2010-01-24 14:30:00,2011-11-09 13:54:00,13,8509.51,366,United Kingdom
13210,2011-09-07 08:18:00,2011-09-07 08:18:00,1,353.48,22,United Kingdom
13211,2009-12-06 15:24:00,2011-11-29 14:43:00,10,2618.77,201,United Kingdom
13212,2011-10-09 14:48:00,2011-11-20 12:40:00,3,786.83,141,United Kingdom
13213,2010-05-20 14:50:00,2011-10-14 11:42:00,11,3851.52,204,United Kingdom
13214,2010-03-03 14:10:00,2010-10-18 10:00:00,7,3264.23,229,United Kingdom
13215,2010-11-02 18:26:00,2010-11-02 18:26:00,1,81.6,1,United Kingdom
13216,2011-03-17 12:18:00,2011-03-17 12:18:00,1,333.74,5,United Kingdom
13217,2010-02-22 12:49:00,2011-08-09 15:32:00,4,666.48,5,United Kingdom
13218,2011-08-04 16:59:00,2011-08-04 16:59:00,1,62.63999999999999,5,United Kingdom
13219,2010-03-31 14:18:00,2010-03-31 14:18:00,1,76.23,11,United Kingdom
13220,2010-05-13 10:35:00,2011-09-22 13:38:00,5,1336.0900000000001,53,United Kingdom
13221,2010-12-15 13:24:00,2011-04-13 16:58:00,2,844.86,65,United Kingdom
13222,2010-05-11 13:54:00,2010-05-11 13:54:00,1,88.5,1,United Kingdom
13223,2010-02-12 13:27:00,2011-05-23 13:03:00,6,969.1200000000001,13,United Kingdom
13224,2011-07-11 14:10:00,2011-10-10 14:55:00,2,2152.95,107,United Kingdom
13225,2009-12-17 09:09:00,2011-12-06 13:29:00,16,16260.07,125,United Kingdom
13226,2010-11-11 13:46:00,2011-03-11 14:35:00,2,312.46,28,United Kingdom
13227,2011-05-22 11:47:00,2011-05-22 11:47:00,1,257.7,9,United Kingdom
13228,2011-09-19 14:28:00,2011-09-19 14:28:00,1,358.0,2,United Kingdom
13229,2011-04-28 12:07:00,2011-04-28 12:07:00,1,160.95,10,United Kingdom
13230,2010-03-18 20:02:00,2011-12-05 16:03:00,30,6202.96,1263,United Kingdom
13232,2011-04-10 13:48:00,2011-11-27 10:39:00,7,1327.75,201,United Kingdom
13233,2010-01-14 14:10:00,2011-09-26 13:25:00,4,1176.46,76,United Kingdom
13234,2009-12-07 12:32:00,2010-02-05 11:41:00,2,346.5,61,United Kingdom
13235,2011-05-11 17:13:00,2011-05-11 17:13:00,1,1031.07,58,United Kingdom
13236,2011-08-25 08:58:00,2011-11-15 12:50:00,2,744.85,36,United Kingdom
13237,2010-11-17 10:07:00,2010-11-17 10:07:00,1,643.0,24,United Kingdom
13238,2010-04-28 15:02:00,2011-11-22 15:37:00,6,1006.63,47,United Kingdom
13239,2010-07-25 13:34:00,2011-03-23 10:25:00,5,1594.69,93,United Kingdom
13240,2010-02-25 13:17:00,2011-09-04 14:08:00,8,1679.46,220,United Kingdom
13241,2010-10-24 11:17:00,2010-10-24 11:17:00,1,112.53,40,United Kingdom
13242,2010-02-09 13:12:00,2011-08-19 12:53:00,7,699.4,35,United Kingdom
13243,2010-03-18 13:10:00,2011-05-20 13:14:00,5,1220.38,205,United Kingdom
13244,2011-09-08 11:46:00,2011-09-08 11:46:00,1,121.74000000000001,27,United Kingdom
13245,2010-10-03 14:03:00,2011-10-20 11:40:00,2,989.22,45,United Kingdom
13246,2010-07-02 13:36:00,2011-11-21 16:50:00,11,3351.75,371,United Kingdom
13247,2011-09-18 11:31:00,2011-11-22 10:59:00,4,501.12,25,United Kingdom
13248,2011-06-03 13:05:00,2011-08-07 12:40:00,2,465.68,26,United Kingdom
13249,2010-01-24 12:11:00,2011-09-08 13:26:00,9,1608.93,35,United Kingdom
13250,2010-07-25 14:01:00,2010-09-05 11:33:00,2,253.09,19,United Kingdom
13251,2010-11-02 13:20:00,2010-11-02 13:20:00,1,252.68,25,United Kingdom
13252,2010-03-24 10:30:00,2010-11-10 16:00:00,2,399.3,19,United Kingdom
13253,2010-01-05 12:13:00,2011-07-06 10:09:00,4,2951.11,75,United Kingdom
13254,2010-11-28 15:42:00,2010-11-28 15:42:00,1,51.410000000000004,4,United Kingdom
13255,2010-07-15 13:20:00,2011-11-30 13:14:00,3,904.46,32,United Kingdom
13257,2010-09-29 14:58:00,2010-09-29 14:58:00,1,149.75,7,United Kingdom
13258,2010-11-04 12:45:00,2011-11-28 09:31:00,5,1009.43,44,United Kingdom
13259,2010-01-10 10:26:00,2011-10-09 10:48:00,9,1398.79,312,United Kingdom
13260,2011-10-09 13:21:00,2011-10-09 13:21:00,1,557.62,8,United Kingdom
13261,2011-02-27 10:41:00,2011-03-16 12:22:00,2,944.1,9,United Kingdom
13262,2010-04-18 12:14:00,2011-03-21 15:06:00,3,573.45,50,United Kingdom
13263,2010-10-22 17:07:00,2011-12-08 13:59:00,38,8650.98,1900,United Kingdom
13264,2010-09-23 12:42:00,2010-09-23 12:42:00,1,722.5600000000001,38,United Kingdom
13265,2011-03-11 09:54:00,2011-10-17 15:02:00,5,2092.66,90,United Kingdom
13266,2009-12-17 10:52:00,2011-11-28 14:39:00,19,6135.04,307,United Kingdom
13267,2009-12-07 16:56:00,2011-12-07 11:12:00,36,9758.26,426,United Kingdom
13268,2011-03-17 13:20:00,2011-11-22 11:34:00,10,3152.71,432,United Kingdom
13269,2009-12-02 11:47:00,2011-12-08 14:53:00,28,8888.75,498,United Kingdom
13270,2010-12-08 14:53:00,2010-12-08 14:53:00,1,1180.0,2,United Kingdom
13271,2011-11-02 14:31:00,2011-11-02 14:31:00,1,211.49,87,United Kingdom
13272,2011-09-11 12:06:00,2011-11-08 14:00:00,2,276.56,15,United Kingdom
13273,2011-08-18 14:02:00,2011-08-18 14:02:00,1,138.98,16,United Kingdom
13274,2010-10-26 13:48:00,2010-10-26 13:48:00,1,360.85,19,United Kingdom
13275,2010-03-17 14:05:00,2010-11-21 12:09:00,2,238.86,48,United Kingdom
13276,2010-03-07 14:05:00,2011-10-07 12:44:00,5,1891.91,239,United Kingdom
13277,2010-06-18 08:45:00,2011-11-24 09:21:00,7,523.3,23,United Kingdom
13278,2010-04-08 11:59:00,2011-10-30 11:49:00,4,1425.35,107,United Kingdom
13279,2011-09-22 17:24:00,2011-09-22 17:24:00,1,137.75,9,United Kingdom
13280,2010-03-05 09:07:00,2011-08-09 13:14:00,7,2293.33,205,United Kingdom
13281,2010-09-26 16:03:00,2010-09-26 16:03:00,1,350.85,22,United Kingdom
13282,2010-10-29 14:11:00,2011-11-21 15:33:00,4,1313.19,51,United Kingdom
13283,2010-03-09 14:36:00,2011-10-11 09:50:00,4,373.36,20,United Kingdom
13284,2011-01-13 09:23:00,2011-01-13 09:23:00,1,201.19,13,United Kingdom
13285,2010-03-25 14:26:00,2011-11-16 13:19:00,6,3364.59,231,United Kingdom
13286,2010-04-18 15:35:00,2010-04-18 15:35:00,1,734.91,49,United Kingdom
13287,2010-01-04 10:43:00,2010-04-15 15:26:00,3,781.59,53,United Kingdom
13288,2010-02-11 14:59:00,2010-09-22 16:32:00,5,927.61,10,United Kingdom
13289,2009-12-16 11:53:00,2009-12-16 11:53:00,1,307.95,16,United Kingdom
13291,2010-02-11 18:36:00,2011-07-07 10:36:00,11,3270.79,318,United Kingdom
13292,2010-07-01 14:36:00,2011-11-01 10:04:00,5,994.51,59,United Kingdom
13293,2010-02-09 12:05:00,2010-11-12 13:28:00,6,1192.94,72,United Kingdom
13294,2010-03-03 12:54:00,2011-06-03 08:54:00,3,1689.53,102,United Kingdom
13295,2010-05-12 09:13:00,2010-12-15 11:21:00,4,1101.97,67,United Kingdom
13296,2010-05-11 14:29:00,2011-07-25 13:46:00,6,792.51,53,United Kingdom
13297,2010-06-15 12:35:00,2011-12-02 09:32:00,7,4368.62,123,United Kingdom
13298,2011-12-08 13:11:00,2011-12-08 13:11:00,1,360.0,2,United Kingdom
13299,2010-06-29 11:30:00,2011-03-16 12:55:00,3,1218.7,62,United Kingdom
13300,2010-05-14 15:56:00,2011-06-23 13:09:00,3,1285.51,55,United Kingdom
13301,2011-02-20 13:13:00,2011-08-28 11:25:00,4,600.19,80,United Kingdom
13302,2010-07-01 12:32:00,2011-07-07 17:56:00,2,159.2,3,United Kingdom
13303,2010-11-04 14:55:00,2010-11-04 14:55:00,1,61.72,4,United Kingdom
13304,2010-02-08 12:42:00,2010-12-23 14:35:00,4,1217.99,78,United Kingdom
13305,2010-03-10 14:49:00,2011-12-05 15:15:00,16,3752.61,205,United Kingdom
13306,2010-10-05 14:55:00,2010-10-05 14:55:00,1,53.65,4,United Kingdom
13307,2010-04-26 13:28:00,2011-08-11 17:14:00,3,273.34,15,United Kingdom
13308,2010-04-22 09:22:00,2011-11-17 09:31:00,4,1670.3700000000001,71,United Kingdom
13309,2010-11-12 12:10:00,2011-12-02 16:34:00,6,1706.3700000000001,130,United Kingdom
13310,2010-11-02 17:03:00,2011-11-11 17:23:00,5,1541.2,95,United Kingdom
13311,2011-07-12 14:26:00,2011-12-05 12:55:00,2,598.57,26,United Kingdom
13312,2010-09-14 14:36:00,2010-09-14 14:36:00,1,124.75,5,United Kingdom
13313,2009-12-02 16:18:00,2011-11-17 16:48:00,12,3445.32,187,United Kingdom
13314,2011-09-27 10:20:00,2011-12-08 12:29:00,3,775.94,62,United Kingdom
13315,2010-01-19 15:34:00,2010-01-19 15:34:00,1,310.26,22,United Kingdom
13316,2010-03-10 10:01:00,2011-11-02 13:40:00,10,12940.82,173,United Kingdom
13317,2009-12-13 11:11:00,2011-10-04 13:35:00,19,6486.09,343,United Kingdom
13318,2011-11-02 13:26:00,2011-12-08 18:51:00,3,640.76,20,United Kingdom
13319,2009-12-06 14:46:00,2011-12-04 13:34:00,58,22082.5,955,United Kingdom
13320,2010-08-18 10:29:00,2011-09-22 18:07:00,6,2211.6,149,United Kingdom
13321,2011-09-14 15:18:00,2011-09-28 15:24:00,2,567.36,11,United Kingdom
13322,2011-11-22 14:21:00,2011-11-22 14:21:00,1,199.48000000000002,25,United Kingdom
13323,2011-09-16 13:23:00,2011-12-06 17:12:00,5,787.85,21,United Kingdom
13324,2010-05-25 10:23:00,2011-11-03 16:28:00,18,10513.47,132,United Kingdom
13325,2011-09-19 10:36:00,2011-09-19 10:36:00,1,675.3,12,United Kingdom
13326,2010-10-03 16:00:00,2010-10-03 16:00:00,1,281.76,13,United Kingdom
13327,2009-12-18 15:35:00,2011-11-01 10:21:00,20,9879.48,342,United Kingdom
13328,2011-01-27 15:22:00,2011-01-27 15:22:00,1,1308.48,17,United Kingdom
13329,2009-12-04 15:41:00,2011-11-08 10:29:00,8,5112.97,125,United Kingdom
13330,2010-02-23 10:12:00,2011-09-08 12:27:00,6,2796.1,117,United Kingdom
13331,2010-11-03 08:04:00,2010-11-03 08:04:00,1,262.4,12,United Kingdom
13332,2011-11-25 13:30:00,2011-11-25 13:30:00,1,350.9,21,United Kingdom
13333,2010-02-19 09:26:00,2010-10-24 13:24:00,3,1015.74,55,United Kingdom
13334,2010-02-25 12:21:00,2011-09-18 15:21:00,5,6201.8,474,United Kingdom
13336,2011-09-23 14:05:00,2011-09-23 14:05:00,1,795.12,51,United Kingdom
13337,2010-06-11 13:27:00,2010-06-11 13:27:00,1,1575.26,87,United Kingdom
13338,2010-01-05 12:25:00,2011-07-05 09:06:00,4,2445.62,128,United Kingdom
13339,2011-05-23 08:31:00,2011-05-23 08:31:00,1,860.12,54,United Kingdom
13340,2010-02-22 14:54:00,2011-10-25 13:15:00,12,22100.56,215,United Kingdom
13341,2011-03-24 09:50:00,2011-03-24 09:50:00,1,775.85,42,United Kingdom
13343,2011-06-15 12:24:00,2011-06-15 12:24:00,1,353.43,19,United Kingdom
13344,2011-03-07 10:28:00,2011-10-03 09:45:00,3,2511.69,116,United Kingdom
13345,2011-02-25 09:01:00,2011-02-25 09:01:00,1,389.5,20,United Kingdom
13346,2010-04-22 12:34:00,2010-09-03 11:41:00,6,299.4,6,United Kingdom
13347,2011-09-30 13:28:00,2011-09-30 13:28:00,1,341.36,8,United Kingdom
13348,2011-10-06 17:28:00,2011-10-06 17:28:00,1,233.76,14,United Kingdom
13349,2011-11-29 08:07:00,2011-11-29 08:07:00,1,247.32,16,United Kingdom
13350,2011-09-21 13:33:00,2011-11-23 16:33:00,2,979.12,40,United Kingdom
13351,2011-10-04 12:55:00,2011-10-04 12:55:00,1,373.94,16,United Kingdom
13352,2011-10-10 13:55:00,2011-10-10 13:55:00,1,397.97999999999996,24,United Kingdom
13354,2011-09-29 13:17:00,2011-09-29 13:17:00,1,743.53,51,United Kingdom
13355,2011-08-09 14:48:00,2011-08-09 14:48:00,1,674.7,32,United Kingdom
13356,2011-09-20 14:33:00,2011-09-20 14:33:00,1,768.24,42,United Kingdom
13357,2010-03-22 14:30:00,2011-03-27 13:56:00,5,3795.0099999999998,393,United Kingdom
13358,2011-03-16 11:52:00,2011-03-16 11:52:00,1,439.03,29,United Kingdom
13359,2010-11-01 15:05:00,2011-10-07 09:30:00,2,1043.31,56,United Kingdom
13360,2010-01-08 11:16:00,2010-10-04 12:37:00,4,1553.65,66,United Kingdom
13361,2010-04-01 07:49:00,2010-08-24 14:56:00,2,1450.5,34,United Kingdom
13362,2010-10-10 15:27:00,2011-11-30 14:41:00,7,5394.07,298,United Kingdom
13363,2010-10-26 11:07:00,2011-11-22 12:40:00,3,1723.86,102,United Kingdom
13364,2011-09-29 18:13:00,2011-09-29 18:13:00,1,134.95999999999998,10,United Kingdom
13365,2011-05-06 12:00:00,2011-11-06 12:36:00,2,2225.37,128,United Kingdom
13366,2011-10-20 13:37:00,2011-10-20 13:37:00,1,56.160000000000004,1,United Kingdom
13367,2010-10-04 10:00:00,2010-10-04 10:00:00,1,510.20000000000005,20,United Kingdom
13368,2010-10-12 10:43:00,2011-03-28 09:59:00,4,1121.5,52,United Kingdom
13369,2010-12-09 11:30:00,2010-12-09 11:30:00,1,616.5600000000001,28,United Kingdom
13370,2010-12-03 10:26:00,2010-12-03 10:26:00,1,1509.74,78,United Kingdom
13371,2010-03-17 15:29:00,2010-07-22 17:33:00,2,2297.66,92,United Kingdom
13372,2011-09-11 12:46:00,2011-09-11 12:46:00,1,378.64,23,United Kingdom
13373,2009-12-06 12:34:00,2011-10-10 10:51:00,6,7587.1900000000005,358,United Kingdom
13374,2010-09-16 10:29:00,2010-10-21 10:04:00,2,422.8,17,United Kingdom
13375,2010-09-21 08:12:00,2011-09-12 10:19:00,2,1792.23,71,United Kingdom
13376,2011-04-19 13:03:00,2011-09-01 16:16:00,3,1019.76,53,United Kingdom
13377,2010-03-04 10:06:00,2010-11-08 12:20:00,2,1552.88,78,United Kingdom
13379,2011-07-26 12:26:00,2011-11-13 13:45:00,3,572.56,97,United Kingdom
13380,2010-10-03 10:18:00,2010-10-03 10:18:00,1,62.4,3,United Kingdom
13381,2009-12-01 15:19:00,2011-11-08 11:58:00,12,8224.37,356,United Kingdom
13382,2009-12-08 09:56:00,2011-03-04 10:03:00,5,1387.58,86,United Kingdom
13383,2010-06-14 11:45:00,2010-06-14 11:45:00,1,305.28000000000003,1,United Kingdom
13384,2010-07-27 12:22:00,2011-11-09 11:04:00,11,6680.83,264,United Kingdom
13385,2011-01-14 09:52:00,2011-01-14 09:52:00,1,534.57,35,United Kingdom
13386,2010-09-28 13:09:00,2010-10-21 12:52:00,2,835.46,31,United Kingdom
13387,2010-10-18 14:07:00,2010-10-18 14:07:00,1,181.84,70,United Kingdom
13388,2010-04-15 10:18:00,2011-07-31 12:52:00,3,1185.65,69,United Kingdom
13389,2011-04-21 12:12:00,2011-11-28 14:01:00,3,797.96,51,United Kingdom
13390,2011-09-26 08:38:00,2011-09-26 08:38:00,1,544.08,13,United Kingdom
13391,2011-05-20 10:50:00,2011-05-20 10:50:00,1,59.8,1,United Kingdom
13392,2010-01-31 13:34:00,2010-01-31 13:34:00,1,91.14,8,United Kingdom
13393,2009-12-07 18:12:00,2010-05-05 09:34:00,4,1131.45,69,United Kingdom
13394,2009-12-01 11:58:00,2011-12-08 11:36:00,19,6621.7,409,United Kingdom
13395,2010-10-14 13:00:00,2011-06-07 15:04:00,3,1180.23,81,United Kingdom
13396,2011-01-24 13:37:00,2011-11-10 16:59:00,2,1360.99,43,United Kingdom
13397,2010-01-20 09:50:00,2011-09-28 10:56:00,10,3191.87,89,United Kingdom
13398,2010-09-17 09:34:00,2011-05-31 13:17:00,2,670.34,39,United Kingdom
13399,2010-07-08 17:47:00,2010-09-01 13:59:00,3,275.4,15,United Kingdom
13400,2010-05-06 09:00:00,2010-05-06 09:00:00,1,310.83,23,United Kingdom
13402,2010-05-24 10:56:00,2011-08-04 15:51:00,4,1535.13,96,United Kingdom
13403,2009-12-16 13:23:00,2011-11-22 08:28:00,3,229.5,9,United Kingdom
13404,2011-05-11 11:57:00,2011-12-08 15:37:00,2,252.49,11,United Kingdom
13405,2009-12-15 14:13:00,2011-05-19 16:31:00,5,1198.81,41,United Kingdom
13406,2010-03-18 07:29:00,2010-10-08 14:44:00,2,568.92,9,United Kingdom
13407,2010-02-16 11:13:00,2010-05-10 12:41:00,3,2244.7,85,United Kingdom
13408,2009-12-04 09:31:00,2011-12-08 09:05:00,106,51733.46,838,United Kingdom
13410,2009-12-08 13:43:00,2011-11-15 15:33:00,9,2201.96,50,United Kingdom
13411,2011-08-24 13:57:00,2011-08-24 13:57:00,1,213.55,18,United Kingdom
13412,2010-03-29 16:28:00,2010-03-29 16:28:00,1,487.34999999999997,34,United Kingdom
13413,2010-01-21 17:43:00,2010-03-10 12:17:00,6,429.44,43,United Kingdom
13414,2010-04-15 17:00:00,2011-07-29 11:45:00,6,2494.14,55,United Kingdom
13415,2009-12-11 14:20:00,2010-08-24 11:38:00,4,784.17,101,United Kingdom
13416,2009-12-03 13:02:00,2011-10-27 08:56:00,3,940.8000000000001,26,United Kingdom
13417,2010-02-08 12:39:00,2011-12-05 08:49:00,6,1669.49,77,United Kingdom
13418,2009-12-11 12:51:00,2011-11-28 10:23:00,31,12182.9,560,United Kingdom
13419,2011-10-07 12:49:00,2011-10-07 12:49:00,1,221.06,16,United Kingdom
13420,2011-06-22 11:35:00,2011-07-13 08:48:00,2,159.85,8,United Kingdom
13421,2010-02-14 14:45:00,2011-10-30 14:21:00,8,4048.25,264,United Kingdom
13422,2011-10-06 13:42:00,2011-10-06 13:42:00,1,2626.3,127,United Kingdom
13423,2010-10-07 09:02:00,2010-10-07 09:02:00,1,217.03,12,United Kingdom
13424,2010-09-16 10:49:00,2010-09-16 10:49:00,1,572.77,40,United Kingdom
13425,2010-05-09 14:35:00,2011-08-23 17:13:00,5,3390.4300000000003,177,United Kingdom
13426,2009-12-09 15:16:00,2011-12-09 08:59:00,22,8167.38,343,United Kingdom
13427,2009-12-17 13:44:00,2011-11-20 13:02:00,6,1006.53,52,United Kingdom
13428,2010-07-13 13:20:00,2011-11-29 14:20:00,3,478.54,138,United Kingdom
13429,2011-09-25 15:59:00,2011-11-29 09:10:00,4,1006.8,67,United Kingdom
13430,2011-09-14 14:26:00,2011-11-21 08:19:00,2,679.45,49,United Kingdom
13431,2010-02-18 11:53:00,2011-10-03 13:49:00,8,3316.24,129,United Kingdom
13432,2010-04-06 14:42:00,2010-05-17 13:18:00,2,436.55,110,United Kingdom
13433,2010-01-12 08:59:00,2010-07-26 16:55:00,4,658.3199999999999,24,United Kingdom
13434,2010-02-22 09:54:00,2011-09-26 14:30:00,5,1666.8600000000001,35,United Kingdom
13435,2010-07-27 16:56:00,2011-12-04 14:45:00,9,4447.33,149,United Kingdom
13436,2011-12-08 10:33:00,2011-12-08 10:33:00,1,196.89,12,United Kingdom
13437,2011-06-02 14:30:00,2011-11-25 14:00:00,7,3408.06,167,United Kingdom
13438,2010-06-10 18:46:00,2010-06-10 18:46:00,1,46.5,1,United Kingdom
13439,2010-07-01 14:36:00,2011-03-29 14:20:00,3,986.61,167,United Kingdom
13440,2010-09-14 10:34:00,2010-10-12 13:11:00,7,1295.25,59,United Kingdom
13441,2010-10-04 10:38:00,2011-09-09 09:38:00,2,720.9,38,United Kingdom
13442,2009-12-01 14:59:00,2010-02-10 14:03:00,3,419.87,38,United Kingdom
13443,2010-01-31 13:30:00,2010-09-17 12:31:00,6,1269.3700000000001,198,United Kingdom
13444,2010-07-21 14:34:00,2010-11-30 13:02:00,2,619.08,57,United Kingdom
13445,2010-03-23 15:34:00,2010-03-23 15:34:00,1,241.89999999999998,7,United Kingdom
13446,2010-02-14 11:52:00,2010-10-05 18:51:00,11,3881.89,192,United Kingdom
13447,2011-11-04 10:10:00,2011-11-16 13:38:00,3,1129.14,59,United Kingdom
13448,2009-12-06 12:14:00,2011-11-23 12:33:00,12,8830.18,550,United Kingdom
13449,2011-11-16 08:28:00,2011-11-16 08:28:00,1,291.88,19,United Kingdom
13450,2010-04-15 19:15:00,2011-11-13 11:54:00,13,4120.04,147,United Kingdom
13451,2010-03-21 16:13:00,2011-11-13 15:58:00,11,7088.92,1021,United Kingdom
13452,2010-08-24 09:53:00,2011-03-25 14:19:00,3,729.8,3,United Kingdom
13453,2010-11-02 13:23:00,2011-06-27 09:34:00,3,781.6899999999999,40,United Kingdom
13454,2010-03-08 14:40:00,2010-03-08 14:40:00,1,219.87,23,United Kingdom
13455,2009-12-09 08:58:00,2011-11-15 11:21:00,6,2905.93,144,United Kingdom
13456,2011-05-16 15:34:00,2011-11-22 09:18:00,6,1766.72,63,United Kingdom
13457,2009-12-02 12:46:00,2010-01-20 08:48:00,2,148.22,9,United Kingdom
13458,2010-11-16 14:01:00,2011-12-02 15:29:00,16,11959.27,485,United Kingdom
13459,2010-01-26 13:35:00,2010-03-25 10:24:00,2,1160.4099999999999,73,United Kingdom
13460,2011-10-21 09:50:00,2011-11-10 17:17:00,2,183.44,17,United Kingdom
13461,2010-04-21 16:01:00,2011-11-01 09:01:00,6,4160.0,62,United Kingdom
13462,2009-12-14 09:48:00,2011-04-01 11:20:00,5,1153.85,71,United Kingdom
13464,2010-03-31 15:22:00,2011-10-12 15:01:00,6,3097.64,151,United Kingdom
13465,2010-05-02 15:30:00,2010-09-19 15:13:00,2,931.12,34,United Kingdom
13466,2010-03-21 13:50:00,2011-06-08 16:39:00,5,1013.35,55,United Kingdom
13467,2011-11-03 16:56:00,2011-11-29 10:01:00,2,1071.91,98,United Kingdom
13468,2009-12-03 13:32:00,2011-12-08 10:39:00,72,13375.51,727,United Kingdom
13469,2010-02-24 15:03:00,2010-02-24 15:03:00,1,82.4,6,United Kingdom
13470,2011-08-16 17:06:00,2011-09-01 14:57:00,2,165.0,10,United Kingdom
13471,2011-10-23 13:10:00,2011-12-08 15:44:00,4,2501.84,254,United Kingdom
13472,2010-06-02 09:48:00,2010-09-02 09:41:00,2,592.24,28,United Kingdom
13473,2009-12-15 19:02:00,2011-10-10 11:20:00,8,2657.7599999999998,70,United Kingdom
13474,2010-08-01 14:40:00,2011-04-17 13:53:00,3,646.59,126,United Kingdom
13475,2011-02-14 12:36:00,2011-06-01 13:52:00,4,1431.78,86,United Kingdom
13476,2010-03-05 09:39:00,2011-06-14 12:00:00,5,2061.4700000000003,106,United Kingdom
13477,2010-01-25 11:52:00,2011-11-02 12:04:00,11,2819.17,157,United Kingdom
13478,2010-01-31 15:51:00,2010-08-27 13:23:00,5,2215.78,125,United Kingdom
13479,2010-08-19 16:18:00,2011-05-23 10:45:00,4,851.37,53,United Kingdom
13480,2010-01-29 12:35:00,2010-10-19 11:53:00,2,627.82,41,United Kingdom
13481,2009-12-04 12:37:00,2011-10-25 09:07:00,11,3830.84,224,United Kingdom
13482,2010-03-22 10:31:00,2011-04-21 17:03:00,2,336.09,20,United Kingdom
13483,2011-10-05 11:53:00,2011-10-05 11:53:00,1,140.34,10,United Kingdom
13484,2010-03-10 11:46:00,2011-04-12 16:30:00,3,790.72,39,United Kingdom
13485,2009-12-03 13:46:00,2011-04-20 13:58:00,11,3015.2200000000003,157,United Kingdom
13486,2011-07-07 17:19:00,2011-09-22 13:13:00,3,1122.41,69,United Kingdom
13487,2009-12-05 10:25:00,2011-10-13 12:07:00,5,846.87,49,United Kingdom
13488,2010-01-25 10:13:00,2011-11-22 14:41:00,23,15587.88,724,United Kingdom
13489,2011-02-18 10:42:00,2011-08-26 13:16:00,4,449.52,14,United Kingdom
13490,2010-02-23 14:48:00,2010-02-23 14:48:00,1,154.25,8,United Kingdom
13491,2009-12-07 08:24:00,2011-10-19 08:32:00,27,4566.56,268,United Kingdom
13492,2011-05-09 10:06:00,2011-07-26 14:25:00,3,1269.84,50,Switzerland
13493,2011-02-25 16:42:00,2011-03-09 15:35:00,2,498.63,6,Switzerland
13494,2011-02-01 11:58:00,2011-02-01 11:58:00,1,316.26000000000005,18,United Kingdom
13495,2009-12-07 12:12:00,2011-12-02 11:21:00,10,5374.26,147,United Kingdom
13496,2010-12-15 10:17:00,2011-11-29 10:58:00,2,653.33,35,United Kingdom
13497,2010-02-08 10:27:00,2011-03-02 09:04:00,6,1320.33,67,United Kingdom
13498,2009-12-09 15:26:00,2009-12-09 15:26:00,1,327.38,17,United Kingdom
13499,2011-03-15 08:52:00,2011-11-22 11:21:00,5,1159.11,42,United Kingdom
13500,2010-11-03 13:16:00,2011-11-16 15:35:00,4,1466.3,85,United Kingdom
13501,2010-05-18 13:24:00,2011-02-24 18:59:00,3,2885.11,114,Switzerland
13502,2010-06-09 10:52:00,2011-11-23 10:39:00,5,780.5,33,United Kingdom
13503,2010-02-16 13:49:00,2011-09-29 13:23:00,5,1778.04,188,United Kingdom
13504,2011-10-06 13:20:00,2011-10-06 13:20:00,1,295.93,22,United Kingdom
13505,2011-04-21 12:07:00,2011-09-28 11:56:00,4,3633.63,211,Switzerland
13506,2010-09-05 12:33:00,2011-01-27 13:53:00,5,1639.2,98,United Kingdom
13507,2011-07-17 11:50:00,2011-12-06 13:13:00,4,2479.16,162,United Kingdom
13508,2010-03-07 11:58:00,2011-04-10 11:58:00,2,287.05,28,United Kingdom
13509,2010-07-20 12:10:00,2011-12-01 10:10:00,7,1099.72,48,United Kingdom
13510,2009-12-21 11:53:00,2011-12-08 13:46:00,11,4558.29,289,United Kingdom
13511,2010-02-01 12:10:00,2010-02-01 12:10:00,1,282.76,5,United Kingdom
13512,2010-05-05 13:22:00,2011-03-24 10:03:00,4,713.39,39,United Kingdom
13513,2010-02-22 16:36:00,2011-08-05 11:50:00,3,824.59,40,United Kingdom
13514,2010-01-26 15:11:00,2011-09-27 09:39:00,4,815.9000000000001,21,United Kingdom
13515,2010-03-05 11:58:00,2011-09-28 11:26:00,6,1265.82,76,United Kingdom
13516,2010-10-18 08:52:00,2011-11-18 13:15:00,4,1685.26,61,United Kingdom
13517,2011-06-13 08:44:00,2011-10-11 11:43:00,3,2128.42,141,United Kingdom
13518,2011-09-15 10:29:00,2011-09-15 10:29:00,1,627.16,36,United Kingdom
13519,2010-09-23 11:45:00,2011-09-22 18:24:00,2,343.21,19,United Kingdom
13520,2009-12-17 11:11:00,2011-10-12 10:20:00,11,5669.4,193,Switzerland
13521,2011-11-29 15:09:00,2011-12-08 13:50:00,3,1070.47,417,United Kingdom
13522,2011-11-09 15:11:00,2011-11-09 15:11:00,1,125.80000000000001,5,United Kingdom
13523,2010-11-02 14:55:00,2011-11-06 15:11:00,6,5101.52,231,United Kingdom
13524,2011-05-04 12:26:00,2011-10-30 12:34:00,5,680.1800000000001,27,United Kingdom
13525,2011-04-05 15:36:00,2011-11-25 12:01:00,2,628.78,6,United Kingdom
13526,2009-12-01 12:56:00,2009-12-01 13:13:00,2,1182.0,44,United Kingdom
13527,2010-01-21 12:37:00,2011-11-06 12:04:00,12,4541.29,443,United Kingdom
13529,2011-05-19 11:50:00,2011-09-22 09:15:00,2,307.76,15,United Kingdom
13530,2010-03-15 14:10:00,2010-03-15 14:10:00,1,402.97999999999996,18,United Kingdom
13531,2009-12-03 15:20:00,2011-05-18 16:56:00,6,1738.52,90,United Kingdom
13532,2011-11-06 12:25:00,2011-11-06 12:25:00,1,210.31,66,United Kingdom
13533,2011-03-17 12:47:00,2011-06-10 11:54:00,3,269.09,75,United Kingdom
13534,2010-07-07 15:00:00,2011-12-07 14:52:00,35,7720.9,392,United Kingdom
13535,2010-11-02 11:49:00,2010-11-02 11:49:00,1,89.5,1,United Kingdom
13536,2011-09-25 13:30:00,2011-12-08 16:38:00,7,3444.39,178,United Kingdom
13537,2010-09-14 10:41:00,2010-10-10 12:45:00,2,717.85,42,United Kingdom
13538,2010-02-02 12:47:00,2011-10-27 16:34:00,12,3103.13,142,United Kingdom
13539,2010-04-28 12:04:00,2011-09-15 10:18:00,7,1569.3600000000001,86,United Kingdom
13540,2010-02-22 09:22:00,2010-08-29 14:20:00,3,632.39,32,United Kingdom
13541,2010-05-18 16:15:00,2010-10-08 16:37:00,2,785.25,10,United Kingdom
13542,2009-12-10 19:53:00,2010-11-28 11:24:00,17,3959.4900000000002,331,United Kingdom
13543,2010-01-21 14:30:00,2010-03-15 13:34:00,2,1439.6100000000001,47,United Kingdom
13544,2010-03-05 11:31:00,2011-10-31 11:57:00,6,790.2,238,United Kingdom
13545,2010-06-13 11:49:00,2010-11-14 11:27:00,2,364.93,54,United Kingdom
13546,2010-10-11 17:23:00,2011-11-27 14:50:00,5,1086.24,152,United Kingdom
13547,2010-10-27 14:14:00,2010-10-27 14:14:00,1,164.53,43,United Kingdom
13548,2010-08-25 13:44:00,2011-09-04 14:50:00,3,901.44,184,United Kingdom
13549,2010-11-17 12:17:00,2011-11-14 09:20:00,8,1005.8,59,United Kingdom
13550,2010-11-21 15:24:00,2010-11-21 15:24:00,1,342.55,42,United Kingdom
13551,2010-02-11 15:01:00,2011-01-24 14:46:00,2,244.2,5,United Kingdom
13552,2010-02-19 13:28:00,2011-10-04 15:19:00,22,6948.92,207,United Kingdom
13553,2010-02-03 12:21:00,2010-02-03 12:21:00,1,499.6,89,United Kingdom
13554,2010-09-19 12:39:00,2010-11-24 15:05:00,7,1629.35,196,United Kingdom
13555,2010-01-19 13:20:00,2011-09-27 12:36:00,13,8891.84,397,United Kingdom
13556,2010-09-30 09:01:00,2010-10-06 16:44:00,2,200.82,9,United Kingdom
13557,2009-12-08 17:41:00,2011-11-11 15:24:00,13,3032.26,180,United Kingdom
13558,2011-10-02 13:01:00,2011-12-04 11:24:00,4,594.52,169,United Kingdom
13559,2010-06-14 11:52:00,2010-07-15 09:52:00,2,990.0,2,United Kingdom
13560,2011-12-02 13:11:00,2011-12-02 13:11:00,1,171.42000000000002,32,United Kingdom
13561,2010-02-28 13:42:00,2011-05-08 12:39:00,11,1803.4,229,United Kingdom
13562,2010-01-14 16:33:00,2011-09-19 10:51:00,8,4838.18,196,United Kingdom
13563,2011-07-22 17:21:00,2011-09-16 14:45:00,2,777.53,49,United Kingdom
13564,2009-12-02 11:55:00,2010-12-20 16:50:00,36,16416.27,1235,United Kingdom
13565,2010-10-24 15:51:00,2011-11-20 14:33:00,3,414.8,60,United Kingdom
13566,2010-03-10 12:22:00,2011-10-30 11:59:00,5,1684.75,365,United Kingdom
13567,2010-06-16 12:48:00,2010-10-07 12:51:00,4,1079.29,201,United Kingdom
13568,2011-06-19 14:42:00,2011-06-19 14:42:00,1,187.05,43,United Kingdom
13569,2010-10-07 13:05:00,2011-11-22 13:07:00,4,834.86,201,United Kingdom
13570,2011-04-10 13:36:00,2011-04-10 13:36:00,1,239.49,27,United Kingdom
13571,2009-12-08 13:02:00,2011-11-27 10:47:00,26,4537.26,673,United Kingdom
13572,2011-05-18 11:59:00,2011-05-18 11:59:00,1,1384.25,33,United Kingdom
13573,2010-03-12 16:06:00,2011-10-20 14:33:00,6,903.07,86,United Kingdom
13574,2010-10-24 13:28:00,2010-10-24 13:28:00,1,404.45,91,United Kingdom
13575,2011-06-16 14:24:00,2011-11-16 13:14:00,5,732.0699999999999,46,United Kingdom
13576,2009-12-08 15:12:00,2011-11-29 15:34:00,28,11551.74,279,United Kingdom
13577,2009-12-14 16:10:00,2011-11-14 15:19:00,11,3484.28,167,United Kingdom
13578,2010-10-26 13:44:00,2010-10-26 13:44:00,1,147.66,9,United Kingdom
13579,2010-02-18 13:53:00,2011-11-25 08:41:00,5,1539.04,90,United Kingdom
13580,2010-10-29 15:01:00,2010-10-29 15:01:00,1,107.75,5,United Kingdom
13581,2010-10-21 16:30:00,2011-02-03 14:41:00,2,280.53000000000003,33,United Kingdom
13582,2010-04-01 11:38:00,2010-11-15 11:34:00,2,241.68,11,United Kingdom
13583,2010-01-29 13:53:00,2011-07-07 10:40:00,2,1445.03,95,United Kingdom
13584,2010-02-02 08:40:00,2011-02-06 12:49:00,3,385.7,80,United Kingdom
13585,2009-12-01 14:56:00,2010-06-27 12:33:00,3,684.54,39,United Kingdom
13586,2010-06-16 13:47:00,2010-06-16 13:47:00,1,127.28,20,United Kingdom
13587,2010-02-14 13:17:00,2011-10-07 12:31:00,4,1673.5,30,United Kingdom
13588,2011-03-29 15:53:00,2011-11-24 10:42:00,9,2478.95,174,United Kingdom
13589,2009-12-06 10:26:00,2011-11-25 12:10:00,6,1120.74,52,United Kingdom
13590,2009-12-01 13:37:00,2011-11-28 12:54:00,18,6336.04,406,United Kingdom
13591,2009-12-14 15:44:00,2011-10-06 12:26:00,7,2093.94,101,United Kingdom
13592,2011-03-20 14:01:00,2011-11-04 09:49:00,4,247.95999999999998,16,United Kingdom
13593,2010-03-02 16:36:00,2011-08-23 13:35:00,14,5493.29,408,United Kingdom
13594,2010-08-11 10:23:00,2011-10-18 10:19:00,2,533.32,33,United Kingdom
13595,2010-03-03 14:42:00,2010-07-11 12:36:00,3,784.48,143,United Kingdom
13596,2011-11-27 11:57:00,2011-12-04 12:01:00,2,664.11,146,United Kingdom
13597,2010-11-02 09:30:00,2010-11-04 14:54:00,2,396.71,17,United Kingdom
13598,2010-02-26 11:22:00,2011-10-23 14:28:00,5,761.96,92,United Kingdom
13599,2009-12-01 12:30:00,2011-12-08 16:10:00,33,10163.880000000001,409,United Kingdom
13600,2010-03-15 17:16:00,2011-01-31 15:27:00,2,518.42,41,United Kingdom
13601,2010-06-11 15:03:00,2011-10-25 17:31:00,4,1159.99,185,United Kingdom
13602,2010-05-28 11:49:00,2011-10-06 11:47:00,4,1025.17,58,United Kingdom
13603,2011-11-13 15:57:00,2011-11-13 15:57:00,1,164.34,27,United Kingdom
13604,2010-02-19 12:02:00,2010-02-19 12:02:00,1,717.62,21,United Kingdom
13605,2010-05-17 15:46:00,2010-11-17 17:16:00,2,522.67,53,United Kingdom
13606,2011-02-01 11:42:00,2011-11-10 17:46:00,3,276.75,40,United Kingdom
13607,2010-11-02 11:48:00,2011-10-30 16:17:00,2,1075.81,121,United Kingdom
13608,2010-06-17 12:28:00,2010-06-17 12:28:00,1,232.05,34,United Kingdom
13609,2010-04-25 13:26:00,2010-04-25 13:26:00,1,167.35,7,United Kingdom
13610,2010-01-05 14:12:00,2011-11-27 15:38:00,14,2102.46,398,United Kingdom
13611,2009-12-03 07:57:00,2011-09-11 14:51:00,10,3297.9300000000003,226,United Kingdom
13612,2010-03-17 12:14:00,2010-03-17 12:14:00,1,818.29,50,United Kingdom
13613,2010-02-17 12:40:00,2010-09-13 12:01:00,5,1039.8500000000001,59,United Kingdom
13614,2010-06-06 13:42:00,2011-11-15 14:47:00,6,2332.74,264,United Kingdom
13615,2010-01-28 15:43:00,2011-01-25 08:21:00,8,6272.53,367,United Kingdom
13616,2010-01-17 14:56:00,2010-05-20 12:59:00,2,283.85,35,United Kingdom
13617,2010-08-01 15:23:00,2011-10-30 13:50:00,8,1278.75,107,United Kingdom
13618,2011-06-19 11:09:00,2011-06-19 11:09:00,1,177.34,13,United Kingdom
13619,2010-02-03 14:16:00,2010-06-13 11:39:00,2,223.44,44,United Kingdom
13620,2010-06-29 15:02:00,2010-06-29 15:02:00,1,112.34,5,United Kingdom
13621,2011-08-15 08:26:00,2011-08-15 08:26:00,1,213.85,19,United Kingdom
13622,2010-01-12 13:22:00,2010-01-12 13:22:00,1,658.95,32,United Kingdom
13623,2009-12-02 13:57:00,2011-11-09 12:00:00,10,2533.06,284,United Kingdom
13624,2010-11-16 13:43:00,2010-11-16 13:43:00,1,462.08,22,United Kingdom
13625,2010-04-22 10:50:00,2010-04-22 10:50:00,1,301.26,21,United Kingdom
13626,2010-11-25 16:12:00,2011-04-01 10:05:00,2,707.04,44,United Kingdom
13627,2010-03-09 14:03:00,2011-10-11 14:20:00,7,2245.9,129,United Kingdom
13628,2010-02-01 14:44:00,2010-02-01 14:44:00,1,310.14,16,United Kingdom
13629,2010-02-11 17:34:00,2011-11-16 13:21:00,19,13370.86,87,United Kingdom
13630,2011-02-27 12:49:00,2011-12-04 15:16:00,7,2031.78,71,United Kingdom
13631,2011-03-17 17:13:00,2011-09-01 09:57:00,11,3070.42,11,United Kingdom
13632,2010-04-07 10:59:00,2011-11-15 10:51:00,8,3645.81,220,United Kingdom
13634,2010-01-10 14:26:00,2011-11-06 13:40:00,15,4988.08,443,United Kingdom
13635,2009-12-01 09:46:00,2011-10-03 10:55:00,4,2999.16,162,United Kingdom
13636,2011-02-27 14:29:00,2011-11-03 10:30:00,5,949.12,63,United Kingdom
13637,2011-04-27 13:06:00,2011-10-18 13:32:00,3,803.05,98,United Kingdom
13638,2011-11-24 10:38:00,2011-11-24 10:38:00,1,122.64,8,United Kingdom
13639,2010-09-29 10:05:00,2011-09-26 13:36:00,2,1346.27,59,United Kingdom
13640,2010-04-07 15:33:00,2010-04-07 15:33:00,1,405.0,4,United Kingdom
13641,2009-12-05 13:17:00,2010-03-09 07:37:00,4,942.37,43,United Kingdom
13642,2010-10-03 12:23:00,2011-05-08 12:34:00,4,472.2,105,United Kingdom
13643,2009-12-08 12:48:00,2011-11-08 15:37:00,10,2156.77,102,United Kingdom
13644,2011-08-26 11:53:00,2011-11-23 14:07:00,4,2624.26,146,United Kingdom
13645,2011-08-11 16:11:00,2011-08-11 16:11:00,1,252.1,5,United Kingdom
13646,2010-11-05 12:00:00,2010-11-05 12:13:00,2,326.25,58,United Kingdom
13647,2010-04-15 12:55:00,2011-11-30 12:00:00,8,3041.68,139,United Kingdom
13648,2009-12-01 18:13:00,2010-11-04 14:46:00,8,1759.07,105,United Kingdom
13649,2010-06-30 16:35:00,2011-03-28 11:51:00,6,1651.48,123,United Kingdom
13650,2010-01-26 08:44:00,2011-11-23 12:22:00,10,3288.0,172,United Kingdom
13651,2010-11-23 09:44:00,2011-10-31 12:11:00,2,211.85,13,United Kingdom
13652,2010-02-25 17:37:00,2011-10-25 08:51:00,5,2570.85,159,United Kingdom
13653,2010-08-09 08:19:00,2010-08-09 08:19:00,1,152.2,9,United Kingdom
13654,2009-12-02 11:43:00,2011-10-27 16:24:00,11,6308.0,329,United Kingdom
13655,2010-04-27 09:59:00,2011-08-17 14:25:00,6,2280.51,119,United Kingdom
13656,2010-04-23 12:50:00,2011-06-28 10:31:00,4,1078.85,87,United Kingdom
13657,2011-05-22 12:35:00,2011-11-29 12:32:00,2,382.14,16,United Kingdom
13658,2010-02-05 13:17:00,2011-11-30 10:13:00,9,6025.5,237,United Kingdom
13659,2010-02-17 09:05:00,2011-05-18 12:37:00,12,4884.68,274,United Kingdom
13660,2010-11-04 16:10:00,2010-11-04 16:10:00,1,306.64,40,United Kingdom
13661,2010-04-15 14:58:00,2010-04-15 14:58:00,1,325.24,17,United Kingdom
13662,2010-02-19 13:21:00,2011-09-15 12:04:00,11,2233.61,136,United Kingdom
13663,2010-03-03 10:11:00,2011-06-13 15:44:00,5,2047.51,99,United Kingdom
13665,2010-07-23 13:29:00,2010-11-18 13:06:00,3,1711.6599999999999,106,United Kingdom
13666,2009-12-04 10:48:00,2011-10-10 15:39:00,5,127.05,18,United Kingdom
13667,2011-07-13 15:42:00,2011-07-13 15:42:00,1,299.05,83,United Kingdom
13668,2009-12-11 14:28:00,2011-12-07 12:11:00,35,12948.48,756,United Kingdom
13669,2010-10-28 15:05:00,2011-10-20 09:32:00,3,413.55,14,United Kingdom
13670,2011-09-25 15:25:00,2011-09-25 15:25:00,1,349.7,25,United Kingdom
13671,2010-11-10 10:50:00,2010-11-10 10:50:00,1,172.6,64,United Kingdom
13672,2009-12-09 11:40:00,2011-02-11 13:53:00,3,419.92,18,United Kingdom
13673,2011-11-07 15:40:00,2011-11-21 12:11:00,2,387.44,60,United Kingdom
13674,2010-10-03 10:41:00,2010-10-03 10:41:00,1,240.68,14,United Kingdom
13675,2011-02-28 12:14:00,2011-07-11 12:57:00,2,486.82000000000005,25,United Kingdom
13676,2010-03-30 16:53:00,2010-06-18 17:30:00,2,243.9,13,United Kingdom
13677,2010-07-07 17:25:00,2010-10-31 11:32:00,2,551.24,106,United Kingdom
13678,2011-07-11 10:14:00,2011-07-11 10:14:00,1,232.6,16,United Kingdom
13679,2009-12-04 16:52:00,2010-08-03 12:13:00,3,281.26,50,United Kingdom
13680,2009-12-04 14:14:00,2011-12-08 13:47:00,12,11419.67,646,United Kingdom
13681,2011-07-07 15:21:00,2011-11-22 11:13:00,4,827.83,57,United Kingdom
13682,2011-06-05 14:06:00,2011-06-05 14:06:00,1,59.5,3,United Kingdom
13683,2010-09-08 10:00:00,2010-09-08 10:00:00,1,258.6,10,United Kingdom
13684,2010-03-28 14:48:00,2011-02-27 10:13:00,4,594.88,108,United Kingdom
13685,2011-10-10 12:59:00,2011-12-07 11:41:00,7,3119.44,39,United Kingdom
13686,2010-11-03 13:44:00,2011-06-10 09:10:00,3,409.04,34,United Kingdom
13687,2010-09-27 16:30:00,2010-09-27 16:30:00,1,11880.84,45,United Kingdom
13688,2010-03-14 14:11:00,2010-03-14 14:11:00,1,375.5,5,United Kingdom
13689,2010-09-21 10:27:00,2011-10-07 13:21:00,2,1259.5,9,United Kingdom
13690,2011-10-11 15:03:00,2011-10-11 15:03:00,1,172.25,9,United Kingdom
13691,2010-11-08 17:34:00,2010-11-08 17:34:00,1,210.78,53,United Kingdom
13692,2010-10-15 13:28:00,2011-11-15 11:17:00,5,3114.4,96,United Kingdom
13693,2009-12-07 11:29:00,2010-11-30 18:21:00,9,2011.82,106,United Kingdom
13694,2009-12-04 15:26:00,2011-12-06 09:32:00,143,196482.81,1525,United Kingdom
13695,2010-05-11 11:07:00,2011-11-08 14:26:00,16,2770.73,96,United Kingdom
13696,2010-02-11 14:17:00,2010-10-14 09:44:00,3,2020.4,24,United Kingdom
13697,2011-11-01 09:14:00,2011-11-01 09:14:00,1,151.29999999999998,12,United Kingdom
13698,2010-01-27 09:02:00,2010-04-22 11:52:00,2,451.73,38,United Kingdom
13699,2010-06-07 13:03:00,2011-07-07 16:51:00,2,764.15,37,United Kingdom
13700,2010-02-07 10:53:00,2011-11-13 13:00:00,13,2596.9700000000003,240,United Kingdom
13701,2010-09-19 12:39:00,2010-09-19 12:39:00,1,161.0,9,United Kingdom
13702,2010-09-20 11:40:00,2010-09-20 11:40:00,1,135.18,5,United Kingdom
13703,2010-10-20 13:11:00,2011-01-25 13:10:00,2,425.56,37,United Kingdom
13704,2011-09-12 14:40:00,2011-12-04 15:13:00,9,2308.06,134,United Kingdom
13705,2010-03-25 17:19:00,2011-12-02 12:32:00,7,2035.33,84,United Kingdom
13706,2010-03-23 09:18:00,2011-02-10 09:21:00,2,631.17,38,United Kingdom
13707,2010-06-21 11:57:00,2011-03-17 18:03:00,5,3365.86,155,United Kingdom
13708,2011-03-13 13:46:00,2011-03-13 13:46:00,1,283.33,48,United Kingdom
13709,2010-01-11 10:40:00,2011-12-06 10:28:00,18,7571.35,407,United Kingdom
13710,2010-04-06 12:54:00,2011-11-08 08:16:00,3,509.52,15,United Kingdom
13711,2009-12-15 19:04:00,2011-05-05 10:31:00,9,1792.26,92,United Kingdom
13712,2010-04-08 11:16:00,2011-04-07 12:33:00,2,766.42,33,United Kingdom
13713,2010-05-05 16:48:00,2010-10-27 16:18:00,3,740.76,80,United Kingdom
13714,2010-08-31 13:57:00,2010-08-31 13:57:00,1,161.35,30,United Kingdom
13715,2010-03-11 15:33:00,2011-03-03 19:21:00,17,8425.69,527,United Kingdom
13716,2011-03-15 13:49:00,2011-03-15 13:49:00,1,138.28,21,United Kingdom
13717,2010-08-11 09:40:00,2011-11-07 14:13:00,8,1763.3,124,United Kingdom
13718,2011-02-17 11:58:00,2011-04-07 13:24:00,2,306.55,12,United Kingdom
13719,2010-05-17 14:36:00,2011-11-24 15:26:00,11,2782.1,247,United Kingdom
13720,2011-03-30 09:17:00,2011-08-15 12:46:00,4,799.9,43,United Kingdom
13721,2010-11-09 17:59:00,2011-11-03 14:05:00,2,741.54,42,United Kingdom
13722,2010-03-03 14:13:00,2011-07-31 12:44:00,10,5635.41,189,United Kingdom
13723,2010-04-07 14:32:00,2011-05-06 17:04:00,6,1194.08,58,United Kingdom
13724,2010-03-12 15:28:00,2010-03-12 15:28:00,1,213.01,42,United Kingdom
13725,2011-02-04 12:18:00,2011-10-21 10:03:00,8,1980.56,104,United Kingdom
13726,2011-08-31 11:06:00,2011-11-01 10:49:00,2,1079.6599999999999,42,United Kingdom
13727,2009-12-09 13:25:00,2011-11-11 09:46:00,8,1074.15,83,United Kingdom
13728,2009-12-09 17:13:00,2011-11-03 10:49:00,16,2855.17,164,United Kingdom
13729,2010-01-24 14:57:00,2010-09-30 10:44:00,3,724.73,39,United Kingdom
13730,2011-07-01 12:47:00,2011-07-27 08:35:00,2,752.6,43,United Kingdom
13731,2011-04-07 10:10:00,2011-05-04 14:33:00,2,610.59,38,United Kingdom
13732,2011-11-11 15:49:00,2011-11-11 15:49:00,1,491.86,33,United Kingdom
13733,2009-12-04 15:28:00,2010-10-25 12:18:00,2,487.03000000000003,29,United Kingdom
13734,2010-04-16 08:42:00,2010-07-19 12:04:00,4,6695.6900000000005,27,United Kingdom
13735,2009-12-13 13:31:00,2011-11-15 11:14:00,13,9762.77,647,United Kingdom
13736,2009-12-06 12:07:00,2011-12-04 15:19:00,7,2752.47,554,United Kingdom
13737,2011-05-23 16:32:00,2011-05-23 16:32:00,1,339.59999999999997,30,United Kingdom
13738,2010-11-08 15:23:00,2010-11-08 15:23:00,1,434.78000000000003,89,United Kingdom
13739,2010-06-30 10:25:00,2011-11-21 13:35:00,2,292.2,6,United Kingdom
13740,2009-12-02 12:22:00,2011-04-13 10:32:00,5,1582.77,94,United Kingdom
13741,2011-05-06 13:43:00,2011-09-29 09:19:00,3,668.4300000000001,34,United Kingdom
13742,2011-01-23 14:59:00,2011-11-23 11:07:00,12,3107.87,313,United Kingdom
13743,2011-03-25 14:46:00,2011-12-07 10:09:00,7,1341.6,41,United Kingdom
13744,2011-02-20 14:08:00,2011-09-05 15:19:00,2,1080.52,63,United Kingdom
13745,2010-06-11 17:19:00,2011-06-30 16:43:00,2,777.36,56,United Kingdom
13746,2010-10-22 11:55:00,2010-10-22 11:55:00,1,176.69,9,United Kingdom
13747,2010-10-11 09:15:00,2010-12-01 10:37:00,2,249.39999999999998,6,United Kingdom
13748,2009-12-01 16:44:00,2011-09-05 09:45:00,9,2268.35,59,United Kingdom
13750,2010-04-01 14:49:00,2011-10-17 12:16:00,11,3602.1800000000003,75,United Kingdom
13751,2011-02-24 15:56:00,2011-02-24 15:56:00,1,296.25,9,United Kingdom
13752,2010-06-30 10:23:00,2011-08-07 14:16:00,7,1579.8300000000002,94,United Kingdom
13753,2009-12-03 10:20:00,2011-02-25 12:48:00,4,2094.57,80,United Kingdom
13754,2010-09-28 15:29:00,2011-07-11 11:51:00,3,447.05,21,United Kingdom
13755,2011-10-07 15:45:00,2011-12-06 12:26:00,9,2108.06,321,United Kingdom
13756,2009-12-15 15:18:00,2011-12-07 16:44:00,23,9188.75,345,United Kingdom
13757,2010-02-03 12:37:00,2010-02-03 12:37:00,1,195.55,8,United Kingdom
13758,2009-12-01 10:06:00,2011-11-28 11:11:00,14,9314.14,308,United Kingdom
13759,2011-09-29 15:40:00,2011-11-06 14:47:00,2,659.4100000000001,25,United Kingdom
13760,2010-04-25 13:10:00,2011-10-16 16:13:00,5,1363.6399999999999,119,United Kingdom
13761,2010-02-21 11:08:00,2011-10-20 14:01:00,6,1952.17,122,United Kingdom
13762,2010-01-10 12:13:00,2011-05-05 09:15:00,5,2472.48,35,United Kingdom
13763,2010-09-30 17:39:00,2011-10-07 15:13:00,3,5217.4400000000005,50,United Kingdom
13764,2010-03-07 12:56:00,2011-09-30 12:03:00,6,2908.67,368,United Kingdom
13765,2010-02-24 13:46:00,2010-02-24 13:46:00,1,352.82,16,United Kingdom
13766,2010-08-01 14:25:00,2010-08-01 14:25:00,1,190.35,17,United Kingdom
13767,2009-12-01 10:52:00,2011-12-07 15:00:00,73,35540.53,795,United Kingdom
13768,2009-12-09 10:25:00,2009-12-13 10:41:00,2,875.97,33,United Kingdom
13769,2009-12-16 11:59:00,2011-12-07 15:08:00,20,5800.42,285,United Kingdom
13770,2009-12-09 14:44:00,2010-10-13 15:10:00,4,785.37,48,United Kingdom
13771,2010-02-25 12:37:00,2011-10-06 14:18:00,9,5728.82,216,United Kingdom
13772,2010-02-23 13:55:00,2011-11-06 11:43:00,8,3100.02,567,United Kingdom
13773,2010-02-18 10:27:00,2010-11-08 11:49:00,2,301.54,19,United Kingdom
13774,2011-09-19 12:06:00,2011-09-19 12:06:00,1,345.0,22,United Kingdom
13775,2010-04-28 12:15:00,2010-04-28 12:15:00,1,1049.66,63,United Kingdom
13777,2009-12-02 09:47:00,2011-12-09 12:25:00,61,56478.42,391,United Kingdom
13778,2010-05-23 13:34:00,2011-08-28 15:25:00,4,1124.49,44,United Kingdom
13779,2010-07-12 11:24:00,2010-07-12 11:24:00,1,161.13,27,United Kingdom
13780,2010-10-28 19:51:00,2011-12-02 13:49:00,3,732.07,98,United Kingdom
13781,2009-12-18 15:46:00,2011-04-03 12:08:00,3,778.83,57,United Kingdom
13782,2009-12-06 12:52:00,2011-11-27 11:54:00,13,1786.08,238,United Kingdom
13783,2010-02-04 13:47:00,2010-08-09 09:23:00,4,1542.09,10,United Kingdom
13784,2010-09-15 12:27:00,2011-11-30 09:33:00,14,2910.23,43,United Kingdom
13785,2010-09-05 16:01:00,2010-10-07 09:25:00,4,542.49,30,United Kingdom
13786,2009-12-03 15:32:00,2010-12-07 13:53:00,6,3358.39,123,United Kingdom
13787,2010-01-14 10:13:00,2011-09-25 12:06:00,6,1222.5,86,United Kingdom
13788,2010-07-22 15:50:00,2010-07-22 15:50:00,1,3.75,1,United Kingdom
13789,2010-11-16 15:31:00,2010-11-16 15:31:00,1,239.45999999999998,18,United Kingdom
13790,2011-12-05 15:48:00,2011-12-05 15:48:00,1,348.8,45,United Kingdom
13791,2011-06-24 16:38:00,2011-08-04 11:44:00,2,1516.0,11,United Kingdom
13792,2010-10-13 11:05:00,2011-10-04 14:31:00,3,383.95,23,United Kingdom
13793,2010-03-03 08:25:00,2010-03-03 08:25:00,1,96.0,7,United Kingdom
13794,2010-06-11 12:30:00,2010-06-11 12:30:00,1,126.03,9,United Kingdom
13795,2010-03-12 12:44:00,2010-11-16 17:25:00,4,836.3,29,United Kingdom
13796,2010-07-28 14:45:00,2010-07-28 14:45:00,1,289.7,22,United Kingdom
13797,2010-03-02 12:17:00,2010-09-29 10:34:00,3,1179.45,78,United Kingdom
13798,2009-12-08 16:21:00,2011-12-08 15:51:00,110,75836.87,722,United Kingdom
13799,2010-03-05 16:39:00,2011-08-15 12:07:00,9,2803.57,106,United Kingdom
13800,2009-12-03 10:03:00,2011-02-03 12:27:00,3,1679.56,73,United Kingdom
13801,2011-10-04 10:15:00,2011-10-04 10:15:00,1,324.8,23,United Kingdom
13802,2010-02-16 10:11:00,2011-07-24 10:54:00,19,26259.11,448,United Kingdom
13803,2010-03-31 10:00:00,2011-03-29 12:57:00,3,1338.91,78,United Kingdom
13804,2010-09-29 10:26:00,2011-11-09 12:32:00,9,3161.12,167,United Kingdom
13805,2011-08-02 15:29:00,2011-10-18 14:50:00,2,924.6,13,United Kingdom
13806,2011-10-07 11:43:00,2011-10-07 11:43:00,1,256.38,10,United Kingdom
13807,2009-12-04 12:41:00,2010-12-07 15:48:00,3,534.8,32,United Kingdom
13808,2011-09-04 12:07:00,2011-12-04 12:18:00,5,1747.66,76,United Kingdom
13809,2010-09-05 11:42:00,2011-02-07 13:15:00,3,679.7,25,Cyprus
13810,2011-10-14 12:57:00,2011-11-11 08:33:00,2,827.51,32,Germany
13811,2011-04-14 18:40:00,2011-06-09 09:54:00,2,519.75,10,Germany
13812,2011-08-26 12:54:00,2011-10-28 14:27:00,3,485.0,33,Germany
13813,2009-12-06 10:16:00,2011-10-31 10:38:00,8,2387.4700000000003,135,Germany
13814,2010-06-30 14:12:00,2011-09-08 13:48:00,3,2257.32,79,Germany
13815,2010-02-12 10:26:00,2011-11-17 14:19:00,8,6737.74,349,Germany
13816,2011-10-06 14:37:00,2011-11-16 08:38:00,2,499.67,26,Germany
13817,2010-12-23 11:46:00,2011-11-10 17:49:00,2,328.98,22,Germany
13818,2010-10-06 12:35:00,2010-10-06 12:35:00,1,61.28,5,United Kingdom
13819,2009-12-01 16:18:00,2011-02-11 10:38:00,6,2642.35,101,United Kingdom
13820,2010-01-28 12:26:00,2010-10-17 13:46:00,3,652.75,89,United Kingdom
13821,2010-01-04 13:36:00,2011-07-18 09:49:00,6,1379.08,204,United Kingdom
13822,2011-10-30 15:55:00,2011-12-04 12:13:00,2,632.0,96,United Kingdom
13823,2009-12-15 14:34:00,2011-11-21 10:22:00,7,3403.4500000000003,163,United Kingdom
13824,2010-03-12 15:17:00,2011-11-07 12:41:00,12,3314.76,100,United Kingdom
13825,2009-12-09 14:30:00,2010-03-28 11:02:00,2,255.59,40,United Kingdom
13826,2011-06-16 13:48:00,2011-06-16 13:48:00,1,189.5,10,United Kingdom
13827,2011-07-19 15:38:00,2011-10-13 12:38:00,3,409.8,92,United Kingdom
13828,2011-11-17 16:02:00,2011-11-17 16:02:00,1,209.49,15,United Kingdom
13829,2010-10-14 18:19:00,2010-10-14 18:19:00,1,102.0,1,United Kingdom
13830,2010-05-07 12:24:00,2010-05-07 12:24:00,1,156.85000000000002,11,United Kingdom
13831,2009-12-10 14:50:00,2011-11-23 15:41:00,18,6993.54,184,United Kingdom
13832,2010-10-13 14:41:00,2011-11-20 15:36:00,2,609.89,55,United Kingdom
13833,2010-10-31 14:11:00,2011-07-03 13:27:00,2,700.41,44,United Kingdom
13834,2010-02-08 12:52:00,2010-05-12 10:27:00,2,324.19,16,United Kingdom
13835,2010-03-04 08:26:00,2011-11-14 15:37:00,7,1095.27,71,United Kingdom
13836,2010-10-21 13:27:00,2010-11-05 13:31:00,2,620.37,31,United Kingdom
13837,2011-01-26 12:15:00,2011-05-12 12:10:00,2,266.59000000000003,18,United Kingdom
13838,2010-05-09 11:40:00,2011-12-04 11:00:00,10,1920.73,452,United Kingdom
13839,2010-08-10 13:52:00,2010-08-10 13:52:00,1,139.95000000000002,7,United Kingdom
13840,2010-10-19 13:34:00,2010-10-19 13:34:00,1,651.4,40,United Kingdom
13841,2011-04-01 12:10:00,2011-04-01 12:10:00,1,85.0,1,United Kingdom
13842,2010-02-16 15:54:00,2011-10-12 10:51:00,18,5629.91,355,United Kingdom
13843,2010-11-23 17:48:00,2010-11-23 17:48:00,1,319.75,18,United Kingdom
13844,2011-11-28 13:21:00,2011-11-28 13:21:00,1,361.62,20,United Kingdom
13845,2011-10-06 08:25:00,2011-10-06 08:25:00,1,312.98,9,United Kingdom
13846,2010-11-05 09:47:00,2011-11-15 12:07:00,4,1307.79,81,United Kingdom
13847,2009-12-20 10:41:00,2009-12-20 10:41:00,1,310.72,19,United Kingdom
13848,2009-12-09 16:17:00,2011-09-08 12:58:00,8,3335.0,11,United Kingdom
13849,2010-03-25 12:03:00,2011-10-19 10:59:00,5,3469.3,220,United Kingdom
13850,2011-08-02 14:04:00,2011-08-02 14:04:00,1,1595.48,93,United Kingdom
13851,2010-01-29 11:54:00,2011-09-05 12:36:00,8,4606.46,140,United Kingdom
13852,2010-04-08 09:06:00,2010-04-08 09:06:00,1,187.35000000000002,11,United Kingdom
13853,2011-10-13 14:18:00,2011-10-13 14:18:00,1,1090.14,23,United Kingdom
13854,2010-01-08 11:28:00,2011-12-01 09:06:00,39,12253.96,181,United Kingdom
13855,2009-12-08 16:56:00,2010-07-27 09:53:00,4,1310.3400000000001,73,United Kingdom
13856,2010-03-30 15:40:00,2011-06-24 10:03:00,11,1142.03,54,United Kingdom
13857,2010-05-17 14:21:00,2010-11-11 12:54:00,6,1000.91,127,United Kingdom
13858,2011-10-13 16:17:00,2011-10-13 16:17:00,1,216.17,11,United Kingdom
13859,2010-06-28 15:36:00,2011-01-17 16:14:00,2,515.86,36,United Kingdom
13860,2011-09-14 09:27:00,2011-12-08 12:57:00,5,1245.9,76,United Kingdom
13861,2010-06-27 11:37:00,2010-10-06 14:20:00,2,273.26,21,United Kingdom
13862,2010-11-15 13:43:00,2011-11-21 16:24:00,9,2556.09,160,United Kingdom
13863,2010-04-25 13:09:00,2011-04-06 10:20:00,4,1239.55,70,United Kingdom
13864,2010-11-18 12:50:00,2010-11-18 12:50:00,1,662.4000000000001,1,United Kingdom
13865,2011-02-23 12:04:00,2011-10-12 13:31:00,4,501.56,30,United Kingdom
13866,2011-09-26 14:54:00,2011-09-26 14:54:00,1,145.67000000000002,7,United Kingdom
13867,2011-05-05 17:28:00,2011-11-08 15:48:00,3,1005.09,60,United Kingdom
13868,2011-11-01 12:45:00,2011-12-02 16:32:00,2,3192.54,33,United Kingdom
13869,2010-01-17 14:53:00,2011-08-08 13:53:00,10,7996.87,838,United Kingdom
13870,2010-02-08 12:08:00,2011-12-07 13:23:00,15,5712.08,241,United Kingdom
13871,2009-12-20 13:09:00,2011-11-17 10:49:00,17,7885.85,402,United Kingdom
13872,2009-12-14 09:56:00,2010-06-30 15:35:00,3,919.57,57,United Kingdom
13873,2010-03-03 12:31:00,2011-08-12 10:08:00,8,1038.92,60,United Kingdom
13874,2010-02-04 18:39:00,2010-12-16 18:20:00,7,2049.15,69,United Kingdom
13875,2009-12-17 10:30:00,2011-10-17 09:36:00,14,4814.37,270,United Kingdom
13876,2011-10-07 10:22:00,2011-10-07 10:22:00,1,122.7,7,United Kingdom
13877,2010-01-19 10:53:00,2011-09-14 15:49:00,3,449.68,23,United Kingdom
13878,2010-04-14 13:50:00,2011-10-16 12:19:00,4,2416.9,102,United Kingdom
13879,2010-03-04 10:49:00,2010-03-04 10:49:00,1,395.5,25,United Kingdom
13880,2010-05-26 14:29:00,2011-11-18 13:44:00,17,4391.66,229,United Kingdom
13881,2010-03-04 14:41:00,2011-12-06 12:50:00,43,45179.1,457,United Kingdom
13882,2011-10-06 15:28:00,2011-12-07 11:16:00,5,1191.13,65,United Kingdom
13883,2010-02-28 12:53:00,2011-11-29 10:45:00,14,6535.37,314,United Kingdom
13884,2010-08-26 19:57:00,2011-12-02 16:30:00,10,1825.03,182,United Kingdom
13885,2011-05-23 08:52:00,2011-06-03 15:07:00,2,506.8,28,United Kingdom
13886,2011-09-29 13:17:00,2011-09-29 13:17:00,1,243.56,16,United Kingdom
13887,2011-05-19 17:22:00,2011-05-19 17:22:00,1,349.55,19,United Kingdom
13888,2010-05-13 11:57:00,2011-08-12 10:13:00,7,2001.59,171,United Kingdom
13889,2010-01-22 14:32:00,2011-09-08 09:13:00,6,1991.23,83,United Kingdom
13890,2009-12-06 15:15:00,2011-12-08 15:36:00,14,2927.38,173,United Kingdom
13891,2010-05-06 16:02:00,2010-11-26 15:57:00,3,859.21,99,United Kingdom
13892,2010-05-13 10:32:00,2011-11-13 11:50:00,6,1267.6499999999999,36,United Kingdom
13893,2011-02-15 11:30:00,2011-02-15 11:30:00,1,821.1,21,United Kingdom
13894,2011-02-02 12:54:00,2011-11-16 09:44:00,3,564.62,27,United Kingdom
13895,2009-12-03 13:09:00,2011-11-11 16:57:00,6,4008.52,186,United Kingdom
13896,2010-03-24 08:55:00,2010-03-24 08:55:00,1,388.55,21,United Kingdom
13897,2010-01-31 13:48:00,2011-10-20 14:30:00,3,1160.72,59,United Kingdom
13898,2010-10-24 15:42:00,2011-01-18 10:28:00,2,686.4,46,United Kingdom
13899,2011-03-10 09:30:00,2011-11-23 13:40:00,2,388.52,19,United Kingdom
13900,2010-03-25 13:46:00,2011-06-09 19:26:00,6,1610.59,95,United Kingdom
13901,2010-01-05 09:29:00,2011-09-28 14:48:00,15,5676.34,310,United Kingdom
13902,2009-12-15 10:02:00,2010-03-17 13:09:00,5,34023.26,62,Denmark
13903,2010-11-04 17:44:00,2010-11-04 17:44:00,1,165.45000000000002,10,United Kingdom
13904,2011-02-18 11:18:00,2011-11-02 13:41:00,2,332.64,26,United Kingdom
13905,2009-12-07 11:41:00,2009-12-07 11:41:00,1,312.65,12,United Kingdom
13906,2010-10-26 15:00:00,2010-10-26 15:00:00,1,42.0,1,United Kingdom
13907,2010-01-17 12:22:00,2010-01-17 12:22:00,1,136.8,4,United Kingdom
13908,2011-03-08 12:04:00,2011-09-21 11:49:00,4,2369.55,122,United Kingdom
13909,2010-07-06 16:52:00,2010-10-12 17:22:00,2,282.85,38,United Kingdom
13911,2010-03-01 16:31:00,2011-10-13 15:43:00,20,4234.99,238,United Kingdom
13912,2010-10-12 08:43:00,2010-10-12 08:43:00,1,124.95,7,United Kingdom
13913,2010-07-21 10:11:00,2010-07-21 10:11:00,1,42.22,3,United Kingdom
13914,2011-11-03 16:28:00,2011-11-28 10:35:00,2,626.45,33,United Kingdom
13915,2010-11-10 15:17:00,2010-11-10 15:17:00,1,70.80000000000001,2,United Kingdom
13916,2010-02-02 10:06:00,2010-09-02 10:04:00,4,1275.81,74,United Kingdom
13917,2011-06-01 12:46:00,2011-10-21 09:56:00,2,272.04,18,United Kingdom
13918,2011-03-31 18:05:00,2011-10-21 12:25:00,2,1212.8400000000001,30,United Kingdom
13919,2010-06-17 09:30:00,2011-10-11 14:24:00,4,1252.68,73,Denmark
13920,2010-05-26 15:48:00,2010-10-04 12:37:00,4,1774.68,86,United Kingdom
13921,2009-12-18 12:19:00,2010-11-02 16:32:00,4,730.7,44,United Kingdom
13922,2010-08-29 14:36:00,2010-12-23 10:38:00,3,865.2,30,United Kingdom
13923,2011-10-17 12:33:00,2011-10-17 12:33:00,1,351.13,20,United Kingdom
13924,2011-09-28 15:07:00,2011-12-08 09:39:00,6,1838.8500000000001,117,United Kingdom
13925,2011-07-28 12:09:00,2011-09-08 12:47:00,4,678.25,41,United Kingdom
13926,2011-11-16 13:16:00,2011-11-16 13:16:00,1,223.85000000000002,11,United Kingdom
13927,2010-09-28 16:12:00,2011-09-26 12:00:00,2,708.26,41,United Kingdom
13928,2011-07-29 15:59:00,2011-11-29 10:33:00,4,464.57,27,United Kingdom
13929,2010-01-14 07:25:00,2011-06-23 15:26:00,11,3494.1,57,United Kingdom
13930,2011-07-26 11:00:00,2011-10-13 09:45:00,2,337.34,17,United Kingdom
13931,2009-12-03 10:26:00,2011-09-05 10:12:00,11,5257.38,271,United Kingdom
13932,2011-02-18 12:02:00,2011-02-18 12:02:00,1,307.4,16,United Kingdom
13933,2011-07-14 13:35:00,2011-08-22 14:03:00,2,608.7900000000001,23,United Kingdom
13934,2011-03-21 08:39:00,2011-03-21 08:39:00,1,922.1,31,United Kingdom
13935,2010-02-25 16:01:00,2010-04-22 11:21:00,3,6116.92,80,United Kingdom
13936,2010-10-21 14:21:00,2011-06-13 08:47:00,3,939.66,59,United Kingdom
13937,2010-11-02 12:37:00,2011-06-23 16:35:00,2,880.13,54,United Kingdom
13938,2011-11-04 14:37:00,2011-11-04 14:37:00,1,71.66,7,United Kingdom
13939,2010-04-06 12:43:00,2011-11-16 13:33:00,7,1560.96,110,United Kingdom
13940,2011-07-18 16:05:00,2011-11-22 15:15:00,4,839.14,49,United Kingdom
13941,2009-12-16 16:10:00,2011-11-18 09:43:00,15,11122.300000000001,105,United Kingdom
13942,2010-06-23 12:35:00,2010-06-23 12:35:00,1,320.0,1,United Kingdom
13943,2010-05-11 11:30:00,2010-05-11 11:30:00,1,246.54,15,United Kingdom
13944,2010-02-24 15:02:00,2010-02-24 15:02:00,1,200.43,35,United Kingdom
13945,2010-08-17 09:59:00,2010-11-10 10:00:00,2,854.15,51,United Kingdom
13946,2009-12-04 11:07:00,2011-09-21 13:33:00,6,1876.23,56,United Kingdom
13947,2011-10-05 14:42:00,2011-10-05 14:42:00,1,90.6,5,United Kingdom
13948,2009-12-04 12:14:00,2010-12-14 10:18:00,4,548.76,24,United Kingdom
13949,2011-09-06 11:55:00,2011-12-07 09:35:00,6,2427.32,160,United Kingdom
13950,2011-04-07 11:29:00,2011-11-28 14:44:00,4,745.06,35,United Kingdom
13951,2011-02-18 15:21:00,2011-06-16 16:43:00,3,674.45,39,United Kingdom
13952,2009-12-16 09:41:00,2011-05-06 09:00:00,14,12823.52,408,United Kingdom
13953,2009-12-11 12:58:00,2011-12-02 16:04:00,12,6640.68,25,United Kingdom
13954,2011-09-30 10:52:00,2011-12-08 12:50:00,2,439.92,25,United Kingdom
13955,2010-11-29 17:35:00,2011-07-08 17:19:00,3,544.0699999999999,85,United Kingdom
13956,2011-03-13 12:51:00,2011-12-04 13:20:00,5,1019.27,147,United Kingdom
13957,2010-02-19 10:32:00,2010-10-18 10:02:00,3,458.25,27,United Kingdom
13958,2009-12-05 13:12:00,2010-11-25 10:11:00,8,4709.2300000000005,227,United Kingdom
13959,2010-07-16 15:11:00,2011-09-21 15:06:00,6,1064.77,157,United Kingdom
13960,2011-09-29 12:39:00,2011-11-18 15:27:00,2,230.22,12,United Kingdom
13961,2010-11-12 14:40:00,2010-11-12 14:40:00,1,538.4,19,United Kingdom
13962,2010-09-30 10:35:00,2011-11-18 08:47:00,3,362.8,23,United Kingdom
13963,2010-04-21 16:20:00,2011-02-04 14:43:00,17,3011.87,172,United Kingdom
13964,2010-10-05 12:38:00,2010-11-17 13:53:00,2,438.9,24,United Kingdom
13965,2010-01-05 15:21:00,2010-08-20 10:40:00,3,996.61,24,United Kingdom
13966,2010-09-30 13:08:00,2010-09-30 13:08:00,1,384.26,21,United Kingdom
13967,2010-11-08 13:24:00,2011-07-17 12:02:00,2,166.3,6,United Kingdom
13968,2010-10-12 13:22:00,2010-10-12 13:22:00,1,123.66,8,United Kingdom
13969,2010-03-25 13:15:00,2011-12-02 15:11:00,35,13291.05,1089,United Kingdom
13970,2010-09-28 11:53:00,2010-11-18 13:21:00,2,846.55,13,United Kingdom
13971,2010-01-26 09:51:00,2011-11-21 12:06:00,14,4667.57,255,United Kingdom
13972,2011-05-22 11:34:00,2011-09-30 11:54:00,2,190.25,15,United Kingdom
13973,2011-02-25 15:21:00,2011-02-25 15:21:00,1,264.7,11,United Kingdom
13974,2010-05-06 17:55:00,2011-10-21 14:41:00,2,677.72,43,United Kingdom
13975,2010-02-02 13:13:00,2011-11-08 13:19:00,12,5256.4,737,United Kingdom
13976,2010-02-09 13:08:00,2011-05-17 09:13:00,4,1192.36,56,United Kingdom
13977,2010-10-24 14:08:00,2010-10-24 14:08:00,1,519.8100000000001,13,United Kingdom
13978,2011-10-25 15:04:00,2011-11-25 11:36:00,2,196.79000000000002,15,United Kingdom
13979,2009-12-03 10:02:00,2011-09-27 13:32:00,7,3373.63,391,United Kingdom
13980,2010-02-21 14:18:00,2011-10-10 13:34:00,5,768.82,63,United Kingdom
13981,2010-10-20 10:03:00,2010-10-20 10:03:00,1,331.14,22,United Kingdom
13982,2010-01-20 14:04:00,2011-10-31 16:24:00,9,4382.89,248,United Kingdom
13983,2009-12-09 13:53:00,2011-11-10 11:06:00,21,7083.25,340,United Kingdom
13984,2009-12-07 11:51:00,2011-11-13 12:38:00,12,2048.6,93,United Kingdom
13985,2010-02-09 13:56:00,2011-12-05 17:06:00,22,10020.86,480,United Kingdom
13986,2011-11-22 15:00:00,2011-11-22 15:00:00,1,320.46,13,United Kingdom
13987,2010-11-04 09:54:00,2010-11-25 10:20:00,2,682.54,46,United Kingdom
13988,2010-03-24 11:05:00,2011-11-20 10:15:00,8,4757.8,295,United Kingdom
13989,2010-05-25 12:13:00,2011-10-05 09:47:00,5,2026.06,86,United Kingdom
13990,2011-05-10 15:19:00,2011-05-10 15:19:00,1,311.3,16,United Kingdom
13991,2011-07-19 12:58:00,2011-11-27 16:18:00,6,851.88,81,United Kingdom
13992,2010-09-02 17:04:00,2011-11-09 15:23:00,3,219.5,11,United Kingdom
13993,2009-12-03 11:57:00,2011-10-28 09:06:00,19,6775.71,261,United Kingdom
13994,2011-07-14 18:28:00,2011-12-06 11:05:00,6,2274.14,148,United Kingdom
13995,2009-12-18 12:43:00,2011-11-24 14:22:00,14,3902.01,230,United Kingdom
13996,2010-11-05 15:07:00,2010-11-18 16:27:00,2,895.76,33,United Kingdom
13997,2010-06-07 17:33:00,2010-07-08 18:06:00,3,376.46,44,United Kingdom
13998,2010-05-12 13:18:00,2010-09-19 10:20:00,3,566.7,31,United Kingdom
13999,2009-12-05 12:42:00,2011-11-29 13:40:00,29,9502.26,466,United Kingdom
14000,2009-12-02 09:50:00,2011-05-12 16:50:00,5,2046.3400000000001,49,United Kingdom
14001,2010-08-03 12:49:00,2011-10-25 10:31:00,9,4530.09,112,United Kingdom
14002,2011-07-06 14:59:00,2011-07-28 15:55:00,2,529.73,47,United Kingdom
14003,2009-12-07 08:53:00,2009-12-07 08:53:00,1,209.41,16,United Kingdom
14004,2010-09-30 09:39:00,2011-10-27 14:40:00,11,6258.45,241,United Kingdom
14005,2011-05-08 10:33:00,2011-11-30 12:41:00,5,2874.72,84,United Kingdom
14006,2010-02-25 09:45:00,2011-08-16 09:39:00,7,2196.67,77,United Kingdom
14007,2010-07-15 09:06:00,2010-07-15 09:06:00,1,79.48,5,United Kingdom
14008,2010-10-03 13:09:00,2010-10-03 13:09:00,1,509.04,32,United Kingdom
14009,2010-09-03 12:08:00,2011-05-25 15:47:00,3,1099.91,74,United Kingdom
14010,2010-05-23 12:46:00,2010-05-23 13:00:00,2,445.15,24,United Kingdom
14011,2010-04-11 13:40:00,2010-08-16 15:31:00,2,457.82,32,United Kingdom
14012,2011-03-07 12:26:00,2011-03-07 12:26:00,1,328.8,11,United Kingdom
14013,2010-03-26 10:02:00,2011-08-21 15:01:00,5,1084.57,68,United Kingdom
14014,2010-05-12 09:04:00,2011-09-23 13:18:00,3,1948.21,76,United Kingdom
14015,2011-10-18 10:02:00,2011-10-18 10:02:00,1,917.34,20,United Kingdom
14016,2010-01-08 14:12:00,2011-07-01 11:29:00,11,11403.41,448,EIRE
14017,2010-05-17 14:52:00,2010-05-17 14:52:00,1,229.75,14,United Kingdom
14018,2010-03-04 14:23:00,2010-03-04 14:23:00,1,367.15000000000003,13,United Kingdom
14019,2011-07-24 15:39:00,2011-10-24 10:13:00,3,1421.61,66,United Kingdom
14020,2010-06-28 15:29:00,2011-11-23 09:22:00,4,1249.01,72,United Kingdom
14021,2010-04-26 11:22:00,2011-07-07 15:46:00,7,1716.58,90,United Kingdom
14022,2010-08-10 09:38:00,2011-04-28 14:39:00,2,792.15,47,United Kingdom
14023,2011-04-03 15:50:00,2011-12-02 13:58:00,2,584.07,31,United Kingdom
14024,2010-11-14 10:51:00,2011-08-10 11:30:00,3,645.74,34,United Kingdom
14025,2010-05-05 09:56:00,2010-09-01 10:11:00,8,4057.9,99,United Kingdom
14026,2010-03-24 14:10:00,2010-08-26 10:31:00,2,713.11,50,United Kingdom
14027,2011-10-10 09:01:00,2011-10-10 09:01:00,1,104.82,6,United Kingdom
14028,2010-06-07 12:02:00,2010-06-07 13:33:00,3,10396.5,9,United Kingdom
14029,2011-07-18 16:57:00,2011-10-07 14:46:00,2,467.66,15,United Kingdom
14030,2009-12-10 17:27:00,2011-11-21 16:48:00,20,8198.3,851,United Kingdom
14031,2009-12-03 15:35:00,2011-12-02 17:13:00,44,40919.58,778,United Kingdom
14032,2009-12-14 12:02:00,2011-12-07 15:23:00,16,4850.2699999999995,244,United Kingdom
14033,2010-06-02 15:10:00,2010-06-02 15:10:00,1,109.44,1,United Kingdom
14034,2011-07-05 13:06:00,2011-11-17 14:02:00,3,648.89,86,United Kingdom
14035,2010-04-06 12:39:00,2011-11-11 10:03:00,9,2794.75,145,United Kingdom
14036,2011-02-28 09:26:00,2011-02-28 09:26:00,1,626.65,38,United Kingdom
14037,2009-12-07 11:39:00,2011-06-16 13:57:00,6,836.95,114,United Kingdom
14038,2010-02-04 08:56:00,2011-09-22 13:37:00,5,3069.88,161,United Kingdom
14039,2010-05-13 10:15:00,2011-11-06 13:48:00,2,267.28000000000003,10,United Kingdom
14040,2009-12-01 12:14:00,2011-10-30 12:42:00,35,12523.81,781,United Kingdom
14041,2011-03-18 13:25:00,2011-03-18 13:25:00,1,141.41,21,United Kingdom
14042,2009-12-14 15:07:00,2009-12-14 15:07:00,1,431.98,21,United Kingdom
14043,2009-12-10 15:56:00,2010-08-05 18:18:00,2,302.6,41,United Kingdom
14044,2010-01-24 15:14:00,2011-11-13 12:05:00,10,3073.95,825,United Kingdom
14045,2010-01-08 10:08:00,2011-08-22 15:27:00,16,11313.029999999999,38,United Kingdom
14046,2011-02-28 14:48:00,2011-02-28 14:48:00,1,151.59,13,United Kingdom
14047,2010-02-01 10:05:00,2011-12-01 11:43:00,14,4255.03,164,United Kingdom
14048,2010-11-22 14:08:00,2011-02-07 14:53:00,3,748.69,141,United Kingdom
14049,2010-04-01 14:52:00,2011-11-23 12:20:00,13,13023.4,1061,United Kingdom
14050,2011-08-25 13:46:00,2011-11-08 10:00:00,2,746.36,54,United Kingdom
14051,2009-12-03 11:53:00,2011-12-09 10:20:00,37,22394.4,332,United Kingdom
14052,2010-11-14 11:37:00,2011-11-20 12:30:00,2,466.66,121,United Kingdom
14053,2010-08-10 11:02:00,2011-08-07 14:27:00,4,572.3,9,United Kingdom
14054,2011-10-05 15:49:00,2011-10-05 15:49:00,1,92.46,6,United Kingdom
14055,2009-12-16 15:11:00,2011-08-25 15:04:00,3,1520.96,33,United Kingdom
14056,2011-02-28 15:19:00,2011-12-08 13:36:00,23,8152.71,1088,United Kingdom
14057,2009-12-03 13:17:00,2011-11-16 10:32:00,22,8346.66,447,United Kingdom
14058,2010-06-27 11:29:00,2010-09-03 09:31:00,2,469.19,24,United Kingdom
14059,2011-03-18 10:06:00,2011-03-18 10:06:00,1,183.6,8,United Kingdom
14060,2010-03-11 09:47:00,2011-12-05 12:29:00,30,9519.08,270,United Kingdom
14061,2009-12-01 18:03:00,2010-07-20 17:22:00,3,917.4300000000001,19,United Kingdom
14062,2009-12-10 14:28:00,2011-11-30 10:04:00,24,25585.65,340,United Kingdom
14063,2009-12-08 13:46:00,2010-01-22 11:28:00,7,9471.5,38,United Kingdom
14064,2010-01-21 13:22:00,2011-11-10 13:14:00,15,3260.24,236,United Kingdom
14065,2010-10-04 12:03:00,2010-11-15 16:13:00,3,891.02,49,United Kingdom
14066,2011-03-18 12:21:00,2011-03-18 12:21:00,1,152.55,7,United Kingdom
14067,2011-09-04 12:00:00,2011-10-07 10:21:00,2,374.7,52,United Kingdom
14068,2010-01-31 10:10:00,2011-01-23 16:02:00,4,1516.72,108,United Kingdom
14069,2010-05-27 12:30:00,2010-07-13 12:12:00,2,225.81,41,United Kingdom
14070,2010-01-24 12:27:00,2010-01-24 12:27:00,1,321.6,41,United Kingdom
14071,2011-03-20 11:33:00,2011-12-06 12:27:00,8,1422.75,321,United Kingdom
14072,2010-02-11 12:31:00,2010-02-11 12:31:00,1,390.85,19,United Kingdom
14073,2011-11-07 15:49:00,2011-11-07 15:49:00,1,151.04,13,United Kingdom
14074,2010-03-26 13:55:00,2010-03-26 13:55:00,1,219.39999999999998,6,United Kingdom
14075,2010-08-26 13:42:00,2011-12-05 08:38:00,5,1724.87,80,United Kingdom
14076,2011-08-02 15:19:00,2011-08-02 15:19:00,1,118.67,44,United Kingdom
14077,2010-11-09 16:01:00,2011-10-30 12:35:00,6,615.0799999999999,56,United Kingdom
14078,2010-03-28 15:05:00,2011-08-30 12:16:00,9,1688.06,160,United Kingdom
14079,2010-01-26 17:19:00,2011-08-07 12:10:00,2,618.73,13,United Kingdom
14080,2009-12-02 15:01:00,2011-11-07 11:09:00,5,1115.68,83,United Kingdom
14081,2009-12-10 18:27:00,2011-02-10 16:17:00,10,5291.09,913,United Kingdom
14082,2010-11-12 11:47:00,2010-12-10 11:02:00,2,413.36,65,United Kingdom
14083,2009-12-18 11:34:00,2011-12-05 13:14:00,11,1376.2,247,United Kingdom
14084,2010-07-15 14:36:00,2010-07-15 14:36:00,1,150.5,7,United Kingdom
14085,2009-12-08 13:41:00,2011-12-07 13:46:00,32,10013.72,1056,United Kingdom
14086,2010-09-03 10:52:00,2010-09-03 10:52:00,1,39.95,1,United Kingdom
14087,2009-12-04 15:27:00,2011-12-07 12:41:00,3,829.47,213,United Kingdom
14088,2010-10-14 19:46:00,2011-11-29 16:16:00,16,64036.8,682,United Kingdom
14089,2011-10-14 10:38:00,2011-10-14 10:38:00,1,158.75,13,United Kingdom
14090,2011-01-19 10:51:00,2011-01-19 10:51:00,1,76.32000000000001,1,United Kingdom
14091,2010-01-10 13:41:00,2010-02-23 15:17:00,2,9530.08,13,United Kingdom
14092,2009-12-16 16:24:00,2011-12-02 12:13:00,24,7229.45,373,United Kingdom
14093,2011-11-27 16:27:00,2011-11-27 16:27:00,1,433.86,100,United Kingdom
14094,2010-09-26 11:58:00,2010-09-26 11:58:00,1,311.77,43,United Kingdom
14095,2009-12-17 12:49:00,2009-12-17 12:49:00,1,2.95,1,United Kingdom
14096,2011-08-30 10:49:00,2011-12-05 17:17:00,17,53258.43,5095,United Kingdom
14097,2010-03-04 10:46:00,2010-08-15 14:20:00,2,422.85999999999996,40,United Kingdom
14098,2011-11-03 10:13:00,2011-11-03 10:13:00,1,147.35,21,United Kingdom
14099,2009-12-10 11:55:00,2011-11-23 13:53:00,20,5750.91,521,United Kingdom
14100,2011-07-25 11:01:00,2011-07-25 11:01:00,1,191.95000000000002,25,United Kingdom
14101,2010-03-28 13:36:00,2011-09-27 12:28:00,13,9961.93,90,United Kingdom
14102,2011-10-26 12:46:00,2011-12-04 15:38:00,5,1105.8799999999999,58,United Kingdom
14104,2010-05-28 16:11:00,2011-07-08 12:50:00,5,740.53,134,United Kingdom
14105,2009-12-18 16:57:00,2011-04-14 17:58:00,5,5988.83,279,United Kingdom
14106,2009-12-02 14:09:00,2009-12-02 14:09:00,1,214.79999999999998,1,United Kingdom
14107,2009-12-09 14:20:00,2011-10-19 12:12:00,11,4877.3,236,United Kingdom
14108,2009-12-01 18:07:00,2011-11-09 10:41:00,4,1044.96,52,United Kingdom
14109,2011-09-28 10:18:00,2011-09-28 10:18:00,1,144.2,9,United Kingdom
14110,2009-12-01 09:50:00,2011-12-06 12:26:00,33,12987.95,399,United Kingdom
14111,2011-04-12 11:36:00,2011-11-25 13:44:00,4,692.85,10,United Kingdom
14112,2010-02-23 14:16:00,2011-11-17 12:30:00,13,5834.59,326,United Kingdom
14113,2009-12-08 07:42:00,2011-12-06 12:18:00,16,7092.610000000001,122,United Kingdom
14114,2010-04-12 11:07:00,2011-03-11 09:42:00,7,1364.09,74,United Kingdom
14115,2010-02-11 11:44:00,2010-07-26 12:36:00,2,622.6700000000001,22,United Kingdom
14116,2011-08-10 12:44:00,2011-11-20 10:29:00,5,1382.74,72,United Kingdom
14117,2011-07-19 09:49:00,2011-07-19 09:49:00,1,90.0,3,United Kingdom
14118,2010-10-07 11:59:00,2010-10-07 11:59:00,1,458.45,15,United Kingdom
14119,2009-12-21 14:52:00,2010-11-29 10:33:00,2,183.37,11,United Kingdom
14121,2011-10-11 10:39:00,2011-12-06 12:19:00,4,2780.15,159,United Kingdom
14122,2009-12-02 14:22:00,2010-10-29 15:11:00,3,362.42,13,United Kingdom
14123,2009-12-06 15:35:00,2009-12-06 15:35:00,1,436.18,24,United Kingdom
14124,2011-09-16 13:32:00,2011-09-16 13:32:00,1,419.58000000000004,5,United Kingdom
14125,2011-09-22 15:40:00,2011-11-29 12:47:00,3,2720.63,166,United Kingdom
14126,2010-09-21 14:51:00,2011-12-02 11:45:00,4,1172.46,43,United Kingdom
14127,2010-10-10 11:53:00,2011-08-09 10:49:00,6,1900.0800000000002,117,United Kingdom
14128,2010-06-06 14:05:00,2011-10-10 12:00:00,3,924.21,65,United Kingdom
14129,2010-05-09 14:54:00,2011-12-08 11:02:00,9,2591.34,109,United Kingdom
14130,2009-12-11 16:33:00,2011-01-24 16:05:00,4,1858.77,220,United Kingdom
14131,2010-03-01 11:59:00,2010-03-01 11:59:00,1,168.22,46,United Kingdom
14132,2011-06-09 12:04:00,2011-12-07 13:35:00,11,3586.0299999999997,200,United Kingdom
14133,2009-12-06 12:10:00,2011-08-02 11:34:00,4,911.14,36,United Kingdom
14134,2009-12-10 09:25:00,2010-11-22 12:26:00,15,11123.35,180,United Kingdom
14135,2009-12-02 08:58:00,2011-12-08 11:38:00,24,9643.92,256,United Kingdom
14136,2009-12-08 09:19:00,2010-11-04 11:53:00,5,1570.81,106,United Kingdom
14137,2010-01-13 12:30:00,2010-01-13 12:30:00,1,332.7,11,United Kingdom
14138,2011-10-07 09:38:00,2011-12-08 12:44:00,2,965.8800000000001,46,United Kingdom
14139,2010-06-15 09:17:00,2011-10-24 13:34:00,4,1086.8,69,United Kingdom
14140,2011-11-08 11:20:00,2011-12-06 09:05:00,2,935.05,66,United Kingdom
14141,2011-08-26 14:40:00,2011-12-07 09:53:00,4,915.13,40,United Kingdom
14142,2010-03-03 15:13:00,2010-12-01 16:33:00,2,983.15,66,United Kingdom
14143,2011-07-29 09:48:00,2011-07-29 09:48:00,1,115.8,7,United Kingdom
14144,2010-08-10 15:17:00,2010-08-10 15:17:00,1,30.599999999999998,1,United Kingdom
14145,2010-04-08 09:47:00,2011-10-24 12:10:00,7,7600.05,25,United Kingdom
14146,2010-01-13 16:04:00,2011-12-01 10:18:00,12,9450.3,456,United Kingdom
14147,2010-03-09 13:43:00,2011-09-22 18:10:00,9,2590.2,30,United Kingdom
14148,2010-10-21 14:08:00,2011-04-20 12:02:00,2,466.29,17,United Kingdom
14149,2011-05-03 09:44:00,2011-05-03 09:44:00,1,446.62,28,United Kingdom
14150,2010-12-15 10:04:00,2011-11-04 10:05:00,2,658.64,26,United Kingdom
14151,2009-12-23 10:54:00,2010-02-04 15:35:00,2,679.45,44,United Kingdom
14152,2010-02-18 13:57:00,2011-09-25 12:54:00,7,1997.3400000000001,133,United Kingdom
14153,2010-08-13 14:35:00,2010-08-13 14:35:00,1,233.4,17,United Kingdom
14154,2010-01-13 12:47:00,2011-04-14 16:26:00,8,6460.7,292,United Kingdom
14155,2011-03-18 14:13:00,2011-03-18 14:13:00,1,118.75,6,United Kingdom
14156,2009-12-01 12:30:00,2011-11-30 10:54:00,151,305581.37,4036,EIRE
14157,2010-03-03 16:49:00,2011-11-20 11:32:00,5,978.69,85,United Kingdom
14158,2011-10-30 15:08:00,2011-10-30 15:08:00,1,507.66,41,United Kingdom
14159,2009-12-03 12:31:00,2011-11-20 12:36:00,20,7849.58,1834,United Kingdom
14160,2010-01-10 12:06:00,2010-04-08 14:30:00,7,8421.47,107,United Kingdom
14161,2009-12-13 11:46:00,2011-05-08 11:41:00,7,3280.08,303,United Kingdom
14162,2011-02-20 12:32:00,2011-06-19 11:36:00,2,289.36,25,United Kingdom
14163,2010-09-03 17:15:00,2011-09-13 15:18:00,5,2594.62,58,United Kingdom
14164,2011-09-20 12:18:00,2011-09-30 12:24:00,2,1631.77,29,United Kingdom
14165,2011-03-09 12:39:00,2011-03-09 12:39:00,1,120.44,24,United Kingdom
14166,2010-03-23 15:10:00,2010-07-22 19:42:00,2,251.15,51,United Kingdom
14167,2010-01-27 16:07:00,2011-10-31 14:29:00,8,1274.29,115,United Kingdom
14168,2010-05-24 12:28:00,2010-10-15 10:49:00,2,370.45,15,United Kingdom
14169,2010-09-21 13:39:00,2010-10-05 08:45:00,2,613.11,63,United Kingdom
14170,2010-11-09 14:06:00,2010-11-29 13:10:00,3,570.18,145,United Kingdom
14171,2009-12-09 13:50:00,2011-09-02 16:43:00,2,498.79,64,United Kingdom
14172,2010-03-07 10:58:00,2010-04-13 13:26:00,3,369.02,44,United Kingdom
14173,2009-12-09 12:46:00,2011-11-29 11:54:00,6,586.0,33,United Kingdom
14174,2011-11-06 13:17:00,2011-11-06 13:17:00,1,134.46,26,United Kingdom
14175,2010-03-22 10:43:00,2011-10-11 11:55:00,8,7678.88,331,United Kingdom
14176,2010-11-23 13:21:00,2011-02-15 13:12:00,5,916.01,46,United Kingdom
14177,2010-02-26 11:59:00,2011-09-14 15:11:00,13,2209.69,205,United Kingdom
14178,2011-06-10 12:51:00,2011-12-01 12:01:00,7,1580.26,316,United Kingdom
14179,2011-10-18 14:00:00,2011-10-30 12:07:00,2,701.57,157,United Kingdom
14180,2010-06-09 14:56:00,2011-11-29 10:56:00,33,6319.25,301,United Kingdom
14181,2010-05-26 12:32:00,2010-10-25 08:27:00,2,308.35,52,United Kingdom
14182,2010-04-22 15:36:00,2010-09-22 11:45:00,4,678.77,50,United Kingdom
14183,2010-08-15 15:36:00,2010-10-24 14:45:00,2,278.34000000000003,34,United Kingdom
14184,2011-10-04 12:43:00,2011-10-04 12:43:00,1,452.89,24,United Kingdom
14185,2011-01-12 13:52:00,2011-01-12 13:52:00,1,197.65,3,United Kingdom
14186,2010-03-05 11:17:00,2010-10-08 13:30:00,5,1550.63,104,United Kingdom
14187,2010-08-23 12:06:00,2010-08-23 12:06:00,1,123.5,8,United Kingdom
14188,2011-02-02 13:46:00,2011-11-09 12:45:00,6,2054.36,65,United Kingdom
14189,2010-11-16 09:28:00,2011-12-07 15:55:00,16,5814.39,316,United Kingdom
14190,2010-02-11 14:27:00,2010-02-11 14:27:00,1,79.9,1,United Kingdom
14191,2009-12-11 10:48:00,2011-12-08 09:23:00,15,4817.66,265,United Kingdom
14192,2010-11-16 17:44:00,2010-11-16 17:44:00,1,293.74,14,United Kingdom
14193,2010-11-08 12:31:00,2011-10-03 09:34:00,3,1210.19,64,United Kingdom
14194,2010-01-06 12:16:00,2011-12-05 10:38:00,36,18670.59,952,United Kingdom
14195,2010-03-15 17:12:00,2011-05-22 10:29:00,6,2615.6,16,United Kingdom
14196,2011-08-25 10:25:00,2011-08-25 10:25:00,1,335.52,6,United Kingdom
14197,2010-10-25 10:01:00,2010-10-25 10:01:00,1,390.05,20,United Kingdom
14198,2010-01-05 10:07:00,2011-11-21 16:35:00,9,1569.73,91,United Kingdom
14199,2010-06-27 12:13:00,2011-05-05 13:44:00,4,1091.7,18,United Kingdom
14200,2010-04-01 13:01:00,2010-04-01 13:01:00,1,379.2,21,United Kingdom
14201,2010-04-30 13:00:00,2011-10-10 13:27:00,10,1193.54,55,United Kingdom
14202,2010-03-25 10:36:00,2010-11-23 17:13:00,3,847.76,29,United Kingdom
14203,2010-11-07 13:35:00,2010-11-07 13:35:00,1,339.34,16,United Kingdom
14204,2009-12-02 13:26:00,2011-12-07 13:38:00,4,1024.83,220,United Kingdom
14205,2010-03-07 12:20:00,2011-11-23 10:55:00,9,2414.2,123,United Kingdom
14206,2010-11-02 11:37:00,2011-04-14 16:38:00,3,1185.01,71,United Kingdom
14207,2010-01-21 09:33:00,2010-01-21 09:33:00,1,157.8,2,United Kingdom
14208,2010-06-06 13:11:00,2011-09-06 12:48:00,2,567.05,35,United Kingdom
14209,2010-01-22 10:28:00,2011-11-29 10:18:00,15,4993.27,231,United Kingdom
14210,2010-01-06 10:17:00,2011-08-26 12:36:00,16,5861.52,329,United Kingdom
14211,2009-12-09 12:48:00,2011-10-17 13:23:00,18,4402.29,240,United Kingdom
14212,2010-09-20 11:48:00,2011-09-11 12:45:00,2,2190.14,21,United Kingdom
14213,2010-10-31 10:37:00,2010-10-31 10:37:00,1,1192.2,5,United Kingdom
14214,2011-03-07 12:26:00,2011-11-09 10:31:00,5,1004.38,67,United Kingdom
14215,2009-12-08 09:35:00,2011-11-28 12:19:00,9,3416.33,192,United Kingdom
14216,2010-10-21 15:07:00,2011-12-06 14:56:00,5,2150.04,77,United Kingdom
14217,2010-06-30 12:54:00,2011-12-08 11:53:00,23,3416.89,181,United Kingdom
14218,2011-10-28 10:00:00,2011-10-28 10:00:00,1,169.48000000000002,12,United Kingdom
14219,2010-08-03 14:42:00,2011-12-05 16:23:00,3,633.83,43,United Kingdom
14220,2010-05-19 13:26:00,2011-04-06 13:23:00,4,1515.0,38,United Kingdom
14221,2010-04-06 14:10:00,2011-10-28 13:42:00,17,6517.49,347,United Kingdom
14222,2011-06-15 16:42:00,2011-06-15 16:42:00,1,683.17,41,United Kingdom
14223,2011-03-20 16:02:00,2011-09-08 13:38:00,3,991.13,60,United Kingdom
14224,2010-06-13 13:46:00,2011-08-21 13:24:00,9,1841.71,229,United Kingdom
14225,2010-01-12 15:02:00,2010-10-01 10:32:00,4,2031.07,86,United Kingdom
14226,2010-09-24 14:32:00,2011-11-11 11:34:00,6,2985.13,97,United Kingdom
14227,2010-02-08 09:38:00,2011-11-13 15:48:00,15,6366.16,376,United Kingdom
14228,2010-06-11 12:29:00,2010-09-28 09:45:00,3,745.5,38,United Kingdom
14229,2010-08-25 11:47:00,2011-10-19 10:04:00,7,2594.04,72,United Kingdom
14230,2010-06-09 13:56:00,2010-09-30 09:07:00,3,979.8000000000001,33,United Kingdom
14231,2010-09-15 09:52:00,2011-06-09 11:05:00,4,1235.6200000000001,69,United Kingdom
14232,2011-03-20 12:44:00,2011-10-28 11:09:00,5,2048.07,115,United Kingdom
14233,2010-03-05 16:35:00,2011-10-21 15:54:00,7,2904.27,73,United Kingdom
14234,2011-10-13 13:58:00,2011-11-17 17:53:00,4,754.12,147,United Kingdom
14235,2010-03-30 13:36:00,2011-09-25 14:37:00,9,4717.99,148,United Kingdom
14236,2010-07-22 14:27:00,2011-09-20 09:13:00,5,1744.64,50,United Kingdom
14237,2010-04-28 10:04:00,2010-12-01 13:20:00,2,632.14,35,United Kingdom
14238,2009-12-05 10:58:00,2011-01-17 14:40:00,3,434.23,13,United Kingdom
14239,2009-12-05 12:36:00,2011-10-27 14:40:00,21,4263.17,210,United Kingdom
14240,2010-10-12 12:48:00,2011-11-09 13:45:00,3,1247.49,61,United Kingdom
14241,2010-01-12 15:11:00,2011-06-09 11:46:00,2,333.70000000000005,12,United Kingdom
14242,2011-01-18 08:53:00,2011-04-19 11:46:00,2,280.55,16,United Kingdom
14243,2010-08-20 13:41:00,2011-12-01 11:12:00,17,7431.05,371,United Kingdom
14244,2010-02-17 11:40:00,2010-02-17 11:40:00,1,366.41999999999996,16,United Kingdom
14245,2011-03-21 10:41:00,2011-05-04 08:40:00,2,1693.45,108,United Kingdom
14246,2011-04-08 08:25:00,2011-08-21 11:50:00,3,1474.06,75,United Kingdom
14247,2010-06-06 15:07:00,2011-03-06 15:21:00,5,753.56,113,United Kingdom
14248,2010-07-12 14:27:00,2011-01-25 14:45:00,3,1032.95,47,United Kingdom
14249,2010-01-29 14:21:00,2010-10-25 12:34:00,12,5400.46,271,United Kingdom
14250,2011-09-11 13:44:00,2011-12-02 14:30:00,3,1904.05,111,United Kingdom
14251,2011-10-13 12:46:00,2011-12-08 08:32:00,5,2879.7000000000003,78,United Kingdom
14252,2010-11-23 13:36:00,2010-11-23 13:36:00,1,350.99,10,United Kingdom
14253,2010-03-26 15:08:00,2010-08-03 14:55:00,2,363.40000000000003,12,United Kingdom
14254,2010-10-03 11:52:00,2010-10-03 11:52:00,1,601.03,23,United Kingdom
14256,2010-01-14 10:35:00,2011-03-24 13:17:00,5,2460.79,133,United Kingdom
14257,2010-03-01 15:36:00,2011-10-06 16:54:00,9,5954.45,240,United Kingdom
14258,2009-12-04 08:36:00,2011-11-30 15:27:00,25,32051.34,300,United Kingdom
14259,2011-07-21 10:44:00,2011-07-21 10:44:00,1,120.0,5,United Kingdom
14260,2010-06-09 11:23:00,2010-08-25 14:55:00,3,824.28,51,United Kingdom
14261,2011-09-22 10:47:00,2011-10-20 10:04:00,2,1163.45,52,United Kingdom
14262,2011-04-13 12:23:00,2011-12-01 14:17:00,8,2618.23,143,United Kingdom
14263,2010-10-12 14:09:00,2010-10-12 14:09:00,1,322.93,16,United Kingdom
14264,2010-04-07 13:21:00,2011-07-08 10:20:00,6,1517.3600000000001,79,United Kingdom
14265,2010-04-06 14:39:00,2011-08-22 13:32:00,4,1373.35,79,Unspecified
14266,2010-10-07 13:32:00,2010-10-07 13:32:00,1,40.56,1,United Kingdom
14267,2011-03-24 11:38:00,2011-06-30 10:09:00,3,1516.24,55,United Kingdom
14268,2010-08-26 10:45:00,2010-08-26 10:45:00,1,354.85,19,United Kingdom
14269,2010-09-26 12:53:00,2010-09-26 12:53:00,1,295.73,16,United Kingdom
14270,2011-01-12 09:33:00,2011-01-12 09:33:00,1,492.65000000000003,29,United Kingdom
14271,2010-10-26 17:01:00,2011-04-28 12:47:00,2,214.18,38,United Kingdom
14272,2010-05-06 14:01:00,2011-09-27 10:08:00,4,920.81,64,United Kingdom
14273,2011-04-11 13:24:00,2011-10-19 13:20:00,4,559.97,29,United Kingdom
14274,2010-01-22 12:51:00,2010-01-22 12:51:00,1,256.6,15,United Kingdom
14275,2010-04-11 12:32:00,2010-11-09 09:06:00,6,1189.3799999999999,23,United Kingdom
14276,2010-02-17 13:10:00,2011-09-02 09:45:00,7,2102.68,121,United Kingdom
14277,2009-12-13 15:43:00,2011-11-24 15:01:00,8,16789.16,376,France
14278,2010-10-26 12:07:00,2010-10-26 12:07:00,1,205.83,13,United Kingdom
14279,2010-01-27 16:34:00,2010-07-07 08:42:00,2,191.86,3,United Kingdom
14280,2011-05-27 10:37:00,2011-05-27 10:37:00,1,134.04,8,United Kingdom
14281,2010-10-27 14:45:00,2010-10-27 14:45:00,1,245.15,7,United Kingdom
14282,2010-02-15 11:22:00,2011-12-06 17:04:00,25,7821.76,252,United Kingdom
14283,2010-05-19 12:22:00,2010-09-02 14:46:00,4,628.4399999999999,41,United Kingdom
14284,2010-02-24 12:06:00,2011-11-09 08:11:00,3,1299.65,67,United Kingdom
14285,2009-12-08 14:13:00,2011-11-18 14:50:00,8,3284.42,61,United Kingdom
14286,2009-12-04 08:40:00,2011-11-16 10:34:00,7,8479.76,499,United Kingdom
14287,2011-05-25 11:41:00,2011-12-01 13:25:00,3,176.63,9,United Kingdom
14288,2011-05-10 13:22:00,2011-05-10 13:22:00,1,426.6,16,United Kingdom
14289,2011-02-23 12:33:00,2011-12-01 11:44:00,6,911.26,47,United Kingdom
14290,2009-12-08 11:44:00,2011-11-28 14:02:00,8,4516.56,151,United Kingdom
14291,2009-12-09 10:46:00,2011-12-08 10:26:00,23,7904.1,494,United Kingdom
14292,2010-03-19 11:10:00,2011-12-02 11:50:00,16,9226.25,193,United Kingdom
14293,2009-12-10 10:57:00,2011-12-06 15:17:00,9,3267.9300000000003,134,United Kingdom
14294,2010-10-28 16:25:00,2010-10-28 16:25:00,1,375.34,23,United Kingdom
14295,2009-12-09 13:06:00,2011-10-30 15:50:00,4,2352.91,71,United Kingdom
14296,2010-05-14 14:34:00,2010-10-14 14:14:00,2,456.40000000000003,27,United Kingdom
14297,2011-03-10 08:31:00,2011-11-22 09:06:00,4,1305.33,62,United Kingdom
14298,2009-12-11 13:49:00,2011-12-01 13:12:00,82,91194.49,2864,United Kingdom
14299,2009-12-02 10:58:00,2011-12-01 16:05:00,27,14499.49,340,United Kingdom
14300,2011-11-21 08:57:00,2011-11-21 08:57:00,1,43.2,3,United Kingdom
14301,2010-02-11 13:07:00,2011-08-14 15:33:00,4,1992.18,53,United Kingdom
14302,2009-12-02 08:16:00,2010-10-05 08:10:00,3,742.9000000000001,28,United Kingdom
14303,2010-10-01 10:31:00,2010-10-28 15:37:00,2,277.94,22,United Kingdom
14304,2010-05-18 10:50:00,2011-05-01 11:50:00,3,1725.01,88,United Kingdom
14305,2011-07-27 14:14:00,2011-09-29 15:29:00,3,1858.96,105,United Kingdom
14306,2010-01-31 13:42:00,2011-10-19 13:23:00,6,3151.4,46,United Kingdom
14307,2009-12-07 13:06:00,2011-09-12 09:38:00,10,5071.03,310,United Kingdom
14309,2010-06-07 10:24:00,2011-12-01 13:33:00,11,3780.81,189,United Kingdom
14310,2010-10-03 12:34:00,2010-10-03 12:34:00,1,492.1,22,United Kingdom
14311,2010-05-21 10:28:00,2011-04-11 10:14:00,2,516.45,31,United Kingdom
14312,2010-07-23 15:05:00,2011-10-24 09:46:00,11,3090.29,180,United Kingdom
14314,2010-10-05 08:00:00,2011-08-25 10:39:00,2,229.8,10,United Kingdom
14315,2010-03-15 12:49:00,2011-10-26 12:06:00,8,3197.82,133,United Kingdom
14316,2010-03-19 15:18:00,2010-10-13 16:31:00,5,1370.34,31,United Kingdom
14317,2011-10-06 10:44:00,2011-10-06 10:44:00,1,508.58000000000004,24,United Kingdom
14318,2010-09-05 15:32:00,2010-09-05 15:32:00,1,158.02,9,United Kingdom
14319,2010-10-11 13:38:00,2010-10-11 13:38:00,1,494.85,26,United Kingdom
14320,2010-01-21 11:44:00,2011-05-17 09:24:00,5,1346.75,81,United Kingdom
14321,2010-08-23 12:56:00,2011-11-29 09:47:00,7,2218.06,179,United Kingdom
14322,2010-02-18 08:49:00,2010-10-06 15:17:00,4,474.1,13,United Kingdom
14323,2011-04-15 11:44:00,2011-08-17 11:37:00,2,605.0600000000001,36,United Kingdom
14324,2010-01-15 13:31:00,2010-10-26 11:44:00,2,701.61,41,United Kingdom
14325,2010-05-19 09:20:00,2010-05-19 09:20:00,1,245.48000000000002,18,United Kingdom
14326,2010-06-25 12:10:00,2011-04-11 15:04:00,3,940.98,57,United Kingdom
14327,2010-01-08 14:04:00,2011-06-29 13:58:00,6,1894.93,106,United Kingdom
14329,2009-12-16 15:31:00,2011-11-22 15:50:00,15,9887.62,552,United Kingdom
14330,2010-03-26 09:10:00,2010-03-26 09:10:00,1,200.63,13,United Kingdom
14331,2011-07-27 15:14:00,2011-08-07 13:17:00,2,462.65999999999997,28,United Kingdom
14332,2010-10-19 13:01:00,2011-11-17 11:54:00,5,1917.41,62,United Kingdom
14333,2011-10-03 10:38:00,2011-10-03 10:38:00,1,415.2,15,United Kingdom
14334,2010-05-20 10:04:00,2011-11-23 10:01:00,12,4318.48,258,United Kingdom
14335,2011-09-04 13:07:00,2011-11-23 13:41:00,2,454.86,60,Germany
14336,2011-03-08 16:48:00,2011-11-23 11:40:00,4,1614.91,90,United Kingdom
14338,2010-06-21 10:32:00,2011-07-01 14:08:00,3,928.1,50,United Kingdom
14339,2010-10-07 08:50:00,2011-04-11 11:06:00,2,620.27,23,United Kingdom
14340,2011-05-05 09:44:00,2011-05-05 09:44:00,1,134.7,6,United Kingdom
14341,2009-12-01 12:20:00,2011-10-25 15:48:00,18,4452.02,265,United Kingdom
14342,2010-08-24 13:03:00,2011-11-18 13:21:00,6,918.44,33,United Kingdom
14343,2010-01-18 16:47:00,2010-10-14 13:05:00,4,1079.66,234,United Kingdom
14344,2010-03-23 15:47:00,2011-08-04 13:51:00,20,3333.7000000000003,243,United Kingdom
14345,2011-11-01 09:51:00,2011-11-01 09:51:00,1,108.97999999999999,6,United Kingdom
14346,2010-07-30 10:44:00,2011-08-11 09:47:00,5,2315.75,146,United Kingdom
14347,2009-12-03 10:49:00,2009-12-03 10:49:00,1,82.6,6,United Kingdom
14348,2011-03-24 16:23:00,2011-03-24 16:23:00,1,409.57,18,United Kingdom
14349,2011-11-29 15:39:00,2011-11-29 15:39:00,1,133.5,31,United Kingdom
14350,2010-10-05 15:52:00,2011-03-10 14:14:00,3,972.03,59,United Kingdom
14351,2011-06-28 11:56:00,2011-06-28 11:56:00,1,51.0,1,United Kingdom
14352,2011-03-11 14:58:00,2011-07-05 15:41:00,4,1078.96,47,United Kingdom
14353,2010-10-04 12:38:00,2011-05-08 16:06:00,3,376.5,25,United Kingdom
14354,2011-11-09 15:36:00,2011-12-04 11:32:00,2,163.62,9,United Kingdom
14355,2010-03-22 15:08:00,2010-12-09 12:16:00,3,1014.45,71,United Kingdom
14356,2011-09-19 14:43:00,2011-09-21 09:18:00,2,701.23,33,United Kingdom
14357,2011-10-27 16:23:00,2011-10-27 16:23:00,1,225.12,40,United Kingdom
14358,2010-10-07 17:26:00,2010-11-15 15:51:00,2,400.06,25,United Kingdom
14359,2011-09-13 09:03:00,2011-11-20 13:17:00,3,912.18,55,United Kingdom
14360,2011-09-06 11:58:00,2011-11-08 09:12:00,4,2118.03,117,United Kingdom
14361,2010-05-10 12:29:00,2010-05-10 12:29:00,1,214.70999999999998,14,United Kingdom
14362,2011-11-17 15:08:00,2011-11-17 15:08:00,1,151.5,37,United Kingdom
14363,2010-09-14 14:39:00,2010-11-02 17:01:00,2,227.47000000000003,8,United Kingdom
14364,2011-05-12 12:56:00,2011-08-23 11:01:00,8,3717.35,69,United Kingdom
14365,2010-01-27 09:44:00,2010-11-10 09:52:00,2,634.68,51,United Kingdom
14366,2010-07-02 17:23:00,2010-07-02 17:23:00,1,136.0,1,United Kingdom
14367,2011-03-08 14:12:00,2011-12-01 13:19:00,16,9227.82,521,United Kingdom
14368,2011-01-24 09:52:00,2011-01-24 09:52:00,1,155.0,8,United Kingdom
14369,2010-02-16 10:28:00,2010-03-07 15:47:00,2,469.13,26,United Kingdom
14370,2010-02-01 08:35:00,2010-09-15 10:53:00,6,1175.78,44,United Kingdom
14371,2011-02-17 16:35:00,2011-02-17 16:35:00,1,100.5,4,United Kingdom
14372,2010-04-19 15:57:00,2010-09-22 16:17:00,2,860.08,38,United Kingdom
14373,2010-12-16 15:40:00,2010-12-16 15:40:00,1,76.55,4,United Kingdom
14374,2010-06-16 14:25:00,2010-06-16 14:25:00,1,108.0,7,United Kingdom
14375,2010-06-16 14:34:00,2011-06-07 13:44:00,3,1106.82,205,United Kingdom
14376,2010-01-25 15:36:00,2010-01-25 15:36:00,1,215.46,18,United Kingdom
14377,2011-03-22 13:38:00,2011-06-01 13:32:00,2,617.05,11,United Kingdom
14378,2010-03-28 12:22:00,2010-03-28 12:22:00,1,131.25,9,United Kingdom
14379,2010-08-16 15:31:00,2011-10-26 16:43:00,4,1265.16,128,United Kingdom
14380,2010-01-26 17:11:00,2010-01-26 17:11:00,1,48.96,1,United Kingdom
14381,2010-09-14 16:15:00,2011-10-18 17:10:00,2,625.9399999999999,112,United Kingdom
14382,2010-11-14 16:32:00,2011-11-13 16:18:00,2,1193.6299999999999,279,United Kingdom
14383,2011-06-29 10:18:00,2011-11-01 15:53:00,3,1247.69,59,United Kingdom
14384,2010-07-27 09:53:00,2010-07-27 09:53:00,1,58.5,3,United Kingdom
14385,2011-11-16 11:55:00,2011-11-30 15:36:00,3,202.11,14,United Kingdom
14386,2011-02-16 09:45:00,2011-02-16 09:45:00,1,142.4,7,United Kingdom
14387,2011-08-22 14:13:00,2011-11-07 12:29:00,3,1727.6,139,United Kingdom
14388,2010-01-20 11:54:00,2011-11-29 13:32:00,16,6701.0,414,United Kingdom
14389,2010-04-28 14:57:00,2011-10-05 15:17:00,5,1898.01,87,United Kingdom
14390,2010-10-10 14:30:00,2011-11-29 13:49:00,13,6373.7300000000005,486,United Kingdom
14391,2010-05-12 09:42:00,2010-05-12 09:42:00,1,135.6,14,United Kingdom
14392,2010-10-03 12:56:00,2010-10-03 12:56:00,1,266.4,14,United Kingdom
14393,2011-05-05 18:16:00,2011-05-05 18:16:00,1,67.95,5,United Kingdom
14394,2010-05-24 10:43:00,2010-05-24 10:43:00,1,93.8,6,United Kingdom
14395,2010-04-18 13:12:00,2011-12-07 14:34:00,20,8110.610000000001,806,United Kingdom
14396,2009-12-02 14:21:00,2011-10-05 16:09:00,7,2079.73,283,United Kingdom
14397,2011-05-10 12:25:00,2011-12-07 09:22:00,19,2612.96,87,United Kingdom
14398,2010-06-30 11:57:00,2010-11-03 13:46:00,2,707.79,53,United Kingdom
14399,2010-02-03 13:09:00,2010-11-10 13:23:00,8,2108.21,192,United Kingdom
14400,2010-03-18 12:11:00,2011-07-13 15:50:00,3,1732.47,73,United Kingdom
14401,2009-12-14 13:22:00,2011-12-05 13:30:00,22,6795.9,266,United Kingdom
14402,2010-02-25 13:20:00,2010-02-25 13:20:00,1,285.6,8,United Kingdom
14403,2010-03-10 14:00:00,2011-08-01 12:57:00,6,1880.51,25,United Kingdom
14404,2009-12-20 14:40:00,2011-11-06 12:30:00,13,2853.36,206,United Kingdom
14405,2010-11-18 11:40:00,2010-11-18 11:40:00,1,195.0,2,United Kingdom
14406,2011-08-12 16:54:00,2011-08-12 16:54:00,1,156.75,8,United Kingdom
14407,2011-03-08 11:59:00,2011-08-24 14:02:00,5,2142.73,72,United Kingdom
14408,2009-12-07 12:18:00,2011-11-29 11:41:00,11,4102.27,128,United Kingdom
14409,2010-05-21 16:45:00,2011-09-29 18:18:00,9,3756.09,106,United Kingdom
14410,2010-09-28 15:46:00,2011-09-08 15:08:00,11,2630.9,384,United Kingdom
14411,2011-02-02 10:56:00,2011-02-02 10:56:00,1,1063.0,14,United Kingdom
14412,2010-10-11 12:33:00,2011-10-28 10:45:00,3,1426.19,84,United Kingdom
14413,2010-01-19 14:27:00,2010-12-12 13:37:00,4,764.52,96,United Kingdom
14414,2010-11-30 10:12:00,2011-09-09 12:09:00,8,2399.33,118,United Kingdom
14415,2009-12-16 14:08:00,2011-12-08 14:38:00,23,11980.09,1234,United Kingdom
14416,2011-10-28 15:10:00,2011-11-17 15:22:00,2,490.22,14,United Kingdom
14417,2010-11-17 10:55:00,2010-11-17 10:55:00,1,524.65,117,United Kingdom
14418,2011-08-23 17:18:00,2011-12-06 11:39:00,3,1937.25,124,United Kingdom
14419,2010-11-22 11:09:00,2011-11-29 11:22:00,7,1254.64,225,United Kingdom
14420,2010-01-17 12:41:00,2011-09-01 18:07:00,4,1639.17,93,United Kingdom
14421,2010-01-17 11:30:00,2011-10-13 13:24:00,6,2469.37,96,United Kingdom
14422,2009-12-17 12:12:00,2011-12-09 11:26:00,19,10271.52,552,United Kingdom
14423,2010-01-14 11:49:00,2011-05-05 15:12:00,3,916.6099999999999,15,United Kingdom
14424,2011-11-22 11:48:00,2011-11-22 11:48:00,1,322.08,1,United Kingdom
14425,2009-12-02 11:31:00,2010-10-01 10:24:00,3,661.39,39,United Kingdom
14426,2010-03-04 14:36:00,2011-11-16 12:25:00,17,11727.94,604,United Kingdom
14427,2010-03-18 09:49:00,2011-10-20 14:23:00,4,1263.52,44,United Kingdom
14428,2011-01-18 16:39:00,2011-12-02 13:17:00,5,1224.06,137,United Kingdom
14429,2010-11-01 10:08:00,2010-11-01 10:08:00,1,516.28,22,United Kingdom
14430,2010-04-11 15:59:00,2010-07-16 11:35:00,3,1220.9,35,United Kingdom
14431,2010-01-21 10:49:00,2011-02-10 10:40:00,4,2614.2,81,United Kingdom
14432,2011-09-11 14:09:00,2011-11-30 08:04:00,6,2248.5,377,United Kingdom
14433,2010-08-31 12:35:00,2010-08-31 12:35:00,1,280.7,74,United Kingdom
14434,2011-09-28 15:31:00,2011-11-18 08:56:00,6,1372.8,12,United Kingdom
14435,2010-07-26 12:33:00,2010-07-26 12:33:00,1,90.42,3,United Kingdom
14436,2010-06-04 11:32:00,2011-09-02 10:13:00,2,271.70000000000005,11,United Kingdom
14437,2010-05-05 12:20:00,2010-12-09 09:27:00,5,936.34,47,United Kingdom
14438,2011-02-06 14:56:00,2011-02-06 14:56:00,1,131.9,9,United Kingdom
14439,2010-01-21 14:01:00,2011-01-24 11:39:00,5,9443.04,129,Greece
14440,2009-12-02 12:13:00,2011-12-01 15:42:00,13,6638.7300000000005,141,United Kingdom
14441,2010-01-18 10:40:00,2011-12-09 09:07:00,11,4611.6900000000005,154,United Kingdom
14442,2010-01-18 12:59:00,2011-05-19 11:36:00,7,5367.0199999999995,183,Channel Islands
14443,2010-11-25 14:18:00,2011-10-17 10:10:00,5,2386.47,153,United Kingdom
14444,2010-09-09 18:56:00,2010-09-09 18:56:00,1,120.44,11,United Kingdom
14445,2010-09-10 11:09:00,2010-09-10 11:09:00,1,221.65,32,United Kingdom
14446,2010-11-18 12:08:00,2011-12-09 11:34:00,5,1195.48,318,United Kingdom
14447,2010-11-04 13:32:00,2011-11-21 08:28:00,6,1711.73,106,United Kingdom
14448,2010-12-10 17:26:00,2011-11-30 13:50:00,2,375.35,20,United Kingdom
14449,2010-09-29 13:15:00,2011-11-21 12:06:00,8,2441.2,533,United Kingdom
14450,2010-04-08 12:09:00,2011-06-12 10:46:00,7,1128.44,76,United Kingdom
14451,2010-01-17 10:35:00,2011-10-10 13:38:00,12,3258.68,512,United Kingdom
14452,2010-07-06 13:13:00,2011-11-29 12:06:00,4,658.95,129,United Kingdom
14453,2011-06-02 14:15:00,2011-06-02 14:15:00,1,119.93,22,United Kingdom
14454,2009-12-06 12:56:00,2010-11-28 13:26:00,5,977.3,110,United Kingdom
14455,2010-08-01 13:26:00,2010-10-03 15:48:00,4,617.72,77,United Kingdom
14456,2011-07-20 13:06:00,2011-12-04 13:59:00,9,3014.32,945,United Kingdom
14457,2011-02-02 09:39:00,2011-02-02 09:39:00,1,113.64,4,United Kingdom
14458,2010-11-24 12:43:00,2010-11-24 12:43:00,1,219.26999999999998,45,United Kingdom
14459,2010-02-26 13:26:00,2011-07-07 13:35:00,2,5375.74,112,United Kingdom
14460,2009-12-15 19:06:00,2011-08-21 14:19:00,9,1093.5,42,United Kingdom
14461,2010-01-18 12:48:00,2011-07-14 17:11:00,13,6676.52,635,United Kingdom
14462,2010-10-03 14:13:00,2011-10-04 15:55:00,12,2237.81,280,United Kingdom
14463,2010-07-28 11:35:00,2011-09-02 15:20:00,4,786.5699999999999,8,United Kingdom
14464,2010-03-22 15:20:00,2010-05-20 18:00:00,2,111.0,4,United Kingdom
14465,2010-01-07 15:03:00,2011-04-07 12:38:00,11,3925.85,193,United Kingdom
14466,2009-12-13 15:44:00,2011-11-10 14:07:00,13,4646.9,216,United Kingdom
14467,2009-12-02 12:44:00,2011-11-22 12:48:00,12,2203.2400000000002,303,United Kingdom
14468,2009-12-06 12:21:00,2009-12-06 12:21:00,1,204.24,12,United Kingdom
14469,2010-01-29 11:12:00,2010-10-19 14:30:00,4,2093.46,145,United Kingdom
14470,2010-10-05 12:39:00,2011-11-28 10:31:00,3,712.04,60,United Kingdom
14471,2009-12-07 12:26:00,2010-04-27 17:12:00,2,400.95,41,United Kingdom
14472,2010-01-19 13:09:00,2011-08-28 11:01:00,9,2118.72,309,United Kingdom
14473,2011-03-02 13:56:00,2011-09-26 15:10:00,2,234.34000000000003,7,United Kingdom
14474,2010-05-09 12:12:00,2011-10-24 13:26:00,2,1258.8899999999999,127,United Kingdom
14475,2010-10-27 09:20:00,2011-09-29 10:46:00,4,1151.15,48,United Kingdom
14476,2011-03-27 15:39:00,2011-03-27 15:39:00,1,193.0,17,United Kingdom
14477,2010-01-04 15:41:00,2011-11-20 11:11:00,7,1969.6,14,United Kingdom
14478,2009-12-01 13:20:00,2010-11-22 15:29:00,4,1276.66,68,United Kingdom
14479,2009-12-06 13:48:00,2011-03-31 09:07:00,4,1299.11,149,United Kingdom
14480,2009-12-21 16:32:00,2011-11-28 16:35:00,4,1299.52,65,United Kingdom
14481,2010-01-31 12:43:00,2011-06-28 10:38:00,5,2284.69,150,United Kingdom
14482,2010-08-26 14:13:00,2011-11-21 13:14:00,12,4306.72,244,United Kingdom
14483,2009-12-03 10:16:00,2011-03-03 10:26:00,2,257.1,13,United Kingdom
14484,2009-12-17 10:57:00,2011-10-20 14:11:00,4,1070.98,53,United Kingdom
14485,2011-11-01 12:25:00,2011-11-01 12:25:00,1,162.8,46,United Kingdom
14486,2010-06-04 10:30:00,2010-07-16 09:42:00,2,175.5,6,United Kingdom
14487,2010-11-25 13:36:00,2011-11-13 12:17:00,7,1391.37,181,United Kingdom
14488,2011-10-03 09:30:00,2011-10-03 09:30:00,1,1064.28,46,United Kingdom
14489,2010-04-06 09:52:00,2011-05-16 14:51:00,4,1574.93,100,United Kingdom
14490,2010-10-07 11:36:00,2010-10-29 15:04:00,2,1273.47,80,United Kingdom
14491,2010-12-02 12:10:00,2011-06-17 15:22:00,2,468.13,21,United Kingdom
14492,2010-03-30 14:23:00,2010-10-05 13:21:00,7,1921.91,92,United Kingdom
14493,2010-03-08 08:33:00,2011-12-02 16:14:00,10,5087.86,355,United Kingdom
14494,2009-12-08 13:25:00,2011-11-14 09:21:00,3,401.46,17,United Kingdom
14495,2010-02-18 08:49:00,2011-10-20 12:28:00,3,174.8,7,United Kingdom
14496,2010-03-16 13:15:00,2011-02-01 09:01:00,7,2668.23,111,United Kingdom
14497,2010-02-04 09:59:00,2011-02-03 17:01:00,2,697.0600000000001,40,United Kingdom
14498,2010-06-07 16:05:00,2011-10-28 12:09:00,10,3900.83,369,United Kingdom
14499,2010-08-27 11:57:00,2011-11-13 13:01:00,7,2101.79,311,United Kingdom
14500,2011-06-03 10:08:00,2011-09-12 16:45:00,3,356.85,7,United Kingdom
14501,2011-01-24 10:43:00,2011-06-09 12:02:00,2,251.21,10,United Kingdom
14502,2011-01-30 15:52:00,2011-11-20 11:50:00,11,2426.79,607,United Kingdom
14503,2011-06-14 10:00:00,2011-12-06 13:30:00,6,3543.26,164,United Kingdom
14504,2011-03-06 14:38:00,2011-10-23 16:00:00,4,673.26,107,United Kingdom
14505,2009-12-09 14:48:00,2011-11-22 15:45:00,19,11873.08,1573,United Kingdom
14506,2010-04-19 08:27:00,2011-11-22 13:02:00,7,3217.25,443,United Kingdom
14507,2009-12-10 17:04:00,2011-11-16 12:21:00,11,3216.7400000000002,258,United Kingdom
14508,2010-06-17 13:02:00,2011-11-17 19:48:00,5,822.92,177,United Kingdom
14509,2010-06-23 13:21:00,2010-06-23 13:21:00,1,110.95,25,United Kingdom
14510,2010-09-29 13:35:00,2010-11-29 12:46:00,3,979.85,75,United Kingdom
14511,2011-07-29 12:13:00,2011-11-28 17:05:00,5,1314.81,68,United Kingdom
14512,2009-12-07 13:49:00,2011-06-05 12:39:00,7,1215.97,79,United Kingdom
14513,2010-05-20 17:57:00,2011-08-31 11:25:00,6,788.01,19,United Kingdom
14514,2009-12-13 13:21:00,2011-10-09 16:05:00,9,4380.04,319,United Kingdom
14515,2010-06-07 12:37:00,2011-11-22 11:37:00,12,3724.06,173,United Kingdom
14516,2010-07-11 14:07:00,2010-07-11 14:07:00,1,151.17,35,United Kingdom
14517,2011-07-21 11:42:00,2011-11-06 14:20:00,2,330.45,18,United Kingdom
14518,2011-10-06 14:43:00,2011-10-06 14:43:00,1,174.37,16,United Kingdom
14519,2009-12-11 10:40:00,2010-01-25 11:18:00,2,203.14,38,United Kingdom
14520,2011-02-22 09:15:00,2011-12-08 09:46:00,2,270.6,4,United Kingdom
14521,2010-08-05 16:35:00,2010-08-05 16:35:00,1,199.45000000000002,17,United Kingdom
14522,2010-01-24 13:55:00,2011-11-15 13:24:00,8,1748.42,45,United Kingdom
14523,2011-08-23 13:13:00,2011-08-23 13:13:00,1,241.09,12,United Kingdom
14524,2010-10-19 11:44:00,2011-11-08 12:29:00,13,2909.86,322,United Kingdom
14525,2009-12-13 14:01:00,2011-11-20 11:37:00,17,8018.59,525,United Kingdom
14526,2010-11-15 13:32:00,2010-11-15 13:32:00,1,258.65,41,United Kingdom
14527,2009-12-02 12:06:00,2011-12-07 12:19:00,121,27708.43,2692,United Kingdom
14528,2011-11-02 17:09:00,2011-11-02 17:09:00,1,364.21999999999997,18,United Kingdom
14529,2011-08-21 14:10:00,2011-10-10 15:27:00,3,578.61,213,United Kingdom
14530,2010-01-21 11:25:00,2011-11-14 10:38:00,16,6088.87,473,United Kingdom
14531,2010-08-17 10:16:00,2010-08-17 10:16:00,1,376.34,29,United Kingdom
14532,2010-01-10 11:47:00,2011-04-17 13:05:00,11,3845.78,314,United Kingdom
14533,2010-04-08 12:13:00,2011-11-15 12:05:00,11,3466.37,89,United Kingdom
14534,2010-03-15 14:16:00,2011-12-07 12:19:00,26,6183.06,713,United Kingdom
14535,2010-02-24 15:03:00,2011-10-10 15:39:00,9,5961.89,823,United Kingdom
14536,2011-03-25 12:21:00,2011-03-25 12:21:00,1,170.95,18,United Kingdom
14537,2010-03-26 13:44:00,2011-10-13 10:54:00,2,641.4,23,United Kingdom
14538,2010-01-25 15:42:00,2011-10-06 10:31:00,5,1370.8400000000001,52,United Kingdom
14539,2011-10-26 12:03:00,2011-11-24 09:50:00,2,537.48,32,United Kingdom
14540,2009-12-07 13:00:00,2011-11-30 10:15:00,11,3709.64,264,United Kingdom
14541,2010-01-07 11:59:00,2011-10-12 10:08:00,14,2491.38,175,United Kingdom
14542,2011-06-07 08:19:00,2011-06-07 08:19:00,1,103.25,5,United Kingdom
14543,2009-12-01 13:47:00,2011-11-11 12:45:00,39,14548.22,209,United Kingdom
14544,2010-08-26 16:00:00,2011-11-15 15:06:00,3,2938.53,187,United Kingdom
14545,2010-02-03 15:23:00,2010-02-03 15:23:00,1,349.25,23,United Kingdom
14546,2009-12-06 13:10:00,2011-12-04 13:00:00,11,5184.84,790,United Kingdom
14547,2011-10-16 14:35:00,2011-12-06 11:06:00,8,3974.75,355,United Kingdom
14548,2009-12-06 14:00:00,2011-07-12 12:19:00,9,2541.29,110,United Kingdom
14549,2009-12-02 14:06:00,2011-02-01 13:47:00,4,913.6,143,United Kingdom
14550,2010-08-13 12:05:00,2011-11-29 12:12:00,4,1345.06,97,United Kingdom
14551,2010-01-27 12:06:00,2011-11-21 13:36:00,7,878.09,79,United Kingdom
14552,2010-04-26 13:44:00,2011-07-11 12:49:00,3,507.93,154,United Kingdom
14553,2010-07-18 12:07:00,2011-11-20 13:20:00,9,1818.6,288,United Kingdom
14554,2011-10-18 13:04:00,2011-11-29 16:44:00,4,2279.4900000000002,203,United Kingdom
14555,2009-12-18 11:39:00,2011-10-13 16:24:00,6,2304.03,117,United Kingdom
14556,2010-01-20 11:49:00,2010-04-22 14:57:00,3,815.69,196,United Kingdom
14557,2011-09-15 15:48:00,2011-09-15 15:48:00,1,788.38,16,United Kingdom
14558,2009-12-08 10:41:00,2010-02-23 12:51:00,3,655.5,15,United Kingdom
14559,2010-11-14 16:05:00,2010-11-14 16:05:00,1,75.6,2,United Kingdom
14560,2009-12-02 10:15:00,2011-12-02 15:22:00,44,6114.03,200,United Kingdom
14561,2011-06-08 13:26:00,2011-09-25 12:39:00,3,1080.76,69,United Kingdom
14562,2010-02-07 14:10:00,2011-12-06 11:05:00,26,6638.150000000001,601,United Kingdom
14563,2010-04-26 12:51:00,2010-07-18 12:01:00,2,625.42,105,United Kingdom
14564,2009-12-04 09:27:00,2010-10-01 09:02:00,2,2605.62,107,Channel Islands
14565,2010-08-23 09:48:00,2011-09-05 09:07:00,5,3859.2200000000003,160,United Kingdom
14566,2010-06-24 10:34:00,2011-08-21 11:05:00,4,4092.0,16,Channel Islands
14567,2011-08-01 13:48:00,2011-10-14 10:21:00,2,1530.3600000000001,33,United Kingdom
14568,2010-09-30 17:15:00,2010-09-30 17:15:00,1,919.7,47,Channel Islands
14569,2010-04-15 11:49:00,2011-12-08 14:58:00,4,597.3299999999999,34,United Kingdom
14570,2010-09-22 13:07:00,2011-03-04 10:58:00,3,512.4,66,United Kingdom
14571,2010-10-10 15:06:00,2010-10-10 15:06:00,1,160.0,30,United Kingdom
14572,2010-03-28 13:47:00,2011-12-06 14:40:00,11,5520.9800000000005,506,United Kingdom
14573,2010-01-08 16:34:00,2011-06-13 11:15:00,13,2565.12,380,United Kingdom
14574,2009-12-07 12:42:00,2009-12-07 12:42:00,1,143.70000000000002,11,United Kingdom
14575,2010-08-08 14:51:00,2010-08-08 14:51:00,1,420.22,72,United Kingdom
14576,2010-12-02 17:51:00,2010-12-02 17:51:00,1,70.80000000000001,2,United Kingdom
14577,2009-12-11 12:09:00,2011-11-27 12:47:00,7,1364.15,182,United Kingdom
14578,2011-12-06 17:18:00,2011-12-06 17:18:00,1,168.63,24,United Kingdom
14579,2010-10-03 14:36:00,2010-10-03 14:36:00,1,105.56,25,United Kingdom
14580,2010-07-09 15:20:00,2010-07-09 15:20:00,1,14.850000000000001,1,United Kingdom
14581,2010-06-13 15:48:00,2011-11-23 12:39:00,2,409.65,60,United Kingdom
14582,2011-10-30 11:56:00,2011-10-30 11:56:00,1,114.11,6,United Kingdom
14583,2010-03-28 15:16:00,2011-12-04 12:32:00,8,1660.29,464,United Kingdom
14584,2010-02-17 14:01:00,2011-06-23 18:33:00,8,1738.16,218,United Kingdom
14585,2010-10-19 12:17:00,2011-10-20 14:33:00,5,1143.27,111,United Kingdom
14586,2011-03-08 10:04:00,2011-03-08 10:04:00,1,237.36,19,United Kingdom
14587,2011-01-12 13:16:00,2011-11-21 11:34:00,9,1580.29,371,United Kingdom
14588,2010-05-10 15:08:00,2010-05-10 15:08:00,1,135.39,16,United Kingdom
14589,2010-12-03 11:42:00,2010-12-03 11:42:00,1,79.5,6,United Kingdom
14590,2009-12-07 14:10:00,2010-10-11 12:06:00,20,2993.37,202,United Kingdom
14591,2011-05-10 14:09:00,2011-11-24 13:57:00,4,1320.21,176,United Kingdom
14592,2011-10-06 18:08:00,2011-11-04 16:35:00,3,557.94,158,United Kingdom
14593,2009-12-09 12:57:00,2011-11-18 12:48:00,12,3658.0299999999997,610,United Kingdom
14594,2010-12-01 13:54:00,2011-12-02 13:28:00,2,618.33,83,United Kingdom
14595,2010-01-20 13:59:00,2011-11-20 12:12:00,8,2164.45,136,United Kingdom
14596,2010-03-23 12:13:00,2010-03-23 12:13:00,1,222.22000000000003,53,United Kingdom
14597,2010-09-28 13:17:00,2011-11-28 13:13:00,6,2184.63,95,United Kingdom
14598,2010-05-19 13:07:00,2011-10-26 13:19:00,2,384.04,90,United Kingdom
14599,2010-07-18 15:54:00,2010-11-14 14:49:00,2,457.89,79,United Kingdom
14600,2010-11-11 15:56:00,2011-02-07 09:48:00,2,865.1700000000001,54,United Kingdom
14601,2011-11-29 09:48:00,2011-11-29 09:48:00,1,213.96,7,United Kingdom
14602,2010-02-21 15:47:00,2010-02-21 15:47:00,1,205.35999999999999,31,United Kingdom
14603,2011-03-10 10:27:00,2011-03-10 10:27:00,1,660.0,2,United Kingdom
14604,2010-03-16 13:00:00,2010-03-16 13:00:00,1,136.35999999999999,22,United Kingdom
14605,2009-12-08 13:59:00,2010-11-30 14:07:00,4,920.71,107,United Kingdom
14606,2009-12-03 12:40:00,2011-12-08 19:28:00,184,30255.63,6467,United Kingdom
14607,2009-12-15 11:25:00,2011-11-24 10:35:00,20,22575.13,200,United Kingdom
14608,2009-12-06 12:34:00,2011-12-05 16:52:00,10,3342.94,42,United Kingdom
14609,2010-02-09 09:48:00,2011-09-28 12:54:00,10,1486.2,13,United Kingdom
14610,2010-07-13 16:06:00,2010-11-09 10:58:00,2,24.35,10,United Kingdom
14611,2010-04-20 10:19:00,2010-09-22 09:19:00,2,604.3299999999999,38,United Kingdom
14612,2010-10-20 16:01:00,2010-10-20 16:01:00,1,877.7,14,United Kingdom
14613,2010-01-28 13:02:00,2010-01-28 13:02:00,1,76.32000000000001,1,United Kingdom
14614,2010-11-18 13:04:00,2010-11-18 13:04:00,1,295.13,19,United Kingdom
14615,2010-06-09 13:59:00,2010-11-10 13:36:00,5,951.76,48,United Kingdom
14616,2010-06-09 09:42:00,2011-04-11 09:54:00,5,527.78,5,United Kingdom
14617,2010-10-20 10:40:00,2010-11-02 11:41:00,2,190.47000000000003,9,United Kingdom
14618,2010-06-11 10:11:00,2011-11-30 13:45:00,7,1342.32,51,United Kingdom
14619,2010-06-16 14:41:00,2011-04-08 07:37:00,2,1291.24,60,United Kingdom
14620,2011-03-01 08:30:00,2011-05-18 11:58:00,2,412.78000000000003,26,United Kingdom
14621,2010-01-25 09:08:00,2011-12-08 16:22:00,9,3000.57,159,United Kingdom
14622,2011-06-08 12:42:00,2011-06-08 12:42:00,1,320.58000000000004,21,United Kingdom
14623,2010-04-16 17:12:00,2011-11-07 13:56:00,10,2012.3,281,United Kingdom
14624,2010-04-14 10:44:00,2011-10-13 13:44:00,6,814.07,51,United Kingdom
14625,2009-12-16 13:23:00,2011-05-27 15:32:00,11,4497.88,266,United Kingdom
14626,2009-12-10 14:57:00,2011-11-16 10:37:00,11,5410.92,232,United Kingdom
14627,2010-11-25 16:32:00,2010-11-25 16:32:00,1,462.75,29,United Kingdom
14628,2010-01-25 14:40:00,2011-09-09 14:58:00,5,1998.0,86,United Kingdom
14629,2011-10-23 16:13:00,2011-12-05 16:55:00,2,955.26,150,United Kingdom
14630,2010-08-12 16:38:00,2010-08-12 16:38:00,1,338.65,21,United Kingdom
14631,2010-08-09 14:45:00,2011-10-20 11:17:00,6,2025.69,91,United Kingdom
14632,2011-03-22 08:49:00,2011-03-22 08:49:00,1,114.56,8,United Kingdom
14633,2011-03-18 17:07:00,2011-03-18 17:07:00,1,344.90000000000003,20,United Kingdom
14634,2010-06-16 09:48:00,2010-09-28 10:40:00,4,2124.46,109,United Kingdom
14635,2010-09-12 10:47:00,2010-09-12 10:47:00,1,215.22,15,United Kingdom
14636,2011-03-16 09:52:00,2011-11-03 16:12:00,2,609.85,28,United Kingdom
14637,2010-01-31 15:52:00,2010-01-31 15:52:00,1,106.67999999999999,7,United Kingdom
14638,2011-10-20 10:10:00,2011-10-20 10:10:00,1,443.6,16,United Kingdom
14639,2010-02-16 12:35:00,2011-10-18 15:06:00,9,4978.96,292,United Kingdom
14640,2010-01-22 15:44:00,2011-11-15 13:07:00,10,3649.36,203,United Kingdom
14641,2011-11-18 10:42:00,2011-11-18 10:42:00,1,110.46,7,United Kingdom
14642,2011-10-12 11:08:00,2011-10-12 11:08:00,1,96.12,2,United Kingdom
14643,2009-12-11 11:52:00,2011-06-22 14:41:00,5,1679.89,62,United Kingdom
14644,2009-12-03 16:24:00,2011-10-03 08:30:00,7,2247.72,62,United Kingdom
14645,2010-03-15 11:33:00,2011-07-06 09:15:00,3,876.89,48,United Kingdom
14646,2009-12-02 16:52:00,2011-12-08 12:12:00,145,526751.52,3819,Netherlands
14647,2010-07-04 13:27:00,2011-05-22 13:40:00,2,506.04,48,United Kingdom
14648,2009-12-10 13:59:00,2010-10-19 13:12:00,15,4463.39,428,United Kingdom
14649,2010-01-20 13:10:00,2011-12-05 12:30:00,9,3651.19,527,United Kingdom
14650,2010-04-29 20:27:00,2010-04-29 20:27:00,1,62.5,4,United Kingdom
14651,2010-03-18 11:39:00,2011-10-03 15:52:00,9,2025.52,283,United Kingdom
14652,2011-09-23 14:21:00,2011-09-23 14:21:00,1,114.18,29,United Kingdom
14653,2009-12-02 11:51:00,2011-12-08 13:45:00,12,3583.11,381,United Kingdom
14654,2009-12-01 12:57:00,2009-12-01 12:57:00,1,246.86,27,United Kingdom
14655,2010-04-22 14:29:00,2011-12-01 16:28:00,7,3878.51,103,United Kingdom
14656,2010-04-15 12:10:00,2011-06-23 13:51:00,5,790.0,207,United Kingdom
14657,2010-09-30 19:57:00,2011-11-22 12:47:00,6,1450.19,209,United Kingdom
14658,2011-08-14 15:42:00,2011-12-04 15:35:00,2,247.15,29,United Kingdom
14659,2011-01-28 12:43:00,2011-12-01 12:17:00,9,2529.93,253,United Kingdom
14660,2011-08-31 10:40:00,2011-09-14 11:34:00,2,285.74,30,United Kingdom
14661,2011-11-13 11:51:00,2011-11-13 11:51:00,1,107.95,4,United Kingdom
14662,2009-12-03 16:47:00,2011-11-11 12:13:00,7,1376.43,238,United Kingdom
14663,2010-10-05 13:12:00,2010-10-05 13:21:00,2,490.6,68,United Kingdom
14664,2011-11-06 14:56:00,2011-11-20 10:59:00,2,636.24,98,United Kingdom
14665,2010-04-26 11:17:00,2011-10-10 09:14:00,7,2749.65,132,United Kingdom
14666,2011-11-15 12:57:00,2011-11-15 12:57:00,1,179.95,13,United Kingdom
14667,2009-12-02 12:38:00,2011-11-29 11:30:00,54,21557.3,1339,United Kingdom
14668,2010-09-20 15:03:00,2010-09-20 15:03:00,1,111.63,12,United Kingdom
14669,2009-12-02 13:06:00,2011-04-12 11:43:00,7,3216.78,387,United Kingdom
14670,2009-12-07 13:59:00,2011-03-04 14:13:00,3,583.33,179,United Kingdom
14671,2010-05-20 18:21:00,2010-06-08 13:39:00,2,1127.45,55,United Kingdom
14672,2010-01-28 11:33:00,2011-04-19 10:19:00,4,1113.14,106,United Kingdom
14673,2010-10-26 10:14:00,2011-12-06 14:31:00,7,3410.81,163,United Kingdom
14674,2010-07-18 14:25:00,2010-07-18 14:25:00,1,173.66,14,United Kingdom
14675,2010-11-16 12:22:00,2011-11-23 12:58:00,2,1015.58,221,United Kingdom
14676,2010-03-10 09:30:00,2011-11-08 13:29:00,12,8356.79,133,United Kingdom
14677,2010-04-26 09:48:00,2010-04-26 09:48:00,1,184.91,14,United Kingdom
14678,2010-05-09 14:32:00,2010-05-09 14:32:00,1,403.39,24,United Kingdom
14679,2009-12-08 17:13:00,2010-11-23 11:51:00,3,1289.44,63,United Kingdom
14680,2009-12-04 12:36:00,2011-11-14 16:59:00,58,57369.38,1288,United Kingdom
14681,2010-02-24 08:54:00,2011-09-29 15:52:00,6,875.1500000000001,20,United Kingdom
14682,2010-02-05 14:47:00,2011-06-05 12:12:00,6,1514.81,86,United Kingdom
14683,2010-04-30 17:18:00,2010-04-30 17:18:00,1,146.56,21,United Kingdom
14684,2010-11-14 14:07:00,2011-11-14 11:33:00,6,1430.03,486,United Kingdom
14685,2009-12-13 11:32:00,2010-05-12 13:08:00,8,4536.64,187,United Kingdom
14686,2010-02-18 18:29:00,2010-10-21 18:31:00,5,852.53,219,United Kingdom
14687,2010-06-06 10:36:00,2011-08-25 11:59:00,3,1402.06,40,United Kingdom
14688,2010-09-09 12:35:00,2011-12-02 12:26:00,28,7635.4,508,United Kingdom
14689,2011-05-15 11:22:00,2011-05-15 11:22:00,1,112.8,13,United Kingdom
14690,2010-10-25 12:20:00,2011-10-26 15:39:00,4,777.68,103,United Kingdom
14691,2011-05-11 09:55:00,2011-11-09 12:30:00,5,2114.33,71,United Kingdom
14692,2010-04-01 14:04:00,2011-07-25 15:08:00,12,1715.1399999999999,159,United Kingdom
14693,2010-07-02 08:28:00,2011-03-20 12:50:00,7,1165.36,75,United Kingdom
14694,2010-04-01 19:46:00,2010-04-01 19:46:00,1,244.31,15,United Kingdom
14695,2009-12-07 11:05:00,2010-07-08 14:18:00,3,1534.22,82,United Kingdom
14696,2010-10-14 11:43:00,2011-12-05 13:43:00,8,2767.9,172,United Kingdom
14697,2011-05-05 15:29:00,2011-05-05 15:39:00,2,188.60999999999999,22,United Kingdom
14698,2011-10-19 12:54:00,2011-12-08 12:26:00,5,1217.27,200,United Kingdom
14699,2010-07-02 12:04:00,2011-05-09 14:54:00,4,702.6,50,United Kingdom
14700,2010-08-11 12:19:00,2011-11-07 14:40:00,5,3076.06,167,United Kingdom
14701,2010-01-24 12:15:00,2011-11-29 12:38:00,15,4487.11,595,United Kingdom
14702,2009-12-10 20:22:00,2011-12-08 19:29:00,29,6667.43,707,United Kingdom
14703,2011-11-25 09:23:00,2011-11-25 09:23:00,1,318.17,22,United Kingdom
14704,2010-03-25 17:21:00,2011-11-20 12:20:00,9,1720.58,452,United Kingdom
14705,2011-05-25 12:39:00,2011-05-25 12:39:00,1,179.0,1,United Kingdom
14706,2010-03-31 11:09:00,2010-03-31 11:09:00,1,367.54,25,United Kingdom
14707,2010-05-12 11:07:00,2010-09-30 11:37:00,2,139.2,2,United Kingdom
14708,2010-09-10 10:26:00,2011-12-07 08:21:00,5,2212.2799999999997,53,United Kingdom
14709,2009-12-05 15:26:00,2011-11-24 15:41:00,25,8886.33,357,United Kingdom
14710,2009-12-03 17:12:00,2011-11-25 14:53:00,13,1899.79,432,United Kingdom
14711,2011-03-22 13:32:00,2011-11-29 14:58:00,11,2839.62,345,United Kingdom
14712,2010-10-17 14:49:00,2011-11-10 12:59:00,4,1328.0700000000002,32,United Kingdom
14713,2009-12-03 19:22:00,2011-11-30 16:26:00,21,5414.3099999999995,700,United Kingdom
14714,2010-01-21 11:51:00,2011-11-15 13:07:00,4,906.24,93,United Kingdom
14715,2010-01-19 12:18:00,2011-11-15 12:10:00,8,1809.55,136,United Kingdom
14716,2010-09-21 12:07:00,2011-10-27 17:29:00,3,543.28,96,United Kingdom
14717,2009-12-06 13:05:00,2009-12-06 13:05:00,1,81.3,11,United Kingdom
14718,2010-10-25 13:07:00,2010-10-25 13:07:00,1,226.42,11,United Kingdom
14719,2011-04-04 14:17:00,2011-12-08 12:43:00,5,1581.84,235,United Kingdom
14720,2011-08-05 12:06:00,2011-12-04 12:02:00,3,663.81,37,United Kingdom
14721,2010-11-25 13:08:00,2010-11-25 13:08:00,1,109.07,25,United Kingdom
14722,2010-08-10 13:28:00,2011-07-15 14:58:00,3,489.52,87,United Kingdom
14723,2009-12-04 11:22:00,2011-11-29 15:23:00,11,2046.8500000000001,456,United Kingdom
14724,2010-04-28 13:26:00,2010-04-28 13:26:00,1,341.9,41,United Kingdom
14725,2010-06-23 11:34:00,2011-11-15 12:42:00,4,1246.86,99,United Kingdom
14726,2010-02-23 12:35:00,2010-02-23 12:35:00,1,116.5,15,United Kingdom
14727,2010-06-11 13:23:00,2011-03-10 14:45:00,3,461.03,45,United Kingdom
14728,2010-10-22 15:57:00,2010-10-22 15:57:00,1,190.58,14,United Kingdom
14729,2010-03-24 13:30:00,2010-12-01 12:43:00,3,899.73,203,United Kingdom
14730,2011-03-08 12:49:00,2011-12-08 14:39:00,8,1897.57,462,United Kingdom
14731,2011-05-11 13:06:00,2011-10-23 15:54:00,3,380.02,45,United Kingdom
14732,2009-12-09 10:48:00,2011-12-01 14:34:00,19,5517.07,277,United Kingdom
14733,2010-11-02 15:42:00,2011-11-23 15:39:00,15,16165.17,347,United Kingdom
14734,2010-06-06 15:15:00,2010-10-10 12:04:00,4,1056.42,63,United Kingdom
14735,2009-12-04 11:32:00,2011-12-06 12:09:00,55,12225.16,365,United Kingdom
14736,2010-08-11 15:13:00,2010-08-11 15:21:00,2,374.05,88,United Kingdom
14737,2010-11-04 11:29:00,2011-12-06 10:16:00,4,3554.17,45,United Kingdom
14738,2009-12-07 10:21:00,2011-10-28 08:56:00,9,1821.9,80,United Kingdom
14739,2009-12-02 13:23:00,2011-12-05 16:54:00,25,12287.5,256,United Kingdom
14740,2010-02-25 11:40:00,2011-05-26 18:17:00,11,4161.06,231,United Kingdom
14741,2010-10-18 09:33:00,2011-11-28 08:48:00,7,1897.59,85,United Kingdom
14742,2010-09-30 14:07:00,2010-09-30 14:07:00,1,579.85,34,United Kingdom
14743,2010-04-26 10:26:00,2010-04-26 10:26:00,1,50.48,3,United Kingdom
14744,2010-05-18 14:06:00,2011-11-23 12:51:00,14,3885.08,121,United Kingdom
14745,2010-03-12 10:33:00,2011-08-19 10:05:00,12,2551.41,140,United Kingdom
14746,2010-10-12 11:06:00,2010-10-29 14:44:00,4,593.5,9,United Kingdom
14747,2011-04-04 14:09:00,2011-04-04 14:09:00,1,328.2,18,United Kingdom
14748,2010-03-04 17:08:00,2011-11-10 18:33:00,10,3152.32,191,United Kingdom
14749,2010-08-17 12:36:00,2010-08-17 12:36:00,1,310.15,18,United Kingdom
14750,2009-12-03 17:57:00,2009-12-03 17:57:00,1,112.03,32,United Kingdom
14751,2009-12-13 14:08:00,2010-01-24 13:37:00,2,126.45,7,United Kingdom
14752,2011-10-27 11:55:00,2011-10-27 11:55:00,1,389.64,5,United Kingdom
14753,2010-09-05 11:04:00,2011-09-13 14:50:00,2,869.51,48,United Kingdom
14754,2010-01-18 11:04:00,2011-10-26 12:01:00,6,1547.93,136,United Kingdom
14755,2009-12-03 16:51:00,2011-11-30 11:24:00,25,9972.550000000001,475,United Kingdom
14756,2010-10-11 11:50:00,2011-11-24 18:13:00,3,2653.76,119,United Kingdom
14757,2011-09-25 14:36:00,2011-09-25 14:36:00,1,420.5,19,United Kingdom
14758,2010-04-08 08:27:00,2011-07-18 08:21:00,7,2864.97,136,United Kingdom
14759,2011-04-21 10:55:00,2011-12-05 12:03:00,3,1625.97,102,United Kingdom
14760,2011-02-15 16:27:00,2011-02-15 16:27:00,1,89.2,5,United Kingdom
14761,2010-09-21 14:22:00,2011-10-12 12:10:00,3,447.92,24,United Kingdom
14762,2010-03-23 15:36:00,2011-03-21 08:20:00,2,417.57,30,United Kingdom
14764,2011-10-24 11:54:00,2011-10-24 11:54:00,1,278.3,6,United Kingdom
14765,2011-06-16 19:49:00,2011-11-10 19:53:00,3,254.11,39,United Kingdom
14766,2010-06-06 11:11:00,2011-12-01 16:05:00,11,6556.13,340,United Kingdom
14767,2010-08-22 14:54:00,2010-08-22 14:54:00,1,382.81,18,United Kingdom
14768,2011-08-04 13:25:00,2011-11-22 12:54:00,2,192.60000000000002,5,United Kingdom
14769,2009-12-16 09:17:00,2011-12-07 10:24:00,17,15512.46,1397,United Kingdom
14770,2010-02-25 18:58:00,2011-04-21 14:21:00,8,3637.64,197,United Kingdom
14771,2009-12-03 09:44:00,2010-03-28 12:52:00,2,594.62,47,United Kingdom
14772,2011-08-19 15:04:00,2011-08-19 15:04:00,1,139.26,9,United Kingdom
14773,2010-04-26 10:29:00,2010-04-26 10:29:00,1,140.55,10,United Kingdom
14774,2010-06-29 12:26:00,2010-06-29 12:26:00,1,241.45,13,United Kingdom
14775,2010-12-02 16:38:00,2011-10-12 15:27:00,3,1418.46,80,United Kingdom
14776,2010-09-19 14:12:00,2011-10-19 15:34:00,15,3708.3,190,United Kingdom
14777,2010-11-01 12:50:00,2010-11-01 12:50:00,1,307.56,16,United Kingdom
14778,2011-02-04 11:43:00,2011-08-04 15:23:00,2,730.86,35,United Kingdom
14779,2011-01-20 12:04:00,2011-03-04 12:42:00,3,386.15,41,United Kingdom
14780,2011-09-21 15:15:00,2011-10-16 12:46:00,2,447.68,27,United Kingdom
14782,2011-01-24 11:12:00,2011-01-24 11:12:00,1,200.10000000000002,6,United Kingdom
14783,2010-02-18 16:16:00,2010-02-18 16:16:00,1,307.3,17,United Kingdom
14784,2010-11-15 09:49:00,2011-11-13 13:30:00,3,449.93,27,United Kingdom
14785,2011-11-24 13:40:00,2011-11-29 13:21:00,2,77.4,3,United Kingdom
14786,2010-06-07 13:42:00,2010-06-07 13:42:00,1,90.96,7,United Kingdom
14787,2010-08-25 14:38:00,2010-08-25 14:38:00,1,110.65,15,United Kingdom
14788,2010-04-22 18:16:00,2011-12-02 17:06:00,3,1156.32,58,United Kingdom
14789,2011-11-11 08:59:00,2011-11-11 08:59:00,1,197.64,6,United Kingdom
14790,2009-12-11 14:37:00,2011-11-23 09:28:00,10,2526.62,145,United Kingdom
14791,2010-04-12 10:24:00,2010-04-12 10:24:00,1,303.63,19,United Kingdom
14792,2011-10-07 09:19:00,2011-10-07 09:19:00,1,6.2,2,United Kingdom
14793,2010-06-22 16:54:00,2011-11-18 14:50:00,2,625.9,39,United Kingdom
14794,2010-08-09 15:44:00,2011-12-07 10:11:00,10,1953.9,104,United Kingdom
14795,2011-06-26 13:04:00,2011-06-26 13:04:00,1,131.45000000000002,6,United Kingdom
14796,2009-12-14 15:06:00,2011-12-08 15:31:00,27,10838.98,1542,United Kingdom
14797,2010-07-20 14:07:00,2010-07-20 14:07:00,1,300.31,16,United Kingdom
14798,2010-03-01 08:38:00,2011-10-18 10:58:00,8,724.31,49,United Kingdom
14799,2009-12-02 11:18:00,2011-10-19 16:16:00,2,338.15,23,United Kingdom
14800,2010-09-30 14:38:00,2011-10-23 12:46:00,17,7735.92,650,United Kingdom
14801,2011-10-09 15:24:00,2011-10-09 15:24:00,1,189.34,57,United Kingdom
14803,2011-02-20 13:21:00,2011-06-30 13:58:00,3,845.55,44,United Kingdom
14804,2011-12-01 11:20:00,2011-12-01 11:20:00,1,353.27,12,United Kingdom
14805,2010-03-28 12:34:00,2011-11-24 16:20:00,7,1082.55,127,United Kingdom
14806,2010-09-26 15:50:00,2011-09-25 15:32:00,2,303.43,20,United Kingdom
14807,2010-02-28 11:33:00,2010-11-14 12:47:00,2,504.14,38,United Kingdom
14808,2011-06-20 12:53:00,2011-10-31 12:21:00,8,2718.6,231,United Kingdom
14809,2010-03-28 15:42:00,2010-03-28 15:44:00,2,686.76,18,United Kingdom
14810,2010-10-06 13:12:00,2011-10-30 11:19:00,13,2531.92,323,United Kingdom
14811,2010-11-17 13:09:00,2010-11-17 13:09:00,1,170.5,28,United Kingdom
14812,2010-04-20 12:13:00,2010-04-20 12:13:00,1,178.85,36,United Kingdom
14813,2010-04-08 11:49:00,2010-12-05 11:57:00,4,1041.79,167,United Kingdom
14814,2010-05-07 14:10:00,2010-05-07 14:10:00,1,152.96,29,United Kingdom
14815,2011-10-03 11:36:00,2011-11-03 11:36:00,2,778.5,53,United Kingdom
14816,2011-05-26 13:16:00,2011-05-26 13:16:00,1,271.85,4,United Kingdom
14817,2010-03-22 12:10:00,2011-05-23 13:35:00,7,3959.86,230,United Kingdom
14818,2010-03-02 12:48:00,2011-09-27 11:01:00,6,1153.56,104,United Kingdom
14819,2009-12-21 15:54:00,2011-10-06 13:41:00,4,456.41,54,United Kingdom
14820,2010-01-31 12:49:00,2011-11-18 15:41:00,9,1274.76,64,United Kingdom
14821,2010-02-01 13:33:00,2010-12-08 08:43:00,7,1278.95,71,United Kingdom
14822,2010-08-11 12:52:00,2010-08-11 12:52:00,1,157.70000000000002,9,United Kingdom
14823,2011-05-29 12:48:00,2011-06-12 13:12:00,3,321.43,70,United Kingdom
14824,2010-03-12 13:07:00,2011-11-29 14:20:00,10,4022.9100000000003,158,United Kingdom
14825,2010-04-06 14:14:00,2011-12-06 11:38:00,24,4919.18,309,United Kingdom
14826,2010-01-13 13:08:00,2010-05-07 09:00:00,2,385.2,10,United Kingdom
14828,2009-12-07 11:19:00,2011-05-27 10:16:00,13,9839.460000000001,101,United Kingdom
14829,2010-09-29 13:14:00,2011-11-10 16:16:00,7,1692.84,110,United Kingdom
14830,2011-10-17 14:29:00,2011-10-17 14:29:00,1,188.03,38,United Kingdom
14831,2009-12-02 09:21:00,2010-01-28 14:31:00,3,1676.57,82,United Kingdom
14833,2010-07-29 10:06:00,2010-07-29 10:06:00,1,94.8,7,United Kingdom
14834,2010-10-28 17:37:00,2011-11-22 10:30:00,7,2206.16,87,United Kingdom
14835,2010-04-01 19:34:00,2010-06-29 10:08:00,2,297.0,2,United Kingdom
14836,2011-11-09 13:26:00,2011-11-29 16:45:00,3,102.44999999999999,6,United Kingdom
14837,2010-01-24 10:20:00,2011-09-11 10:58:00,9,3460.32,209,United Kingdom
14838,2009-12-03 09:52:00,2010-10-12 15:46:00,2,769.9200000000001,70,United Kingdom
14839,2010-01-04 16:29:00,2010-10-17 13:01:00,3,915.28,74,United Kingdom
14840,2010-06-18 15:42:00,2011-03-17 12:00:00,2,362.71,22,United Kingdom
14841,2009-12-02 16:49:00,2011-10-17 15:03:00,14,7163.0,300,United Kingdom
14842,2011-02-04 15:32:00,2011-10-27 12:37:00,4,2824.69,145,United Kingdom
14843,2010-09-29 12:39:00,2010-09-29 12:39:00,1,211.79999999999998,9,United Kingdom
14844,2010-04-12 12:50:00,2011-10-07 10:41:00,10,6702.43,277,United Kingdom
14845,2010-04-19 10:19:00,2010-04-19 10:19:00,1,150.0,1,United Kingdom
14846,2010-10-08 17:07:00,2010-10-08 17:07:00,1,437.4,12,United Kingdom
14847,2010-05-24 12:29:00,2011-07-14 10:52:00,3,1348.95,62,United Kingdom
14848,2010-10-31 12:22:00,2010-10-31 12:22:00,1,310.56,11,United Kingdom
14849,2010-01-10 11:40:00,2011-11-18 10:58:00,43,15763.45,755,United Kingdom
14850,2010-05-20 13:28:00,2011-02-01 11:21:00,7,1770.96,195,United Kingdom
14851,2010-03-19 11:52:00,2011-11-16 14:20:00,3,829.4100000000001,42,United Kingdom
14852,2010-03-05 14:51:00,2011-10-12 13:20:00,18,6132.43,309,United Kingdom
14853,2010-04-13 09:26:00,2011-11-15 16:56:00,5,1376.87,31,United Kingdom
14854,2010-01-22 09:48:00,2011-09-22 17:00:00,11,4303.06,214,United Kingdom
14855,2010-04-08 10:30:00,2011-08-12 14:02:00,7,6520.3,207,United Kingdom
14856,2011-10-14 09:35:00,2011-11-03 14:53:00,3,1290.53,65,United Kingdom
14857,2010-03-15 11:00:00,2011-10-11 09:23:00,7,3651.85,212,United Kingdom
14858,2010-07-22 10:51:00,2010-07-22 10:51:00,1,180.75,11,United Kingdom
14859,2010-06-03 10:26:00,2011-11-27 11:18:00,5,1705.64,66,United Kingdom
14860,2011-11-20 14:17:00,2011-11-20 14:17:00,1,170.32,11,United Kingdom
14861,2009-12-08 12:12:00,2011-10-18 12:54:00,10,1380.73,86,United Kingdom
14862,2011-07-14 11:20:00,2011-11-14 10:01:00,2,841.1999999999999,48,United Kingdom
14863,2011-11-10 15:04:00,2011-11-10 15:04:00,1,266.76,11,United Kingdom
14865,2009-12-01 16:05:00,2011-12-02 16:25:00,4,129.72,9,United Kingdom
14866,2010-09-21 15:14:00,2011-11-29 11:45:00,17,20803.72,135,United Kingdom
14867,2009-12-05 15:47:00,2011-06-07 11:39:00,16,2952.06,137,United Kingdom
14868,2010-10-15 14:52:00,2011-12-06 14:49:00,12,4184.01,211,United Kingdom
14869,2009-12-16 11:43:00,2011-12-01 12:36:00,6,2778.14,244,United Kingdom
14870,2010-01-25 09:05:00,2011-03-23 10:51:00,6,1838.95,65,United Kingdom
14871,2009-12-01 11:57:00,2011-12-06 13:42:00,9,1228.17,194,United Kingdom
14872,2010-03-16 14:41:00,2010-08-13 12:34:00,3,816.6,43,United Kingdom
14873,2010-03-16 10:51:00,2011-05-13 13:52:00,2,854.13,49,United Kingdom
14874,2010-06-22 14:58:00,2010-06-22 14:58:00,1,116.18,6,United Kingdom
14875,2010-09-24 10:28:00,2011-08-24 12:20:00,3,2862.4,89,United Kingdom
14876,2010-05-27 13:49:00,2010-07-06 14:57:00,2,256.7,13,United Kingdom
14877,2010-03-07 12:25:00,2010-10-17 13:09:00,2,425.85,63,United Kingdom
14878,2010-02-21 11:14:00,2011-11-27 11:15:00,25,4076.5,369,United Kingdom
14879,2010-01-24 11:35:00,2010-01-24 11:35:00,1,185.06,27,United Kingdom
14880,2011-02-24 12:27:00,2011-09-23 13:42:00,3,690.59,46,United Kingdom
14881,2011-11-20 11:06:00,2011-11-20 11:06:00,1,255.4,17,United Kingdom
14882,2010-03-30 15:02:00,2011-11-13 12:47:00,14,3546.65,65,United Kingdom
14883,2011-05-12 09:49:00,2011-11-21 10:23:00,6,761.59,53,United Kingdom
14884,2010-02-08 12:56:00,2010-02-08 12:56:00,1,120.6,8,United Kingdom
14885,2010-08-31 10:11:00,2011-07-31 12:05:00,3,1598.12,31,United Kingdom
14886,2011-04-01 08:56:00,2011-04-01 08:56:00,1,364.8,18,United Kingdom
14887,2011-09-21 15:32:00,2011-09-21 15:32:00,1,1862.0,6,United Kingdom
14888,2011-05-16 14:58:00,2011-05-16 14:58:00,1,369.2,20,United Kingdom
14889,2011-01-07 15:19:00,2011-01-07 15:19:00,1,135.9,10,United Kingdom
14890,2010-02-18 09:00:00,2011-03-31 11:57:00,3,817.25,57,United Kingdom
14891,2010-09-29 12:41:00,2011-07-14 18:08:00,4,1106.73,63,United Kingdom
14892,2010-01-18 08:58:00,2010-01-18 08:58:00,1,202.35000000000002,13,United Kingdom
14893,2010-04-01 09:03:00,2011-11-30 12:31:00,3,1809.6100000000001,106,United Kingdom
14894,2009-12-02 10:42:00,2011-09-15 13:51:00,3,1492.81,46,United Kingdom
14895,2009-12-10 14:22:00,2011-12-02 09:23:00,38,25119.54,900,United Kingdom
14896,2009-12-06 12:42:00,2011-05-19 10:20:00,8,2083.2200000000003,285,United Kingdom
14897,2009-12-15 17:05:00,2011-12-02 10:32:00,8,3140.54,127,United Kingdom
14898,2009-12-03 16:40:00,2011-11-16 14:54:00,14,3464.45,294,United Kingdom
14899,2010-11-09 15:20:00,2010-11-09 15:20:00,1,1331.38,129,United Kingdom
14900,2010-07-05 15:09:00,2010-07-05 15:09:00,1,13.919999999999998,1,United Kingdom
14901,2010-07-29 11:11:00,2011-11-28 17:09:00,12,2281.4,166,United Kingdom
14902,2010-06-04 12:35:00,2011-11-14 10:34:00,3,1035.6200000000001,59,United Kingdom
14903,2011-03-06 11:50:00,2011-11-18 16:07:00,5,2795.33,350,United Kingdom
14904,2010-10-08 12:48:00,2011-12-07 12:55:00,4,1630.49,141,United Kingdom
14905,2009-12-03 14:36:00,2011-07-05 12:41:00,8,1971.39,78,United Kingdom
14907,2010-04-16 13:40:00,2011-12-06 14:14:00,16,6165.79,296,United Kingdom
14908,2010-09-02 16:39:00,2011-09-26 12:56:00,2,381.9,14,United Kingdom
14909,2010-02-14 15:47:00,2010-09-28 16:56:00,3,1404.68,80,United Kingdom
14910,2011-10-16 11:06:00,2011-12-07 10:06:00,4,434.35,30,United Kingdom
14911,2009-12-01 11:41:00,2011-12-08 15:54:00,378,284437.73,11218,EIRE
14912,2010-01-26 16:29:00,2011-11-23 09:20:00,6,1889.25,63,Italy
14913,2010-08-11 08:40:00,2011-11-04 08:29:00,8,4073.13,247,United Kingdom
14915,2009-12-03 10:17:00,2011-09-09 13:34:00,11,1811.25,90,United Kingdom
14916,2010-04-01 10:57:00,2011-09-30 09:20:00,8,3042.95,134,United Kingdom
14917,2010-04-22 09:44:00,2010-04-22 11:28:00,2,1123.75,29,United Kingdom
14918,2010-04-08 11:18:00,2011-08-16 11:50:00,9,5955.81,141,United Kingdom
14919,2010-06-18 13:06:00,2010-06-18 13:06:00,1,359.35,13,United Kingdom
14920,2010-05-23 15:25:00,2011-05-11 10:32:00,3,1607.17,97,United Kingdom
14921,2011-05-22 12:51:00,2011-11-09 13:17:00,2,1316.07,78,United Kingdom
14922,2010-07-20 09:45:00,2010-11-11 11:14:00,2,843.74,50,United Kingdom
14923,2011-10-20 11:51:00,2011-10-20 11:51:00,1,749.1,44,United Kingdom
14924,2010-03-10 12:51:00,2011-04-08 09:25:00,3,931.01,31,United Kingdom
14926,2010-04-20 09:59:00,2010-11-23 07:13:00,2,359.4,3,United Kingdom
14927,2010-11-08 12:30:00,2010-11-08 12:30:00,1,308.2,20,United Kingdom
14928,2010-03-22 09:14:00,2010-03-22 09:14:00,1,223.91000000000003,21,United Kingdom
14929,2010-10-14 12:22:00,2011-11-07 17:21:00,2,836.69,34,United Kingdom
14930,2010-04-12 11:22:00,2011-08-23 10:31:00,6,5236.7300000000005,278,Channel Islands
14931,2011-04-13 09:32:00,2011-12-05 10:19:00,4,964.6800000000001,40,Channel Islands
14932,2010-11-19 09:16:00,2010-12-09 11:48:00,2,1029.66,49,Channel Islands
14933,2010-09-21 17:29:00,2010-09-22 10:47:00,4,1770.0,4,Channel Islands
14934,2010-09-24 12:08:00,2011-09-19 10:10:00,5,3503.5,185,Channel Islands
14935,2010-03-30 11:48:00,2011-02-15 14:44:00,2,2849.83,26,Channel Islands
14936,2010-05-05 12:26:00,2011-11-06 10:30:00,12,12410.81,527,Channel Islands
14937,2011-08-01 14:16:00,2011-10-14 12:29:00,3,1621.88,34,Channel Islands
14938,2010-05-26 13:35:00,2010-05-26 13:38:00,2,2322.43,71,Channel Islands
14940,2009-12-06 15:46:00,2010-10-18 10:47:00,2,531.49,32,United Kingdom
14941,2010-05-10 11:30:00,2010-05-10 11:30:00,1,182.1,7,United Kingdom
14942,2009-12-10 10:32:00,2010-11-03 10:51:00,4,746.56,19,United Kingdom
14943,2010-02-14 16:04:00,2010-02-14 16:04:00,1,107.62,5,United Kingdom
14944,2010-02-17 08:47:00,2011-11-10 09:10:00,19,9784.67,303,United Kingdom
14945,2010-10-22 11:26:00,2010-10-22 11:26:00,1,179.4,11,United Kingdom
14946,2011-11-25 13:33:00,2011-11-25 13:33:00,1,100.9,3,United Kingdom
14947,2010-03-25 11:29:00,2011-09-28 15:48:00,6,1049.79,54,United Kingdom
14948,2011-05-04 14:52:00,2011-11-16 17:16:00,6,1101.97,63,United Kingdom
14949,2009-12-18 15:28:00,2010-08-27 15:38:00,4,515.0,27,United Kingdom
14950,2011-11-20 13:48:00,2011-11-20 13:48:00,1,371.2,19,United Kingdom
14951,2011-09-21 15:15:00,2011-09-21 15:15:00,1,311.69,20,United Kingdom
14952,2009-12-03 15:34:00,2011-10-11 10:33:00,32,17629.35,307,United Kingdom
14953,2010-09-30 12:16:00,2011-11-14 14:59:00,4,968.82,244,United Kingdom
14954,2010-01-05 16:38:00,2011-11-27 14:30:00,2,462.12,118,United Kingdom
14955,2009-12-07 11:35:00,2009-12-07 11:35:00,1,163.77,31,United Kingdom
14956,2010-10-14 16:40:00,2010-10-14 16:40:00,1,1325.0,4,United Kingdom
14957,2010-03-05 10:50:00,2011-03-31 17:59:00,2,261.69,28,United Kingdom
14958,2009-12-03 16:02:00,2011-07-15 14:20:00,6,941.99,71,United Kingdom
14959,2011-02-16 13:00:00,2011-10-06 18:23:00,4,695.42,59,United Kingdom
14960,2011-06-21 13:38:00,2011-12-01 12:54:00,2,221.27,27,United Kingdom
14961,2009-12-04 11:32:00,2011-11-29 09:42:00,22,16410.15,670,United Kingdom
14962,2010-05-04 14:57:00,2011-03-14 09:42:00,4,366.91,14,United Kingdom
14963,2010-07-02 12:43:00,2011-11-30 12:16:00,12,3123.57,476,United Kingdom
14964,2011-04-06 14:13:00,2011-04-06 14:13:00,1,206.21,13,United Kingdom
14965,2011-09-04 13:15:00,2011-09-04 13:20:00,2,596.09,81,United Kingdom
14966,2009-12-15 13:48:00,2011-11-25 12:20:00,6,1064.26,151,United Kingdom
14967,2009-12-03 14:07:00,2011-10-21 11:06:00,6,1982.6100000000001,29,United Kingdom
14968,2010-09-07 13:28:00,2011-11-09 13:58:00,2,497.49,83,United Kingdom
14969,2010-01-05 12:43:00,2010-01-05 12:43:00,1,906.23,13,United Kingdom
14970,2010-02-14 13:37:00,2011-10-02 13:44:00,12,4919.35,113,United Kingdom
14971,2011-10-27 13:33:00,2011-11-04 17:07:00,3,1097.98,155,United Kingdom
14972,2010-11-23 16:17:00,2011-08-03 14:54:00,2,145.07,20,United Kingdom
14973,2011-04-28 12:22:00,2011-08-24 15:51:00,3,1314.45,32,United Kingdom
14974,2011-11-02 13:01:00,2011-11-02 13:01:00,1,89.94,17,United Kingdom
14975,2010-10-14 14:11:00,2011-10-13 14:08:00,2,472.39,26,United Kingdom
14976,2011-01-17 11:09:00,2011-10-13 16:33:00,6,774.86,70,United Kingdom
14977,2009-12-14 10:37:00,2009-12-14 10:37:00,1,31.929999999999996,4,United Kingdom
14978,2010-04-28 10:50:00,2011-09-28 13:07:00,10,3112.19,290,United Kingdom
14979,2009-12-04 12:54:00,2009-12-04 12:54:00,1,429.66,49,United Kingdom
14980,2009-12-02 14:09:00,2009-12-02 14:09:00,1,150.68,24,United Kingdom
14981,2010-10-12 11:04:00,2011-04-07 13:45:00,2,372.92,22,United Kingdom
14982,2010-05-16 15:52:00,2010-05-16 15:52:00,1,234.88,38,United Kingdom
14983,2010-01-19 17:32:00,2010-01-19 17:32:00,1,183.20000000000002,30,United Kingdom
14984,2010-01-11 13:22:00,2011-11-20 14:28:00,6,1260.51,54,United Kingdom
14985,2010-12-16 19:51:00,2011-05-25 14:29:00,2,292.01,83,United Kingdom
14986,2010-01-24 15:54:00,2010-11-28 15:25:00,2,563.1,98,United Kingdom
14987,2009-12-02 14:56:00,2011-11-24 09:59:00,8,1713.85,17,United Kingdom
14988,2010-04-16 13:34:00,2011-05-12 12:05:00,7,2038.65,235,United Kingdom
14989,2010-02-16 10:40:00,2010-02-16 10:40:00,1,342.4,18,United Kingdom
14990,2009-12-09 13:31:00,2010-04-06 13:54:00,2,304.17,42,United Kingdom
14991,2010-10-05 13:01:00,2010-10-05 13:01:00,1,314.67,21,United Kingdom
14992,2010-09-23 17:48:00,2010-09-23 17:48:00,1,210.5,27,United Kingdom
14993,2010-05-25 12:47:00,2010-05-25 12:47:00,1,36.13,10,United Kingdom
14994,2010-03-26 14:16:00,2010-11-22 12:59:00,5,942.77,300,United Kingdom
14995,2011-03-04 13:14:00,2011-11-01 11:39:00,2,231.98000000000002,60,United Kingdom
14996,2010-08-15 13:41:00,2010-08-15 13:44:00,2,442.28999999999996,41,United Kingdom
14997,2010-02-22 12:11:00,2011-10-24 13:28:00,4,776.5999999999999,38,United Kingdom
14998,2010-04-13 16:07:00,2011-06-22 17:30:00,4,753.18,125,United Kingdom
14999,2010-04-26 10:47:00,2010-04-26 10:47:00,1,129.48000000000002,9,United Kingdom
15000,2011-10-23 11:42:00,2011-10-23 11:42:00,1,490.52,77,United Kingdom
15001,2010-11-10 13:31:00,2010-11-10 13:51:00,2,197.10999999999999,45,United Kingdom
15002,2010-01-12 11:40:00,2011-08-16 10:44:00,9,4769.7300000000005,368,United Kingdom
15003,2010-01-26 13:04:00,2010-08-23 15:44:00,6,1027.03,329,United Kingdom
15004,2011-07-15 14:05:00,2011-07-15 14:05:00,1,1220.38,153,United Kingdom
15005,2009-12-01 14:19:00,2011-11-24 12:25:00,56,13975.08,2413,United Kingdom
15006,2010-09-12 13:03:00,2011-10-19 15:08:00,2,752.83,181,United Kingdom
15007,2011-07-03 16:00:00,2011-07-03 16:00:00,1,156.91,12,United Kingdom
15008,2010-03-12 11:13:00,2010-08-16 13:09:00,2,360.0,12,United Kingdom
15009,2011-11-14 17:40:00,2011-11-27 13:35:00,3,1259.43,180,United Kingdom
15010,2011-11-04 12:42:00,2011-11-04 12:42:00,1,308.94,20,United Kingdom
15011,2010-10-19 12:05:00,2010-11-09 11:10:00,2,416.6,20,United Kingdom
15012,2010-05-12 11:49:00,2011-10-17 12:22:00,3,834.82,243,United Kingdom
15013,2010-01-31 12:15:00,2010-08-09 12:05:00,10,1610.82,340,United Kingdom
15014,2011-06-16 19:40:00,2011-10-27 20:07:00,2,257.67,33,United Kingdom
15015,2009-12-14 14:46:00,2010-07-26 13:50:00,13,2344.47,293,United Kingdom
15016,2010-06-14 13:06:00,2011-06-20 12:06:00,5,620.89,105,United Kingdom
15017,2011-11-06 10:33:00,2011-11-06 10:33:00,1,125.58,20,United Kingdom
15018,2010-12-07 10:47:00,2011-11-01 12:47:00,3,607.46,36,United Kingdom
15019,2011-03-18 12:35:00,2011-03-18 12:35:00,1,252.81,66,United Kingdom
15020,2010-11-25 13:29:00,2010-11-25 13:29:00,1,198.47,27,United Kingdom
15021,2010-07-29 16:35:00,2011-12-01 11:53:00,12,2698.68,672,United Kingdom
15022,2010-01-31 16:02:00,2011-11-28 12:35:00,5,1133.44,140,United Kingdom
15023,2010-02-03 15:45:00,2011-12-06 17:23:00,20,11984.9,989,United Kingdom
15024,2010-10-11 16:14:00,2011-11-30 12:06:00,16,4050.61,368,United Kingdom
15025,2010-05-20 13:28:00,2011-11-06 15:20:00,2,971.84,138,United Kingdom
15026,2010-09-17 13:52:00,2011-09-20 13:52:00,5,1044.09,137,United Kingdom
15027,2010-03-25 14:39:00,2011-11-09 10:16:00,10,3195.6,91,United Kingdom
15028,2010-11-10 14:32:00,2011-12-01 14:06:00,6,1148.91,116,United Kingdom
15029,2010-03-30 12:16:00,2010-03-30 12:16:00,1,365.1,10,United Kingdom
15030,2010-03-04 17:10:00,2011-09-29 10:50:00,8,1979.91,33,United Kingdom
15031,2009-12-08 13:38:00,2011-12-05 14:19:00,14,3102.94,395,United Kingdom
15032,2009-12-10 15:27:00,2011-03-28 15:03:00,8,13780.65,125,United Kingdom
15033,2011-01-14 13:28:00,2011-12-05 12:40:00,10,2553.88,500,United Kingdom
15034,2010-05-11 13:30:00,2011-11-24 12:11:00,14,8231.2,752,United Kingdom
15035,2011-09-11 11:08:00,2011-09-11 11:08:00,1,252.73000000000002,27,United Kingdom
15036,2011-06-13 12:19:00,2011-09-28 15:42:00,3,429.56,119,United Kingdom
15037,2010-11-28 12:14:00,2010-11-28 13:05:00,2,397.76,45,United Kingdom
15038,2010-10-10 14:35:00,2011-10-12 11:33:00,9,1265.41,267,United Kingdom
15039,2009-12-10 11:39:00,2011-11-30 11:31:00,93,39726.89,2749,United Kingdom
15040,2010-06-16 11:40:00,2010-06-16 11:40:00,1,7.49,1,United Kingdom
15041,2010-09-21 13:16:00,2011-06-22 16:16:00,2,288.98,103,United Kingdom
15042,2010-04-23 14:01:00,2011-05-24 16:25:00,2,315.45,9,United Kingdom
15043,2010-06-24 15:50:00,2011-11-08 14:26:00,6,2855.3199999999997,50,United Kingdom
15044,2009-12-16 15:13:00,2011-11-20 13:20:00,32,15769.01,892,United Kingdom
15045,2011-03-27 11:44:00,2011-07-11 11:33:00,2,735.66,12,United Kingdom
15046,2010-01-14 14:29:00,2011-11-30 15:50:00,25,7604.84,393,United Kingdom
15047,2011-03-15 10:49:00,2011-03-15 10:49:00,1,343.62,22,United Kingdom
15048,2010-12-06 12:15:00,2011-10-05 14:55:00,4,479.7,117,United Kingdom
15049,2011-03-11 12:13:00,2011-03-11 12:13:00,1,121.17000000000002,3,United Kingdom
15050,2010-08-16 12:00:00,2011-11-14 16:17:00,5,4087.19,149,United Kingdom
15051,2009-12-01 13:29:00,2011-11-16 15:38:00,9,3926.91,289,United Kingdom
15052,2011-01-24 15:52:00,2011-01-24 15:52:00,1,207.73000000000002,28,United Kingdom
15053,2011-03-03 12:06:00,2011-12-05 12:08:00,3,693.95,69,United Kingdom
15054,2011-10-30 14:33:00,2011-11-27 15:02:00,2,302.1,114,United Kingdom
15055,2009-12-16 15:48:00,2010-08-22 11:06:00,3,549.12,81,United Kingdom
15056,2010-07-07 15:58:00,2010-07-07 15:58:00,1,113.64999999999999,6,United Kingdom
15057,2009-12-05 15:27:00,2011-03-09 15:17:00,5,3255.96,70,United Kingdom
15058,2010-02-24 14:07:00,2011-11-14 14:57:00,16,3387.58,347,United Kingdom
15059,2009-12-06 12:17:00,2011-10-30 11:35:00,19,3490.4,588,United Kingdom
15060,2011-11-30 14:03:00,2011-12-01 13:47:00,4,293.0,114,United Kingdom
15061,2009-12-01 12:18:00,2011-12-06 12:06:00,127,137817.07,986,United Kingdom
15062,2010-04-08 15:41:00,2011-09-29 16:51:00,8,2585.62,159,United Kingdom
15063,2011-05-10 13:25:00,2011-05-10 13:25:00,1,370.79999999999995,5,United Kingdom
15064,2009-12-22 16:17:00,2010-10-25 14:32:00,4,1254.41,81,United Kingdom
15065,2010-10-25 09:13:00,2011-11-02 09:45:00,5,3326.86,166,United Kingdom
15066,2011-10-17 13:25:00,2011-10-17 13:25:00,1,893.59,42,United Kingdom
15067,2010-04-11 15:54:00,2011-09-22 13:20:00,5,3862.88,177,United Kingdom
15068,2010-03-28 13:18:00,2011-10-24 14:47:00,4,1174.9,218,United Kingdom
15069,2011-06-13 14:16:00,2011-06-13 14:16:00,1,1109.53,70,United Kingdom
15070,2009-12-15 13:49:00,2010-12-02 11:23:00,3,843.25,33,United Kingdom
15071,2010-05-18 12:45:00,2011-09-07 11:43:00,4,1455.56,54,United Kingdom
15072,2010-08-17 15:46:00,2010-08-17 15:46:00,1,187.51999999999998,13,United Kingdom
15073,2010-01-27 08:48:00,2011-11-30 10:44:00,8,2788.02,159,United Kingdom
15074,2010-08-29 11:47:00,2011-08-26 14:45:00,3,1553.1299999999999,72,United Kingdom
15075,2011-09-23 12:27:00,2011-09-23 12:27:00,1,773.03,27,United Kingdom
15076,2010-07-05 14:11:00,2011-06-20 08:23:00,3,1447.74,80,United Kingdom
15077,2009-12-09 17:10:00,2010-08-02 11:13:00,2,2428.08,32,United Kingdom
15078,2009-12-04 12:03:00,2011-12-02 15:41:00,52,17751.88,792,United Kingdom
15079,2009-12-08 11:22:00,2011-05-11 12:45:00,11,3767.35,145,United Kingdom
15080,2010-07-26 10:03:00,2010-10-08 11:52:00,2,546.25,31,United Kingdom
15081,2010-06-22 10:25:00,2011-11-17 17:08:00,12,1965.72,109,United Kingdom
15082,2010-02-09 10:23:00,2010-02-09 10:23:00,1,93.35000000000001,6,United Kingdom
15083,2011-03-28 12:18:00,2011-03-28 12:18:00,1,88.2,5,United Kingdom
15084,2010-03-04 10:45:00,2010-11-25 11:58:00,2,965.2,31,United Kingdom
15085,2009-12-10 11:47:00,2009-12-10 11:47:00,1,347.54,9,United Kingdom
15086,2010-03-24 13:56:00,2010-05-24 12:27:00,2,218.53,11,United Kingdom
15087,2011-03-03 10:34:00,2011-03-03 10:34:00,1,306.94,15,United Kingdom
15088,2011-10-03 14:05:00,2011-11-18 13:14:00,2,1160.07,57,United Kingdom
15089,2011-08-03 14:14:00,2011-11-29 16:31:00,6,2420.84,145,United Kingdom
15090,2011-02-04 14:03:00,2011-02-04 14:03:00,1,381.32,23,United Kingdom
15091,2010-02-03 11:46:00,2011-10-03 12:47:00,3,1046.6100000000001,57,United Kingdom
15092,2010-09-03 12:33:00,2011-05-08 14:10:00,3,776.46,45,United Kingdom
15093,2009-12-08 12:46:00,2011-11-21 13:09:00,23,14326.11,332,United Kingdom
15094,2010-03-05 12:56:00,2010-09-02 16:55:00,2,83.0,5,United Kingdom
15095,2010-01-21 09:37:00,2011-08-28 12:01:00,10,3141.64,124,United Kingdom
15096,2011-10-28 10:27:00,2011-10-28 10:27:00,1,219.39000000000001,11,United Kingdom
15097,2010-05-05 14:22:00,2011-12-05 14:03:00,3,908.35,66,United Kingdom
15098,2011-06-10 15:22:00,2011-06-10 15:33:00,3,39916.5,3,United Kingdom
15099,2011-09-16 13:13:00,2011-09-16 13:13:00,1,410.48,23,United Kingdom
15100,2010-01-07 14:33:00,2011-01-10 10:35:00,7,2894.7,18,United Kingdom
15101,2010-04-28 15:00:00,2011-12-01 10:18:00,6,1477.94,58,United Kingdom
15102,2010-06-11 10:16:00,2010-06-27 12:16:00,2,554.67,27,United Kingdom
15103,2011-09-14 13:54:00,2011-11-08 14:53:00,2,703.36,35,United Kingdom
15104,2011-03-02 14:16:00,2011-05-27 12:29:00,2,993.54,67,United Kingdom
15105,2010-03-23 12:18:00,2011-11-21 16:54:00,9,3094.91,151,United Kingdom
15106,2011-03-15 12:52:00,2011-11-22 09:16:00,5,1422.52,100,United Kingdom
15107,2010-09-14 10:47:00,2011-02-01 14:46:00,9,940.35,47,United Kingdom
15108,2011-04-26 10:54:00,2011-07-21 10:24:00,3,1159.25,57,European Community
15109,2009-12-04 12:33:00,2011-04-08 09:58:00,3,983.1,48,United Kingdom
15110,2010-08-11 15:49:00,2011-11-16 11:16:00,6,1505.8500000000001,53,United Kingdom
15111,2010-04-26 13:12:00,2011-11-10 16:58:00,5,2730.87,151,United Kingdom
15112,2010-04-07 14:17:00,2010-04-07 14:17:00,1,209.4,7,United Kingdom
15113,2011-10-16 15:27:00,2011-11-30 08:23:00,3,3509.04,96,United Kingdom
15114,2010-10-14 16:44:00,2011-11-09 15:05:00,12,3400.12,231,United Kingdom
15115,2009-12-07 11:20:00,2011-11-21 14:59:00,2,531.85,35,United Kingdom
15116,2011-05-19 08:50:00,2011-11-22 12:25:00,4,1352.75,45,United Kingdom
15117,2010-03-15 13:39:00,2011-11-25 08:12:00,8,2485.9700000000003,131,United Kingdom
15118,2011-07-28 14:54:00,2011-07-28 14:54:00,1,244.8,1,United Kingdom
15119,2011-04-08 09:08:00,2011-04-08 09:08:00,1,266.4,14,United Kingdom
15120,2011-07-29 09:48:00,2011-07-29 09:48:00,1,358.82,21,United Kingdom
15121,2011-02-24 12:41:00,2011-10-20 14:51:00,2,457.72,28,United Kingdom
15122,2010-03-30 14:05:00,2011-08-17 16:48:00,11,4487.27,227,United Kingdom
15123,2010-03-16 09:49:00,2011-12-02 13:12:00,5,4656.17,183,United Kingdom
15124,2010-02-26 10:49:00,2011-11-17 10:09:00,4,450.82,31,United Kingdom
15125,2010-03-31 13:29:00,2011-11-14 13:57:00,24,17024.87,240,United Kingdom
15126,2010-01-21 17:09:00,2010-06-21 12:31:00,2,449.49,25,United Kingdom
15127,2010-07-08 10:07:00,2011-10-05 10:30:00,2,711.5,28,United Kingdom
15128,2010-10-05 16:46:00,2011-10-10 13:54:00,5,1783.68,123,United Kingdom
15129,2010-04-08 17:15:00,2011-10-20 14:40:00,23,6860.18,207,United Kingdom
15130,2011-06-23 10:15:00,2011-06-23 10:15:00,1,330.11,22,United Kingdom
15131,2010-11-10 12:07:00,2010-11-10 12:07:00,1,80.28,7,United Kingdom
15132,2011-03-22 12:02:00,2011-11-21 17:10:00,5,977.9300000000001,52,United Kingdom
15133,2010-07-07 12:31:00,2011-08-04 10:44:00,5,1806.9,49,United Kingdom
15134,2010-10-13 12:44:00,2011-11-25 08:55:00,10,1596.29,85,United Kingdom
15135,2010-06-01 13:33:00,2011-04-14 19:16:00,2,305.68,20,United Kingdom
15136,2011-09-04 16:05:00,2011-12-07 12:26:00,4,1286.7,68,United Kingdom
15137,2010-01-28 15:45:00,2010-07-07 09:41:00,2,823.4,34,United Kingdom
15138,2010-11-11 09:16:00,2010-11-11 09:16:00,1,502.52,31,United Kingdom
15139,2011-01-07 12:44:00,2011-04-14 11:39:00,2,178.96,13,United Kingdom
15140,2010-09-23 13:07:00,2011-10-18 14:07:00,8,3243.69,112,United Kingdom
15141,2010-03-28 15:58:00,2010-09-08 11:33:00,7,1388.47,80,United Kingdom
15142,2010-07-27 09:05:00,2011-10-24 12:51:00,6,2619.92,142,United Kingdom
15143,2010-10-03 13:58:00,2011-04-28 12:03:00,2,563.63,31,United Kingdom
15144,2009-12-13 11:35:00,2011-12-01 15:12:00,29,12160.31,349,United Kingdom
15145,2011-04-05 15:20:00,2011-12-05 17:21:00,4,1194.73,67,United Kingdom
15146,2011-02-21 13:07:00,2011-06-28 12:09:00,2,1327.16,91,United Kingdom
15147,2011-04-13 15:57:00,2011-04-13 15:57:00,1,623.5,28,United Kingdom
15148,2011-11-29 08:21:00,2011-11-29 08:21:00,1,301.29,20,United Kingdom
15149,2010-02-28 11:13:00,2011-07-29 10:58:00,4,1524.6100000000001,68,United Kingdom
15150,2010-06-14 12:01:00,2011-11-22 12:52:00,13,8977.94,573,United Kingdom
15151,2010-07-18 12:19:00,2010-10-12 16:37:00,2,2085.61,57,United Kingdom
15152,2010-01-07 15:15:00,2011-11-30 12:32:00,14,5263.83,300,United Kingdom
15153,2011-11-08 17:09:00,2011-11-08 17:09:00,1,329.25,22,United Kingdom
15154,2010-08-18 17:41:00,2011-09-25 16:05:00,3,1343.72,173,United Kingdom
15155,2010-11-21 12:59:00,2010-11-21 12:59:00,1,383.96999999999997,24,United Kingdom
15156,2011-11-06 12:41:00,2011-12-08 18:22:00,3,961.49,55,United Kingdom
15157,2009-12-10 14:44:00,2011-12-06 11:28:00,5,2654.11,152,United Kingdom
15158,2010-11-03 13:46:00,2011-10-25 13:53:00,2,606.02,11,United Kingdom
15159,2010-10-04 09:31:00,2011-12-08 12:05:00,34,22116.73,810,United Kingdom
15160,2010-10-14 15:26:00,2010-12-17 14:15:00,4,589.27,23,United Kingdom
15161,2010-11-16 16:08:00,2010-11-16 16:08:00,1,119.92,33,United Kingdom
15162,2009-12-08 13:14:00,2009-12-08 13:14:00,1,312.9,12,United Kingdom
15163,2011-05-31 15:22:00,2011-11-21 13:10:00,2,304.47,29,United Kingdom
15164,2010-01-18 13:34:00,2011-10-02 12:05:00,9,2028.1100000000001,352,United Kingdom
15165,2010-12-01 14:03:00,2010-12-01 14:03:00,1,975.5,54,United Kingdom
15166,2010-08-29 12:31:00,2010-08-29 12:31:00,1,167.16,12,United Kingdom
15167,2010-02-04 14:13:00,2011-01-23 12:41:00,5,1627.62,304,United Kingdom
15168,2011-11-14 11:26:00,2011-11-14 11:26:00,1,106.56,5,United Kingdom
15169,2009-12-13 11:16:00,2010-11-22 13:04:00,2,569.22,59,United Kingdom
15170,2010-10-29 10:34:00,2010-10-29 10:34:00,1,81.15,4,United Kingdom
15171,2011-01-12 15:36:00,2011-01-12 15:36:00,1,1289.5,5,United Kingdom
15172,2011-04-17 11:56:00,2011-12-01 11:51:00,5,1624.05,110,United Kingdom
15173,2010-04-01 12:26:00,2010-11-24 10:21:00,7,1494.6,86,United Kingdom
15174,2010-10-25 09:40:00,2011-01-21 09:06:00,2,481.46,34,United Kingdom
15175,2011-09-29 11:31:00,2011-09-29 11:31:00,1,224.14,23,United Kingdom
15176,2010-02-10 10:36:00,2010-02-10 10:36:00,1,988.04,52,United Kingdom
15177,2010-10-10 12:48:00,2010-10-10 12:48:00,1,948.93,26,United Kingdom
15178,2011-03-24 15:12:00,2011-03-24 15:12:00,1,40.5,3,United Kingdom
15179,2009-12-03 12:27:00,2011-11-21 12:53:00,13,7491.92,314,United Kingdom
15180,2010-04-29 15:27:00,2010-12-07 14:57:00,3,904.4300000000001,58,United Kingdom
15181,2009-12-08 19:02:00,2011-10-04 13:58:00,5,1200.2,20,United Kingdom
15182,2010-02-21 12:03:00,2011-07-08 13:37:00,11,2998.9500000000003,123,United Kingdom
15183,2010-05-04 11:31:00,2010-06-10 10:43:00,3,639.93,38,United Kingdom
15184,2009-12-16 12:06:00,2011-11-10 13:41:00,4,685.39,84,United Kingdom
15185,2011-09-30 14:06:00,2011-09-30 14:06:00,1,310.62,21,United Kingdom
15186,2010-01-12 10:14:00,2011-11-25 14:58:00,5,1403.2,52,United Kingdom
15187,2011-05-11 13:49:00,2011-12-08 11:56:00,15,4762.18,90,United Kingdom
15188,2009-12-14 13:30:00,2009-12-14 13:30:00,1,310.43,23,United Kingdom
15189,2010-07-18 13:37:00,2011-12-08 13:22:00,46,17524.38,241,United Kingdom
15190,2010-10-01 13:09:00,2010-10-01 13:09:00,1,834.4399999999999,40,United Kingdom
15191,2010-01-20 12:35:00,2010-09-02 15:37:00,3,588.05,35,United Kingdom
15192,2010-01-29 10:13:00,2011-08-12 11:41:00,5,1981.39,106,United Kingdom
15193,2011-10-10 08:23:00,2011-10-10 08:23:00,1,499.32,19,United Kingdom
15194,2009-12-03 10:37:00,2011-12-06 15:10:00,28,12427.69,492,United Kingdom
15195,2011-12-07 12:20:00,2011-12-07 12:20:00,1,3861.0,1,United Kingdom
15196,2009-12-13 11:14:00,2010-10-03 10:50:00,2,313.7,42,United Kingdom
15197,2009-12-11 12:56:00,2011-11-29 10:00:00,6,1877.51,59,United Kingdom
15198,2010-01-19 10:01:00,2011-09-08 14:42:00,5,571.35,31,United Kingdom
15199,2010-05-13 10:14:00,2011-10-11 15:12:00,10,3122.4,51,United Kingdom
15200,2010-08-02 09:38:00,2010-08-02 09:38:00,1,549.05,30,United Kingdom
15201,2010-04-07 14:50:00,2011-09-13 14:53:00,7,1842.95,100,United Kingdom
15203,2009-12-08 18:06:00,2011-11-14 08:16:00,15,4400.18,343,United Kingdom
15204,2010-12-17 13:49:00,2010-12-17 13:49:00,1,316.58,9,United Kingdom
15205,2011-08-04 16:07:00,2011-09-15 19:36:00,2,653.24,37,United Kingdom
15206,2011-03-09 08:59:00,2011-11-29 13:41:00,4,420.29999999999995,9,United Kingdom
15207,2010-06-10 17:29:00,2010-10-19 13:29:00,3,683.9200000000001,24,United Kingdom
15208,2010-10-12 12:17:00,2011-12-08 17:24:00,6,970.52,48,United Kingdom
15209,2009-12-09 17:26:00,2009-12-09 17:26:00,1,178.98000000000002,13,United Kingdom
15210,2010-05-13 14:42:00,2011-04-28 16:11:00,3,1176.19,67,United Kingdom
15211,2010-12-09 16:08:00,2011-10-10 13:31:00,2,1277.48,75,United Kingdom
15212,2010-11-28 10:45:00,2011-04-12 13:45:00,2,208.28,10,United Kingdom
15213,2011-01-14 11:05:00,2011-01-25 12:21:00,2,328.35,24,United Kingdom
15214,2011-04-11 09:46:00,2011-12-08 12:07:00,8,1661.44,110,United Kingdom
15215,2010-04-06 11:21:00,2011-10-24 11:41:00,7,2422.43,113,United Kingdom
15216,2010-03-31 09:52:00,2011-09-13 11:41:00,2,486.09,24,United Kingdom
15217,2010-05-25 13:51:00,2010-05-25 13:51:00,1,426.24,28,United Kingdom
15218,2010-01-26 11:33:00,2011-11-29 11:48:00,22,11453.83,395,United Kingdom
15219,2010-03-01 11:33:00,2011-06-16 16:57:00,2,685.45,26,United Kingdom
15220,2011-03-04 10:24:00,2011-10-19 12:39:00,6,1778.96,117,United Kingdom
15221,2010-03-12 10:40:00,2010-12-08 13:08:00,4,2465.4500000000003,34,United Kingdom
15222,2009-12-16 13:49:00,2011-01-25 08:03:00,11,3550.91,138,United Kingdom
15223,2009-12-05 11:19:00,2011-04-28 11:31:00,5,1417.95,34,United Kingdom
15224,2010-01-15 16:14:00,2010-12-16 15:02:00,5,871.36,35,United Kingdom
15225,2011-04-19 14:51:00,2011-04-19 14:51:00,1,409.40000000000003,23,United Kingdom
15226,2011-02-02 11:41:00,2011-02-02 11:41:00,1,154.41,8,United Kingdom
15227,2010-03-16 08:23:00,2011-11-03 11:59:00,9,2488.4900000000002,120,United Kingdom
15228,2010-07-28 10:21:00,2011-10-04 13:56:00,6,5580.2699999999995,234,United Kingdom
15229,2010-05-02 13:50:00,2010-05-02 13:50:00,1,160.5,9,United Kingdom
15230,2011-04-13 11:04:00,2011-04-14 14:39:00,2,429.6,23,United Kingdom
15231,2010-03-28 15:12:00,2010-03-28 15:12:00,1,250.26,14,United Kingdom
15232,2011-07-22 12:21:00,2011-08-18 16:27:00,2,612.06,31,United Kingdom
15233,2010-11-03 13:36:00,2010-11-03 13:36:00,1,59.400000000000006,1,United Kingdom
15234,2011-03-08 08:53:00,2011-03-08 08:53:00,1,197.0,14,United Kingdom
15235,2010-11-16 12:48:00,2011-05-06 09:44:00,16,2937.81,187,United Kingdom
15236,2011-02-14 10:52:00,2011-02-14 10:52:00,1,321.05,15,United Kingdom
15237,2011-04-26 15:04:00,2011-12-08 09:46:00,4,1412.32,99,United Kingdom
15238,2011-06-08 16:00:00,2011-11-10 14:28:00,3,1071.99,50,United Kingdom
15239,2011-09-22 09:53:00,2011-11-29 14:14:00,2,780.59,49,United Kingdom
15240,2009-12-05 14:57:00,2011-10-26 09:50:00,12,4459.98,224,United Kingdom
15241,2010-02-23 13:59:00,2011-10-04 09:05:00,11,3050.16,184,United Kingdom
15242,2010-10-13 15:33:00,2010-10-13 15:33:00,1,302.04,4,United Kingdom
15243,2010-09-30 17:28:00,2011-09-26 14:12:00,2,927.2800000000001,61,United Kingdom
15244,2010-02-11 14:48:00,2011-10-05 13:19:00,3,912.08,48,United Kingdom
15245,2010-04-23 14:23:00,2011-07-28 18:56:00,8,4610.84,148,United Kingdom
15246,2010-06-02 11:28:00,2011-04-15 14:45:00,3,780.4,51,United Kingdom
15247,2010-06-20 14:08:00,2011-08-09 12:52:00,3,976.06,17,United Kingdom
15248,2010-06-23 14:34:00,2010-10-24 13:09:00,3,1893.93,106,United Kingdom
15249,2010-03-26 14:51:00,2011-11-08 11:45:00,18,9266.0,502,United Kingdom
15250,2010-03-09 07:35:00,2010-03-09 07:35:00,1,60.0,3,United Kingdom
15251,2010-01-29 12:42:00,2011-11-30 15:02:00,21,20324.54,230,United Kingdom
15252,2010-04-07 10:24:00,2011-11-03 13:30:00,5,2103.41,118,United Kingdom
15253,2010-05-02 11:17:00,2011-11-23 16:22:00,8,2055.09,116,United Kingdom
15254,2010-05-28 10:08:00,2011-08-04 15:04:00,3,1088.35,67,United Kingdom
15255,2009-12-03 09:10:00,2011-10-04 12:43:00,9,3706.02,188,United Kingdom
15256,2010-05-27 11:41:00,2011-07-14 11:47:00,2,170.4,10,United Kingdom
15257,2010-10-21 14:03:00,2011-03-01 12:58:00,2,685.9,12,United Kingdom
15258,2011-05-06 14:16:00,2011-06-24 12:30:00,2,623.16,34,United Kingdom
15259,2010-01-26 09:41:00,2010-07-15 08:47:00,4,1182.3799999999999,57,United Kingdom
15260,2009-12-06 11:45:00,2011-08-31 13:55:00,25,9188.23,398,United Kingdom
15261,2010-10-01 11:59:00,2011-07-27 15:20:00,4,1508.0,92,United Kingdom
15262,2010-08-08 15:55:00,2011-01-20 12:16:00,3,418.82,26,United Kingdom
15263,2011-08-25 10:26:00,2011-08-25 10:26:00,1,156.51,12,United Kingdom
15264,2010-06-27 13:29:00,2011-10-06 13:49:00,2,848.4,55,United Kingdom
15265,2009-12-01 17:08:00,2011-07-11 14:46:00,4,3345.64,193,United Kingdom
15266,2010-01-07 12:19:00,2011-01-05 13:40:00,5,852.21,45,United Kingdom
15267,2011-06-10 10:24:00,2011-11-17 15:59:00,5,1717.36,11,United Kingdom
15268,2010-04-13 11:27:00,2010-08-18 10:33:00,3,961.9000000000001,22,United Kingdom
15269,2010-11-14 12:58:00,2011-11-16 09:32:00,3,1225.3600000000001,35,United Kingdom
15270,2009-12-17 15:02:00,2011-11-24 09:24:00,21,8524.86,168,United Kingdom
15271,2010-08-05 14:57:00,2011-12-02 14:11:00,24,4640.29,594,United Kingdom
15272,2010-02-14 13:39:00,2011-10-13 12:59:00,6,2030.95,286,United Kingdom
15273,2010-04-19 11:31:00,2010-04-19 11:31:00,1,228.96,1,United Kingdom
15274,2011-11-21 14:17:00,2011-12-05 16:57:00,2,716.57,47,United Kingdom
15275,2011-11-02 11:20:00,2011-11-02 11:20:00,1,615.14,41,United Kingdom
15276,2010-10-01 12:24:00,2011-10-04 16:39:00,4,619.8,178,United Kingdom
15277,2010-10-10 16:02:00,2011-10-24 10:08:00,2,476.34,26,United Kingdom
15278,2010-02-12 14:53:00,2010-05-27 10:03:00,4,496.15999999999997,29,United Kingdom
15279,2010-02-02 10:15:00,2010-12-20 10:48:00,5,1580.54,94,United Kingdom
15280,2010-05-17 14:17:00,2011-06-20 17:14:00,3,397.52,60,United Kingdom
15281,2010-10-08 12:14:00,2011-10-12 09:10:00,16,8543.57,522,United Kingdom
15282,2010-05-18 16:27:00,2010-05-18 16:27:00,1,348.59,27,United Kingdom
15283,2010-07-09 15:46:00,2010-11-14 14:54:00,3,148.33,9,United Kingdom
15284,2010-07-27 13:25:00,2010-07-27 13:25:00,1,24.75,1,United Kingdom
15285,2010-10-28 09:46:00,2010-10-28 09:46:00,1,94.92,6,United Kingdom
15286,2011-10-21 11:08:00,2011-10-21 11:08:00,1,240.55,3,United Kingdom
15287,2009-12-02 12:13:00,2011-11-17 15:34:00,5,856.03,36,United Kingdom
15288,2010-02-12 15:27:00,2011-10-27 16:58:00,10,3872.1800000000003,178,United Kingdom
15289,2010-03-28 11:45:00,2011-11-10 13:49:00,5,1593.09,97,United Kingdom
15290,2010-02-24 10:15:00,2011-12-05 11:39:00,26,10496.28,292,United Kingdom
15291,2009-12-03 11:09:00,2011-11-14 11:02:00,39,13801.56,245,United Kingdom
15292,2011-05-22 15:00:00,2011-05-22 15:00:00,1,178.39,24,United Kingdom
15293,2010-02-12 11:54:00,2010-02-12 11:54:00,1,247.5,19,United Kingdom
15294,2010-10-25 11:45:00,2010-10-25 11:45:00,1,233.35,15,United Kingdom
15295,2010-02-23 13:03:00,2010-02-23 13:03:00,1,207.04,52,United Kingdom
15296,2010-01-21 13:48:00,2011-10-20 11:47:00,12,10323.03,534,United Kingdom
15297,2011-10-07 09:42:00,2011-11-29 16:32:00,3,641.94,39,United Kingdom
15298,2009-12-08 17:04:00,2011-12-07 17:17:00,23,9459.37,442,United Kingdom
15299,2010-01-12 11:34:00,2011-10-03 14:19:00,9,7391.54,12,United Kingdom
15300,2011-10-06 17:08:00,2011-10-06 17:08:00,1,496.44,28,United Kingdom
15301,2010-09-15 15:41:00,2011-10-20 09:57:00,17,7583.04,379,United Kingdom
15302,2009-12-09 13:11:00,2009-12-09 13:11:00,1,308.0,15,United Kingdom
15303,2010-01-25 09:42:00,2011-02-22 13:59:00,3,1224.18,69,United Kingdom
15304,2010-10-14 10:24:00,2011-10-10 10:23:00,9,919.5500000000001,29,United Kingdom
15305,2010-06-02 13:50:00,2010-06-02 13:50:00,1,93.6,5,United Kingdom
15306,2010-02-18 17:12:00,2011-10-06 12:56:00,9,3484.73,162,United Kingdom
15307,2011-09-05 11:38:00,2011-09-05 11:38:00,1,205.3,12,United Kingdom
15308,2011-03-10 13:08:00,2011-03-10 13:08:00,1,310.47,19,United Kingdom
15309,2009-12-04 13:01:00,2010-04-08 11:11:00,4,797.96,54,United Kingdom
15310,2010-08-18 11:38:00,2010-08-18 11:38:00,1,1634.64,45,United Kingdom
15311,2009-12-01 11:21:00,2011-12-09 12:00:00,207,116280.49,4401,United Kingdom
15312,2009-12-16 09:23:00,2011-09-25 13:10:00,12,2930.19,163,United Kingdom
15313,2011-08-21 16:02:00,2011-08-21 16:02:00,1,52.0,1,United Kingdom
15314,2010-10-07 15:41:00,2011-05-24 14:39:00,3,820.4499999999999,50,United Kingdom
15315,2011-08-15 15:17:00,2011-10-06 12:51:00,2,570.5,37,United Kingdom
15316,2011-01-17 11:34:00,2011-01-17 11:34:00,1,165.0,1,United Kingdom
15317,2010-01-31 15:55:00,2010-01-31 15:55:00,1,129.75,5,United Kingdom
15318,2011-12-06 11:30:00,2011-12-06 11:30:00,1,312.62,33,United Kingdom
15319,2011-03-01 12:48:00,2011-03-01 12:48:00,1,204.5,16,United Kingdom
15320,2011-10-26 13:27:00,2011-10-26 13:27:00,1,267.13,36,United Kingdom
15321,2010-02-03 09:47:00,2011-09-30 09:40:00,12,6709.7300000000005,309,United Kingdom
15322,2010-08-20 13:10:00,2011-09-15 09:34:00,2,1390.86,83,United Kingdom
15323,2010-02-16 09:21:00,2010-05-26 10:01:00,3,434.6,29,United Kingdom
15324,2010-01-07 14:37:00,2010-01-07 14:37:00,1,140.22000000000003,8,United Kingdom
15325,2010-02-16 13:30:00,2011-08-28 11:55:00,8,1601.46,224,United Kingdom
15326,2009-12-01 13:19:00,2011-01-10 11:38:00,5,1700.52,129,United Kingdom
15327,2011-10-18 11:55:00,2011-10-18 11:55:00,1,208.75,10,United Kingdom
15328,2010-10-28 09:05:00,2010-10-28 09:05:00,1,107.24,8,United Kingdom
15329,2009-12-14 12:18:00,2011-10-31 15:36:00,11,2958.83,154,United Kingdom
15330,2011-10-10 12:30:00,2011-11-07 17:50:00,2,714.96,13,United Kingdom
15331,2010-04-09 14:26:00,2010-07-28 09:42:00,3,767.91,44,United Kingdom
15332,2010-07-14 13:01:00,2010-12-08 14:43:00,6,6553.74,189,Lithuania
15333,2011-05-15 13:27:00,2011-05-15 13:27:00,1,1028.56,16,United Kingdom
15334,2011-06-19 13:51:00,2011-07-06 11:22:00,3,347.87,97,United Kingdom
15335,2011-10-17 12:50:00,2011-10-17 12:50:00,1,170.22,35,United Kingdom
15336,2010-11-03 12:39:00,2010-11-03 12:39:00,1,240.5,15,United Kingdom
15337,2010-10-24 15:29:00,2010-10-24 15:29:00,1,373.02,21,United Kingdom
15338,2010-01-31 14:25:00,2010-01-31 14:25:00,1,277.93,58,United Kingdom
15339,2010-02-08 13:38:00,2011-10-04 12:51:00,7,1821.02,220,United Kingdom
15340,2010-05-27 10:27:00,2010-05-27 10:27:00,1,105.5,7,United Kingdom
15341,2010-09-16 16:41:00,2011-09-20 09:40:00,2,2402.7200000000003,24,United Kingdom
15342,2011-08-02 10:19:00,2011-08-02 10:19:00,1,406.09,24,United Kingdom
15343,2011-09-13 13:55:00,2011-09-13 13:55:00,1,364.5,21,United Kingdom
15344,2011-09-26 14:48:00,2011-12-09 10:45:00,3,563.94,26,United Kingdom
15345,2011-10-25 11:28:00,2011-10-25 11:28:00,1,393.54,20,United Kingdom
15346,2010-10-04 15:11:00,2011-01-11 11:18:00,3,596.12,37,United Kingdom
15347,2010-09-28 12:50:00,2010-12-08 15:25:00,4,1363.6,41,United Kingdom
15348,2011-09-28 13:17:00,2011-09-28 13:17:00,1,158.04,9,United Kingdom
15349,2011-06-05 15:46:00,2011-07-04 16:06:00,2,463.90999999999997,71,United Kingdom
15350,2010-11-21 15:14:00,2010-12-01 13:33:00,2,663.25,35,United Kingdom
15351,2010-10-03 12:18:00,2011-11-27 12:52:00,10,3704.89,365,United Kingdom
15352,2010-06-09 11:28:00,2010-06-09 11:28:00,1,111.15,34,United Kingdom
15353,2009-12-02 11:33:00,2011-03-30 12:15:00,7,3106.12,372,United Kingdom
15355,2011-10-17 15:22:00,2011-11-10 13:44:00,2,277.05,14,United Kingdom
15356,2010-10-13 13:12:00,2011-11-08 13:11:00,13,3382.69,718,United Kingdom
15358,2009-12-07 12:19:00,2011-12-05 09:04:00,42,17050.41,1130,United Kingdom
15359,2010-01-15 11:30:00,2010-02-15 10:47:00,8,181.35,16,United Kingdom
15360,2011-10-31 09:35:00,2011-10-31 09:35:00,1,427.93,13,United Kingdom
15361,2010-06-14 13:27:00,2010-12-13 09:52:00,4,689.07,10,United Kingdom
15362,2009-12-01 09:08:00,2010-09-17 10:37:00,2,613.08,40,United Kingdom
15363,2010-08-04 08:41:00,2010-12-02 12:28:00,2,1004.11,51,United Kingdom
15364,2011-03-30 13:39:00,2011-09-05 09:46:00,2,913.19,29,United Kingdom
15365,2010-02-04 16:43:00,2011-11-14 08:29:00,13,4557.13,218,United Kingdom
15366,2010-02-26 10:10:00,2011-09-25 15:01:00,7,2389.08,138,United Kingdom
15367,2009-12-10 14:20:00,2011-10-13 14:13:00,11,5081.33,279,United Kingdom
15368,2010-11-10 15:52:00,2011-11-18 14:42:00,2,722.74,8,United Kingdom
15369,2009-12-08 07:43:00,2010-08-04 13:54:00,11,6251.26,59,United Kingdom
15370,2010-10-25 12:08:00,2011-10-30 10:58:00,8,3739.01,144,United Kingdom
15371,2010-02-15 13:14:00,2010-02-15 13:14:00,1,59.400000000000006,1,United Kingdom
15372,2010-02-14 11:24:00,2011-07-25 16:39:00,8,6017.06,57,United Kingdom
15373,2010-05-02 11:57:00,2011-12-01 15:05:00,17,3418.84,200,United Kingdom
15374,2010-03-25 12:03:00,2011-08-03 09:59:00,2,307.32,10,United Kingdom
15375,2010-01-18 15:38:00,2010-01-18 15:38:00,1,60.959999999999994,6,United Kingdom
15376,2011-05-01 13:45:00,2011-10-30 15:04:00,3,1221.56,116,United Kingdom
15377,2010-10-20 11:42:00,2010-11-22 08:55:00,4,1211.75,21,United Kingdom
15378,2010-07-26 08:47:00,2010-09-03 11:30:00,2,246.5,12,United Kingdom
15379,2010-11-04 11:59:00,2011-06-23 13:13:00,8,4877.84,263,United Kingdom
15380,2009-12-01 13:50:00,2011-12-01 12:13:00,11,3479.0600000000004,53,United Kingdom
15381,2010-05-05 14:35:00,2011-05-10 11:55:00,5,1890.5700000000002,24,United Kingdom
15382,2009-12-04 14:13:00,2011-11-25 10:58:00,12,13733.550000000001,632,United Kingdom
15384,2010-04-26 12:38:00,2011-06-23 10:57:00,4,2027.79,118,United Kingdom
15385,2010-01-31 13:02:00,2011-10-30 15:11:00,3,942.08,21,United Kingdom
15386,2011-06-06 13:47:00,2011-06-06 13:47:00,1,394.14,31,United Kingdom
15387,2010-08-04 16:05:00,2010-08-04 16:05:00,1,468.65,20,United Kingdom
15388,2011-03-14 13:53:00,2011-03-14 13:53:00,1,140.54,10,Canada
15389,2010-01-27 12:44:00,2011-06-20 16:18:00,5,2733.8,6,United Kingdom
15390,2010-10-26 17:23:00,2010-11-08 15:19:00,2,1216.66,77,Canada
15391,2010-05-04 15:04:00,2010-05-04 15:04:00,1,289.87,12,United Kingdom
15392,2010-10-04 12:50:00,2011-12-05 11:01:00,7,2911.62,144,United Kingdom
15393,2009-12-15 17:56:00,2011-11-23 16:48:00,5,891.34,44,United Kingdom
15394,2009-12-15 19:05:00,2011-11-30 11:49:00,11,5286.8,227,United Kingdom
15395,2011-01-18 12:40:00,2011-01-18 12:40:00,1,107.45,7,United Kingdom
15396,2010-05-05 09:04:00,2011-08-19 10:56:00,2,796.38,16,United Kingdom
15397,2011-02-23 09:25:00,2011-02-23 09:25:00,1,94.0,6,United Kingdom
15398,2011-09-22 14:56:00,2011-11-23 16:47:00,2,1345.53,73,United Kingdom
15399,2011-09-21 15:57:00,2011-12-08 13:04:00,3,815.77,50,United Kingdom
15400,2010-05-28 08:33:00,2011-09-08 13:57:00,8,1302.3,27,United Kingdom
15401,2010-05-20 10:56:00,2010-09-13 13:42:00,2,216.95000000000002,14,United Kingdom
15402,2010-04-27 12:12:00,2011-07-14 12:17:00,6,1830.12,130,United Kingdom
15403,2009-12-09 12:45:00,2010-08-05 12:21:00,2,170.88,8,United Kingdom
15404,2010-11-29 11:03:00,2010-11-29 11:03:00,1,257.06,16,United Kingdom
15405,2010-05-12 15:56:00,2011-06-03 14:44:00,2,659.84,30,United Kingdom
15406,2010-09-12 13:06:00,2011-11-08 13:22:00,4,975.87,122,United Kingdom
15407,2011-02-07 13:18:00,2011-11-06 11:55:00,4,1046.74,148,United Kingdom
15408,2011-03-20 15:02:00,2011-03-20 15:02:00,1,267.18,34,United Kingdom
15409,2009-12-18 15:35:00,2009-12-18 15:35:00,1,131.25,9,United Kingdom
15410,2010-04-19 08:57:00,2011-09-16 14:47:00,10,4685.72,162,United Kingdom
15411,2011-06-10 12:30:00,2011-11-13 15:19:00,4,1348.93,98,United Kingdom
15412,2011-06-21 15:24:00,2011-06-21 15:24:00,1,190.53,10,United Kingdom
15413,2009-12-01 10:18:00,2010-01-17 11:33:00,5,6798.72,25,United Kingdom
15414,2011-04-11 13:45:00,2011-11-30 09:50:00,3,774.9000000000001,39,United Kingdom
15415,2011-01-30 14:13:00,2011-01-30 14:13:00,1,559.61,47,United Kingdom
15416,2010-02-01 11:55:00,2011-10-06 09:38:00,7,4572.82,228,United Kingdom
15417,2011-09-15 15:26:00,2011-09-15 15:26:00,1,508.8,28,United Kingdom
15418,2010-05-02 11:31:00,2010-10-10 13:38:00,2,449.42,68,United Kingdom
15419,2011-11-15 09:23:00,2011-11-15 09:23:00,1,135.86,8,United Kingdom
15420,2009-12-05 13:29:00,2010-10-01 15:46:00,6,743.0,56,United Kingdom
15421,2009-12-07 15:10:00,2011-10-12 09:20:00,10,3805.34,316,United Kingdom
15422,2010-02-07 11:52:00,2011-01-20 16:17:00,7,1619.97,120,United Kingdom
15423,2010-03-28 13:42:00,2011-11-01 14:01:00,3,266.89,14,United Kingdom
15424,2010-09-02 17:17:00,2011-03-30 13:02:00,3,597.78,33,United Kingdom
15425,2010-02-14 12:36:00,2010-11-04 18:13:00,4,1941.1200000000001,143,United Kingdom
15426,2010-05-02 15:10:00,2011-11-20 15:36:00,9,2538.92,505,United Kingdom
15427,2011-10-23 14:47:00,2011-11-06 14:29:00,3,1430.54,292,United Kingdom
15428,2009-12-17 17:46:00,2011-11-24 16:54:00,4,762.75,44,United Kingdom
15429,2011-09-25 13:42:00,2011-11-13 12:28:00,2,397.35,82,United Kingdom
15430,2010-06-29 15:04:00,2010-08-29 10:42:00,2,954.75,36,United Kingdom
15431,2010-07-25 12:44:00,2010-07-25 12:44:00,1,153.24,2,United Kingdom
15432,2010-06-16 14:34:00,2011-11-16 16:30:00,2,320.76,16,United Kingdom
15433,2011-03-17 14:12:00,2011-05-10 10:45:00,2,533.3,41,United Kingdom
15434,2010-01-24 15:35:00,2011-12-01 13:33:00,11,2567.06,134,United Kingdom
15435,2011-11-17 16:39:00,2011-11-17 16:39:00,1,149.29,29,United Kingdom
15436,2011-04-19 16:52:00,2011-11-27 16:05:00,3,1067.75,291,United Kingdom
15437,2010-03-09 10:45:00,2011-03-22 13:11:00,2,393.45,57,United Kingdom
15438,2011-07-31 14:19:00,2011-07-31 14:19:00,1,156.57999999999998,25,United Kingdom
15439,2010-02-24 12:05:00,2010-10-31 10:38:00,4,1269.05,57,United Kingdom
15440,2011-05-15 11:30:00,2011-10-16 12:16:00,3,383.68,62,United Kingdom
15441,2009-12-09 14:55:00,2010-11-08 15:50:00,3,1254.21,57,United Kingdom
15442,2011-04-05 12:24:00,2011-04-05 12:24:00,1,594.0,2,United Kingdom
15443,2010-03-07 12:10:00,2011-12-08 10:40:00,14,5114.23,625,United Kingdom
15444,2011-10-30 16:12:00,2011-11-30 17:37:00,2,1411.21,214,United Kingdom
15445,2010-04-28 15:00:00,2011-03-20 15:06:00,2,284.5,14,United Kingdom
15446,2009-12-13 13:53:00,2010-11-28 11:59:00,3,396.75,111,United Kingdom
15447,2010-03-24 14:40:00,2011-01-13 11:26:00,5,492.88,29,United Kingdom
15448,2010-02-03 13:29:00,2011-01-31 10:42:00,2,788.81,49,United Kingdom
15449,2011-03-23 10:43:00,2011-11-13 15:02:00,3,974.52,60,United Kingdom
15450,2011-11-09 17:11:00,2011-11-09 17:11:00,1,429.84,30,United Kingdom
15451,2010-04-19 14:08:00,2010-10-01 13:40:00,2,226.86,60,United Kingdom
15452,2010-07-16 14:23:00,2011-11-10 12:13:00,6,1785.1100000000001,199,United Kingdom
15453,2011-06-05 12:37:00,2011-12-08 10:59:00,7,1371.77,279,United Kingdom
15454,2010-03-31 13:15:00,2010-12-12 14:21:00,2,303.89,39,United Kingdom
15455,2010-04-21 12:43:00,2010-04-21 12:43:00,1,38.25,2,United Kingdom
15456,2009-12-08 12:54:00,2011-03-01 13:51:00,10,2091.52,227,United Kingdom
15457,2011-03-22 15:31:00,2011-03-22 15:31:00,1,237.07,58,United Kingdom
15458,2010-11-02 19:50:00,2011-11-14 13:08:00,2,370.43999999999994,13,United Kingdom
15459,2010-07-30 14:31:00,2010-10-18 15:25:00,2,202.82999999999998,7,United Kingdom
15460,2010-12-20 16:08:00,2010-12-20 16:08:00,1,214.26,56,United Kingdom
15461,2010-03-18 12:40:00,2010-09-05 12:31:00,2,429.7,2,United Kingdom
15462,2010-09-20 10:23:00,2011-09-06 13:11:00,4,737.05,41,United Kingdom
15463,2011-11-10 12:57:00,2011-11-10 12:57:00,1,126.14,7,United Kingdom
15464,2011-01-05 15:56:00,2011-01-05 15:56:00,1,1044.65,155,United Kingdom
15465,2009-12-10 09:42:00,2011-11-20 10:11:00,32,12636.15,262,United Kingdom
15466,2009-12-03 12:28:00,2011-09-15 14:08:00,4,1560.46,262,United Kingdom
15467,2011-07-10 14:42:00,2011-11-30 14:17:00,3,524.88,52,United Kingdom
15468,2010-11-12 09:39:00,2011-10-19 13:49:00,3,1430.48,80,United Kingdom
15469,2010-09-27 10:09:00,2011-10-20 16:21:00,3,874.25,43,United Kingdom
15470,2010-05-13 09:35:00,2010-05-13 09:35:00,1,63.419999999999995,4,United Kingdom
15471,2010-06-07 12:17:00,2011-12-07 14:12:00,3,1292.01,155,United Kingdom
15472,2011-08-18 15:17:00,2011-08-18 15:17:00,1,371.56,76,United Kingdom
15473,2010-09-21 09:14:00,2011-11-25 15:15:00,8,2046.0,14,United Kingdom
15474,2010-04-23 11:14:00,2010-04-23 11:14:00,1,150.35,19,United Kingdom
15475,2011-09-23 15:20:00,2011-09-23 15:20:00,1,454.10999999999996,29,United Kingdom
15476,2010-09-23 14:00:00,2010-11-24 15:17:00,4,2209.98,79,United Kingdom
15477,2010-02-28 10:37:00,2010-02-28 10:37:00,1,368.4,2,United Kingdom
15478,2010-05-13 18:49:00,2011-10-30 14:19:00,3,1940.98,67,United Kingdom
15479,2009-12-06 15:08:00,2009-12-06 15:08:00,1,147.4,9,United Kingdom
15480,2010-02-01 14:52:00,2011-08-15 14:32:00,3,3592.25,213,Malta
15481,2010-11-03 14:52:00,2010-11-03 14:52:00,1,1993.34,38,Norway
15482,2009-12-02 16:59:00,2011-11-24 10:46:00,18,14377.36,147,United Kingdom
15483,2010-01-24 15:42:00,2011-07-01 13:07:00,10,810.68,268,United Kingdom
15484,2009-12-05 15:18:00,2011-12-08 15:03:00,6,4652.1,240,United Kingdom
15485,2009-12-01 17:31:00,2011-11-09 14:31:00,7,5750.51,159,United Kingdom
15486,2010-06-30 13:15:00,2010-06-30 13:15:00,1,102.0,1,United Kingdom
15487,2010-01-29 12:07:00,2010-01-29 12:07:00,1,231.32,14,United Kingdom
15488,2010-05-05 13:03:00,2011-09-08 10:11:00,5,431.92,11,United Kingdom
15489,2010-01-15 16:58:00,2011-11-17 08:53:00,8,2419.61,114,United Kingdom
15490,2010-10-05 13:11:00,2010-10-05 13:11:00,1,210.85,25,United Kingdom
15491,2011-04-18 10:04:00,2011-09-05 15:56:00,6,3100.09,154,United Kingdom
15492,2011-09-26 14:02:00,2011-11-11 14:53:00,2,659.4599999999999,35,United Kingdom
15493,2010-02-23 11:14:00,2011-11-07 12:04:00,9,4113.19,611,United Kingdom
15494,2009-12-10 20:16:00,2011-11-18 14:51:00,5,3702.6,368,United Kingdom
15495,2010-11-25 13:46:00,2010-11-25 13:46:00,1,246.5,20,United Kingdom
15496,2010-03-18 13:16:00,2010-03-18 13:16:00,1,146.14000000000001,22,United Kingdom
15497,2009-12-18 15:08:00,2011-11-22 11:51:00,9,8657.39,121,United Kingdom
15498,2009-12-16 17:27:00,2011-12-07 12:48:00,44,25949.58,969,United Kingdom
15499,2009-12-16 12:17:00,2009-12-16 12:17:00,1,158.65,41,United Kingdom
15500,2011-09-19 13:47:00,2011-12-01 13:47:00,4,1131.56,68,United Kingdom
15501,2010-10-20 12:47:00,2010-10-31 11:15:00,2,399.95,69,United Kingdom
15502,2010-06-03 11:12:00,2011-11-24 12:48:00,12,10472.32,354,United Kingdom
15503,2009-12-13 11:34:00,2010-12-12 10:57:00,2,257.3,117,United Kingdom
15504,2010-02-12 12:34:00,2011-09-19 13:45:00,4,391.45,63,United Kingdom
15505,2011-07-07 13:33:00,2011-10-18 07:56:00,5,3610.96,97,United Kingdom
15506,2010-08-19 12:38:00,2011-11-17 12:11:00,6,2030.33,273,United Kingdom
15507,2011-06-21 11:19:00,2011-06-21 11:19:00,1,475.86,45,United Kingdom
15508,2011-04-18 15:31:00,2011-06-03 15:43:00,6,1000.27,92,United Kingdom
15509,2010-11-24 14:48:00,2010-11-24 14:48:00,1,152.41,26,United Kingdom
15510,2011-01-13 12:10:00,2011-01-13 12:10:00,1,250.0,1,United Kingdom
15511,2011-09-15 15:05:00,2011-11-28 09:43:00,5,900.53,158,United Kingdom
15512,2010-02-01 13:23:00,2011-07-07 10:20:00,4,331.58,32,United Kingdom
15513,2010-01-13 14:59:00,2011-11-06 14:36:00,35,27750.55,562,United Kingdom
15514,2009-12-04 16:37:00,2011-11-27 14:40:00,18,6388.28,316,United Kingdom
15515,2010-11-17 13:39:00,2010-11-17 13:39:00,1,171.81,7,United Kingdom
15516,2011-10-24 11:33:00,2011-10-26 10:51:00,3,62.43,15,United Kingdom
15517,2011-04-20 14:02:00,2011-04-20 14:02:00,1,267.03,27,United Kingdom
15518,2009-12-20 12:21:00,2011-10-06 13:05:00,15,4189.99,448,United Kingdom
15519,2010-09-19 13:57:00,2010-11-21 14:35:00,2,344.61,37,United Kingdom
15520,2011-12-08 10:58:00,2011-12-08 10:58:00,1,343.5,18,United Kingdom
15521,2010-01-05 10:19:00,2011-10-30 13:42:00,16,7087.64,401,United Kingdom
15522,2011-09-13 12:26:00,2011-11-07 11:26:00,2,397.99,56,United Kingdom
15523,2009-12-02 15:16:00,2011-09-16 16:29:00,16,17259.19,212,United Kingdom
15524,2010-04-12 09:19:00,2011-11-15 12:09:00,2,591.4,9,United Kingdom
15525,2010-11-22 12:10:00,2011-12-07 14:43:00,4,1162.65,227,United Kingdom
15526,2011-11-06 15:01:00,2011-11-06 15:04:00,2,148.44,4,United Kingdom
15527,2009-12-15 17:31:00,2011-11-21 12:17:00,23,5554.04,328,United Kingdom
15528,2011-03-30 16:14:00,2011-03-30 16:14:00,1,229.33,26,United Kingdom
15529,2010-11-10 14:26:00,2011-11-17 11:29:00,12,5076.77,799,United Kingdom
15530,2010-07-15 11:10:00,2011-11-18 12:25:00,5,1808.68,142,United Kingdom
15531,2011-11-09 17:47:00,2011-12-01 18:43:00,2,1972.39,219,United Kingdom
15532,2010-06-08 14:52:00,2011-11-14 14:51:00,10,3717.2,614,United Kingdom
15533,2011-09-11 15:41:00,2011-11-20 15:35:00,3,807.57,83,United Kingdom
15534,2009-12-14 12:48:00,2009-12-14 12:48:00,1,162.25,8,United Kingdom
15535,2010-09-16 20:04:00,2011-06-19 16:02:00,6,1044.3700000000001,130,United Kingdom
15536,2010-10-26 16:31:00,2010-10-26 16:31:00,1,259.09,16,United Kingdom
15537,2011-06-29 13:10:00,2011-06-29 13:10:00,1,110.92,24,United Kingdom
15538,2010-02-14 12:38:00,2010-06-20 10:49:00,6,3358.3999999999996,14,United Kingdom
15539,2011-12-02 13:36:00,2011-12-02 13:36:00,1,538.46,41,United Kingdom
15540,2010-11-29 11:10:00,2011-11-28 13:51:00,2,460.68,31,United Kingdom
15541,2011-08-17 14:58:00,2011-08-17 14:58:00,1,85.13000000000001,29,United Kingdom
15542,2009-12-02 11:53:00,2010-07-15 13:32:00,3,855.71,226,United Kingdom
15543,2010-09-06 11:28:00,2011-02-24 15:26:00,2,242.26,56,United Kingdom
15544,2010-01-28 14:39:00,2011-11-30 16:43:00,20,8162.43,557,United Kingdom
15545,2010-12-03 17:28:00,2011-10-16 13:24:00,2,424.3,111,United Kingdom
15546,2010-04-12 11:45:00,2010-04-12 11:51:00,2,1079.1000000000001,12,United Kingdom
15547,2009-12-06 13:40:00,2011-12-02 12:52:00,26,10002.65,1329,United Kingdom
15548,2010-04-23 12:20:00,2010-04-23 12:20:00,1,158.09,23,United Kingdom
15549,2010-01-11 13:16:00,2011-09-23 16:22:00,8,2330.41,160,United Kingdom
15550,2009-12-03 15:15:00,2011-12-05 15:38:00,12,2211.05,235,United Kingdom
15551,2010-06-07 15:05:00,2011-11-03 12:37:00,7,1679.81,143,United Kingdom
15552,2010-03-26 16:17:00,2011-05-06 14:47:00,2,252.52,30,United Kingdom
15553,2011-10-10 14:02:00,2011-10-10 14:02:00,1,428.93,55,United Kingdom
15554,2011-03-07 09:00:00,2011-03-07 09:00:00,1,217.2,14,United Kingdom
15555,2009-12-06 11:58:00,2011-11-27 16:19:00,36,12052.56,1656,United Kingdom
15556,2011-11-15 16:08:00,2011-11-15 16:08:00,1,279.77,31,United Kingdom
15557,2011-11-11 12:46:00,2011-11-11 12:46:00,1,468.91,19,United Kingdom
15558,2010-03-10 15:25:00,2010-03-10 15:25:00,1,202.68,23,United Kingdom
15559,2010-05-20 14:06:00,2010-05-20 14:06:00,1,1109.4,62,United Kingdom
15560,2010-11-07 10:14:00,2010-11-07 10:15:00,2,153.52,10,United Kingdom
15561,2010-02-14 12:22:00,2011-11-28 11:07:00,8,1934.3899999999999,92,United Kingdom
15562,2009-12-13 15:17:00,2010-12-23 09:55:00,3,671.4300000000001,33,United Kingdom
15563,2010-01-28 11:36:00,2011-11-17 12:59:00,6,2820.46,255,United Kingdom
15564,2010-02-01 15:58:00,2010-09-02 15:52:00,2,70.74000000000001,4,United Kingdom
15565,2011-09-30 10:44:00,2011-10-20 14:33:00,2,173.16,8,United Kingdom
15566,2009-12-15 14:53:00,2010-11-12 12:11:00,2,227.87,12,United Kingdom
15567,2011-11-21 10:48:00,2011-11-21 10:48:00,1,186.01,7,United Kingdom
15568,2011-09-27 14:37:00,2011-12-07 11:27:00,3,758.29,53,United Kingdom
15569,2010-02-28 10:55:00,2011-08-28 10:15:00,10,3583.45,140,United Kingdom
15570,2010-03-28 14:04:00,2011-12-02 14:47:00,25,9254.14,774,United Kingdom
15571,2009-12-06 12:10:00,2011-11-28 10:02:00,14,3892.35,600,United Kingdom
15572,2010-04-14 14:38:00,2011-12-05 10:09:00,10,3965.2,343,United Kingdom
15573,2009-12-10 14:19:00,2011-11-08 11:38:00,5,1180.47,210,United Kingdom
15574,2010-09-01 14:37:00,2011-06-15 12:01:00,6,1450.48,335,United Kingdom
15575,2010-03-30 12:50:00,2010-03-30 12:50:00,1,30.1,3,United Kingdom
15576,2011-11-02 12:03:00,2011-11-02 12:03:00,1,921.37,43,United Kingdom
15577,2009-12-13 16:17:00,2011-07-11 17:03:00,5,396.03000000000003,59,United Kingdom
15578,2011-06-30 13:03:00,2011-06-30 13:03:00,1,127.1,13,United Kingdom
15579,2010-10-03 14:37:00,2011-10-02 12:45:00,5,1250.63,161,United Kingdom
15580,2010-02-07 11:21:00,2010-11-28 11:00:00,8,1375.39,225,United Kingdom
15581,2009-12-02 12:19:00,2011-07-06 14:04:00,34,4777.5,700,United Kingdom
15582,2011-05-03 13:36:00,2011-11-15 09:55:00,3,682.9100000000001,44,United Kingdom
15583,2010-11-28 15:04:00,2010-11-28 15:04:00,1,95.96,39,United Kingdom
15584,2010-02-07 12:16:00,2011-11-16 10:55:00,6,1268.2,220,United Kingdom
15585,2011-06-16 08:38:00,2011-06-16 08:38:00,1,455.3,31,United Kingdom
15586,2010-01-08 10:02:00,2010-04-26 11:00:00,3,1139.1,38,United Kingdom
15587,2010-08-05 08:44:00,2011-10-20 13:37:00,7,1522.0800000000002,14,United Kingdom
15588,2010-01-31 12:19:00,2010-01-31 12:19:00,1,579.6,4,United Kingdom
15589,2011-02-02 10:46:00,2011-03-29 09:54:00,3,478.53000000000003,29,United Kingdom
15590,2010-04-12 10:09:00,2010-11-22 14:49:00,5,1496.6,87,United Kingdom
15591,2010-02-04 09:20:00,2010-05-06 09:23:00,3,217.9,7,United Kingdom
15592,2011-10-24 08:59:00,2011-10-24 08:59:00,1,388.58,24,United Kingdom
15593,2011-09-30 11:46:00,2011-09-30 11:46:00,1,199.8,5,United Kingdom
15594,2011-04-19 10:08:00,2011-11-24 08:53:00,5,1771.78,103,United Kingdom
15595,2010-08-09 12:27:00,2010-08-09 12:27:00,1,357.6,4,United Kingdom
15596,2010-07-28 11:46:00,2011-08-31 10:55:00,9,3130.04,176,United Kingdom
15597,2010-05-13 13:10:00,2011-11-04 13:26:00,2,563.37,37,United Kingdom
15598,2010-10-08 09:20:00,2011-10-17 16:04:00,2,548.02,36,United Kingdom
15599,2010-09-20 10:15:00,2011-11-13 11:44:00,3,1250.06,83,United Kingdom
15600,2010-04-25 11:50:00,2010-10-07 14:30:00,4,1199.31,71,United Kingdom
15601,2009-12-01 14:53:00,2011-11-28 15:15:00,30,14960.12,872,United Kingdom
15602,2009-12-02 09:35:00,2011-12-01 14:14:00,16,3230.51,128,United Kingdom
15603,2010-03-01 16:02:00,2011-09-22 10:04:00,2,88.48,4,United Kingdom
15604,2011-10-18 14:47:00,2011-10-18 14:47:00,1,216.39,17,United Kingdom
15605,2010-01-14 14:03:00,2011-11-03 14:17:00,9,1936.8,111,United Kingdom
15606,2010-03-02 14:48:00,2011-10-09 15:47:00,17,5230.99,145,United Kingdom
15607,2010-01-08 12:16:00,2011-01-07 12:44:00,9,1708.97,109,United Kingdom
15608,2010-10-20 10:10:00,2011-11-11 13:20:00,5,1785.98,105,United Kingdom
15609,2011-06-08 13:00:00,2011-06-08 13:00:00,1,298.48,16,United Kingdom
15610,2011-10-19 10:36:00,2011-10-19 10:36:00,1,112.46000000000001,6,United Kingdom
15611,2010-01-25 14:50:00,2011-11-30 12:36:00,24,2976.28,92,United Kingdom
15612,2011-10-09 12:49:00,2011-11-03 14:52:00,2,195.15,6,United Kingdom
15613,2010-04-08 12:51:00,2010-04-08 12:51:00,1,433.71999999999997,27,United Kingdom
15614,2010-03-23 11:13:00,2010-09-28 10:46:00,4,3147.36,81,United Kingdom
15615,2009-12-02 15:28:00,2011-11-29 14:42:00,47,21373.97,901,United Kingdom
15616,2010-09-27 13:10:00,2010-09-27 13:10:00,1,317.11,13,United Kingdom
15617,2010-07-20 13:16:00,2010-11-08 16:07:00,3,828.5500000000001,42,United Kingdom
15618,2011-07-26 10:13:00,2011-11-07 08:34:00,4,776.85,44,United Kingdom
15619,2011-11-29 08:14:00,2011-11-29 08:14:00,1,336.40000000000003,3,United Kingdom
15620,2010-10-26 11:32:00,2011-10-14 12:41:00,4,1942.36,129,United Kingdom
15621,2011-11-18 11:49:00,2011-12-05 14:01:00,4,1293.03,16,United Kingdom
15622,2010-03-04 10:29:00,2011-10-27 16:44:00,17,7852.61,426,United Kingdom
15623,2009-12-10 14:46:00,2011-07-21 17:26:00,8,2437.05,108,United Kingdom
15624,2011-03-28 13:32:00,2011-08-15 11:38:00,4,588.13,34,United Kingdom
15625,2010-06-15 15:23:00,2011-08-28 10:21:00,9,3236.4,171,United Kingdom
15626,2010-10-14 17:16:00,2011-09-26 10:03:00,3,1067.52,80,United Kingdom
15627,2010-07-05 11:56:00,2010-09-08 14:14:00,2,566.9,24,United Kingdom
15628,2009-12-13 13:39:00,2011-12-05 10:24:00,17,5652.26,318,United Kingdom
15629,2010-06-25 11:39:00,2010-09-15 13:46:00,4,2240.9,77,United Kingdom
15630,2010-03-05 14:30:00,2011-10-25 15:36:00,3,1481.4,80,United Kingdom
15631,2010-03-07 14:52:00,2010-03-07 14:52:00,1,596.67,39,United Kingdom
15632,2011-03-10 08:29:00,2011-11-24 09:51:00,8,3285.31,167,United Kingdom
15633,2009-12-08 17:51:00,2010-07-18 13:54:00,13,4335.96,176,United Kingdom
15634,2010-11-21 15:30:00,2011-11-22 16:28:00,2,554.65,34,United Kingdom
15635,2010-11-09 08:58:00,2010-11-09 08:58:00,1,100.35,2,United Kingdom
15636,2010-05-19 11:37:00,2011-09-11 11:17:00,4,1444.58,57,United Kingdom
15637,2009-12-15 17:54:00,2011-10-18 08:28:00,5,797.59,41,United Kingdom
15638,2010-04-08 14:37:00,2010-11-26 11:52:00,6,2265.2,25,United Kingdom
15639,2010-04-13 13:11:00,2011-07-28 14:30:00,3,1065.08,69,United Kingdom
15640,2009-12-14 16:36:00,2011-12-05 14:35:00,29,23793.23,754,United Kingdom
15641,2009-12-06 15:31:00,2011-08-26 14:04:00,12,5345.55,311,United Kingdom
15642,2009-12-10 11:51:00,2009-12-10 11:51:00,1,105.78000000000002,6,United Kingdom
15643,2011-03-02 14:34:00,2011-06-01 07:38:00,3,664.0,33,United Kingdom
15644,2011-03-23 15:37:00,2011-06-26 14:54:00,4,803.54,232,United Kingdom
15645,2010-10-10 12:51:00,2011-11-21 11:55:00,3,1054.75,67,United Kingdom
15646,2010-10-25 13:06:00,2011-07-05 09:53:00,5,974.61,85,United Kingdom
15647,2010-10-20 15:09:00,2010-10-20 15:09:00,1,169.0,11,United Kingdom
15648,2011-03-17 18:59:00,2011-05-19 15:53:00,2,639.5,24,United Kingdom
15649,2010-11-17 16:22:00,2011-01-07 13:34:00,4,2170.35,12,United Kingdom
15650,2010-03-21 11:46:00,2010-07-06 10:41:00,2,553.88,36,United Kingdom
15651,2010-04-22 13:26:00,2011-11-03 08:41:00,5,1259.06,60,United Kingdom
15652,2010-08-11 16:58:00,2011-09-09 14:22:00,5,1405.94,102,United Kingdom
15653,2011-08-16 09:50:00,2011-09-08 10:49:00,2,877.4399999999999,6,United Kingdom
15654,2011-11-13 15:15:00,2011-11-30 13:08:00,2,922.53,21,United Kingdom
15655,2011-04-10 15:25:00,2011-04-10 15:25:00,1,560.67,34,United Kingdom
15656,2011-02-28 15:32:00,2011-10-25 14:56:00,4,748.5,47,United Kingdom
15657,2011-11-17 12:19:00,2011-11-17 12:19:00,1,30.0,1,United Kingdom
15658,2009-12-03 11:19:00,2011-06-02 15:22:00,8,2423.4700000000003,116,United Kingdom
15659,2010-02-24 13:32:00,2011-10-27 09:23:00,3,532.49,21,United Kingdom
15660,2010-02-05 16:01:00,2011-11-14 16:58:00,15,2812.99,161,United Kingdom
15661,2010-05-10 07:59:00,2011-01-26 13:56:00,8,1215.95,44,United Kingdom
15662,2009-12-01 13:49:00,2010-02-16 16:47:00,2,283.73,12,United Kingdom
15663,2011-08-25 15:50:00,2011-08-25 15:50:00,1,138.14,9,United Kingdom
15664,2010-02-28 12:50:00,2011-10-20 10:57:00,4,1231.53,69,United Kingdom
15665,2010-03-14 15:07:00,2011-06-24 14:57:00,5,3987.07,286,United Kingdom
15666,2010-08-01 15:41:00,2010-08-24 16:14:00,2,632.9399999999999,67,United Kingdom
15667,2011-10-31 10:56:00,2011-10-31 10:56:00,1,301.32,13,United Kingdom
15668,2011-05-06 10:39:00,2011-05-06 10:39:00,1,76.32000000000001,1,United Kingdom
15669,2011-03-21 09:13:00,2011-10-30 16:03:00,4,684.34,33,United Kingdom
15670,2010-06-01 15:34:00,2011-02-16 10:50:00,2,325.2,19,United Kingdom
15671,2011-03-14 09:37:00,2011-11-21 12:43:00,7,2657.13,78,United Kingdom
15672,2009-12-14 16:52:00,2009-12-14 16:52:00,1,45.300000000000004,3,United Kingdom
15673,2010-02-22 14:28:00,2011-09-12 16:12:00,9,6204.32,268,United Kingdom
15674,2009-12-08 17:08:00,2011-09-27 15:17:00,12,6613.52,350,United Kingdom
15675,2010-10-31 14:14:00,2011-09-19 13:48:00,4,542.04,35,United Kingdom
15676,2011-03-01 10:19:00,2011-11-21 12:40:00,3,3435.76,202,United Kingdom
15677,2010-09-02 12:08:00,2011-10-21 15:36:00,3,1305.63,72,United Kingdom
15678,2010-07-05 12:49:00,2011-10-18 09:25:00,3,1825.94,92,United Kingdom
15679,2011-06-10 08:24:00,2011-11-15 16:19:00,4,781.28,110,United Kingdom
15680,2009-12-02 12:15:00,2011-11-30 13:46:00,10,4507.58,266,United Kingdom
15681,2010-05-24 14:18:00,2011-11-14 16:30:00,14,2989.7,88,United Kingdom
15682,2010-01-21 14:37:00,2010-04-19 15:30:00,2,318.24,25,United Kingdom
15683,2010-08-23 12:01:00,2011-08-14 12:56:00,2,524.54,26,United Kingdom
15684,2009-12-04 16:13:00,2010-06-10 18:51:00,3,173.95,11,United Kingdom
15685,2010-09-15 13:43:00,2010-09-15 13:43:00,1,55.980000000000004,17,United Kingdom
15686,2010-10-15 13:50:00,2010-10-15 13:50:00,1,90.0,1,United Kingdom
15687,2011-01-13 15:13:00,2011-12-01 08:33:00,9,2993.1,166,United Kingdom
15688,2010-10-17 12:06:00,2010-10-17 12:06:00,1,190.57,27,United Kingdom
15689,2010-04-01 09:53:00,2011-08-12 09:37:00,3,521.03,24,United Kingdom
15690,2011-08-31 11:40:00,2011-12-05 15:59:00,2,239.76,19,United Kingdom
15691,2009-12-06 16:01:00,2011-04-01 15:13:00,4,571.3,14,United Kingdom
15692,2011-11-11 14:12:00,2011-11-11 14:12:00,1,191.04,12,United Kingdom
15693,2010-02-18 14:37:00,2010-02-18 14:37:00,1,37.5,1,United Kingdom
15694,2009-12-07 15:43:00,2011-12-09 09:44:00,23,10795.81,154,United Kingdom
15695,2010-01-27 10:56:00,2011-03-18 08:32:00,4,1131.04,59,United Kingdom
15696,2010-01-24 14:36:00,2011-11-06 14:02:00,13,3881.2200000000003,221,United Kingdom
15697,2010-01-19 09:10:00,2010-01-19 09:10:00,1,246.75,14,United Kingdom
15698,2010-03-25 17:38:00,2010-03-25 17:38:00,1,46.2,2,United Kingdom
15699,2011-11-22 08:26:00,2011-11-22 08:26:00,1,309.65,18,United Kingdom
15700,2011-06-19 15:36:00,2011-06-20 16:53:00,2,696.68,86,United Kingdom
15701,2011-08-21 12:36:00,2011-12-07 14:39:00,4,1529.0,230,United Kingdom
15702,2010-01-26 17:23:00,2010-08-20 14:50:00,2,140.39000000000001,30,Nigeria
15703,2011-03-20 10:51:00,2011-03-20 10:51:00,1,211.5,5,United Kingdom
15704,2010-05-05 14:51:00,2011-07-22 13:35:00,6,3734.6600000000003,204,United Kingdom
15705,2011-05-22 15:37:00,2011-05-22 15:37:00,1,143.1,6,United Kingdom
15706,2011-08-15 14:32:00,2011-10-07 10:09:00,4,1060.56,55,United Kingdom
15707,2011-09-14 14:19:00,2011-11-04 14:35:00,4,916.98,205,United Kingdom
15708,2010-10-10 11:33:00,2011-10-30 10:54:00,9,4204.4400000000005,374,United Kingdom
15709,2010-04-29 18:31:00,2011-03-01 10:38:00,2,327.85,27,United Kingdom
15710,2010-10-18 17:05:00,2010-10-18 17:05:00,1,898.87,110,United Kingdom
15711,2010-01-24 12:13:00,2010-06-01 12:14:00,2,420.25,25,United Kingdom
15712,2009-12-01 11:17:00,2011-11-30 14:09:00,12,3472.4100000000003,166,United Kingdom
15713,2009-12-16 09:41:00,2011-07-19 13:34:00,4,1010.79,61,United Kingdom
15714,2010-06-02 12:08:00,2011-11-28 11:26:00,5,783.96,48,United Kingdom
15715,2010-03-30 12:17:00,2010-06-02 09:56:00,5,658.02,38,United Kingdom
15716,2009-12-07 12:42:00,2011-07-17 11:59:00,11,3012.14,322,United Kingdom
15717,2010-04-26 10:41:00,2011-04-19 13:21:00,5,607.0,24,United Kingdom
15718,2010-06-17 16:20:00,2010-06-17 16:20:00,1,293.79,18,United Kingdom
15719,2009-12-01 12:47:00,2011-11-07 12:29:00,31,10194.32,1769,United Kingdom
15720,2010-06-07 15:40:00,2011-11-15 14:48:00,2,739.22,153,United Kingdom
15721,2011-11-28 12:14:00,2011-11-28 12:14:00,1,471.40000000000003,84,United Kingdom
15722,2010-03-09 15:05:00,2011-11-04 11:43:00,11,5234.0,178,United Kingdom
15723,2010-05-14 12:55:00,2010-12-10 11:12:00,4,930.7,123,United Kingdom
15724,2010-11-04 10:22:00,2011-05-22 14:40:00,3,310.85,17,United Kingdom
15725,2011-11-24 14:51:00,2011-11-24 14:51:00,1,415.25,32,United Kingdom
15726,2010-11-14 16:12:00,2010-11-14 16:12:00,1,321.91,23,United Kingdom
15727,2010-01-24 12:12:00,2011-11-23 12:36:00,15,9371.71,685,United Kingdom
15728,2010-09-21 14:46:00,2010-11-25 10:39:00,2,544.6,12,United Kingdom
15729,2010-11-01 13:44:00,2011-05-11 12:36:00,3,192.55,11,United Kingdom
15730,2010-10-04 14:15:00,2011-10-05 12:31:00,5,1726.58,111,United Kingdom
15731,2010-06-04 10:10:00,2010-06-04 10:10:00,1,125.3,8,United Kingdom
15732,2010-02-04 10:10:00,2011-05-11 14:24:00,10,1682.07,104,United Kingdom
15733,2011-03-02 09:05:00,2011-03-02 09:05:00,1,162.3,10,United Kingdom
15734,2010-06-10 14:25:00,2011-08-17 10:50:00,4,2263.3,43,United Kingdom
15735,2010-10-14 13:38:00,2010-10-14 13:38:00,1,327.68,19,United Kingdom
15736,2010-09-30 14:19:00,2010-09-30 14:20:00,2,1767.12,100,United Kingdom
15737,2011-04-11 10:01:00,2011-11-25 11:21:00,8,1188.1200000000001,71,United Kingdom
15738,2009-12-10 15:52:00,2011-11-21 08:26:00,41,13372.970000000001,496,United Kingdom
15739,2011-10-04 13:42:00,2011-10-04 13:42:00,1,449.12,8,United Kingdom
15740,2011-10-21 14:29:00,2011-10-21 14:29:00,1,154.88,9,United Kingdom
15741,2010-03-31 11:55:00,2010-09-07 16:21:00,2,208.62,12,United Kingdom
15742,2010-03-30 15:25:00,2010-03-30 15:25:00,1,156.87,41,United Kingdom
15743,2011-06-08 10:14:00,2011-11-23 17:19:00,4,775.96,86,United Kingdom
15744,2011-09-23 09:52:00,2011-09-23 09:52:00,1,34.8,3,United Kingdom
15745,2011-04-17 13:04:00,2011-11-20 13:45:00,4,1094.59,62,United Kingdom
15746,2011-07-28 15:21:00,2011-07-28 15:21:00,1,196.88,28,United Kingdom
15747,2010-01-18 11:21:00,2011-11-27 12:26:00,9,2499.81,216,United Kingdom
15748,2010-09-16 16:52:00,2011-10-30 12:51:00,3,609.8100000000001,36,United Kingdom
15749,2011-01-11 12:55:00,2011-04-18 13:20:00,3,44534.3,10,United Kingdom
15750,2009-12-01 17:19:00,2011-12-07 12:34:00,18,6793.51,646,United Kingdom
15751,2009-12-06 13:08:00,2010-09-05 12:44:00,11,1380.44,130,United Kingdom
15752,2010-09-08 11:56:00,2011-10-31 11:37:00,9,4184.56,600,United Kingdom
15753,2011-02-08 12:41:00,2011-02-08 12:41:00,1,79.2,1,United Kingdom
15754,2010-02-22 13:31:00,2011-10-19 14:40:00,9,3037.61,131,United Kingdom
15755,2009-12-04 08:24:00,2011-11-29 14:57:00,17,5993.12,371,United Kingdom
15756,2011-04-04 14:00:00,2011-10-09 13:30:00,4,528.01,191,United Kingdom
15757,2010-06-10 13:47:00,2011-10-05 12:14:00,6,2940.36,193,United Kingdom
15758,2011-11-15 10:48:00,2011-11-15 10:48:00,1,205.25,9,United Kingdom
15759,2009-12-02 10:08:00,2011-05-05 15:13:00,7,830.9300000000001,17,United Kingdom
15761,2010-09-23 09:33:00,2010-09-23 09:33:00,1,143.05,5,United Kingdom
15762,2011-09-23 15:17:00,2011-10-05 16:15:00,2,583.75,37,United Kingdom
15763,2011-09-23 12:10:00,2011-11-08 09:44:00,2,1086.92,61,United Kingdom
15764,2010-08-18 13:58:00,2011-09-12 17:58:00,8,4503.08,249,United Kingdom
15765,2010-02-11 10:25:00,2010-02-11 10:25:00,1,370.63,25,United Kingdom
15766,2010-01-26 15:55:00,2011-10-06 17:03:00,3,831.06,26,United Kingdom
15768,2009-12-03 12:10:00,2011-08-16 10:48:00,34,15308.89,1208,United Kingdom
15769,2009-12-11 09:58:00,2011-12-02 13:52:00,46,88704.32,224,United Kingdom
15770,2010-04-06 11:47:00,2010-04-06 11:47:00,1,321.45,18,United Kingdom
15771,2010-01-15 12:14:00,2010-04-14 13:56:00,3,1006.54,28,United Kingdom
15772,2010-10-17 13:33:00,2010-10-17 13:33:00,1,280.88,16,United Kingdom
15773,2010-10-26 15:27:00,2011-12-04 12:48:00,2,774.52,47,United Kingdom
15774,2010-02-21 12:57:00,2011-10-02 12:04:00,6,1287.09,109,United Kingdom
15775,2010-03-18 07:32:00,2011-04-08 12:56:00,2,150.5,9,United Kingdom
15776,2011-07-29 13:46:00,2011-07-29 13:46:00,1,241.62,18,United Kingdom
15777,2010-05-20 10:37:00,2011-04-12 16:43:00,7,1762.61,39,United Kingdom
15778,2010-10-04 15:10:00,2010-10-04 15:10:00,1,307.95,17,United Kingdom
15779,2010-06-25 15:55:00,2010-09-02 16:40:00,2,124.08000000000001,8,United Kingdom
15780,2010-12-17 11:43:00,2011-06-09 12:01:00,3,475.28000000000003,29,United Kingdom
15781,2011-02-07 09:15:00,2011-11-14 14:57:00,3,345.46,20,United Kingdom
15782,2010-10-05 15:43:00,2011-11-30 10:49:00,4,4014.1,61,United Kingdom
15783,2011-11-29 09:50:00,2011-11-29 09:50:00,1,246.3,14,United Kingdom
15784,2010-02-05 14:42:00,2010-08-29 10:38:00,2,848.3299999999999,43,United Kingdom
15785,2009-12-15 16:28:00,2011-11-07 11:33:00,16,5969.93,225,United Kingdom
15786,2010-06-21 10:13:00,2011-10-24 14:13:00,5,8501.62,465,United Kingdom
15787,2011-10-09 13:11:00,2011-11-13 14:55:00,3,933.26,200,United Kingdom
15788,2010-07-19 12:48:00,2010-07-19 12:48:00,1,221.82999999999998,14,United Kingdom
15789,2010-03-26 11:21:00,2010-12-16 14:35:00,6,1962.01,138,United Kingdom
15790,2011-11-29 14:53:00,2011-11-29 14:53:00,1,218.75,34,United Kingdom
15791,2010-03-08 09:41:00,2011-10-27 10:14:00,5,3608.34,167,United Kingdom
15792,2010-03-31 09:42:00,2010-11-05 08:21:00,2,933.84,57,United Kingdom
15793,2009-12-01 12:54:00,2011-11-25 09:31:00,8,2399.57,30,United Kingdom
15794,2009-12-02 15:10:00,2009-12-03 13:04:00,2,777.0,15,United Kingdom
15795,2010-01-18 11:31:00,2011-07-13 10:43:00,8,1979.8700000000001,131,United Kingdom
15796,2010-03-31 13:10:00,2011-12-08 19:55:00,17,5170.63,292,United Kingdom
15797,2010-01-27 13:12:00,2011-08-18 17:04:00,5,2806.08,11,United Kingdom
15798,2010-01-27 11:55:00,2010-08-04 09:13:00,3,1535.37,83,United Kingdom
15799,2010-10-17 14:26:00,2011-09-25 12:46:00,4,1421.34,154,United Kingdom
15800,2010-03-31 13:17:00,2011-08-24 14:23:00,7,1227.07,232,United Kingdom
15801,2011-08-22 09:53:00,2011-10-24 13:52:00,3,1063.95,64,United Kingdom
15803,2010-02-01 16:29:00,2011-10-19 14:56:00,4,1929.66,51,United Kingdom
15804,2011-05-25 10:12:00,2011-12-09 12:31:00,13,4206.39,262,United Kingdom
15805,2009-12-10 12:57:00,2011-11-16 16:32:00,30,10148.93,529,United Kingdom
15806,2011-03-08 09:24:00,2011-10-24 14:35:00,3,784.58,31,United Kingdom
15807,2010-02-11 15:32:00,2011-10-20 14:10:00,5,1817.52,88,United Kingdom
15808,2009-12-01 16:30:00,2011-02-06 14:33:00,21,18133.3,827,United Kingdom
15809,2010-06-22 14:23:00,2011-11-03 16:40:00,7,1274.44,58,United Kingdom
15810,2010-02-04 18:18:00,2011-09-22 09:38:00,8,2999.04,166,United Kingdom
15811,2010-11-16 16:46:00,2011-11-17 15:31:00,7,3682.4,288,United Kingdom
15812,2009-12-15 13:40:00,2011-08-24 14:19:00,12,5201.47,125,United Kingdom
15813,2011-04-14 09:09:00,2011-05-16 08:13:00,2,1303.9099999999999,40,United Kingdom
15814,2010-04-15 14:31:00,2011-11-23 08:17:00,6,2634.44,98,United Kingdom
15815,2011-03-25 08:43:00,2011-10-07 12:42:00,5,2100.6,49,United Kingdom
15816,2010-06-15 12:54:00,2010-06-15 13:36:00,2,144.14999999999998,11,United Kingdom
15817,2010-06-14 13:31:00,2010-10-15 11:07:00,3,2766.4,152,United Kingdom
15818,2010-04-30 12:58:00,2010-04-30 12:58:00,1,340.5,11,United Kingdom
15819,2010-03-18 11:08:00,2011-10-21 14:50:00,10,3934.79,260,United Kingdom
15820,2011-01-24 12:00:00,2011-01-24 12:00:00,1,206.98,17,United Kingdom
15821,2011-10-09 13:28:00,2011-10-26 15:48:00,2,570.96,62,United Kingdom
15822,2009-12-06 15:12:00,2011-12-06 14:50:00,6,1840.06,65,United Kingdom
15823,2009-12-08 15:12:00,2009-12-10 18:03:00,2,3867.17,154,United Kingdom
15824,2010-06-25 15:10:00,2010-09-12 13:20:00,2,890.94,26,United Kingdom
15825,2011-06-20 13:27:00,2011-06-20 13:27:00,1,532.94,20,United Kingdom
15826,2010-05-20 17:00:00,2011-10-14 16:05:00,4,2598.28,119,United Kingdom
15827,2010-01-08 11:25:00,2011-09-27 15:35:00,28,3794.07,231,United Kingdom
15828,2010-11-29 16:41:00,2010-11-29 16:41:00,1,1108.82,74,United Kingdom
15829,2011-07-22 10:23:00,2011-09-01 16:45:00,2,636.14,51,United Kingdom
15830,2011-11-02 10:40:00,2011-11-02 10:40:00,1,576.0,39,United Kingdom
15831,2011-01-19 14:52:00,2011-10-12 13:14:00,3,794.64,66,United Kingdom
15832,2011-03-30 15:29:00,2011-03-30 15:29:00,1,836.79,54,United Kingdom
15833,2009-12-02 11:59:00,2009-12-02 11:59:00,1,80.4,5,United Kingdom
15834,2010-10-11 14:05:00,2011-09-30 14:41:00,7,3761.89,373,United Kingdom
15835,2011-01-13 10:35:00,2011-10-26 15:47:00,4,954.09,50,United Kingdom
15836,2011-10-20 17:13:00,2011-10-20 17:13:00,1,137.37,10,United Kingdom
15837,2010-08-11 10:16:00,2011-10-06 09:01:00,2,777.01,52,United Kingdom
15838,2009-12-15 09:51:00,2011-11-28 14:00:00,34,74163.0,209,United Kingdom
15839,2011-07-14 16:35:00,2011-11-06 13:54:00,3,1048.49,62,United Kingdom
15840,2011-06-20 11:42:00,2011-10-12 09:08:00,2,355.56,27,United Kingdom
15841,2009-12-10 08:29:00,2011-09-28 12:15:00,9,2742.41,92,United Kingdom
15842,2010-06-30 09:06:00,2010-11-11 14:08:00,2,548.8,25,United Kingdom
15843,2011-02-09 10:19:00,2011-02-09 10:19:00,1,118.95000000000002,8,United Kingdom
15844,2011-10-24 15:19:00,2011-10-24 15:19:00,1,130.73999999999998,11,United Kingdom
15845,2010-01-26 14:44:00,2011-11-22 09:42:00,11,4426.28,174,United Kingdom
15846,2010-11-19 14:40:00,2010-11-19 14:40:00,1,107.01,29,United Kingdom
15847,2010-03-08 08:47:00,2011-11-01 14:41:00,5,822.57,48,United Kingdom
15848,2010-03-28 10:54:00,2010-03-28 10:54:00,1,137.99,34,United Kingdom
15850,2009-12-13 13:27:00,2011-11-20 14:14:00,6,1006.75,311,United Kingdom
15851,2010-07-01 12:34:00,2010-07-01 12:34:00,1,109.73,8,United Kingdom
15852,2010-07-01 10:16:00,2011-06-06 11:22:00,3,257.26,33,United Kingdom
15853,2011-10-19 10:38:00,2011-10-19 10:38:00,1,110.8,30,United Kingdom
15854,2009-12-10 12:08:00,2011-12-05 13:39:00,21,5578.28,256,United Kingdom
15855,2010-08-20 17:15:00,2011-07-26 10:20:00,6,1052.72,95,United Kingdom
15856,2009-12-03 14:02:00,2011-12-05 17:09:00,52,33846.01,1131,United Kingdom
15857,2010-10-05 16:43:00,2011-11-21 12:18:00,2,570.48,24,United Kingdom
15858,2009-12-10 11:42:00,2011-11-24 12:48:00,13,3936.34,479,United Kingdom
15859,2010-10-03 12:52:00,2010-10-03 12:52:00,1,438.46,22,United Kingdom
15860,2009-12-06 12:31:00,2011-10-30 11:25:00,17,2461.46,357,United Kingdom
15861,2010-01-28 19:41:00,2011-11-27 15:59:00,12,4360.9,786,United Kingdom
15862,2009-12-17 11:33:00,2011-12-01 13:28:00,13,2861.37,560,United Kingdom
15863,2009-12-17 10:20:00,2011-11-14 12:49:00,5,355.1,77,United Kingdom
15864,2010-11-23 15:02:00,2011-11-17 13:32:00,7,2180.76,23,United Kingdom
15865,2010-01-05 13:58:00,2011-10-30 12:43:00,5,2241.42,126,United Kingdom
15866,2011-08-30 14:09:00,2011-08-30 14:09:00,1,211.89,43,United Kingdom
15867,2009-12-14 15:16:00,2011-12-04 13:32:00,31,8981.52,1041,United Kingdom
15868,2010-05-05 14:11:00,2010-05-05 14:11:00,1,94.53,4,United Kingdom
15869,2010-03-23 16:50:00,2011-03-07 17:23:00,3,321.11,34,United Kingdom
15870,2010-09-19 16:22:00,2011-11-07 10:58:00,4,857.46,143,United Kingdom
15871,2010-09-28 14:16:00,2010-09-28 14:16:00,1,33.099999999999994,5,United Kingdom
15872,2010-06-07 14:53:00,2011-11-25 11:55:00,4,729.25,188,United Kingdom
15873,2010-07-27 11:58:00,2010-07-28 12:41:00,4,313.91999999999996,6,United Kingdom
15874,2010-01-07 13:56:00,2011-10-07 12:31:00,21,11284.76,342,United Kingdom
15875,2010-03-03 16:51:00,2010-03-03 16:51:00,1,108.52,23,United Kingdom
15876,2010-09-17 15:26:00,2010-10-26 18:58:00,2,1449.1399999999999,11,United Kingdom
15877,2011-11-22 11:18:00,2011-12-08 11:53:00,2,490.33,126,United Kingdom
15878,2009-12-06 12:28:00,2010-05-27 12:17:00,2,330.77,51,United Kingdom
15879,2009-12-17 19:54:00,2010-10-31 16:21:00,4,1137.8,179,United Kingdom
15880,2010-12-05 13:00:00,2010-12-05 13:00:00,1,658.0600000000001,192,United Kingdom
15881,2010-12-10 13:32:00,2011-01-31 16:59:00,5,501.39000000000004,29,United Kingdom
15882,2009-12-10 15:33:00,2011-05-25 11:35:00,8,1491.42,73,United Kingdom
15883,2011-11-06 14:50:00,2011-12-07 17:05:00,2,396.48,49,United Kingdom
15884,2009-12-03 18:23:00,2010-10-03 15:55:00,2,244.60000000000002,14,United Kingdom
15885,2010-01-21 12:47:00,2011-09-07 14:56:00,13,1921.82,113,United Kingdom
15886,2010-04-20 15:03:00,2011-10-10 14:25:00,4,1052.8700000000001,62,United Kingdom
15887,2010-06-02 11:53:00,2010-10-29 08:36:00,3,1027.15,37,United Kingdom
15888,2010-07-01 11:51:00,2011-09-20 12:30:00,3,423.49,37,United Kingdom
15889,2009-12-10 12:21:00,2011-07-06 11:10:00,8,1675.72,356,United Kingdom
15890,2010-04-14 08:43:00,2010-11-10 12:46:00,5,535.65,10,United Kingdom
15891,2011-04-27 12:35:00,2011-04-27 12:35:00,1,509.13,59,United Kingdom
15892,2010-02-08 16:23:00,2010-02-08 16:23:00,1,128.2,38,United Kingdom
15893,2010-08-15 11:12:00,2010-08-15 11:12:00,1,305.28000000000003,1,United Kingdom
15894,2010-12-05 14:06:00,2011-03-31 13:50:00,2,408.39,69,United Kingdom
15895,2011-07-13 10:27:00,2011-07-13 10:27:00,1,179.17,11,United Kingdom
15897,2011-05-29 13:32:00,2011-05-29 13:50:00,2,208.59,22,United Kingdom
15898,2009-12-11 16:11:00,2011-12-08 15:23:00,25,5509.34,680,United Kingdom
15899,2010-12-06 10:36:00,2010-12-06 10:36:00,1,112.5,8,United Kingdom
15900,2010-05-26 11:27:00,2011-11-16 12:19:00,4,886.5699999999999,126,United Kingdom
15901,2010-06-14 12:39:00,2011-11-23 12:43:00,6,667.89,160,United Kingdom
15902,2010-11-24 16:57:00,2010-11-24 16:57:00,1,145.01,18,United Kingdom
15903,2010-01-14 10:57:00,2011-11-30 08:08:00,12,8939.84,116,United Kingdom
15904,2011-12-01 14:50:00,2011-12-01 14:50:00,1,164.68,30,United Kingdom
15905,2010-06-14 16:00:00,2010-06-14 16:00:00,1,114.69,22,United Kingdom
15906,2010-09-15 12:17:00,2011-11-20 12:24:00,10,2530.19,201,United Kingdom
15907,2011-05-13 13:01:00,2011-12-06 12:21:00,3,881.87,225,United Kingdom
15908,2010-07-15 19:21:00,2010-08-06 11:56:00,2,758.62,40,United Kingdom
15909,2011-06-19 10:38:00,2011-06-19 10:38:00,1,191.94,7,United Kingdom
15910,2010-01-21 11:51:00,2011-12-09 10:51:00,15,2661.17,620,United Kingdom
15911,2009-12-09 13:26:00,2010-03-26 12:06:00,8,1683.79,256,United Kingdom
15912,2009-12-10 12:58:00,2011-06-14 14:29:00,9,1074.7,95,United Kingdom
15913,2010-06-23 16:31:00,2010-06-23 16:31:00,1,6.300000000000001,1,United Kingdom
15914,2010-11-26 16:09:00,2010-11-26 16:10:00,2,205.99,13,United Kingdom
15915,2010-11-03 11:13:00,2010-11-03 11:13:00,1,364.24,112,United Kingdom
15916,2009-12-10 16:21:00,2011-11-23 13:46:00,13,3377.69,319,United Kingdom
15917,2009-12-02 14:55:00,2011-04-06 10:40:00,5,530.17,142,United Kingdom
15918,2010-03-18 11:40:00,2011-06-02 11:42:00,3,582.88,61,United Kingdom
15919,2010-12-06 11:26:00,2011-11-20 11:28:00,2,739.77,161,United Kingdom
15920,2009-12-14 13:09:00,2011-07-08 15:25:00,8,565.19,105,United Kingdom
15921,2010-03-09 11:03:00,2011-06-20 11:03:00,4,765.61,77,United Kingdom
15922,2010-12-01 13:51:00,2010-12-01 13:51:00,1,739.0,22,United Kingdom
15923,2010-12-02 12:16:00,2010-12-02 12:16:00,1,254.16,42,United Kingdom
15924,2009-12-08 15:00:00,2009-12-08 15:00:00,1,102.82,15,United Kingdom
15925,2011-05-29 15:35:00,2011-05-29 15:35:00,1,207.15,12,United Kingdom
15926,2010-06-15 15:23:00,2010-06-15 15:23:00,1,134.44,7,United Kingdom
15927,2010-03-02 13:25:00,2010-03-02 13:25:00,1,106.54,15,United Kingdom
15928,2010-02-21 15:16:00,2010-02-21 15:16:00,1,293.53,11,United Kingdom
15929,2010-03-05 14:56:00,2010-03-05 14:56:00,1,594.0,1,United Kingdom
15930,2011-10-03 14:52:00,2011-10-03 14:52:00,1,426.63,21,United Kingdom
15931,2010-10-07 16:46:00,2010-10-07 16:46:00,1,239.9,14,United Kingdom
15932,2011-02-23 14:50:00,2011-12-05 17:13:00,8,2495.87,115,United Kingdom
15933,2011-09-14 12:05:00,2011-11-18 13:14:00,3,1107.46,74,United Kingdom
15934,2010-10-06 12:08:00,2010-10-18 10:13:00,2,2190.66,29,United Kingdom
15935,2011-04-14 13:27:00,2011-04-14 13:27:00,1,108.03999999999999,11,United Kingdom
15936,2010-08-29 11:42:00,2010-11-25 16:39:00,2,282.79,19,United Kingdom
15937,2011-10-06 15:48:00,2011-10-06 15:48:00,1,145.35,7,United Kingdom
15938,2010-06-01 09:42:00,2011-08-19 12:56:00,9,734.81,39,United Kingdom
15939,2010-11-30 12:07:00,2011-09-11 11:30:00,15,9004.84,153,United Kingdom
15940,2011-02-01 16:18:00,2011-02-01 16:18:00,1,35.8,1,United Kingdom
15941,2010-03-12 14:45:00,2010-03-12 14:45:00,1,405.0,6,United Kingdom
15942,2011-07-29 09:01:00,2011-07-29 09:01:00,1,337.44,14,United Kingdom
15943,2010-01-31 11:04:00,2010-02-28 12:49:00,2,271.28999999999996,12,United Kingdom
15944,2009-12-13 12:57:00,2011-03-08 10:33:00,4,2164.24,38,United Kingdom
15945,2009-12-01 13:47:00,2010-12-09 13:14:00,4,827.27,30,United Kingdom
15946,2010-03-16 10:49:00,2010-07-25 12:18:00,3,2304.18,26,United Kingdom
15947,2011-09-18 10:46:00,2011-09-18 10:46:00,1,1708.24,29,United Kingdom
15948,2010-10-11 12:16:00,2011-12-01 15:32:00,3,1509.0900000000001,95,United Kingdom
15949,2011-09-29 17:34:00,2011-11-23 09:09:00,2,364.72,19,United Kingdom
15950,2010-01-26 11:39:00,2011-11-08 11:09:00,10,7120.91,393,United Kingdom
15951,2010-11-23 18:20:00,2011-12-01 08:34:00,3,1013.17,59,United Kingdom
15952,2011-04-28 12:55:00,2011-11-06 11:18:00,4,781.91,84,United Kingdom
15953,2009-12-03 14:00:00,2011-11-24 15:32:00,18,3648.08,182,United Kingdom
15954,2010-04-29 13:35:00,2010-04-29 13:35:00,1,187.8,19,United Kingdom
15955,2010-02-23 16:36:00,2011-11-15 14:15:00,22,8658.36,362,United Kingdom
15956,2009-12-13 11:16:00,2010-06-06 13:06:00,2,617.6,18,United Kingdom
15957,2010-10-15 12:11:00,2011-11-08 12:14:00,3,921.25,146,United Kingdom
15958,2010-06-07 10:59:00,2011-09-26 13:41:00,4,462.12,65,United Kingdom
15959,2010-01-26 16:19:00,2010-01-26 16:38:00,3,542.89,71,United Kingdom
15960,2010-09-30 15:50:00,2010-11-30 15:57:00,4,410.95,26,United Kingdom
15961,2010-11-25 15:59:00,2010-11-25 15:59:00,1,451.28999999999996,42,United Kingdom
15962,2010-09-16 13:48:00,2010-09-16 13:48:00,1,289.48,55,United Kingdom
15963,2011-10-25 13:05:00,2011-11-20 11:33:00,2,470.76,28,United Kingdom
15964,2010-02-14 15:30:00,2010-02-14 15:30:00,1,269.21000000000004,20,United Kingdom
15965,2009-12-03 11:45:00,2011-11-22 16:44:00,13,2928.13,348,United Kingdom
15966,2010-09-15 10:44:00,2010-09-15 10:44:00,1,426.53000000000003,27,United Kingdom
15967,2009-12-01 13:29:00,2011-11-16 15:41:00,12,2966.0,480,United Kingdom
15968,2010-11-16 13:04:00,2010-11-16 13:04:00,1,401.8,79,United Kingdom
15969,2010-07-05 13:10:00,2011-12-07 11:06:00,5,1127.05,35,United Kingdom
15970,2010-04-20 11:30:00,2011-02-09 12:08:00,2,1017.32,24,United Kingdom
15971,2009-12-08 09:46:00,2011-11-22 12:50:00,18,5897.88,41,United Kingdom
15972,2010-04-18 14:06:00,2010-09-09 13:20:00,5,1769.33,139,United Kingdom
15973,2010-10-07 08:33:00,2010-12-08 11:42:00,2,973.44,14,United Kingdom
15974,2011-02-24 10:10:00,2011-10-31 13:13:00,7,3442.15,176,United Kingdom
15975,2011-09-16 13:33:00,2011-09-16 13:33:00,1,371.01,24,United Kingdom
15976,2010-06-06 14:01:00,2011-06-27 13:00:00,6,1680.31,376,United Kingdom
15977,2011-10-31 16:24:00,2011-11-22 13:29:00,2,1054.73,65,United Kingdom
15978,2010-03-05 14:39:00,2011-09-23 15:21:00,3,3279.42,129,United Kingdom
15979,2010-04-16 11:35:00,2010-04-16 11:35:00,1,329.22,22,United Kingdom
15980,2010-06-01 14:40:00,2011-09-12 09:41:00,7,6543.68,115,United Kingdom
15981,2010-03-29 10:07:00,2011-11-15 08:00:00,21,9362.77,288,United Kingdom
15982,2010-04-13 15:47:00,2010-04-13 15:47:00,1,324.51,45,United Kingdom
15983,2009-12-06 12:52:00,2011-11-17 17:34:00,8,3924.02,313,United Kingdom
15984,2009-12-01 13:38:00,2011-12-07 12:16:00,30,8515.72,705,United Kingdom
15985,2010-05-27 15:51:00,2011-08-08 16:31:00,7,2715.28,104,United Kingdom
15986,2010-11-23 10:02:00,2011-11-09 15:17:00,2,354.42,25,United Kingdom
15987,2010-11-25 12:56:00,2011-11-27 15:38:00,8,1649.47,178,United Kingdom
15988,2010-02-21 11:36:00,2011-11-20 13:23:00,3,736.39,119,United Kingdom
15989,2009-12-02 15:51:00,2010-11-29 12:03:00,2,368.31,86,United Kingdom
15990,2010-02-28 12:30:00,2011-10-26 15:58:00,7,1997.75,177,United Kingdom
15991,2010-06-23 15:50:00,2010-06-23 15:50:00,1,150.55,6,United Kingdom
15992,2010-09-12 11:52:00,2011-12-06 11:00:00,3,896.6,54,United Kingdom
15993,2011-10-26 16:21:00,2011-12-01 10:45:00,7,2768.97,542,United Kingdom
15994,2010-03-14 11:55:00,2011-10-16 12:28:00,3,1175.68,108,United Kingdom
15995,2010-10-21 13:57:00,2010-10-21 13:57:00,1,694.54,110,United Kingdom
15996,2010-11-07 15:49:00,2011-09-12 15:14:00,7,1649.65,205,United Kingdom
15998,2009-12-01 11:45:00,2011-11-03 12:45:00,16,8274.14,1425,United Kingdom
15999,2009-12-04 12:31:00,2009-12-04 12:31:00,1,20.4,1,United Kingdom
16000,2011-12-07 12:14:00,2011-12-07 12:17:00,3,12393.7,9,United Kingdom
16001,2010-11-23 17:10:00,2010-11-23 17:10:00,1,583.39,29,United Kingdom
16002,2010-03-24 13:08:00,2010-03-24 13:08:00,1,169.21,42,United Kingdom
16003,2009-12-03 18:51:00,2011-11-10 09:57:00,10,5613.83,203,United Kingdom
16004,2010-01-25 13:56:00,2010-08-22 11:48:00,5,2146.39,90,United Kingdom
16005,2010-09-15 13:21:00,2011-11-27 13:47:00,10,2365.07,483,United Kingdom
16006,2010-11-17 12:03:00,2011-05-12 13:12:00,2,332.82,78,United Kingdom
16007,2010-06-14 13:18:00,2011-10-23 11:05:00,7,3053.06,657,United Kingdom
16008,2010-03-19 11:07:00,2011-11-16 10:32:00,15,5339.13,253,United Kingdom
16009,2011-07-03 11:26:00,2011-11-17 16:51:00,4,972.11,82,United Kingdom
16010,2010-10-24 10:54:00,2011-04-08 10:14:00,11,1694.86,289,United Kingdom
16011,2009-12-01 12:02:00,2011-12-01 16:31:00,29,5837.26,446,United Kingdom
16012,2010-06-28 11:39:00,2011-11-04 13:25:00,5,2978.59,239,United Kingdom
16013,2009-12-08 10:24:00,2011-12-06 10:36:00,84,57140.44,219,United Kingdom
16014,2010-01-31 12:43:00,2011-11-02 12:04:00,5,1100.28,275,United Kingdom
16015,2011-10-21 12:56:00,2011-12-06 10:58:00,3,704.26,180,United Kingdom
16016,2010-11-02 13:27:00,2011-12-06 14:35:00,11,2446.42,363,United Kingdom
16017,2010-01-05 12:06:00,2011-10-23 12:56:00,5,1545.58,130,United Kingdom
16018,2009-12-07 13:57:00,2011-10-31 14:13:00,4,698.13,56,United Kingdom
16019,2009-12-14 14:12:00,2011-10-24 11:51:00,27,17329.16,403,United Kingdom
16020,2011-10-05 13:54:00,2011-11-23 11:18:00,3,851.01,46,United Kingdom
16021,2010-06-13 11:05:00,2010-11-09 14:48:00,2,487.03,126,United Kingdom
16022,2011-03-24 13:16:00,2011-03-24 13:16:00,1,602.63,71,United Kingdom
16023,2011-03-18 13:32:00,2011-10-24 16:34:00,3,719.81,101,United Kingdom
16024,2010-10-24 11:40:00,2011-11-27 13:26:00,3,478.71,83,United Kingdom
16025,2011-11-10 11:45:00,2011-11-10 11:45:00,1,439.65999999999997,28,United Kingdom
16026,2011-10-27 13:53:00,2011-10-27 13:53:00,1,236.09,32,United Kingdom
16027,2010-01-08 13:21:00,2011-09-09 10:47:00,15,2048.36,35,United Kingdom
16028,2010-04-23 11:45:00,2010-04-23 11:45:00,1,82.2,5,United Kingdom
16029,2009-12-08 11:23:00,2011-11-01 10:27:00,106,113892.39,381,United Kingdom
16030,2011-02-03 11:28:00,2011-02-03 11:28:00,1,331.24,29,United Kingdom
16031,2011-04-06 14:23:00,2011-09-08 13:07:00,2,547.9,98,United Kingdom
16032,2010-07-04 13:31:00,2010-09-09 18:00:00,6,1965.72,210,United Kingdom
16033,2010-08-11 16:44:00,2011-12-04 12:44:00,27,10764.45,1385,United Kingdom
16034,2010-10-26 13:00:00,2011-05-27 16:17:00,6,911.3199999999999,56,United Kingdom
16035,2010-05-28 15:09:00,2010-05-28 15:09:00,1,217.73,21,United Kingdom
16036,2010-03-29 14:47:00,2011-09-13 14:53:00,4,2556.84,140,United Kingdom
16037,2010-03-01 12:31:00,2011-03-15 09:13:00,5,1509.34,71,United Kingdom
16038,2011-05-22 11:29:00,2011-12-02 12:40:00,3,471.78000000000003,26,United Kingdom
16039,2010-03-21 15:17:00,2010-10-12 10:44:00,2,456.4,32,United Kingdom
16040,2010-04-09 10:12:00,2011-10-05 13:47:00,7,2416.9,125,United Kingdom
16041,2011-07-21 16:27:00,2011-11-09 12:25:00,3,3166.4,6,United Kingdom
16042,2010-09-12 12:00:00,2011-11-17 17:50:00,8,2245.32,129,United Kingdom
16043,2010-08-15 11:26:00,2011-11-02 12:50:00,8,1856.5900000000001,73,United Kingdom
16044,2010-09-30 18:12:00,2010-09-30 18:12:00,1,340.84000000000003,19,United Kingdom
16045,2010-07-29 12:50:00,2011-08-12 12:41:00,8,3434.9300000000003,148,United Kingdom
16046,2010-05-26 13:18:00,2010-05-26 13:18:00,1,235.78,22,United Kingdom
16047,2010-01-26 16:34:00,2010-01-26 16:34:00,1,107.14,1,EIRE
16048,2010-06-08 12:36:00,2010-12-01 15:28:00,4,1075.23,44,United Kingdom
16049,2010-07-11 13:53:00,2011-10-30 13:19:00,6,1852.15,485,United Kingdom
16050,2010-11-03 15:55:00,2011-06-19 11:44:00,3,300.7,21,United Kingdom
16051,2010-01-27 09:38:00,2010-01-27 09:38:00,1,188.44,12,United Kingdom
16052,2011-10-16 15:13:00,2011-10-16 15:13:00,1,362.06,34,United Kingdom
16053,2010-04-08 11:11:00,2011-11-07 11:21:00,6,3634.84,194,United Kingdom
16054,2010-04-01 18:37:00,2011-07-17 13:08:00,4,2111.88,122,United Kingdom
16055,2011-05-03 09:26:00,2011-05-03 09:26:00,1,134.8,8,United Kingdom
16056,2011-10-25 15:19:00,2011-10-25 15:19:00,1,650.75,66,United Kingdom
16057,2010-01-07 17:11:00,2011-11-23 15:23:00,10,3854.85,218,United Kingdom
16058,2010-10-29 16:48:00,2010-10-29 16:48:00,1,62.7,2,United Kingdom
16059,2010-05-19 13:04:00,2011-10-05 09:56:00,12,3171.82,409,United Kingdom
16060,2010-08-02 15:26:00,2010-11-04 12:10:00,3,541.95,24,United Kingdom
16061,2010-10-04 15:29:00,2010-10-04 15:29:00,1,89.65,3,United Kingdom
16062,2010-06-21 13:32:00,2011-11-30 12:15:00,8,2863.45,185,United Kingdom
16063,2011-03-24 14:55:00,2011-03-24 14:56:00,1,335.32,23,United Kingdom
16064,2009-12-14 16:11:00,2009-12-14 16:11:00,1,109.31,17,United Kingdom
16065,2010-09-02 13:27:00,2010-12-09 13:03:00,8,2359.27,426,United Kingdom
16066,2011-08-07 14:33:00,2011-11-23 11:54:00,5,1521.04,101,United Kingdom
16067,2010-02-02 18:01:00,2010-05-26 12:33:00,3,3269.11,68,United Kingdom
16068,2010-04-25 11:52:00,2010-04-25 11:52:00,1,115.73,35,United Kingdom
16069,2010-10-18 10:32:00,2010-10-18 10:32:00,1,457.7,25,United Kingdom
16070,2011-11-07 16:36:00,2011-11-17 15:50:00,2,852.15,33,United Kingdom
16071,2010-02-22 14:48:00,2011-10-26 11:14:00,4,1076.8,73,United Kingdom
16072,2010-06-08 16:47:00,2011-02-24 14:32:00,4,4180.09,531,United Kingdom
16073,2011-02-15 15:41:00,2011-02-15 15:41:00,1,122.39999999999999,1,United Kingdom
16074,2010-11-14 13:19:00,2010-11-14 13:19:00,1,252.5,25,United Kingdom
16075,2010-05-24 15:57:00,2010-07-25 11:31:00,2,736.9300000000001,41,United Kingdom
16076,2011-05-15 12:31:00,2011-12-06 14:59:00,10,2234.73,129,United Kingdom
16077,2010-03-24 10:42:00,2010-03-24 10:42:00,1,2300.4,8,United Kingdom
16078,2010-02-08 13:29:00,2011-03-01 09:47:00,2,362.99,39,United Kingdom
16079,2011-10-30 13:06:00,2011-11-23 12:48:00,3,1352.0,21,United Kingdom
16080,2010-09-15 14:19:00,2011-09-19 10:42:00,4,602.5600000000001,30,United Kingdom
16081,2010-02-03 12:46:00,2011-10-14 13:06:00,8,4436.56,390,United Kingdom
16082,2010-02-07 15:16:00,2010-02-07 15:16:00,1,106.75,16,United Kingdom
16083,2010-11-16 11:53:00,2011-08-31 10:47:00,4,2351.42,71,United Kingdom
16084,2011-02-13 16:05:00,2011-02-13 16:05:00,1,436.18,38,United Kingdom
16085,2010-01-20 14:03:00,2011-11-16 13:24:00,12,2324.71,373,United Kingdom
16086,2009-12-02 13:20:00,2011-10-11 13:09:00,10,2864.9900000000002,137,United Kingdom
16087,2010-01-19 12:30:00,2010-11-15 16:44:00,5,1739.92,10,United Kingdom
16088,2010-04-27 10:56:00,2010-05-13 10:16:00,2,1437.43,6,United Kingdom
16089,2010-07-18 15:51:00,2010-11-18 13:51:00,2,263.49,47,United Kingdom
16090,2010-03-25 13:05:00,2010-03-25 13:05:00,1,180.56,18,United Kingdom
16091,2011-05-25 09:18:00,2011-07-08 08:45:00,2,315.06,18,United Kingdom
16092,2010-05-09 16:10:00,2011-08-17 10:46:00,6,1587.94,90,United Kingdom
16093,2011-08-25 11:09:00,2011-08-25 11:09:00,1,17.0,1,United Kingdom
16094,2010-04-16 14:00:00,2011-11-28 12:45:00,11,3695.56,196,United Kingdom
16095,2010-09-09 16:54:00,2010-09-09 16:54:00,1,447.05,30,United Kingdom
16096,2010-03-04 15:44:00,2011-03-20 13:38:00,4,1584.97,66,United Kingdom
16097,2011-04-13 13:47:00,2011-04-13 13:47:00,1,185.04999999999998,10,United Kingdom
16098,2009-12-15 09:40:00,2011-09-13 09:59:00,14,4441.3,162,United Kingdom
16099,2010-03-03 11:13:00,2011-10-20 13:13:00,7,1573.2,69,United Kingdom
16100,2010-09-03 11:39:00,2010-09-03 11:39:00,1,582.64,37,United Kingdom
16101,2010-05-27 12:50:00,2011-09-30 10:18:00,4,3229.16,192,United Kingdom
16102,2011-08-03 12:50:00,2011-10-28 13:19:00,3,1842.14,57,United Kingdom
16103,2010-01-08 12:08:00,2011-12-02 14:16:00,22,6191.71,200,United Kingdom
16104,2009-12-06 10:41:00,2011-10-09 10:23:00,9,2774.46,232,United Kingdom
16105,2010-04-14 13:27:00,2011-04-05 10:13:00,5,2386.19,110,United Kingdom
16106,2011-10-05 10:37:00,2011-10-05 10:37:00,1,108.38,6,United Kingdom
16107,2011-06-09 18:42:00,2011-11-22 09:40:00,7,3204.1600000000003,31,United Kingdom
16108,2010-03-18 14:14:00,2011-09-16 11:48:00,4,2235.92,135,United Kingdom
16109,2010-01-10 10:37:00,2011-05-05 09:17:00,3,939.48,31,United Kingdom
16110,2010-07-05 13:04:00,2011-10-25 14:35:00,4,1781.59,430,United Kingdom
16111,2010-10-07 19:51:00,2010-10-07 19:51:00,1,549.33,73,United Kingdom
16112,2011-01-05 11:47:00,2011-07-19 14:28:00,4,195.73999999999998,16,United Kingdom
16113,2011-06-09 16:16:00,2011-06-09 16:16:00,1,161.38,30,United Kingdom
16114,2011-06-22 10:13:00,2011-06-22 10:13:00,1,135.75000000000003,8,United Kingdom
16115,2010-05-14 11:59:00,2011-11-30 11:32:00,12,2553.8,419,United Kingdom
16116,2011-05-12 12:01:00,2011-05-12 12:01:00,1,612.78,34,United Kingdom
16117,2010-04-27 11:50:00,2011-06-03 11:42:00,3,654.4,89,United Kingdom
16118,2010-02-25 09:40:00,2010-02-25 09:40:00,1,4376.25,41,United Kingdom
16119,2009-12-16 11:56:00,2011-12-01 15:11:00,8,1720.81,54,United Kingdom
16120,2010-10-13 15:07:00,2011-10-11 14:22:00,6,2967.51,92,United Kingdom
16121,2010-05-23 10:52:00,2011-10-13 12:59:00,5,1450.04,344,United Kingdom
16122,2010-10-10 15:26:00,2011-09-27 15:34:00,6,1001.34,64,United Kingdom
16123,2011-10-19 09:18:00,2011-10-19 09:18:00,1,307.78,16,United Kingdom
16124,2009-12-07 10:33:00,2011-01-26 14:45:00,4,1772.49,82,United Kingdom
16125,2009-12-14 15:38:00,2010-12-07 15:48:00,14,4581.7,300,United Kingdom
16126,2009-12-02 13:34:00,2011-11-10 16:03:00,15,14644.6,381,United Kingdom
16127,2009-12-13 12:19:00,2011-10-31 13:58:00,2,801.31,75,United Kingdom
16128,2010-07-16 16:30:00,2011-11-22 11:14:00,11,3801.05,182,United Kingdom
16129,2010-07-20 12:32:00,2010-10-28 14:29:00,3,1396.05,96,United Kingdom
16130,2010-04-01 13:58:00,2010-10-13 15:14:00,4,987.48,55,United Kingdom
16131,2009-12-02 10:09:00,2011-10-19 11:53:00,12,9957.42,219,United Kingdom
16132,2010-03-22 10:25:00,2010-06-13 13:49:00,2,664.1999999999999,17,United Kingdom
16133,2010-03-31 12:21:00,2011-12-06 11:24:00,56,22992.260000000002,544,United Kingdom
16134,2010-06-17 09:48:00,2011-11-18 10:05:00,5,2145.34,116,United Kingdom
16135,2010-05-05 09:35:00,2011-03-22 12:30:00,2,819.45,39,United Kingdom
16136,2010-02-14 12:49:00,2011-10-11 09:10:00,4,946.8,46,United Kingdom
16137,2010-01-28 15:04:00,2010-01-28 15:04:00,1,422.7,28,United Kingdom
16138,2010-04-28 09:51:00,2010-11-26 12:13:00,3,910.35,37,United Kingdom
16139,2009-12-03 13:51:00,2011-11-21 08:37:00,5,1111.15,57,United Kingdom
16140,2010-09-24 12:03:00,2011-10-05 12:15:00,3,1557.6000000000001,71,United Kingdom
16141,2010-10-18 14:12:00,2011-09-12 13:11:00,2,955.94,50,United Kingdom
16142,2011-04-04 10:16:00,2011-04-04 10:16:00,1,535.34,37,United Kingdom
16143,2009-12-10 09:44:00,2011-12-06 14:13:00,12,4910.83,239,United Kingdom
16144,2011-04-07 10:09:00,2011-04-07 10:09:00,1,175.2,1,United Kingdom
16145,2010-05-04 13:31:00,2011-12-01 10:33:00,19,6805.4400000000005,396,United Kingdom
16146,2010-09-17 10:46:00,2011-07-05 14:20:00,4,946.38,41,United Kingdom
16147,2010-02-05 12:26:00,2011-07-29 09:57:00,5,2398.91,136,United Kingdom
16148,2010-09-29 10:12:00,2011-02-16 14:01:00,2,386.62,9,United Kingdom
16149,2010-10-06 15:54:00,2011-12-05 11:29:00,3,422.22,30,United Kingdom
16150,2009-12-17 15:33:00,2011-10-28 12:39:00,10,4395.59,238,United Kingdom
16152,2011-03-16 09:47:00,2011-03-16 09:47:00,1,1829.04,29,United Kingdom
16153,2010-05-26 12:41:00,2011-10-21 10:50:00,11,5133.49,226,United Kingdom
16155,2010-06-18 11:23:00,2010-11-23 12:03:00,5,796.9,48,United Kingdom
16156,2009-12-02 17:06:00,2011-12-01 12:42:00,20,6188.18,261,United Kingdom
16157,2011-09-28 11:48:00,2011-11-24 11:41:00,3,656.69,18,United Kingdom
16158,2009-12-05 15:00:00,2010-07-05 13:55:00,9,628.32,35,United Kingdom
16159,2009-12-03 11:51:00,2011-03-03 12:27:00,4,1232.79,52,United Kingdom
16160,2011-09-15 10:53:00,2011-10-05 14:19:00,2,1025.44,20,United Kingdom
16161,2010-02-08 11:06:00,2011-12-08 12:10:00,43,12744.26,1149,United Kingdom
16162,2011-04-01 15:03:00,2011-04-01 15:03:00,1,37.4,2,United Kingdom
16163,2009-12-02 10:00:00,2011-04-21 15:15:00,6,2849.58,73,United Kingdom
16164,2011-10-28 09:12:00,2011-11-22 15:04:00,3,822.48,34,United Kingdom
16165,2010-07-22 14:17:00,2010-07-22 14:17:00,1,79.9,1,United Kingdom
16166,2010-01-17 14:16:00,2010-10-07 15:44:00,2,435.83,22,United Kingdom
16167,2009-12-01 10:46:00,2010-10-21 15:33:00,5,1386.1200000000001,63,United Kingdom
16168,2009-12-03 12:38:00,2011-11-29 12:45:00,66,10636.47,309,United Kingdom
16169,2011-09-25 11:33:00,2011-12-01 15:28:00,4,1822.97,85,United Kingdom
16170,2010-02-18 13:50:00,2011-10-20 08:21:00,20,6869.0,440,United Kingdom
16171,2011-10-11 14:51:00,2011-10-11 14:51:00,1,73.2,3,United Kingdom
16172,2010-07-14 15:34:00,2011-09-05 13:22:00,8,1884.55,113,United Kingdom
16173,2011-09-02 15:23:00,2011-11-24 10:53:00,6,1418.32,84,United Kingdom
16174,2010-04-15 15:12:00,2011-08-05 13:26:00,7,2246.75,65,United Kingdom
16175,2010-05-25 12:01:00,2011-09-06 14:32:00,7,1836.44,98,United Kingdom
16176,2010-03-29 14:52:00,2010-10-14 13:54:00,4,2052.69,72,United Kingdom
16177,2010-03-02 14:03:00,2011-10-20 12:57:00,8,2247.31,118,United Kingdom
16178,2010-11-03 14:46:00,2011-07-24 16:05:00,2,612.6,25,United Kingdom
16179,2011-10-10 09:41:00,2011-10-10 09:41:00,1,215.83,11,United Kingdom
16180,2010-06-23 13:19:00,2011-08-31 16:28:00,13,16249.87,327,United Kingdom
16181,2011-09-27 13:38:00,2011-09-27 13:38:00,1,305.54,11,United Kingdom
16182,2010-03-09 09:34:00,2011-09-28 13:23:00,9,9971.65,51,United Kingdom
16183,2010-10-28 14:43:00,2011-10-03 14:59:00,4,1077.81,41,United Kingdom
16184,2011-05-12 13:33:00,2011-10-06 17:43:00,6,1158.79,45,United Kingdom
16185,2010-05-24 11:04:00,2011-11-23 09:41:00,3,644.72,40,United Kingdom
16186,2009-12-09 15:36:00,2011-11-17 12:43:00,26,9026.11,525,United Kingdom
16187,2011-02-28 13:34:00,2011-11-08 09:50:00,15,6911.4400000000005,295,United Kingdom
16188,2010-10-27 11:50:00,2011-10-26 12:19:00,5,1087.66,74,United Kingdom
16189,2011-09-15 15:21:00,2011-11-24 11:47:00,2,215.48,11,United Kingdom
16190,2009-12-14 11:59:00,2011-10-30 15:59:00,8,2723.55,119,United Kingdom
16191,2009-12-11 12:24:00,2011-12-07 11:26:00,24,15677.82,232,United Kingdom
16192,2009-12-04 12:28:00,2009-12-04 12:28:00,1,351.3,11,United Kingdom
16193,2010-10-25 10:25:00,2011-04-17 11:45:00,2,630.43,38,United Kingdom
16194,2010-11-29 13:28:00,2010-11-29 13:28:00,1,308.59999999999997,8,United Kingdom
16195,2009-12-16 14:09:00,2009-12-16 14:09:00,1,323.25,16,United Kingdom
16196,2010-08-08 11:40:00,2010-08-08 11:40:00,1,93.3,4,United Kingdom
16197,2009-12-16 11:44:00,2010-08-27 12:56:00,9,2016.71,93,United Kingdom
16198,2010-09-28 13:59:00,2011-09-25 14:58:00,2,1030.04,32,United Kingdom
16199,2010-03-18 18:47:00,2010-11-12 12:55:00,7,942.75,10,United Kingdom
16200,2009-12-02 15:04:00,2011-12-05 14:40:00,12,5608.1,613,United Kingdom
16201,2010-10-20 12:00:00,2011-12-06 16:02:00,5,2112.12,124,United Kingdom
16202,2009-12-02 10:48:00,2010-12-14 10:43:00,9,2501.9900000000002,124,United Kingdom
16203,2010-07-23 13:09:00,2011-10-12 12:31:00,6,1114.54,77,United Kingdom
16204,2009-12-08 17:44:00,2011-11-16 13:40:00,3,918.71,101,United Kingdom
16205,2010-06-15 11:58:00,2011-11-09 09:32:00,7,1813.51,196,United Kingdom
16206,2010-01-24 15:25:00,2011-10-16 10:41:00,13,2577.12,239,United Kingdom
16207,2011-11-14 13:51:00,2011-11-14 13:51:00,1,394.38,19,United Kingdom
16208,2010-02-24 14:24:00,2011-10-26 11:36:00,10,3440.45,253,United Kingdom
16209,2010-06-11 11:58:00,2011-09-12 11:58:00,9,4146.78,67,United Kingdom
16210,2009-12-02 12:54:00,2011-12-08 12:36:00,33,38469.51,279,United Kingdom
16211,2010-09-27 15:24:00,2011-09-12 12:11:00,3,1090.59,36,United Kingdom
16212,2010-02-07 15:26:00,2011-11-20 13:00:00,4,1293.71,78,United Kingdom
16213,2011-09-22 10:03:00,2011-09-22 10:03:00,1,159.0,6,United Kingdom
16214,2010-09-30 13:57:00,2011-06-22 11:30:00,4,2038.25,98,United Kingdom
16215,2011-09-20 10:18:00,2011-09-20 10:18:00,1,242.35,14,United Kingdom
16216,2011-03-17 15:34:00,2011-03-17 15:34:00,1,914.9300000000001,37,United Kingdom
16217,2011-03-02 15:28:00,2011-04-18 13:31:00,2,304.25,15,United Kingdom
16218,2010-05-27 16:09:00,2011-11-10 09:59:00,13,4439.97,164,United Kingdom
16219,2010-07-27 11:44:00,2010-07-27 11:44:00,1,40.8,1,United Kingdom
16221,2010-08-10 13:32:00,2011-11-03 11:43:00,9,2185.21,250,United Kingdom
16222,2009-12-18 14:31:00,2011-01-25 13:38:00,2,1272.05,145,United Kingdom
16223,2010-11-09 12:07:00,2010-11-30 11:50:00,2,1087.05,123,United Kingdom
16224,2010-11-17 13:14:00,2011-10-13 17:51:00,5,1616.54,116,United Kingdom
16225,2010-02-07 12:41:00,2011-10-26 08:30:00,15,2859.31,300,United Kingdom
16226,2010-10-22 11:19:00,2011-05-20 14:41:00,5,672.1700000000001,31,United Kingdom
16227,2010-06-22 13:28:00,2011-04-28 13:33:00,3,1027.22,34,United Kingdom
16228,2010-11-04 18:54:00,2010-11-19 14:20:00,3,885.71,54,United Kingdom
16229,2010-05-24 12:59:00,2011-09-13 17:16:00,6,2867.86,176,United Kingdom
16230,2011-05-03 15:12:00,2011-06-03 10:06:00,2,542.03,35,United Kingdom
16231,2010-04-21 12:06:00,2010-11-25 15:00:00,4,1074.47,100,United Kingdom
16232,2010-06-07 14:04:00,2011-10-27 12:16:00,7,2712.97,105,United Kingdom
16233,2009-12-02 13:23:00,2011-09-29 17:27:00,9,1965.71,75,United Kingdom
16234,2010-05-27 10:39:00,2010-08-20 14:33:00,3,333.18,15,United Kingdom
16235,2010-08-26 12:10:00,2011-10-30 10:56:00,8,2043.71,114,United Kingdom
16236,2011-09-22 14:10:00,2011-09-22 14:10:00,1,432.2,20,United Kingdom
16237,2010-09-28 17:02:00,2010-09-28 17:02:00,1,136.65,7,United Kingdom
16238,2010-10-13 12:36:00,2010-10-13 12:36:00,1,63.66,6,United Kingdom
16239,2010-09-02 19:17:00,2011-10-14 08:29:00,6,1492.2,35,United Kingdom
16240,2011-09-23 13:44:00,2011-11-15 14:30:00,2,3718.8,135,United Kingdom
16241,2010-10-25 13:40:00,2011-11-30 11:08:00,16,4267.46,974,United Kingdom
16242,2010-03-15 16:02:00,2011-12-01 15:12:00,14,7404.65,672,United Kingdom
16243,2011-10-16 12:09:00,2011-11-06 12:32:00,2,409.1,51,United Kingdom
16244,2010-12-02 11:41:00,2011-05-12 10:18:00,2,2579.38,154,United Kingdom
16245,2011-03-28 09:30:00,2011-11-16 10:14:00,3,1413.66,90,United Kingdom
16246,2010-02-08 12:32:00,2010-09-06 12:04:00,2,821.35,88,United Kingdom
16247,2011-06-22 14:23:00,2011-06-22 14:23:00,1,114.56,16,United Kingdom
16248,2011-10-09 11:32:00,2011-10-09 11:32:00,1,152.94,7,United Kingdom
16249,2011-04-14 13:50:00,2011-10-18 10:07:00,5,1800.07,69,United Kingdom
16250,2010-11-18 10:43:00,2011-03-23 15:07:00,3,791.38,49,United Kingdom
16251,2010-07-15 14:55:00,2010-07-15 14:55:00,1,128.31,20,United Kingdom
16252,2010-11-22 11:57:00,2010-11-22 11:57:00,1,295.09000000000003,21,United Kingdom
16253,2009-12-08 17:24:00,2011-10-04 09:09:00,7,7272.2,297,United Kingdom
16254,2010-03-17 15:43:00,2010-11-26 13:22:00,3,967.44,74,United Kingdom
16255,2010-01-24 12:21:00,2011-11-23 12:40:00,15,4904.25,534,United Kingdom
16256,2010-04-21 10:34:00,2011-03-18 12:18:00,3,1629.37,29,United Kingdom
16257,2011-06-16 10:11:00,2011-06-16 10:11:00,1,46.95,2,United Kingdom
16258,2010-03-10 14:19:00,2011-10-25 13:30:00,15,11942.52,344,United Kingdom
16259,2010-04-13 16:57:00,2010-10-25 14:27:00,3,340.94,85,United Kingdom
16260,2011-10-20 09:40:00,2011-10-20 09:40:00,1,1035.45,18,United Kingdom
16261,2010-09-23 16:40:00,2011-11-22 17:23:00,6,1041.16,163,United Kingdom
16262,2010-11-26 13:22:00,2010-11-26 13:22:00,1,755.15,46,United Kingdom
16263,2010-10-12 14:52:00,2010-10-12 14:52:00,1,348.16,21,United Kingdom
16264,2010-09-19 16:14:00,2010-09-27 15:00:00,2,823.53,63,United Kingdom
16265,2010-10-28 15:18:00,2011-11-30 16:41:00,12,6935.17,337,United Kingdom
16266,2010-02-04 16:21:00,2011-09-27 12:08:00,14,1757.95,109,United Kingdom
16267,2010-04-27 14:10:00,2010-04-27 14:10:00,1,186.66,7,United Kingdom
16268,2011-09-29 18:30:00,2011-09-29 18:30:00,2,667.65,45,United Kingdom
16269,2010-09-28 11:50:00,2010-09-28 11:50:00,1,717.57,53,United Kingdom
16270,2010-12-21 14:26:00,2010-12-21 14:26:00,1,1141.24,54,United Kingdom
16271,2010-03-07 12:03:00,2011-11-24 12:12:00,8,3367.82,297,United Kingdom
16272,2011-08-15 10:53:00,2011-08-15 10:54:00,1,411.7,25,United Kingdom
16273,2010-02-21 16:02:00,2010-03-01 13:24:00,2,318.34000000000003,15,United Kingdom
16274,2010-12-01 15:35:00,2010-12-01 15:35:00,1,663.1,126,United Kingdom
16275,2010-03-08 14:41:00,2011-05-27 12:41:00,3,2151.11,111,United Kingdom
16276,2010-04-11 12:02:00,2011-06-16 09:34:00,3,2629.3900000000003,26,United Kingdom
16277,2009-12-06 11:27:00,2009-12-06 11:27:00,1,188.69,23,United Kingdom
16278,2010-07-28 15:40:00,2011-08-31 17:12:00,3,1117.84,55,United Kingdom
16279,2010-04-22 14:09:00,2011-11-18 15:00:00,9,5698.28,348,United Kingdom
16280,2009-12-14 15:49:00,2009-12-14 15:49:00,1,238.05,16,United Kingdom
16281,2010-01-26 13:41:00,2011-09-28 14:57:00,3,3424.02,39,United Kingdom
16282,2009-12-21 11:52:00,2011-01-04 11:42:00,3,1307.58,33,United Kingdom
16283,2010-02-28 14:12:00,2011-12-04 12:08:00,8,4348.62,581,United Kingdom
16284,2010-11-11 13:27:00,2011-11-08 16:12:00,3,1018.48,133,United Kingdom
16285,2010-03-03 16:03:00,2010-03-03 16:03:00,1,176.9,31,United Kingdom
16286,2010-03-26 09:58:00,2010-08-19 14:48:00,2,328.95,17,United Kingdom
16287,2010-01-19 09:46:00,2011-06-23 09:08:00,5,1006.98,42,United Kingdom
16288,2010-08-26 14:45:00,2010-08-26 14:45:00,1,129.85,7,United Kingdom
16289,2010-09-03 14:02:00,2010-09-03 14:02:00,1,136.31,21,United Kingdom
16290,2010-05-23 11:46:00,2010-09-01 11:52:00,4,1957.7,124,United Kingdom
16291,2010-01-26 16:26:00,2010-01-26 16:26:00,1,117.72,1,Portugal
16292,2010-04-14 13:29:00,2011-08-10 12:24:00,5,1253.76,62,United Kingdom
16293,2009-12-11 09:58:00,2011-11-18 09:58:00,15,4657.95,241,United Kingdom
16294,2010-08-20 12:01:00,2010-08-20 12:01:00,1,126.05000000000001,8,United Kingdom
16295,2011-10-06 10:45:00,2011-11-30 08:17:00,4,1328.55,79,United Kingdom
16296,2009-12-18 12:03:00,2010-03-23 13:11:00,4,1313.67,74,United Kingdom
16297,2011-03-16 08:29:00,2011-03-16 08:29:00,1,301.9,20,United Kingdom
16298,2010-09-23 15:23:00,2011-11-17 11:59:00,7,1085.7,47,United Kingdom
16299,2010-08-19 17:46:00,2010-08-19 17:46:00,1,193.65,12,United Kingdom
16300,2010-02-02 11:40:00,2010-10-05 13:14:00,3,1367.32,238,United Kingdom
16301,2009-12-03 10:20:00,2009-12-03 10:20:00,1,107.33,6,United Kingdom
16302,2011-08-05 09:44:00,2011-08-05 09:44:00,1,233.22,11,United Kingdom
16303,2010-03-18 14:12:00,2011-11-14 10:49:00,7,7928.27,286,United Kingdom
16304,2010-01-14 08:30:00,2010-01-14 08:30:00,1,381.66,25,United Kingdom
16305,2011-07-24 12:18:00,2011-07-24 12:18:00,1,361.21999999999997,22,United Kingdom
16306,2010-10-01 09:36:00,2011-05-10 12:12:00,7,1192.82,69,United Kingdom
16307,2010-05-11 14:40:00,2010-10-06 14:31:00,3,1194.92,75,United Kingdom
16308,2009-12-15 15:48:00,2011-11-02 11:24:00,7,5120.0,7,United Kingdom
16309,2011-04-13 11:46:00,2011-08-25 15:35:00,2,706.57,42,United Kingdom
16310,2010-03-07 15:41:00,2010-10-21 14:47:00,2,460.08,28,United Kingdom
16311,2011-10-21 13:13:00,2011-11-22 08:54:00,2,616.26,37,United Kingdom
16312,2010-10-03 14:15:00,2010-10-03 14:15:00,1,171.15,10,United Kingdom
16313,2011-10-21 09:04:00,2011-12-06 13:02:00,2,274.15000000000003,16,United Kingdom
16314,2010-08-24 11:52:00,2010-11-15 12:06:00,3,1491.4,62,United Kingdom
16315,2010-06-21 13:53:00,2011-01-13 11:57:00,2,402.71,23,United Kingdom
16316,2010-08-03 14:38:00,2011-10-06 13:48:00,13,5744.91,297,United Kingdom
16317,2010-05-04 10:17:00,2011-08-12 12:46:00,5,2192.51,117,United Kingdom
16318,2011-11-04 13:05:00,2011-11-04 13:05:00,1,328.15,19,United Kingdom
16319,2011-05-06 11:27:00,2011-05-06 11:27:00,1,404.40000000000003,3,United Kingdom
16320,2010-01-27 13:29:00,2011-06-20 15:25:00,6,5628.99,241,Unspecified
16321,2009-12-01 10:36:00,2011-09-28 14:55:00,7,604.5500000000001,23,Australia
16322,2011-11-03 14:33:00,2011-12-08 15:41:00,2,326.75,37,United Kingdom
16323,2010-05-11 09:48:00,2011-05-27 14:48:00,2,353.66,4,United Kingdom
16324,2011-06-15 14:26:00,2011-08-03 12:58:00,3,408.59000000000003,111,United Kingdom
16325,2009-12-04 13:21:00,2011-10-24 08:48:00,12,3597.5,138,United Kingdom
16326,2010-01-28 13:23:00,2011-12-04 10:11:00,24,4626.25,466,United Kingdom
16327,2009-12-14 13:06:00,2011-11-25 13:23:00,16,10634.04,941,United Kingdom
16328,2010-05-25 14:02:00,2010-05-25 14:02:00,1,310.83,16,United Kingdom
16329,2009-12-01 11:34:00,2010-10-08 12:44:00,4,1664.92,104,United Kingdom
16330,2010-02-15 12:36:00,2011-11-22 12:24:00,7,625.38,117,United Kingdom
16331,2010-03-07 10:55:00,2010-10-03 13:47:00,6,2037.7,34,United Kingdom
16332,2010-04-29 13:41:00,2011-11-11 14:22:00,11,1997.49,196,United Kingdom
16333,2011-02-03 10:50:00,2011-12-02 12:19:00,22,26626.8,45,United Kingdom
16334,2010-08-04 16:38:00,2010-08-04 16:38:00,1,263.73,54,United Kingdom
16335,2009-12-04 10:18:00,2010-06-06 11:35:00,7,2753.52,361,United Kingdom
16336,2010-03-18 08:05:00,2010-10-15 12:32:00,4,3517.69,68,United Kingdom
16337,2011-11-03 10:03:00,2011-11-03 10:03:00,1,151.05,10,United Kingdom
16338,2011-07-05 13:56:00,2011-07-05 13:56:00,1,214.79999999999998,11,United Kingdom
16339,2011-02-28 13:41:00,2011-02-28 13:41:00,1,94.05,18,United Kingdom
16340,2010-06-06 13:26:00,2011-08-24 14:53:00,3,1496.24,357,United Kingdom
16341,2010-04-09 10:30:00,2011-11-15 09:12:00,7,3850.79,158,United Kingdom
16342,2011-06-13 10:10:00,2011-09-25 14:36:00,4,322.41,15,United Kingdom
16343,2010-10-28 14:15:00,2011-11-23 17:45:00,3,614.12,78,United Kingdom
16344,2010-02-09 12:16:00,2011-07-04 15:50:00,4,842.42,46,United Kingdom
16345,2010-08-13 17:13:00,2011-10-26 16:03:00,2,1178.79,108,United Kingdom
16346,2010-11-19 15:55:00,2010-11-19 15:55:00,1,224.51,15,United Kingdom
16347,2010-03-12 12:41:00,2011-11-28 13:14:00,11,3442.96,342,United Kingdom
16348,2010-10-05 13:57:00,2011-11-07 15:44:00,8,1742.08,252,United Kingdom
16349,2011-02-22 12:40:00,2011-02-22 12:40:00,1,53.5,9,United Kingdom
16350,2010-10-07 16:33:00,2011-11-18 15:53:00,9,2253.89,122,United Kingdom
16351,2009-12-04 16:12:00,2011-01-11 10:26:00,13,3330.0299999999997,187,United Kingdom
16352,2011-11-02 08:44:00,2011-11-22 10:32:00,2,494.44,28,United Kingdom
16353,2009-12-07 13:55:00,2011-12-06 12:23:00,38,9999.460000000001,174,United Kingdom
16354,2010-04-27 13:33:00,2011-10-07 14:28:00,5,1119.46,140,United Kingdom
16355,2010-11-29 14:21:00,2010-11-29 14:21:00,1,416.35,48,United Kingdom
16356,2010-06-06 11:26:00,2011-05-26 11:51:00,6,415.87,59,United Kingdom
16357,2010-11-23 18:52:00,2011-11-06 16:04:00,4,868.37,47,United Kingdom
16358,2010-11-10 11:36:00,2011-12-08 15:09:00,5,2919.65,154,United Kingdom
16359,2010-02-16 10:39:00,2011-12-02 17:04:00,16,2697.75,125,United Kingdom
16360,2011-09-12 13:50:00,2011-12-05 12:16:00,6,3450.41,636,United Kingdom
16361,2011-09-29 13:13:00,2011-11-30 12:32:00,4,891.21,104,United Kingdom
16362,2010-09-28 09:24:00,2011-11-07 13:01:00,6,922.16,90,United Kingdom
16363,2011-10-17 14:14:00,2011-10-17 14:14:00,1,109.36000000000001,5,United Kingdom
16364,2011-07-25 14:35:00,2011-11-28 11:27:00,2,705.79,52,United Kingdom
16365,2009-12-11 12:41:00,2011-11-22 11:24:00,15,3307.2,130,United Kingdom
16366,2009-12-16 10:39:00,2011-11-21 08:19:00,4,1548.1299999999999,78,United Kingdom
16367,2010-11-21 13:23:00,2011-11-02 13:13:00,3,1350.48,223,United Kingdom
16368,2010-09-30 11:30:00,2011-12-07 13:12:00,3,621.44,90,United Kingdom
16369,2010-04-07 16:52:00,2011-11-21 16:25:00,7,2654.48,167,United Kingdom
16370,2011-04-28 16:40:00,2011-09-18 15:55:00,4,1301.91,221,United Kingdom
16371,2010-09-17 12:09:00,2010-09-17 12:09:00,1,157.2,11,United Kingdom
16372,2010-04-11 15:20:00,2011-11-06 13:08:00,5,1290.31,315,United Kingdom
16373,2010-10-24 13:10:00,2010-11-22 15:50:00,2,309.49,29,United Kingdom
16374,2010-04-30 13:10:00,2011-10-04 15:21:00,5,1709.55,344,United Kingdom
16375,2010-08-26 14:12:00,2010-08-26 14:25:00,2,104.0,13,United Kingdom
16376,2011-11-22 16:47:00,2011-12-01 11:38:00,2,974.96,122,United Kingdom
16377,2010-04-01 10:36:00,2011-03-17 15:41:00,2,1308.48,10,United Kingdom
16378,2011-02-02 12:42:00,2011-04-06 15:07:00,3,362.95,23,United Kingdom
16379,2011-09-22 09:33:00,2011-12-05 15:38:00,4,2157.4,108,United Kingdom
16380,2011-10-09 15:40:00,2011-10-09 15:40:00,1,1743.1499999999999,31,United Kingdom
16381,2010-10-17 13:06:00,2010-11-09 09:56:00,2,247.85,61,United Kingdom
16382,2010-06-07 12:42:00,2010-10-27 16:23:00,2,353.1,44,United Kingdom
16383,2010-02-04 13:18:00,2011-09-26 12:45:00,7,2887.99,399,United Kingdom
16384,2010-04-28 14:01:00,2011-09-11 11:19:00,4,1358.95,81,United Kingdom
16385,2010-03-18 12:45:00,2011-10-10 13:12:00,5,1028.55,133,United Kingdom
16386,2010-11-17 11:19:00,2011-11-11 12:28:00,3,1068.16,139,United Kingdom
16387,2010-03-11 12:22:00,2011-01-21 11:34:00,5,882.46,87,United Kingdom
16388,2010-02-24 10:20:00,2010-02-24 10:20:00,1,186.05,13,United Kingdom
16389,2011-03-01 15:47:00,2011-10-17 14:41:00,4,1382.07,34,United Kingdom
16390,2010-01-29 15:25:00,2010-06-21 10:11:00,3,467.5,21,United Kingdom
16391,2010-05-27 11:27:00,2010-11-04 12:27:00,4,1048.86,302,United Kingdom
16392,2010-05-27 11:17:00,2011-03-15 12:11:00,3,755.45,143,United Kingdom
16393,2009-12-01 12:13:00,2011-12-07 12:51:00,23,5482.57,757,United Kingdom
16394,2011-02-23 10:58:00,2011-10-14 09:48:00,5,1555.34,83,United Kingdom
16395,2009-12-06 12:26:00,2011-10-10 12:50:00,14,3517.56,633,United Kingdom
16396,2010-08-20 14:17:00,2010-08-20 14:17:00,1,137.8,8,United Kingdom
16397,2010-03-21 15:36:00,2010-03-21 15:36:00,1,123.13,9,United Kingdom
16398,2011-03-31 09:38:00,2011-07-08 15:16:00,2,1705.8,82,United Kingdom
16399,2010-11-15 15:03:00,2011-11-20 16:12:00,3,628.42,109,United Kingdom
16400,2009-12-08 12:38:00,2011-09-06 12:27:00,9,3059.85,267,United Kingdom
16401,2010-06-02 13:13:00,2011-12-08 18:15:00,23,6847.45,362,United Kingdom
16402,2010-12-05 13:42:00,2011-03-20 12:25:00,2,499.1,111,United Kingdom
16403,2011-01-31 13:39:00,2011-01-31 13:39:00,1,177.5,10,United Kingdom
16404,2011-09-30 14:55:00,2011-09-30 14:55:00,1,443.05,23,United Kingdom
16405,2011-02-02 17:08:00,2011-02-10 15:24:00,2,167.25,5,United Kingdom
16406,2010-02-24 11:51:00,2011-11-21 11:57:00,3,528.36,148,United Kingdom
16407,2010-10-03 13:56:00,2011-11-27 11:05:00,14,2761.65,225,United Kingdom
16408,2010-04-27 14:08:00,2010-04-27 14:08:00,1,231.93,45,United Kingdom
16409,2009-12-13 15:38:00,2011-11-03 16:45:00,12,5652.74,775,United Kingdom
16410,2009-12-05 14:51:00,2009-12-05 14:51:00,1,130.32,5,United Kingdom
16411,2010-10-07 15:09:00,2011-11-20 13:23:00,4,884.9399999999999,201,United Kingdom
16412,2010-02-04 13:46:00,2011-10-17 12:35:00,5,593.19,122,United Kingdom
16413,2010-11-29 12:49:00,2011-10-14 12:08:00,2,522.03,68,United Kingdom
16414,2010-01-14 10:21:00,2011-11-18 09:42:00,5,551.21,63,United Kingdom
16415,2010-02-01 12:30:00,2011-10-26 13:35:00,3,696.76,145,United Kingdom
16416,2010-02-23 12:00:00,2011-11-13 12:50:00,9,2957.88,186,United Kingdom
16417,2010-08-04 09:08:00,2010-08-04 09:08:00,1,35.7,1,United Kingdom
16418,2010-10-13 12:31:00,2011-10-26 12:39:00,5,1028.74,156,United Kingdom
16419,2010-02-09 13:26:00,2011-08-19 12:33:00,8,1463.7,90,United Kingdom
16420,2010-11-08 15:15:00,2010-11-08 15:15:00,1,75.0,2,United Kingdom
16421,2010-08-27 12:02:00,2010-11-28 13:31:00,3,526.27,38,United Kingdom
16422,2010-01-12 11:57:00,2011-11-22 14:00:00,108,63397.07,710,United Kingdom
16423,2011-11-15 09:21:00,2011-11-15 09:21:00,1,346.12,18,United Kingdom
16424,2010-11-22 11:24:00,2011-06-01 13:40:00,2,443.06,13,United Kingdom
16425,2011-02-10 14:30:00,2011-02-10 14:30:00,1,302.7,21,United Kingdom
16426,2011-03-08 15:45:00,2011-12-07 14:01:00,10,1863.76,353,United Kingdom
16427,2011-02-28 15:18:00,2011-03-21 17:10:00,2,241.06,9,United Kingdom
16428,2010-07-30 12:10:00,2010-10-22 12:22:00,3,638.49,127,United Kingdom
16429,2011-08-25 13:54:00,2011-08-25 13:54:00,1,284.55,2,United Kingdom
16430,2010-01-27 12:45:00,2011-10-13 14:47:00,6,1102.94,27,United Kingdom
16431,2011-02-15 14:02:00,2011-05-10 14:09:00,3,623.28,76,United Kingdom
16432,2011-10-06 13:59:00,2011-10-06 13:59:00,1,287.4,8,United Kingdom
16433,2010-10-27 12:26:00,2011-11-11 14:09:00,2,384.52,34,United Kingdom
16434,2010-01-17 14:51:00,2011-11-10 14:28:00,12,2673.69,180,United Kingdom
16435,2010-07-13 13:29:00,2010-07-15 18:22:00,3,1003.0699999999999,125,United Kingdom
16436,2009-12-06 16:02:00,2010-02-09 13:19:00,3,319.14,40,United Kingdom
16437,2010-10-06 12:34:00,2010-11-23 16:59:00,2,301.25,21,United Kingdom
16438,2011-09-18 13:31:00,2011-12-04 10:51:00,5,798.35,132,United Kingdom
16439,2009-12-17 14:22:00,2009-12-17 14:22:00,1,310.70000000000005,9,United Kingdom
16440,2010-08-03 11:32:00,2011-12-02 12:02:00,6,3856.9700000000003,307,United Kingdom
16441,2010-03-22 18:00:00,2011-10-03 17:48:00,5,1013.18,84,United Kingdom
16442,2009-12-13 11:05:00,2011-12-08 11:43:00,5,891.98,247,United Kingdom
16443,2010-07-07 11:57:00,2010-07-07 11:57:00,1,162.24,1,United Kingdom
16444,2010-03-24 14:06:00,2011-10-24 13:50:00,17,3625.88,371,United Kingdom
16445,2010-10-24 12:39:00,2011-11-06 12:32:00,4,583.16,180,United Kingdom
16446,2011-05-18 09:52:00,2011-12-09 09:15:00,2,168472.5,3,United Kingdom
16447,2010-02-17 14:09:00,2011-07-27 12:45:00,3,727.1,68,United Kingdom
16448,2010-08-25 16:58:00,2011-05-25 16:28:00,2,361.12,50,United Kingdom
16449,2011-03-04 12:15:00,2011-05-26 10:25:00,2,707.69,40,United Kingdom
16450,2010-02-21 15:46:00,2011-07-13 11:47:00,3,1505.73,43,United Kingdom
16451,2009-12-04 15:11:00,2011-09-13 09:17:00,3,1013.15,65,United Kingdom
16452,2010-01-15 12:22:00,2010-03-19 12:39:00,2,332.17,18,United Kingdom
16453,2010-06-09 13:15:00,2010-06-27 12:46:00,2,251.71,15,United Kingdom
16454,2010-04-07 15:54:00,2011-10-06 16:57:00,3,29.950000000000003,3,United Kingdom
16455,2010-03-30 10:31:00,2011-10-07 12:17:00,11,4376.87,224,United Kingdom
16456,2010-03-29 11:16:00,2011-09-01 13:50:00,13,6788.34,407,United Kingdom
16457,2011-05-05 13:19:00,2011-05-05 13:19:00,1,208.36,9,United Kingdom
16458,2010-05-26 14:38:00,2011-12-07 09:34:00,30,5690.89,381,United Kingdom
16459,2009-12-10 12:42:00,2009-12-10 12:42:00,1,71.78999999999999,5,United Kingdom
16460,2011-09-19 10:15:00,2011-11-11 13:46:00,3,811.23,132,United Kingdom
16461,2010-03-03 13:57:00,2011-06-15 12:07:00,3,1539.83,251,United Kingdom
16462,2011-03-01 08:58:00,2011-09-27 10:24:00,3,136.0,3,United Kingdom
16463,2011-05-19 14:45:00,2011-11-18 14:01:00,4,1422.4,82,United Kingdom
16464,2011-07-20 13:53:00,2011-11-20 12:11:00,3,1298.66,230,United Kingdom
16465,2010-09-21 10:46:00,2010-10-15 09:27:00,2,746.24,48,United Kingdom
16466,2010-03-07 14:31:00,2011-11-06 11:35:00,15,3767.09,336,United Kingdom
16467,2009-12-02 11:59:00,2010-07-19 11:49:00,7,2869.16,24,United Kingdom
16468,2010-08-15 13:10:00,2011-09-26 14:13:00,3,787.52,45,United Kingdom
16469,2010-07-13 13:17:00,2011-11-16 12:25:00,5,803.9,194,United Kingdom
16470,2009-12-11 12:21:00,2011-10-19 12:11:00,11,2416.85,468,United Kingdom
16471,2010-02-25 10:07:00,2011-03-10 09:41:00,4,1189.98,62,United Kingdom
16472,2010-04-21 11:48:00,2010-10-01 13:56:00,2,789.6,39,United Kingdom
16473,2010-11-30 16:29:00,2011-06-28 09:10:00,4,470.83,28,United Kingdom
16474,2011-07-17 14:51:00,2011-12-02 13:02:00,7,1810.49,336,United Kingdom
16475,2011-03-11 09:39:00,2011-09-12 14:37:00,4,544.3,28,United Kingdom
16476,2010-10-04 10:29:00,2010-10-04 10:29:00,1,350.35,24,United Kingdom
16477,2010-08-12 09:43:00,2011-10-07 09:44:00,11,4320.02,260,United Kingdom
16478,2011-10-05 12:02:00,2011-11-14 15:51:00,3,331.0,17,United Kingdom
16479,2011-11-29 13:04:00,2011-11-29 13:40:00,2,300.83,35,United Kingdom
16480,2011-09-25 11:40:00,2011-09-25 11:40:00,1,769.29,53,United Kingdom
16481,2010-01-26 13:09:00,2010-01-26 13:09:00,1,453.38,16,United Kingdom
16482,2011-11-24 12:33:00,2011-11-24 12:33:00,1,220.62,18,United Kingdom
16483,2011-05-31 13:08:00,2011-05-31 13:08:00,1,139.35,19,United Kingdom
16484,2011-06-02 10:39:00,2011-06-19 12:06:00,2,404.3,25,United Kingdom
16485,2009-12-06 12:28:00,2011-09-23 15:50:00,5,2287.19,144,United Kingdom
16486,2010-06-20 12:16:00,2010-06-20 12:16:00,1,134.36,7,United Kingdom
16487,2010-02-18 17:36:00,2010-05-11 13:38:00,2,209.4,35,United Kingdom
16488,2011-07-14 11:46:00,2011-11-06 13:42:00,3,498.8,29,United Kingdom
16489,2010-09-29 15:02:00,2010-11-24 14:40:00,2,303.7,6,United Kingdom
16490,2010-09-29 16:30:00,2010-09-29 16:30:00,1,205.41000000000003,13,United Kingdom
16491,2010-10-22 15:42:00,2011-10-24 10:18:00,2,1533.16,87,United Kingdom
16492,2010-06-17 08:20:00,2010-06-17 08:20:00,1,385.56,23,United Kingdom
16493,2010-03-26 13:05:00,2011-09-21 11:10:00,7,2132.09,111,United Kingdom
16494,2011-02-16 12:49:00,2011-02-16 12:49:00,1,826.53,50,United Kingdom
16495,2011-03-08 16:38:00,2011-12-06 13:20:00,3,648.26,88,United Kingdom
16496,2010-07-18 13:42:00,2011-12-01 10:31:00,6,2330.77,138,United Kingdom
16497,2009-12-03 14:11:00,2011-10-21 10:55:00,23,6695.28,337,United Kingdom
16498,2011-06-30 19:52:00,2011-07-01 15:07:00,2,100.97,15,United Kingdom
16499,2010-06-11 12:22:00,2010-12-14 13:31:00,8,2578.34,144,United Kingdom
16500,2010-06-14 14:54:00,2011-12-05 12:04:00,9,843.9100000000001,34,United Kingdom
16501,2010-11-21 14:10:00,2010-11-21 14:10:00,1,1191.23,199,United Kingdom
16502,2010-03-29 13:39:00,2010-03-29 13:44:00,2,258.55,41,United Kingdom
16503,2010-06-21 14:07:00,2011-08-25 11:46:00,11,3614.34,213,United Kingdom
16504,2011-11-14 15:18:00,2011-11-14 15:18:00,1,465.88,83,United Kingdom
16505,2011-11-08 12:14:00,2011-11-08 12:14:00,1,777.6,4,United Kingdom
16506,2011-10-30 15:50:00,2011-11-20 12:17:00,2,90.30000000000001,3,United Kingdom
16507,2010-05-16 12:56:00,2010-05-16 12:56:00,1,142.71,38,United Kingdom
16508,2010-03-19 13:41:00,2010-03-19 13:41:00,1,240.95,43,United Kingdom
16509,2011-02-16 09:25:00,2011-02-16 09:25:00,1,363.7,13,United Kingdom
16510,2010-01-17 12:30:00,2010-12-02 13:39:00,6,2005.35,124,United Kingdom
16511,2010-03-01 12:21:00,2011-11-18 10:41:00,6,1758.49,303,United Kingdom
16513,2011-10-27 14:56:00,2011-12-05 10:18:00,4,874.59,35,United Kingdom
16515,2010-06-17 12:17:00,2011-10-18 13:10:00,10,3179.06,236,United Kingdom
16516,2011-11-09 14:59:00,2011-11-09 14:59:00,1,101.69999999999999,6,United Kingdom
16517,2011-03-07 13:50:00,2011-03-07 13:50:00,1,162.7,17,United Kingdom
16518,2010-06-01 13:31:00,2011-10-09 15:04:00,4,959.37,68,United Kingdom
16519,2010-03-01 13:51:00,2011-11-14 15:41:00,4,540.66,40,United Kingdom
16520,2010-03-02 16:50:00,2011-06-06 13:24:00,6,2474.14,412,United Kingdom
16521,2010-03-01 13:22:00,2010-10-20 13:09:00,3,1136.36,236,United Kingdom
16522,2010-09-15 13:32:00,2010-09-30 10:54:00,2,433.36,18,United Kingdom
16523,2010-01-24 13:14:00,2011-12-08 09:06:00,28,11916.33,371,United Kingdom
16524,2010-01-17 13:16:00,2010-09-19 13:37:00,2,306.19,53,United Kingdom
16525,2009-12-02 13:53:00,2011-12-07 15:07:00,48,24562.74,362,United Kingdom
16526,2010-05-04 16:34:00,2011-06-21 12:02:00,2,717.21,35,United Kingdom
16527,2010-10-11 13:25:00,2011-09-19 16:21:00,2,1232.94,73,United Kingdom
16528,2011-12-06 12:45:00,2011-12-06 12:45:00,1,244.41,17,United Kingdom
16529,2010-06-27 13:29:00,2011-06-02 17:23:00,4,1986.8,128,United Kingdom
16530,2010-02-09 15:30:00,2010-02-09 15:30:00,1,48.349999999999994,3,United Kingdom
16531,2010-09-24 09:49:00,2011-11-17 16:29:00,11,2298.33,138,United Kingdom
16532,2010-03-29 10:26:00,2011-11-22 11:08:00,5,8756.64,6,United Kingdom
16533,2011-10-02 15:07:00,2011-11-20 13:08:00,3,1082.81,176,United Kingdom
16534,2010-03-07 15:47:00,2010-03-07 15:47:00,1,635.9,36,United Kingdom
16535,2010-11-19 13:01:00,2011-12-04 15:18:00,2,952.04,70,United Kingdom
16536,2011-08-21 15:54:00,2011-08-21 15:54:00,1,548.12,54,United Kingdom
16537,2010-03-08 13:41:00,2010-03-08 13:41:00,1,10.55,2,United Kingdom
16538,2010-04-23 16:25:00,2010-06-16 16:59:00,3,395.07,41,United Kingdom
16539,2010-06-25 15:24:00,2011-12-07 08:41:00,10,3732.01,152,United Kingdom
16540,2010-10-21 17:22:00,2010-10-21 17:22:00,1,205.75,29,United Kingdom
16541,2009-12-04 13:22:00,2009-12-04 13:22:00,1,424.03,38,United Kingdom
16542,2010-11-03 14:44:00,2011-10-17 10:47:00,2,257.32,14,United Kingdom
16543,2010-04-27 11:38:00,2010-04-27 11:38:00,1,292.21,18,United Kingdom
16544,2010-02-15 13:20:00,2010-07-08 11:11:00,4,376.70000000000005,11,United Kingdom
16545,2010-11-29 10:39:00,2011-06-28 10:37:00,2,689.82,8,United Kingdom
16546,2010-09-23 15:43:00,2011-02-22 11:20:00,5,5606.47,94,United Kingdom
16547,2010-06-11 13:02:00,2010-06-11 13:02:00,1,104.25999999999999,25,United Kingdom
16548,2010-04-19 16:15:00,2010-04-19 16:15:00,1,30.15,6,United Kingdom
16549,2010-03-28 15:45:00,2011-11-29 15:06:00,34,12781.8,3093,United Kingdom
16550,2009-12-02 11:24:00,2011-08-23 11:12:00,18,9362.34,802,United Kingdom
16551,2009-12-13 16:12:00,2011-09-05 09:38:00,7,2237.12,88,United Kingdom
16552,2010-12-01 12:36:00,2011-04-11 10:04:00,2,475.02000000000004,22,United Kingdom
16553,2010-02-11 18:46:00,2011-06-29 15:42:00,33,16584.01,292,United Kingdom
16554,2009-12-15 09:42:00,2011-10-28 14:51:00,8,2841.72,167,United Kingdom
16555,2010-07-22 13:39:00,2011-11-04 14:31:00,6,1915.68,66,United Kingdom
16556,2009-12-07 10:51:00,2011-10-04 11:36:00,17,8012.58,482,United Kingdom
16557,2011-07-25 13:28:00,2011-11-15 14:04:00,2,281.85,11,United Kingdom
16558,2009-12-03 18:11:00,2011-12-09 10:20:00,38,13873.51,780,United Kingdom
16559,2010-11-07 13:52:00,2010-11-07 13:52:00,1,175.0,17,United Kingdom
16560,2009-12-08 12:05:00,2011-11-13 10:35:00,8,3048.38,198,United Kingdom
16561,2011-10-11 09:53:00,2011-12-04 11:50:00,2,511.12,31,United Kingdom
16562,2010-08-20 11:45:00,2010-08-20 11:45:00,1,223.85999999999999,34,United Kingdom
16563,2009-12-01 18:35:00,2011-10-17 11:51:00,6,4412.56,89,United Kingdom
16564,2010-05-19 14:41:00,2010-05-19 14:41:00,1,87.8,5,United Kingdom
16565,2010-06-02 12:47:00,2010-12-10 15:21:00,4,773.05,11,United Kingdom
16566,2011-02-20 10:29:00,2011-11-24 16:34:00,5,614.66,18,United Kingdom
16567,2011-01-07 09:31:00,2011-05-29 13:57:00,2,865.6,35,United Kingdom
16568,2010-03-08 14:51:00,2010-10-08 10:54:00,2,1020.9000000000001,5,United Kingdom
16569,2009-12-16 15:05:00,2011-12-06 15:32:00,5,1455.23,35,United Kingdom
16570,2010-03-30 09:32:00,2011-11-24 17:02:00,20,7434.31,241,United Kingdom
16571,2010-03-18 09:12:00,2011-11-13 11:46:00,10,4248.74,255,United Kingdom
16572,2011-03-09 12:04:00,2011-08-04 16:34:00,3,1009.6,57,United Kingdom
16573,2011-02-22 15:14:00,2011-09-16 09:13:00,2,663.61,42,United Kingdom
16574,2010-02-19 11:46:00,2011-09-29 13:39:00,3,1301.78,86,United Kingdom
16576,2010-07-06 10:42:00,2010-10-15 13:37:00,2,540.87,33,United Kingdom
16577,2010-02-11 09:45:00,2010-02-11 09:45:00,1,380.0,23,United Kingdom
16578,2010-03-23 15:11:00,2010-03-23 15:11:00,1,156.6,9,United Kingdom
16579,2010-10-10 11:58:00,2010-10-10 11:58:00,1,295.05,14,United Kingdom
16581,2011-06-10 10:05:00,2011-06-10 10:05:00,1,105.84,9,United Kingdom
16582,2011-08-18 17:02:00,2011-08-18 17:02:00,1,313.62,6,United Kingdom
16583,2010-02-04 12:18:00,2010-12-01 12:03:00,2,531.4,32,United Kingdom
16584,2010-02-16 10:41:00,2011-09-20 13:45:00,5,3156.17,82,United Kingdom
16585,2010-01-13 13:31:00,2010-04-25 10:34:00,2,341.59,18,United Kingdom
16586,2010-03-14 11:24:00,2011-04-05 09:32:00,3,1462.78,28,United Kingdom
16587,2011-04-21 15:51:00,2011-04-21 15:51:00,1,225.15,13,United Kingdom
16588,2010-05-14 13:43:00,2010-11-18 17:56:00,4,1361.28,71,United Kingdom
16589,2010-09-15 14:56:00,2011-09-29 14:50:00,4,612.36,44,United Kingdom
16590,2010-10-21 12:09:00,2010-11-04 09:06:00,2,605.9,29,United Kingdom
16591,2011-10-02 10:43:00,2011-10-02 10:43:00,1,213.5,10,United Kingdom
16592,2009-12-18 15:57:00,2011-12-05 13:49:00,28,7807.91,428,United Kingdom
16593,2009-12-05 10:44:00,2011-10-20 12:41:00,8,1071.1399999999999,78,United Kingdom
16594,2011-09-25 14:08:00,2011-09-25 14:08:00,1,181.09,53,United Kingdom
16595,2010-01-17 12:12:00,2011-10-09 13:15:00,5,1757.75,452,United Kingdom
16596,2009-12-10 13:09:00,2011-11-24 10:02:00,4,579.63,30,United Kingdom
16597,2011-12-05 15:44:00,2011-12-05 15:44:00,1,90.04,7,United Kingdom
16598,2011-02-27 11:42:00,2011-02-27 11:42:00,1,145.04999999999998,10,United Kingdom
16599,2010-11-19 12:45:00,2010-11-19 12:45:00,1,172.8,12,United Kingdom
16600,2009-12-18 12:59:00,2011-12-05 16:00:00,13,2153.41,143,United Kingdom
16601,2010-03-26 13:39:00,2011-10-30 11:09:00,3,675.83,68,United Kingdom
16602,2010-11-16 09:13:00,2011-11-03 15:54:00,2,763.33,40,United Kingdom
16603,2011-09-09 13:02:00,2011-09-26 10:06:00,2,482.47,34,United Kingdom
16604,2010-05-20 16:34:00,2010-05-26 09:10:00,2,432.45,12,United Kingdom
16605,2009-12-15 19:03:00,2009-12-15 19:03:00,1,60.48,1,United Kingdom
16606,2010-10-01 13:21:00,2010-10-31 13:57:00,2,357.66,22,United Kingdom
16607,2010-04-29 14:01:00,2011-11-22 10:24:00,25,5706.87,298,United Kingdom
16608,2010-02-14 11:57:00,2010-09-12 11:44:00,2,1286.6200000000001,121,United Kingdom
16609,2011-04-01 10:11:00,2011-11-24 13:32:00,7,5493.46,276,United Kingdom
16610,2011-05-04 13:13:00,2011-05-04 13:13:00,1,75.66,6,United Kingdom
16611,2010-03-10 16:07:00,2011-06-06 15:46:00,6,1785.13,110,United Kingdom
16612,2009-12-03 15:54:00,2011-11-07 07:38:00,9,3245.43,167,United Kingdom
16613,2011-09-30 15:52:00,2011-09-30 15:52:00,1,618.59,30,United Kingdom
16614,2010-05-10 15:18:00,2011-06-10 11:36:00,3,1179.79,49,United Kingdom
16615,2010-03-23 15:13:00,2010-03-23 15:13:00,1,291.5,19,United Kingdom
16616,2011-07-05 13:38:00,2011-11-24 16:31:00,2,500.42,33,United Kingdom
16617,2011-04-18 10:35:00,2011-04-18 10:35:00,1,151.85,5,United Kingdom
16618,2011-01-21 11:55:00,2011-11-08 13:52:00,5,2647.59,96,United Kingdom
16619,2010-02-22 12:05:00,2011-03-21 08:18:00,4,1938.33,116,United Kingdom
16620,2009-12-01 14:35:00,2011-12-06 12:19:00,6,1758.93,94,United Kingdom
16621,2011-03-07 11:32:00,2011-10-19 11:38:00,4,813.48,29,United Kingdom
16622,2010-06-14 10:44:00,2010-06-14 10:44:00,1,225.4,12,United Kingdom
16623,2010-04-26 14:04:00,2011-04-08 10:09:00,4,1015.24,51,United Kingdom
16624,2011-05-26 14:20:00,2011-09-20 12:39:00,2,810.5699999999999,48,United Kingdom
16625,2010-06-14 11:56:00,2011-03-10 12:50:00,5,1654.03,99,United Kingdom
16626,2011-03-18 12:27:00,2011-12-09 11:56:00,17,4413.1,179,United Kingdom
16627,2011-09-21 14:38:00,2011-09-21 14:38:00,1,322.8,20,United Kingdom
16628,2010-03-08 12:24:00,2011-11-10 12:45:00,7,2318.1,125,United Kingdom
16629,2011-09-04 16:12:00,2011-09-27 10:34:00,2,408.63,60,United Kingdom
16630,2010-10-28 14:30:00,2010-10-28 14:30:00,1,106.80000000000001,4,United Kingdom
16631,2010-02-26 10:49:00,2010-08-15 11:20:00,7,1892.52,80,United Kingdom
16632,2010-05-07 16:46:00,2010-08-11 11:39:00,2,406.4,27,United Kingdom
16633,2011-04-19 14:36:00,2011-11-22 13:41:00,6,2883.1,152,United Kingdom
16634,2010-01-21 09:30:00,2011-05-01 12:09:00,6,1814.61,91,United Kingdom
16635,2010-10-29 09:41:00,2010-10-29 09:41:00,1,473.0,25,United Kingdom
16636,2010-03-03 14:06:00,2010-09-27 13:13:00,4,3802.04,73,United Kingdom
16637,2011-04-28 10:20:00,2011-11-07 13:17:00,4,1154.47,69,United Kingdom
16638,2010-08-18 13:33:00,2011-11-17 11:09:00,15,2430.53,140,United Kingdom
16639,2010-10-26 18:23:00,2011-11-08 13:20:00,4,1747.98,81,United Kingdom
16640,2010-11-07 10:48:00,2010-11-07 10:48:00,1,179.4,13,United Kingdom
16641,2010-01-07 12:22:00,2011-08-26 12:49:00,2,554.5,36,United Kingdom
16642,2010-10-20 14:22:00,2011-12-05 11:31:00,3,1077.45,54,United Kingdom
16643,2010-10-13 09:47:00,2011-04-08 08:24:00,2,923.11,55,United Kingdom
16644,2011-05-11 12:53:00,2011-06-15 12:39:00,2,833.78,62,United Kingdom
16645,2009-12-04 09:49:00,2009-12-04 09:49:00,1,160.39,14,United Kingdom
16646,2010-09-16 13:28:00,2010-09-16 13:28:00,1,678.8,29,United Kingdom
16647,2010-06-13 15:52:00,2011-06-23 11:47:00,4,541.9,33,United Kingdom
16648,2010-04-28 14:58:00,2011-10-28 08:58:00,3,672.8,37,United Kingdom
16649,2010-07-07 15:41:00,2010-07-07 15:41:00,1,306.58000000000004,20,United Kingdom
16650,2010-07-08 14:18:00,2011-09-29 09:51:00,7,1916.11,98,United Kingdom
16651,2010-05-02 11:46:00,2010-05-02 11:46:00,1,136.2,6,United Kingdom
16652,2010-03-17 10:22:00,2011-10-12 09:38:00,16,17550.39,275,United Kingdom
16653,2011-09-29 13:38:00,2011-11-23 14:51:00,2,1212.66,69,United Kingdom
16654,2010-04-06 13:29:00,2011-07-21 15:23:00,8,1711.47,83,United Kingdom
16655,2010-01-31 15:40:00,2011-11-22 11:25:00,13,6423.26,590,United Kingdom
16656,2009-12-04 12:59:00,2011-11-17 14:43:00,30,16833.170000000002,141,United Kingdom
16657,2011-03-30 12:02:00,2011-11-30 11:48:00,4,874.43,192,United Kingdom
16658,2010-03-30 16:24:00,2010-12-06 13:47:00,5,804.07,70,United Kingdom
16659,2011-06-03 15:03:00,2011-06-03 15:03:00,1,39.12,2,United Kingdom
16660,2010-01-14 11:09:00,2011-11-23 14:53:00,7,1879.55,24,United Kingdom
16661,2009-12-17 15:39:00,2010-06-17 15:24:00,4,932.76,62,United Kingdom
16662,2010-11-10 16:56:00,2010-11-10 16:56:00,1,151.05,28,United Kingdom
16663,2009-12-10 13:12:00,2009-12-10 13:12:00,1,165.0,1,United Kingdom
16664,2010-05-19 17:11:00,2010-05-19 17:11:00,1,109.2,8,United Kingdom
16665,2010-12-12 14:03:00,2010-12-12 14:03:00,1,135.39999999999998,9,United Kingdom
16666,2010-03-28 15:13:00,2011-11-20 14:01:00,2,217.71,48,United Kingdom
16667,2011-02-28 12:57:00,2011-10-02 15:26:00,2,567.1800000000001,52,United Kingdom
16668,2010-03-18 18:25:00,2011-11-24 17:43:00,13,862.42,53,United Kingdom
16669,2011-09-22 14:13:00,2011-11-16 12:26:00,2,1344.48,154,United Kingdom
16670,2009-12-10 15:28:00,2011-11-23 09:34:00,20,8030.150000000001,485,United Kingdom
16671,2011-06-28 11:20:00,2011-11-11 13:40:00,3,1692.27,6,United Kingdom
16672,2011-03-18 10:15:00,2011-12-07 16:29:00,20,8134.9400000000005,114,United Kingdom
16673,2010-01-29 14:22:00,2010-01-29 14:22:00,1,171.13,19,United Kingdom
16674,2011-09-02 13:59:00,2011-10-16 11:31:00,2,304.24,93,United Kingdom
16675,2010-08-18 13:11:00,2010-09-24 12:15:00,2,608.86,23,United Kingdom
16676,2010-10-17 13:07:00,2011-11-06 12:01:00,6,2361.9,133,United Kingdom
16677,2010-02-25 16:11:00,2010-10-24 14:53:00,2,880.62,47,United Kingdom
16678,2011-03-02 09:24:00,2011-12-07 12:17:00,12,3109.99,163,United Kingdom
16679,2010-06-10 18:35:00,2010-12-08 13:51:00,3,793.06,21,United Kingdom
16680,2010-06-23 09:30:00,2011-10-27 17:35:00,3,821.45,29,United Kingdom
16681,2010-03-08 14:10:00,2011-09-28 11:11:00,7,1921.84,49,United Kingdom
16682,2011-06-05 11:02:00,2011-12-05 12:13:00,5,1028.0,30,United Kingdom
16683,2010-06-24 10:36:00,2010-06-24 10:36:00,1,320.25,18,United Kingdom
16684,2009-12-07 12:56:00,2011-12-05 14:06:00,55,147142.77,718,United Kingdom
16685,2011-10-09 13:44:00,2011-10-09 13:58:00,2,324.24,62,United Kingdom
16686,2009-12-06 15:48:00,2011-10-23 13:49:00,16,4881.07,1028,United Kingdom
16687,2010-11-14 11:46:00,2010-11-14 11:46:00,1,157.63,8,United Kingdom
16688,2011-10-10 12:23:00,2011-12-08 15:24:00,4,1260.86,62,United Kingdom
16689,2011-09-18 13:29:00,2011-09-25 11:39:00,2,422.59999999999997,13,United Kingdom
16690,2010-09-14 15:00:00,2011-09-28 15:02:00,4,353.03,19,United Kingdom
16691,2010-05-27 14:55:00,2010-10-17 15:03:00,2,178.83,11,United Kingdom
16692,2010-09-24 11:31:00,2011-03-28 14:46:00,4,1764.6999999999998,4,United Kingdom
16693,2010-02-21 12:42:00,2011-10-02 11:10:00,5,1179.48,168,United Kingdom
16694,2009-12-16 15:45:00,2009-12-16 15:45:00,1,98.30000000000001,3,United Kingdom
16695,2010-05-27 12:24:00,2010-05-27 12:36:00,2,191.9,35,United Kingdom
16696,2011-04-05 15:20:00,2011-07-27 14:23:00,4,657.9000000000001,10,United Kingdom
16697,2011-04-12 17:12:00,2011-04-12 17:12:00,1,112.75,21,United Kingdom
16698,2011-03-31 13:33:00,2011-04-27 10:52:00,2,1998.0,5,United Kingdom
16699,2009-12-04 13:31:00,2010-11-24 14:38:00,7,994.6,62,United Kingdom
16700,2009-12-02 10:51:00,2011-12-01 11:00:00,25,9167.710000000001,529,United Kingdom
16701,2009-12-01 19:19:00,2011-12-01 11:10:00,26,9916.73,275,United Kingdom
16702,2009-12-07 16:40:00,2010-10-20 14:10:00,4,1109.53,90,United Kingdom
16704,2010-02-05 14:14:00,2010-03-31 14:02:00,2,664.16,54,United Kingdom
16705,2009-12-09 13:34:00,2011-12-09 12:08:00,42,43515.05,690,United Kingdom
16706,2011-08-17 15:53:00,2011-11-02 13:50:00,3,531.35,123,United Kingdom
16707,2010-03-09 15:16:00,2010-11-04 14:39:00,4,533.41,65,United Kingdom
16708,2011-10-25 12:20:00,2011-10-25 12:20:00,1,656.63,27,United Kingdom
16709,2009-12-09 13:16:00,2011-09-16 10:56:00,14,9056.01,302,United Kingdom
16710,2009-12-04 13:41:00,2011-11-20 14:50:00,22,6291.77,963,United Kingdom
16711,2009-12-02 13:22:00,2011-12-06 16:32:00,9,2868.48,33,United Kingdom
16712,2010-11-03 15:45:00,2011-11-30 13:48:00,13,4225.22,520,United Kingdom
16713,2009-12-15 12:49:00,2011-11-21 12:36:00,32,14529.99,1326,United Kingdom
16714,2010-02-07 11:17:00,2011-01-26 13:46:00,3,1482.33,109,United Kingdom
16715,2010-05-26 12:35:00,2011-09-22 18:15:00,2,625.52,28,United Kingdom
16716,2010-03-19 11:05:00,2011-03-18 10:03:00,3,2149.6800000000003,8,United Kingdom
16717,2009-12-07 15:55:00,2011-11-16 12:16:00,14,6970.93,365,United Kingdom
16718,2009-12-06 13:07:00,2010-12-05 13:03:00,5,3612.13,221,United Kingdom
16719,2009-12-13 10:59:00,2011-11-25 09:27:00,14,3939.35,435,United Kingdom
16720,2009-12-17 17:54:00,2011-11-13 16:22:00,3,566.74,139,United Kingdom
16721,2011-03-22 16:08:00,2011-03-22 16:08:00,1,292.47,37,United Kingdom
16722,2009-12-03 19:23:00,2011-11-22 13:28:00,22,8989.08,419,United Kingdom
16723,2009-12-04 13:23:00,2011-09-09 13:01:00,4,1231.36,124,United Kingdom
16724,2010-10-31 11:40:00,2010-10-31 11:40:00,1,147.35,17,United Kingdom
16725,2009-12-13 15:54:00,2011-02-10 16:52:00,13,1808.96,372,United Kingdom
16726,2010-10-24 16:09:00,2011-11-13 14:53:00,7,2063.88,262,United Kingdom
16727,2010-01-20 10:48:00,2010-12-10 13:48:00,4,1377.77,205,United Kingdom
16728,2011-03-20 13:28:00,2011-10-24 14:36:00,4,1048.28,263,United Kingdom
16729,2011-04-12 14:22:00,2011-11-01 14:29:00,21,7202.01,655,United Kingdom
16730,2011-01-24 14:01:00,2011-10-18 14:11:00,3,743.11,82,United Kingdom
16731,2010-03-01 15:05:00,2010-03-01 15:05:00,1,170.3,42,United Kingdom
16732,2009-12-08 13:04:00,2011-11-08 09:54:00,4,4387.64,221,United Kingdom
16733,2010-06-28 10:12:00,2010-06-28 10:12:00,1,259.68,12,United Kingdom
16734,2011-08-17 15:00:00,2011-10-18 13:44:00,3,646.76,52,United Kingdom
16735,2009-12-08 09:24:00,2011-09-22 11:49:00,14,6217.41,294,United Kingdom
16736,2009-12-03 16:12:00,2010-07-22 10:09:00,5,2956.56,143,United Kingdom
16737,2010-05-11 09:53:00,2011-10-17 13:03:00,2,835.1999999999999,2,United Kingdom
16738,2011-02-15 09:46:00,2011-02-15 09:46:00,1,3.75,1,United Kingdom
16739,2010-06-21 09:38:00,2011-06-16 09:17:00,2,786.43,38,United Kingdom
16740,2010-11-09 13:34:00,2010-11-09 13:34:00,1,226.91,32,United Kingdom
16741,2010-03-24 15:15:00,2010-03-24 15:15:00,1,173.06,11,United Kingdom
16742,2009-12-16 17:22:00,2010-08-04 10:52:00,13,2334.97,103,United Kingdom
16743,2010-04-22 13:21:00,2011-11-10 13:13:00,14,4212.15,371,United Kingdom
16744,2011-06-19 15:13:00,2011-11-28 13:06:00,7,1291.91,236,United Kingdom
16745,2011-02-01 11:31:00,2011-09-14 11:58:00,17,7180.7,355,United Kingdom
16746,2009-12-04 13:00:00,2011-12-05 12:33:00,42,18045.05,982,United Kingdom
16747,2011-10-03 10:18:00,2011-11-02 11:37:00,2,836.06,42,United Kingdom
16748,2009-12-10 12:28:00,2011-11-22 10:17:00,14,3637.33,165,United Kingdom
16749,2009-12-15 14:05:00,2010-04-27 13:06:00,2,4157.88,72,United Kingdom
16750,2011-04-21 16:53:00,2011-10-26 12:48:00,5,623.93,95,United Kingdom
16751,2011-11-09 10:48:00,2011-11-09 10:48:00,1,1764.72,25,United Kingdom
16752,2010-12-02 12:18:00,2010-12-02 12:18:00,1,415.0,18,United Kingdom
16753,2011-10-12 13:14:00,2011-10-12 13:14:00,1,223.92000000000002,34,United Kingdom
16754,2010-03-08 11:32:00,2010-12-02 17:38:00,29,67502.47,142,United Kingdom
16755,2009-12-09 14:25:00,2011-08-17 13:21:00,7,2864.68,319,United Kingdom
16756,2010-03-09 15:56:00,2011-05-09 09:33:00,7,1312.3700000000001,79,United Kingdom
16757,2010-10-26 15:09:00,2011-01-25 11:59:00,2,270.48,15,United Kingdom
16758,2011-10-05 14:47:00,2011-10-05 14:47:00,1,369.34000000000003,22,United Kingdom
16759,2011-11-09 09:06:00,2011-12-02 12:42:00,3,789.79,42,United Kingdom
16760,2010-10-05 15:55:00,2010-10-05 15:55:00,1,228.0,17,United Kingdom
16761,2011-09-04 11:15:00,2011-09-04 11:15:00,1,316.62,13,United Kingdom
16762,2011-07-18 12:52:00,2011-11-20 11:43:00,3,1207.24,63,United Kingdom
16763,2009-12-01 15:26:00,2011-05-25 11:52:00,2,964.6999999999999,44,United Kingdom
16764,2011-07-19 17:17:00,2011-12-06 11:41:00,13,2790.9500000000003,700,United Kingdom
16765,2010-11-22 13:42:00,2011-02-18 15:41:00,2,454.75,52,United Kingdom
16766,2011-03-11 13:34:00,2011-03-11 15:22:00,2,1145.6,34,United Kingdom
16767,2010-04-28 16:49:00,2011-11-09 09:42:00,15,8052.41,320,United Kingdom
16768,2009-12-07 11:47:00,2011-10-23 10:38:00,9,1698.57,161,United Kingdom
16769,2009-12-14 11:10:00,2011-03-24 13:41:00,4,1117.05,97,United Kingdom
16770,2010-08-22 16:08:00,2011-10-13 12:21:00,9,1909.73,345,United Kingdom
16771,2009-12-09 11:52:00,2011-11-06 13:28:00,10,3921.1,405,United Kingdom
16772,2009-12-18 10:50:00,2010-10-12 13:19:00,3,3698.0499999999997,68,United Kingdom
16773,2009-12-06 15:01:00,2011-10-13 14:37:00,3,421.24,65,United Kingdom
16774,2010-02-16 16:53:00,2011-10-03 12:41:00,8,1567.48,131,United Kingdom
16775,2010-09-23 17:34:00,2011-11-29 15:22:00,16,3052.7400000000002,277,United Kingdom
16776,2010-10-20 12:13:00,2011-10-10 13:04:00,2,592.51,126,United Kingdom
16777,2010-03-17 12:42:00,2011-09-20 13:41:00,5,1292.18,142,United Kingdom
16778,2011-03-10 15:21:00,2011-09-26 13:48:00,2,245.94,16,United Kingdom
16779,2009-12-03 13:03:00,2011-12-07 14:54:00,53,33165.94,1049,United Kingdom
16780,2010-10-28 19:41:00,2011-08-31 16:09:00,3,596.4,96,United Kingdom
16781,2010-02-08 13:56:00,2010-12-02 14:26:00,2,934.25,56,United Kingdom
16782,2009-12-09 11:58:00,2011-11-29 13:20:00,38,10000.32,1729,United Kingdom
16783,2010-09-29 11:53:00,2010-09-29 11:53:00,1,391.95,25,United Kingdom
16784,2010-03-28 12:55:00,2011-11-20 12:20:00,5,892.33,158,United Kingdom
16785,2010-10-26 10:36:00,2010-10-26 10:36:00,1,533.78,35,United Kingdom
16786,2010-11-11 08:25:00,2010-11-11 08:25:00,1,51.839999999999996,1,United Kingdom
16787,2010-01-10 11:12:00,2010-11-07 11:01:00,4,1017.53,112,United Kingdom
16788,2010-02-07 12:40:00,2011-08-08 14:53:00,5,1927.28,477,United Kingdom
16789,2011-12-01 15:12:00,2011-12-01 15:12:00,1,80.8,5,United Kingdom
16790,2011-11-02 11:23:00,2011-12-06 11:53:00,6,1545.6200000000001,93,United Kingdom
16791,2009-12-03 18:08:00,2011-11-10 19:12:00,15,3944.88,680,United Kingdom
16792,2010-01-04 13:47:00,2011-03-02 14:41:00,5,623.46,102,United Kingdom
16793,2011-10-13 15:08:00,2011-10-13 15:08:00,1,243.84,16,United Kingdom
16794,2010-03-25 15:17:00,2011-12-08 17:54:00,15,2050.68,501,United Kingdom
16795,2010-01-25 13:14:00,2010-12-09 14:08:00,3,2477.29,402,United Kingdom
16796,2011-09-11 14:01:00,2011-09-11 14:01:00,1,305.62,18,United Kingdom
16797,2009-12-02 13:33:00,2010-11-11 19:14:00,5,1802.02,398,United Kingdom
16798,2009-12-10 19:35:00,2010-06-03 19:01:00,3,841.16,169,United Kingdom
16799,2010-09-12 12:46:00,2010-10-03 14:28:00,2,452.78000000000003,92,United Kingdom
16800,2011-11-28 14:06:00,2011-11-28 14:06:00,1,1162.65,156,United Kingdom
16801,2011-03-11 13:56:00,2011-06-29 15:33:00,4,1594.23,75,United Kingdom
16802,2009-12-09 13:00:00,2010-01-29 13:44:00,2,582.61,53,United Kingdom
16803,2011-10-05 14:28:00,2011-10-05 14:28:00,1,332.3,24,United Kingdom
16804,2011-03-14 15:48:00,2011-11-16 16:43:00,3,536.99,60,United Kingdom
16805,2009-12-14 15:17:00,2011-06-19 11:23:00,4,1076.34,248,United Kingdom
16806,2011-04-14 19:59:00,2011-08-28 15:27:00,4,736.21,92,United Kingdom
16807,2010-03-26 14:38:00,2011-07-20 12:00:00,6,2123.88,142,United Kingdom
16808,2011-03-10 19:05:00,2011-09-01 19:34:00,2,288.42,23,United Kingdom
16809,2010-04-13 15:34:00,2011-11-16 15:45:00,9,1727.43,259,United Kingdom
16810,2010-10-15 15:32:00,2011-05-31 15:32:00,2,842.0400000000001,34,United Kingdom
16811,2011-11-22 17:19:00,2011-12-05 11:39:00,2,547.07,28,United Kingdom
16812,2010-11-22 14:36:00,2010-12-14 12:35:00,4,2392.0,115,United Kingdom
16813,2011-05-19 13:28:00,2011-12-01 14:03:00,10,1652.18,426,United Kingdom
16814,2010-04-11 12:45:00,2011-11-25 13:27:00,36,12188.24,781,United Kingdom
16815,2010-06-21 12:05:00,2010-09-12 10:59:00,2,406.02,73,United Kingdom
16816,2010-12-16 17:01:00,2011-08-28 14:16:00,4,417.06,28,United Kingdom
16817,2010-10-04 09:06:00,2011-12-07 11:03:00,13,2804.9,151,United Kingdom
16818,2011-05-18 11:42:00,2011-11-29 10:41:00,11,3349.57,188,United Kingdom
16819,2010-08-31 17:31:00,2010-08-31 17:37:00,2,182.59,17,United Kingdom
16820,2011-09-05 12:06:00,2011-09-05 12:06:00,1,497.61,26,United Kingdom
16821,2010-11-23 10:04:00,2010-11-23 10:04:00,1,113.35,7,United Kingdom
16822,2010-01-22 14:22:00,2010-01-22 14:22:00,1,181.39,11,United Kingdom
16823,2009-12-02 09:57:00,2011-04-26 15:00:00,7,2243.09,173,United Kingdom
16824,2010-11-11 12:21:00,2011-11-24 12:38:00,3,686.24,39,United Kingdom
16825,2010-06-23 13:14:00,2011-11-01 11:51:00,5,1826.89,64,United Kingdom
16826,2011-10-19 14:05:00,2011-10-19 14:05:00,1,341.7,22,United Kingdom
16827,2010-04-29 19:07:00,2010-11-11 14:04:00,5,387.18,11,United Kingdom
16828,2011-08-19 13:24:00,2011-08-19 13:24:00,1,113.5,7,United Kingdom
16829,2010-11-16 18:11:00,2011-07-06 10:48:00,2,513.32,27,United Kingdom
16830,2009-12-13 12:11:00,2011-11-01 11:35:00,4,1207.5,75,United Kingdom
16831,2010-05-24 09:08:00,2010-05-24 09:08:00,1,91.8,6,United Kingdom
16832,2010-09-07 12:35:00,2011-06-08 15:36:00,5,417.61,21,United Kingdom
16833,2010-03-26 15:31:00,2011-12-08 14:39:00,6,2409.04,92,United Kingdom
16834,2010-02-03 14:24:00,2011-04-26 09:37:00,2,898.96,48,United Kingdom
16835,2010-05-19 08:41:00,2011-08-03 13:50:00,6,1538.41,87,United Kingdom
16836,2010-05-14 12:52:00,2011-10-31 10:05:00,4,782.37,42,United Kingdom
16837,2011-04-08 08:48:00,2011-11-08 14:27:00,11,3170.98,165,United Kingdom
16838,2010-02-14 15:27:00,2011-05-26 13:13:00,4,1159.61,59,United Kingdom
16839,2010-02-11 15:02:00,2011-12-01 09:03:00,44,22310.49,355,United Kingdom
16840,2010-02-03 12:42:00,2010-04-15 15:48:00,2,139.85,9,United Kingdom
16841,2010-01-12 11:32:00,2011-11-03 11:51:00,12,4006.06,219,United Kingdom
16842,2011-02-10 14:51:00,2011-08-31 10:42:00,3,1264.19,63,United Kingdom
16843,2009-12-10 11:40:00,2011-10-28 09:06:00,35,19571.43,596,United Kingdom
16844,2010-05-06 09:16:00,2010-05-26 10:29:00,2,614.34,32,United Kingdom
16845,2010-03-31 13:09:00,2010-03-31 13:09:00,1,253.88,20,United Kingdom
16846,2010-03-10 12:03:00,2011-10-20 13:55:00,3,842.41,47,United Kingdom
16847,2010-03-31 13:32:00,2011-10-27 13:29:00,2,614.89,37,United Kingdom
16848,2010-10-03 11:01:00,2011-10-18 08:42:00,4,1411.62,85,United Kingdom
16849,2011-06-06 09:16:00,2011-06-06 09:16:00,1,124.57,8,United Kingdom
16850,2011-01-10 11:09:00,2011-01-10 11:09:00,1,332.41,19,United Kingdom
16851,2011-10-19 09:48:00,2011-12-05 13:32:00,3,342.45,20,United Kingdom
16852,2011-06-16 15:49:00,2011-11-29 13:22:00,2,144.91000000000003,9,United Kingdom
16854,2010-03-09 14:32:00,2010-10-18 16:31:00,2,1408.96,75,United Kingdom
16855,2011-10-27 16:31:00,2011-11-16 12:03:00,2,328.4,19,United Kingdom
16856,2010-09-23 13:11:00,2011-11-25 08:59:00,3,358.49,19,United Kingdom
16857,2010-09-23 10:49:00,2010-09-23 10:49:00,1,352.8,11,United Kingdom
16858,2009-12-15 11:09:00,2010-12-06 09:52:00,10,4668.28,136,United Kingdom
16859,2010-03-04 12:37:00,2011-07-18 12:19:00,7,1932.41,110,United Kingdom
16860,2010-02-15 13:46:00,2010-09-13 10:05:00,3,1610.62,43,United Kingdom
16861,2010-07-19 11:44:00,2011-10-11 09:05:00,5,946.59,49,United Kingdom
16862,2010-01-07 12:57:00,2010-06-10 13:05:00,4,662.33,35,United Kingdom
16863,2010-10-26 10:03:00,2011-11-08 15:26:00,3,998.52,56,United Kingdom
16864,2010-04-20 11:56:00,2010-10-01 16:16:00,2,409.25,17,United Kingdom
16865,2010-11-03 11:34:00,2010-11-03 11:34:00,1,130.95,16,United Kingdom
16866,2011-07-01 12:34:00,2011-07-22 10:06:00,3,207.73999999999998,11,United Kingdom
16867,2010-01-19 09:11:00,2010-01-19 09:11:00,1,76.74000000000001,6,United Kingdom
16868,2010-04-25 11:31:00,2010-11-10 13:17:00,3,384.56,50,United Kingdom
16869,2011-06-17 13:01:00,2011-11-17 12:02:00,4,817.12,127,United Kingdom
16870,2010-08-27 13:53:00,2010-08-27 13:53:00,1,450.15999999999997,28,United Kingdom
16871,2011-03-14 10:31:00,2011-11-17 19:27:00,6,2812.34,137,United Kingdom
16872,2010-09-02 17:36:00,2011-09-23 16:05:00,6,1213.13,18,United Kingdom
16873,2010-02-09 14:17:00,2011-12-05 12:05:00,12,14617.39,512,United Kingdom
16874,2010-11-25 13:08:00,2010-11-25 13:08:00,1,209.89000000000001,31,United Kingdom
16875,2010-01-05 09:16:00,2011-10-03 13:39:00,11,4234.53,230,United Kingdom
16876,2010-11-01 11:59:00,2010-11-01 11:59:00,1,136.01,32,United Kingdom
16877,2011-05-15 16:13:00,2011-11-27 13:47:00,6,846.62,156,United Kingdom
16878,2011-09-16 17:39:00,2011-09-16 17:39:00,1,13.3,3,United Kingdom
16880,2010-08-03 13:54:00,2011-11-09 11:33:00,8,1813.21,183,United Kingdom
16881,2011-10-04 10:33:00,2011-10-04 10:33:00,1,432.0,1,United Kingdom
16882,2011-01-26 17:43:00,2011-10-04 10:42:00,3,705.12,39,United Kingdom
16883,2009-12-04 12:07:00,2011-06-05 12:51:00,19,2374.09,284,United Kingdom
16884,2010-05-18 12:00:00,2011-11-02 11:52:00,4,1070.97,74,United Kingdom
16885,2010-11-19 12:51:00,2011-11-24 13:40:00,4,683.35,135,United Kingdom
16886,2010-09-09 15:08:00,2010-09-09 15:08:00,1,134.0,8,United Kingdom
16887,2009-12-01 13:41:00,2011-11-04 14:07:00,3,658.17,101,United Kingdom
16888,2010-01-07 13:07:00,2010-11-04 12:39:00,3,434.2,52,United Kingdom
16889,2010-05-23 10:46:00,2011-05-29 11:05:00,6,2526.65,217,United Kingdom
16890,2010-05-06 16:27:00,2010-08-20 11:23:00,3,277.91,18,United Kingdom
16891,2009-12-04 12:37:00,2011-12-08 11:15:00,11,1945.2,481,United Kingdom
16892,2009-12-08 14:20:00,2011-12-08 13:18:00,7,754.75,137,United Kingdom
16893,2010-11-28 15:14:00,2010-12-08 12:06:00,2,395.40000000000003,131,United Kingdom
16894,2010-06-22 14:21:00,2010-07-25 15:43:00,3,1306.96,187,United Kingdom
16895,2010-02-12 11:07:00,2011-10-06 12:15:00,5,1102.9,163,United Kingdom
16896,2010-06-02 15:40:00,2010-06-02 15:40:00,1,103.95,18,United Kingdom
16897,2011-01-30 11:52:00,2011-02-13 15:02:00,2,289.78,37,United Kingdom
16898,2010-05-12 12:18:00,2011-11-13 15:44:00,5,997.29,280,United Kingdom
16899,2010-11-07 15:00:00,2011-12-02 12:03:00,8,1695.77,173,United Kingdom
16900,2011-10-07 13:17:00,2011-11-23 10:32:00,3,882.16,78,United Kingdom
16901,2009-12-10 16:30:00,2009-12-10 16:30:00,1,204.26,23,United Kingdom
16902,2011-08-15 14:17:00,2011-08-15 14:17:00,1,1706.88,44,United Kingdom
16903,2010-10-20 14:42:00,2011-11-10 15:32:00,3,1041.75,182,United Kingdom
16904,2010-10-24 16:03:00,2011-12-05 13:10:00,20,4995.26,926,United Kingdom
16905,2009-12-10 20:04:00,2011-12-04 14:01:00,17,4958.67,329,United Kingdom
16906,2010-05-13 13:23:00,2011-09-19 11:49:00,7,1410.07,212,United Kingdom
16907,2010-07-01 17:30:00,2011-11-10 18:04:00,9,1650.81,242,United Kingdom
16908,2009-12-17 13:35:00,2009-12-17 13:35:00,1,252.59,20,United Kingdom
16909,2011-09-28 16:45:00,2011-09-28 16:45:00,1,379.14,18,United Kingdom
16910,2011-09-09 14:14:00,2011-12-05 12:51:00,8,1508.96,545,United Kingdom
16911,2010-02-16 16:12:00,2010-03-14 12:18:00,2,255.25,35,United Kingdom
16912,2009-12-09 12:32:00,2011-11-11 12:18:00,15,4460.51,172,United Kingdom
16913,2010-02-26 12:06:00,2011-02-22 12:56:00,3,423.90999999999997,18,United Kingdom
16914,2011-11-03 15:27:00,2011-11-03 15:27:00,1,183.76,30,United Kingdom
16915,2010-05-19 13:32:00,2011-11-30 16:39:00,11,1543.18,74,United Kingdom
16916,2010-10-20 12:56:00,2011-11-16 12:08:00,4,1092.55,253,United Kingdom
16917,2010-03-17 15:24:00,2011-03-08 11:55:00,2,1851.88,50,United Kingdom
16918,2009-12-03 12:27:00,2011-10-21 12:50:00,16,3206.54,454,United Kingdom
16919,2010-08-19 15:28:00,2011-07-06 13:35:00,24,5108.01,636,United Kingdom
16920,2010-10-24 14:07:00,2010-10-24 14:07:00,1,355.45,23,United Kingdom
16921,2010-04-18 15:34:00,2011-10-09 16:22:00,3,409.21,88,United Kingdom
16922,2010-05-16 11:24:00,2010-05-16 11:24:00,1,611.08,122,United Kingdom
16923,2010-01-31 11:14:00,2011-11-27 13:00:00,32,13157.130000000001,1083,United Kingdom
16924,2011-09-16 12:54:00,2011-11-18 12:53:00,3,829.89,81,United Kingdom
16925,2010-06-17 15:03:00,2010-06-17 15:03:00,1,125.65,18,United Kingdom
16926,2010-07-01 12:57:00,2010-12-03 13:42:00,5,1399.8600000000001,110,United Kingdom
16927,2010-12-13 11:57:00,2011-08-16 11:10:00,3,543.05,6,United Kingdom
16928,2010-02-03 12:30:00,2011-09-20 15:10:00,26,3914.33,320,United Kingdom
16929,2011-07-07 12:39:00,2011-12-06 08:37:00,7,1295.39,77,United Kingdom
16930,2011-10-02 14:25:00,2011-11-13 16:13:00,3,378.89,53,United Kingdom
16931,2010-11-07 13:24:00,2011-12-04 13:15:00,23,5184.27,989,United Kingdom
16932,2010-05-17 14:15:00,2011-10-17 14:12:00,3,412.55,133,United Kingdom
16933,2009-12-09 15:03:00,2011-12-08 12:54:00,9,3099.3,282,United Kingdom
16934,2010-03-28 12:43:00,2011-10-16 12:40:00,6,2083.14,141,United Kingdom
16935,2010-10-14 13:09:00,2010-11-23 09:16:00,3,530.86,69,United Kingdom
16936,2010-11-19 11:54:00,2011-11-14 11:04:00,2,548.29,139,United Kingdom
16937,2010-07-28 17:56:00,2010-07-28 17:56:00,1,196.25,49,United Kingdom
16938,2010-02-17 14:47:00,2011-12-01 10:20:00,9,6995.360000000001,824,United Kingdom
16939,2010-02-28 13:33:00,2010-08-08 12:24:00,3,433.85,41,United Kingdom
16940,2009-12-08 13:08:00,2011-10-18 13:15:00,8,6427.66,629,United Kingdom
16941,2010-04-07 11:13:00,2010-04-07 11:13:00,1,33.0,2,United Kingdom
16942,2011-04-26 11:59:00,2011-11-27 12:40:00,9,1904.99,277,United Kingdom
16943,2011-01-25 14:00:00,2011-05-12 11:57:00,3,816.73,33,United Kingdom
16944,2010-04-09 11:03:00,2010-04-09 11:03:00,1,101.36,7,United Kingdom
16945,2009-12-09 11:33:00,2011-11-18 11:39:00,33,8548.16,474,United Kingdom
16946,2010-03-02 10:49:00,2010-11-21 14:06:00,5,1222.04,75,United Kingdom
16947,2010-03-03 10:54:00,2011-04-18 09:38:00,4,946.71,52,United Kingdom
16948,2010-02-21 13:48:00,2011-07-24 12:46:00,7,868.77,43,United Kingdom
16949,2011-01-27 12:11:00,2011-12-06 11:07:00,6,1286.27,60,United Kingdom
16950,2010-01-24 11:26:00,2011-10-14 09:06:00,10,3705.77,146,United Kingdom
16951,2011-02-08 14:58:00,2011-07-28 12:05:00,3,1277.75,86,United Kingdom
16952,2009-12-11 13:52:00,2011-08-22 13:03:00,5,795.83,87,United Kingdom
16953,2011-11-09 15:54:00,2011-11-09 15:54:00,1,20.8,1,United Kingdom
16954,2010-01-18 14:49:00,2011-12-09 09:46:00,20,6081.88,206,United Kingdom
16955,2010-01-31 11:38:00,2011-06-08 10:36:00,6,1309.41,57,United Kingdom
16956,2011-11-22 08:56:00,2011-11-22 08:56:00,1,308.74,16,United Kingdom
16957,2011-03-03 09:25:00,2011-04-14 13:56:00,2,416.64,16,United Kingdom
16958,2010-09-30 14:25:00,2010-09-30 14:25:00,1,778.49,70,United Kingdom
16959,2011-09-13 15:03:00,2011-09-13 15:03:00,1,117.35000000000001,7,United Kingdom
16960,2010-03-02 13:36:00,2011-11-01 11:35:00,8,1988.93,448,United Kingdom
16961,2010-06-25 14:36:00,2011-08-15 13:46:00,3,794.56,52,United Kingdom
16962,2010-10-26 11:36:00,2010-10-26 11:36:00,1,251.04,15,United Kingdom
16963,2011-06-05 13:48:00,2011-06-05 13:48:00,1,110.55000000000001,7,United Kingdom
16964,2009-12-06 12:51:00,2009-12-06 12:53:00,2,207.85,6,United Kingdom
16965,2011-04-27 12:08:00,2011-04-27 12:08:00,1,192.07,25,United Kingdom
16966,2011-04-13 14:17:00,2011-12-01 13:40:00,7,2154.97,28,United Kingdom
16967,2011-06-03 14:24:00,2011-06-03 14:24:00,1,319.02,21,United Kingdom
16968,2011-08-24 10:51:00,2011-12-05 15:02:00,2,439.43,31,United Kingdom
16969,2011-06-01 12:10:00,2011-10-31 13:12:00,3,650.41,42,United Kingdom
16970,2010-03-23 13:50:00,2010-03-23 13:50:00,1,71.4,2,United Kingdom
16971,2011-11-01 15:06:00,2011-11-01 15:06:00,1,357.21,41,United Kingdom
16972,2010-09-09 11:20:00,2010-11-22 10:59:00,2,749.0,82,United Kingdom
16973,2010-11-18 13:56:00,2010-11-18 13:56:00,1,127.0,6,United Kingdom
16974,2010-05-24 10:43:00,2010-07-05 10:18:00,2,365.5,8,United Kingdom
16975,2010-07-22 11:38:00,2010-10-12 17:53:00,3,926.12,45,United Kingdom
16976,2011-03-17 16:33:00,2011-03-17 16:33:00,1,251.51999999999998,2,United Kingdom
16977,2010-03-18 11:06:00,2010-11-09 13:17:00,4,496.0,28,United Kingdom
16978,2010-02-11 16:27:00,2011-09-23 12:50:00,3,768.88,67,United Kingdom
16979,2010-09-15 14:30:00,2011-12-06 12:21:00,9,2859.74,129,United Kingdom
16980,2010-10-07 14:05:00,2011-03-29 16:36:00,3,1422.8300000000002,106,United Kingdom
16982,2011-10-10 12:28:00,2011-10-10 12:28:00,1,384.06,22,United Kingdom
16983,2010-09-19 12:38:00,2011-11-27 12:10:00,11,3654.02,240,United Kingdom
16984,2010-03-07 15:34:00,2011-09-12 13:43:00,9,10350.53,1072,United Kingdom
16985,2009-12-10 13:34:00,2011-11-22 13:33:00,23,10923.16,243,United Kingdom
16986,2010-02-04 14:46:00,2011-11-10 11:55:00,11,4888.75,174,United Kingdom
16987,2009-12-02 14:34:00,2011-12-06 17:26:00,11,2499.45,260,United Kingdom
16988,2010-11-25 09:22:00,2011-12-04 16:02:00,2,382.67,20,United Kingdom
16989,2011-07-12 09:11:00,2011-12-02 16:39:00,6,1133.25,12,United Kingdom
16990,2010-10-13 11:42:00,2011-05-05 08:30:00,2,344.0,2,United Kingdom
16991,2010-10-14 14:08:00,2010-10-14 14:08:00,1,1041.21,74,United Kingdom
16992,2010-02-11 12:36:00,2011-11-29 11:50:00,13,5476.5,285,United Kingdom
16993,2010-05-12 13:55:00,2010-09-02 12:16:00,2,1950.9499999999998,28,United Kingdom
16996,2010-10-18 12:24:00,2011-11-09 16:43:00,9,2123.61,75,United Kingdom
16997,2011-01-18 11:51:00,2011-02-24 17:28:00,3,702.0,12,United Kingdom
16998,2010-09-21 14:39:00,2011-07-13 09:44:00,5,402.0,6,United Kingdom
16999,2011-09-26 15:43:00,2011-11-16 13:53:00,2,484.82,23,United Kingdom
17000,2010-10-27 14:16:00,2010-11-08 13:35:00,2,406.3,30,United Kingdom
17001,2010-03-25 12:41:00,2011-12-09 09:38:00,19,6640.8,275,United Kingdom
17002,2010-03-08 15:46:00,2011-09-15 12:40:00,7,2571.55,84,United Kingdom
17003,2010-05-10 11:20:00,2010-11-02 13:15:00,4,828.21,111,United Kingdom
17004,2010-10-11 15:43:00,2011-10-24 14:25:00,4,2324.36,69,United Kingdom
17005,2010-04-30 10:55:00,2010-08-26 10:57:00,2,622.36,18,United Kingdom
17006,2010-03-05 13:33:00,2011-12-05 12:09:00,8,1635.27,129,United Kingdom
17007,2010-09-28 13:51:00,2011-10-20 10:47:00,7,1120.1,67,United Kingdom
17008,2010-10-06 15:19:00,2010-10-06 15:19:00,1,81.36,1,United Kingdom
17009,2010-06-06 16:01:00,2010-06-06 16:01:00,1,242.06,11,United Kingdom
17010,2011-11-21 14:49:00,2011-11-21 14:49:00,1,195.36,11,United Kingdom
17011,2010-02-26 09:47:00,2011-11-09 13:30:00,3,671.7,28,United Kingdom
17012,2009-12-14 17:34:00,2009-12-14 17:34:00,1,360.61,36,United Kingdom
17014,2011-10-04 11:36:00,2011-12-01 14:09:00,3,583.4300000000001,72,United Kingdom
17015,2011-06-07 13:19:00,2011-11-11 10:45:00,3,1838.6100000000001,214,United Kingdom
17016,2010-05-12 12:32:00,2010-05-12 12:32:00,1,552.4,41,United Kingdom
17017,2009-12-03 13:22:00,2011-12-07 09:32:00,29,14110.61,424,United Kingdom
17018,2009-12-05 10:27:00,2011-10-30 11:42:00,6,2287.7,37,United Kingdom
17019,2009-12-02 11:52:00,2011-11-28 13:06:00,11,3945.81,690,United Kingdom
17020,2010-03-03 12:27:00,2010-06-15 13:06:00,2,935.62,69,United Kingdom
17021,2010-04-29 20:05:00,2010-09-23 20:01:00,6,1182.22,48,United Kingdom
17022,2010-10-03 10:27:00,2011-11-08 17:09:00,2,260.0,16,United Kingdom
17023,2010-01-11 15:09:00,2010-10-18 15:37:00,3,800.18,49,United Kingdom
17024,2011-07-05 09:31:00,2011-10-25 13:47:00,3,95.85,3,United Kingdom
17025,2010-03-08 13:37:00,2011-10-10 09:06:00,5,1510.6399999999999,42,United Kingdom
17026,2010-10-18 15:22:00,2011-06-07 14:28:00,3,208.98,8,United Kingdom
17027,2009-12-10 12:10:00,2011-09-22 12:24:00,9,1310.63,178,United Kingdom
17028,2009-12-18 14:28:00,2010-05-07 15:33:00,3,1593.83,95,United Kingdom
17029,2010-02-14 10:19:00,2011-08-21 11:06:00,7,2137.3,29,United Kingdom
17030,2011-10-07 08:49:00,2011-10-07 08:49:00,1,146.87,11,United Kingdom
17031,2010-05-07 14:52:00,2011-11-28 10:23:00,6,2773.85,50,United Kingdom
17032,2009-12-10 15:36:00,2010-04-15 14:14:00,5,2896.69,234,United Kingdom
17033,2010-11-07 12:55:00,2011-09-14 14:34:00,4,1332.79,40,United Kingdom
17034,2010-07-14 12:55:00,2011-11-23 15:14:00,5,1276.42,58,United Kingdom
17035,2009-12-03 10:37:00,2011-04-08 11:23:00,4,613.59,33,United Kingdom
17036,2010-11-21 14:26:00,2010-11-21 14:26:00,1,176.9,12,United Kingdom
17037,2011-09-13 12:49:00,2011-09-13 12:49:00,1,1267.32,75,United Kingdom
17038,2010-10-20 16:04:00,2011-11-09 13:50:00,2,743.17,63,United Kingdom
17039,2010-04-14 12:56:00,2010-04-14 12:56:00,1,1954.99,44,United Kingdom
17040,2010-06-07 15:08:00,2011-07-25 10:19:00,2,463.25,16,United Kingdom
17041,2010-04-18 14:25:00,2011-11-13 11:21:00,6,1655.2,126,United Kingdom
17042,2011-04-06 14:53:00,2011-12-07 12:26:00,5,1036.58,97,United Kingdom
17043,2009-12-09 15:20:00,2011-11-07 15:33:00,8,2593.65,199,United Kingdom
17044,2009-12-07 12:25:00,2011-11-14 14:28:00,12,11962.3,149,United Kingdom
17045,2010-10-06 14:52:00,2011-08-18 17:09:00,5,827.6800000000001,53,United Kingdom
17046,2010-03-29 13:46:00,2011-07-05 14:24:00,5,1906.07,85,United Kingdom
17047,2009-12-08 08:48:00,2011-09-15 13:27:00,6,2289.23,142,United Kingdom
17048,2010-01-18 13:55:00,2011-08-14 11:49:00,7,2071.68,101,United Kingdom
17049,2010-03-04 10:23:00,2011-12-07 10:48:00,19,9942.53,558,United Kingdom
17050,2010-01-26 14:54:00,2011-09-04 13:48:00,11,4648.59,349,United Kingdom
17051,2010-03-21 14:55:00,2011-05-29 14:13:00,4,706.49,155,United Kingdom
17052,2011-11-11 14:50:00,2011-11-11 14:50:00,1,399.09,83,United Kingdom
17053,2011-08-01 10:23:00,2011-08-01 10:23:00,1,498.48,13,United Kingdom
17054,2011-04-08 13:14:00,2011-11-11 12:56:00,5,1356.33,83,United Kingdom
17055,2010-09-20 12:21:00,2010-09-20 12:21:00,1,232.85,26,United Kingdom
17056,2009-12-01 12:55:00,2009-12-01 12:55:00,1,128.60000000000002,8,United Kingdom
17057,2010-04-22 19:21:00,2010-04-22 19:21:00,1,288.79,49,United Kingdom
17058,2011-04-14 09:18:00,2011-09-19 10:13:00,3,1179.89,62,United Kingdom
17059,2010-01-26 14:43:00,2011-11-10 12:27:00,9,5586.93,838,United Kingdom
17060,2011-03-18 13:27:00,2011-03-18 13:27:00,1,234.24,5,United Kingdom
17061,2011-04-21 13:29:00,2011-09-27 11:24:00,11,5232.2300000000005,99,United Kingdom
17062,2010-09-26 11:57:00,2011-01-30 11:01:00,6,1169.06,157,United Kingdom
17063,2009-12-01 12:36:00,2011-11-18 16:19:00,13,3638.53,205,United Kingdom
17064,2011-01-16 16:10:00,2011-10-12 10:18:00,3,855.45,61,United Kingdom
17065,2010-03-12 11:40:00,2010-03-12 11:41:00,2,194.7,12,United Kingdom
17066,2009-12-13 13:24:00,2009-12-13 13:24:00,1,228.34,18,United Kingdom
17067,2009-12-08 12:03:00,2009-12-15 08:39:00,3,454.54,13,United Kingdom
17068,2010-03-28 14:26:00,2011-11-27 13:14:00,47,9140.08,1017,United Kingdom
17069,2009-12-03 12:27:00,2011-11-11 17:13:00,14,5794.28,295,United Kingdom
17070,2010-10-25 15:57:00,2011-08-17 17:01:00,2,437.42,103,United Kingdom
17071,2010-01-24 13:05:00,2011-11-11 16:31:00,13,3793.71,211,United Kingdom
17072,2010-03-24 16:33:00,2010-03-24 16:33:00,1,273.35,21,United Kingdom
17073,2011-08-22 14:37:00,2011-11-22 11:47:00,4,1444.84,173,United Kingdom
17074,2010-05-26 12:04:00,2010-05-26 12:04:00,1,203.05,4,United Kingdom
17075,2009-12-14 11:24:00,2011-11-22 11:58:00,10,2236.63,199,United Kingdom
17076,2009-12-04 12:12:00,2011-11-03 17:53:00,6,1242.75,50,United Kingdom
17077,2010-05-10 16:36:00,2010-05-10 16:36:00,1,306.0,1,United Kingdom
17078,2011-11-03 18:49:00,2011-11-03 19:17:00,2,375.86,27,United Kingdom
17079,2011-09-22 15:34:00,2011-09-22 15:34:00,1,118.80000000000001,2,United Kingdom
17080,2010-07-01 16:03:00,2011-11-17 12:59:00,7,957.53,33,United Kingdom
17081,2010-02-22 13:19:00,2011-11-14 12:56:00,6,949.39,207,United Kingdom
17082,2009-12-15 11:25:00,2011-11-06 15:17:00,6,4732.03,170,United Kingdom
17083,2010-02-09 11:46:00,2011-08-22 15:43:00,9,4049.79,115,United Kingdom
17084,2010-11-08 14:20:00,2011-11-04 14:54:00,3,5001.21,281,United Kingdom
17085,2009-12-06 12:16:00,2011-08-08 14:15:00,28,7839.27,985,United Kingdom
17086,2011-10-07 11:22:00,2011-12-02 13:54:00,6,2050.08,96,United Kingdom
17087,2009-12-02 10:41:00,2009-12-02 10:41:00,1,221.53,12,United Kingdom
17088,2011-03-31 09:48:00,2011-11-11 14:23:00,4,1991.01,115,United Kingdom
17089,2010-11-18 15:33:00,2010-11-18 15:33:00,1,128.45,4,United Kingdom
17090,2010-07-19 16:02:00,2011-12-05 13:44:00,13,3080.1800000000003,90,United Kingdom
17091,2009-12-16 15:45:00,2011-12-07 10:43:00,19,7789.2,468,United Kingdom
17092,2010-02-02 16:42:00,2011-10-20 19:51:00,11,5511.41,392,United Kingdom
17093,2010-04-26 10:22:00,2010-04-26 10:22:00,1,235.88,13,United Kingdom
17094,2010-10-12 10:48:00,2011-01-21 13:09:00,2,402.20000000000005,18,United Kingdom
17095,2009-12-15 12:32:00,2011-11-17 12:21:00,7,2572.25,137,United Kingdom
17096,2010-06-02 14:48:00,2011-11-24 15:01:00,11,3697.93,205,United Kingdom
17097,2010-10-05 14:09:00,2011-12-07 17:05:00,9,1318.08,307,Spain
17098,2010-06-17 10:30:00,2010-11-23 12:13:00,3,591.0699999999999,18,United Kingdom
17099,2010-06-24 16:25:00,2010-06-24 16:25:00,1,582.17,40,United Kingdom
17100,2011-11-21 16:36:00,2011-11-21 16:36:00,2,971.74,65,United Kingdom
17101,2010-06-07 15:12:00,2011-11-29 13:57:00,7,2507.05,73,United Kingdom
17102,2011-03-23 10:08:00,2011-03-23 10:08:00,1,25.5,1,United Kingdom
17103,2009-12-17 14:08:00,2009-12-17 14:08:00,1,424.3,32,United Kingdom
17104,2010-10-12 12:21:00,2010-10-12 12:21:00,1,474.03,19,United Kingdom
17105,2011-02-06 14:46:00,2011-07-03 15:53:00,2,665.78,90,United Kingdom
17106,2010-11-15 14:11:00,2010-11-15 14:11:00,1,481.58,51,United Kingdom
17107,2010-01-31 15:47:00,2011-11-06 14:14:00,10,16052.72,670,United Kingdom
17108,2010-02-14 12:22:00,2010-02-14 12:22:00,1,174.95,9,United Kingdom
17109,2010-07-30 12:42:00,2011-11-10 16:59:00,8,1291.71,139,United Kingdom
17110,2010-04-08 13:32:00,2011-06-27 12:58:00,3,499.9,49,United Kingdom
17111,2010-10-10 15:21:00,2011-10-23 15:59:00,2,459.58,48,United Kingdom
17112,2010-07-25 11:14:00,2010-07-25 11:14:00,1,197.57,47,United Kingdom
17113,2010-01-11 10:14:00,2010-05-14 13:59:00,6,2305.59,158,United Kingdom
17114,2011-01-09 11:39:00,2011-12-04 12:17:00,8,801.12,123,United Kingdom
17115,2009-12-05 12:13:00,2011-12-01 14:30:00,7,2761.4900000000002,120,United Kingdom
17116,2010-03-01 16:29:00,2010-03-01 16:29:00,1,389.78,47,United Kingdom
17117,2011-02-24 13:54:00,2011-02-24 13:54:00,1,116.19999999999999,9,United Kingdom
17118,2011-01-26 12:19:00,2011-01-26 12:19:00,1,157.02,10,United Kingdom
17119,2011-10-11 11:03:00,2011-12-06 14:40:00,2,606.91,35,United Kingdom
17120,2011-04-20 15:21:00,2011-04-20 15:21:00,1,307.46,18,United Kingdom
17121,2010-11-02 11:47:00,2010-11-02 11:47:00,1,314.74,12,United Kingdom
17122,2010-07-28 09:34:00,2011-08-12 14:33:00,4,570.5,30,United Kingdom
17123,2010-05-16 11:52:00,2011-07-01 10:47:00,3,966.67,42,United Kingdom
17124,2011-06-07 14:02:00,2011-06-07 14:02:00,1,294.24,31,United Kingdom
17125,2011-10-20 14:41:00,2011-10-20 14:41:00,1,230.5,35,United Kingdom
17126,2010-08-31 13:41:00,2011-07-10 13:52:00,9,2008.93,444,United Kingdom
17127,2009-12-04 15:18:00,2010-10-07 09:54:00,5,1155.0300000000002,37,United Kingdom
17128,2011-01-09 12:02:00,2011-01-09 12:02:00,1,157.09,14,United Kingdom
17129,2010-07-07 13:46:00,2010-07-07 13:46:00,1,31.85,2,United Kingdom
17131,2011-09-25 12:42:00,2011-12-04 12:52:00,5,2463.17,134,United Kingdom
17132,2010-08-08 13:49:00,2010-09-13 16:31:00,2,1220.9099999999999,71,United Kingdom
17133,2010-03-21 12:31:00,2011-11-24 12:27:00,12,14622.33,56,United Kingdom
17134,2010-09-23 18:32:00,2011-08-25 09:53:00,3,625.3,36,United Kingdom
17135,2010-05-09 16:03:00,2011-11-23 16:48:00,10,1931.96,151,United Kingdom
17136,2010-02-15 13:13:00,2010-02-15 13:13:00,1,231.68,14,United Kingdom
17137,2010-01-31 12:27:00,2010-10-19 14:51:00,6,1099.81,167,United Kingdom
17138,2010-02-04 14:19:00,2011-03-09 11:54:00,7,4417.27,256,United Kingdom
17139,2010-01-11 11:31:00,2011-11-24 10:12:00,25,19566.76,808,United Kingdom
17140,2011-04-06 13:33:00,2011-04-06 13:33:00,1,454.12,18,United Kingdom
17141,2010-01-24 14:19:00,2010-10-17 14:54:00,4,727.58,162,United Kingdom
17142,2010-01-24 15:23:00,2011-04-14 18:22:00,4,1275.25,89,United Kingdom
17143,2010-07-12 13:26:00,2010-10-18 15:27:00,2,880.97,112,United Kingdom
17144,2011-09-16 12:50:00,2011-12-08 17:57:00,2,984.57,48,United Kingdom
17145,2010-02-19 12:07:00,2010-07-15 09:02:00,4,3120.91,180,United Kingdom
17146,2010-02-02 09:39:00,2011-08-26 12:44:00,13,5852.64,301,United Kingdom
17147,2010-01-11 09:38:00,2011-11-17 12:32:00,9,3199.95,136,United Kingdom
17148,2011-10-19 09:59:00,2011-10-19 09:59:00,1,124.88,9,United Kingdom
17149,2010-09-14 14:56:00,2010-09-14 14:56:00,1,143.10000000000002,6,United Kingdom
17150,2009-12-06 10:51:00,2010-11-28 11:27:00,6,1357.95,92,United Kingdom
17151,2009-12-04 14:56:00,2009-12-04 14:56:00,1,231.90000000000003,4,United Kingdom
17152,2010-10-10 12:40:00,2011-05-29 12:19:00,4,2016.5,16,United Kingdom
17153,2011-11-15 13:42:00,2011-11-15 13:42:00,1,213.78,14,United Kingdom
17154,2011-09-25 13:42:00,2011-09-25 13:42:00,1,329.34,23,United Kingdom
17155,2009-12-03 11:34:00,2011-11-22 12:38:00,7,892.46,73,United Kingdom
17156,2010-08-05 11:30:00,2010-08-05 11:30:00,1,591.87,39,United Kingdom
17157,2009-12-04 13:00:00,2011-12-02 09:10:00,19,5151.9,141,United Kingdom
17158,2010-03-07 15:50:00,2011-11-07 15:15:00,5,1980.0,113,United Kingdom
17159,2010-03-04 14:53:00,2011-11-18 10:52:00,5,2099.59,130,United Kingdom
17160,2009-12-04 10:57:00,2011-11-08 14:05:00,17,10209.16,651,United Kingdom
17161,2010-09-21 16:44:00,2010-09-21 16:44:00,1,856.01,52,United Kingdom
17162,2011-02-07 12:27:00,2011-11-11 11:34:00,10,1715.46,104,United Kingdom
17163,2010-02-02 10:39:00,2011-11-18 08:57:00,4,699.78,30,United Kingdom
17164,2011-03-11 14:26:00,2011-11-07 09:14:00,7,2467.35,144,United Kingdom
17165,2009-12-11 09:18:00,2011-02-28 16:39:00,6,1794.32,100,United Kingdom
17166,2011-05-20 08:18:00,2011-11-01 09:46:00,2,206.34,12,United Kingdom
17167,2010-09-20 14:02:00,2010-11-25 10:05:00,3,867.11,79,United Kingdom
17168,2010-07-29 12:33:00,2010-07-29 12:33:00,1,400.2,21,United Kingdom
17169,2010-05-10 13:00:00,2011-10-13 10:25:00,3,1156.73,75,United Kingdom
17170,2010-11-15 16:23:00,2010-11-30 15:55:00,2,178.68,10,United Kingdom
17171,2010-02-16 12:02:00,2011-02-23 16:37:00,2,384.59,25,United Kingdom
17172,2009-12-13 11:46:00,2011-09-22 09:36:00,3,956.5699999999999,39,United Kingdom
17173,2011-07-31 15:26:00,2011-12-04 14:40:00,8,3766.6,86,United Kingdom
17174,2011-05-06 11:47:00,2011-05-06 11:47:00,1,59.9,4,United Kingdom
17175,2011-02-16 14:56:00,2011-10-26 15:31:00,4,1443.69,63,United Kingdom
17176,2010-01-31 15:49:00,2011-05-22 12:41:00,3,902.3199999999999,42,United Kingdom
17177,2010-07-22 14:53:00,2010-07-22 14:53:00,1,119.5,29,United Kingdom
17178,2009-12-08 16:20:00,2009-12-08 16:20:00,1,432.96,31,United Kingdom
17179,2010-05-26 11:22:00,2011-06-14 16:48:00,6,1507.26,158,United Kingdom
17180,2010-01-21 17:43:00,2011-10-14 15:46:00,11,2236.77,400,United Kingdom
17181,2010-04-23 11:21:00,2011-10-13 14:48:00,3,465.37,30,United Kingdom
17182,2009-12-21 15:22:00,2010-10-13 10:09:00,2,321.3,6,United Kingdom
17183,2011-08-26 15:25:00,2011-12-02 10:07:00,6,3347.31,73,United Kingdom
17184,2009-12-09 14:17:00,2010-05-19 14:24:00,2,198.41000000000003,14,United Kingdom
17185,2010-04-20 13:49:00,2010-04-27 12:15:00,3,229.46,44,United Kingdom
17186,2011-10-10 12:52:00,2011-10-24 10:20:00,2,144.0,2,United Kingdom
17187,2010-07-01 14:38:00,2011-04-27 12:39:00,2,467.71,23,United Kingdom
17188,2009-12-08 19:16:00,2011-11-28 13:53:00,13,4592.93,172,United Kingdom
17189,2009-12-02 11:45:00,2011-08-25 19:39:00,5,953.63,120,United Kingdom
17190,2010-03-05 13:21:00,2011-10-12 11:33:00,7,1724.73,188,United Kingdom
17191,2009-12-01 16:34:00,2011-11-11 16:58:00,15,4820.45,569,United Kingdom
17192,2010-06-21 16:07:00,2010-06-21 16:07:00,1,75.28,20,United Kingdom
17193,2009-12-02 10:02:00,2011-11-04 12:47:00,9,2310.04,44,United Kingdom
17194,2010-06-27 13:16:00,2010-12-14 12:06:00,2,776.66,57,United Kingdom
17195,2010-02-22 13:05:00,2010-02-22 13:05:00,1,562.98,31,United Kingdom
17196,2010-10-08 11:31:00,2010-10-08 11:31:00,1,327.75,93,United Kingdom
17197,2011-11-10 10:32:00,2011-11-10 10:32:00,1,1013.01,29,United Kingdom
17198,2010-12-03 14:54:00,2011-11-16 10:39:00,3,1213.88,173,United Kingdom
17199,2010-05-06 13:53:00,2010-05-06 13:53:00,1,135.04000000000002,8,United Kingdom
17200,2010-02-25 13:23:00,2010-11-17 13:04:00,4,356.71,25,United Kingdom
17201,2010-02-10 12:26:00,2011-10-17 11:55:00,4,1132.6,170,United Kingdom
17202,2010-10-15 11:25:00,2010-10-15 11:25:00,1,160.65,8,United Kingdom
17203,2010-11-16 12:52:00,2011-11-04 12:27:00,10,5564.09,261,United Kingdom
17204,2010-06-10 11:37:00,2011-06-17 14:46:00,9,5504.6900000000005,177,United Kingdom
17205,2010-05-24 15:36:00,2011-10-17 12:46:00,3,999.35,35,United Kingdom
17206,2011-10-17 13:25:00,2011-10-17 13:25:00,1,204.24,7,United Kingdom
17207,2010-02-25 19:08:00,2010-02-25 19:08:00,1,291.77,59,United Kingdom
17208,2010-11-09 12:50:00,2010-11-09 12:50:00,1,111.15,23,United Kingdom
17209,2009-12-03 11:10:00,2010-02-28 16:01:00,3,595.7,38,United Kingdom
17210,2010-11-12 12:15:00,2010-11-12 12:15:00,1,251.72,53,United Kingdom
17211,2009-12-13 13:17:00,2011-11-13 12:03:00,13,4046.65,377,United Kingdom
17212,2010-08-10 09:22:00,2011-03-31 19:42:00,3,794.41,29,United Kingdom
17213,2009-12-15 10:28:00,2011-10-30 14:53:00,13,5182.3,281,United Kingdom
17214,2010-12-15 15:14:00,2011-10-10 13:17:00,6,1059.1200000000001,101,United Kingdom
17215,2010-09-01 13:39:00,2010-09-01 13:39:00,1,186.15,11,United Kingdom
17216,2010-06-03 13:03:00,2010-06-03 13:03:00,1,63.6,13,United Kingdom
17217,2010-03-30 13:35:00,2011-04-19 17:19:00,2,210.1,27,United Kingdom
17218,2010-01-25 16:12:00,2011-12-05 13:52:00,18,4176.93,519,United Kingdom
17219,2010-10-19 11:29:00,2011-11-08 11:25:00,2,259.13,50,United Kingdom
17220,2010-01-20 11:57:00,2011-11-15 13:47:00,21,4451.41,671,United Kingdom
17221,2010-04-11 15:34:00,2011-12-02 13:35:00,5,976.62,124,United Kingdom
17222,2010-01-10 15:24:00,2011-10-05 13:58:00,6,1563.6100000000001,111,United Kingdom
17223,2010-11-29 17:19:00,2011-02-02 15:57:00,3,780.88,97,United Kingdom
17224,2010-07-26 13:30:00,2010-07-26 13:30:00,1,100.86,8,United Kingdom
17225,2010-05-07 11:38:00,2010-05-07 11:38:00,1,131.15,5,United Kingdom
17226,2010-02-12 14:31:00,2011-02-04 11:52:00,3,895.47,59,United Kingdom
17227,2010-01-15 15:05:00,2011-11-21 10:51:00,12,2021.18,124,United Kingdom
17228,2010-03-12 11:54:00,2011-11-24 10:24:00,13,3175.98,357,United Kingdom
17229,2011-07-20 12:38:00,2011-09-04 13:56:00,2,318.76,47,United Kingdom
17230,2009-12-08 13:41:00,2011-03-20 16:12:00,18,9388.49,217,United Kingdom
17231,2009-12-07 16:38:00,2011-11-27 15:18:00,25,7064.8,1201,United Kingdom
17232,2011-11-25 12:24:00,2011-12-07 12:21:00,2,417.77,35,United Kingdom
17233,2009-12-15 12:03:00,2011-11-04 14:06:00,3,560.86,58,United Kingdom
17234,2011-06-10 11:20:00,2011-06-10 11:20:00,1,149.89000000000001,14,United Kingdom
17235,2010-06-04 17:01:00,2011-11-14 15:51:00,8,1904.8799999999999,99,United Kingdom
17236,2010-03-07 13:00:00,2011-11-27 12:00:00,12,1929.26,158,United Kingdom
17237,2010-11-23 11:45:00,2011-11-28 15:02:00,4,994.13,79,United Kingdom
17238,2009-12-01 10:59:00,2011-12-07 11:35:00,32,7701.26,1198,United Kingdom
17239,2010-07-01 10:53:00,2011-01-31 09:41:00,4,1189.45,32,United Kingdom
17240,2010-04-22 15:44:00,2010-04-22 15:44:00,1,130.6,7,United Kingdom
17241,2010-02-15 14:47:00,2010-11-19 13:01:00,12,2736.64,170,United Kingdom
17242,2010-01-24 10:27:00,2011-08-23 14:55:00,5,2889.28,84,United Kingdom
17243,2009-12-01 15:36:00,2011-12-08 13:26:00,69,20441.58,1082,United Kingdom
17244,2009-12-06 11:27:00,2011-10-17 15:19:00,5,1826.04,120,United Kingdom
17245,2010-01-19 15:39:00,2011-05-19 10:43:00,2,371.63,25,United Kingdom
17246,2009-12-01 17:45:00,2010-06-11 12:36:00,2,38.92,6,United Kingdom
17247,2011-11-24 15:21:00,2011-11-24 15:21:00,1,280.09000000000003,54,United Kingdom
17248,2010-08-15 11:55:00,2011-08-11 13:34:00,2,500.54,104,United Kingdom
17249,2010-10-07 11:33:00,2010-10-07 11:33:00,1,68.03,27,United Kingdom
17250,2011-03-23 16:45:00,2011-12-06 12:15:00,2,381.97,56,United Kingdom
17251,2009-12-15 10:36:00,2010-12-12 11:06:00,3,798.98,78,United Kingdom
17252,2011-06-06 16:41:00,2011-08-15 09:45:00,2,348.91,86,United Kingdom
17253,2011-11-21 12:59:00,2011-11-21 12:59:00,1,178.26,18,United Kingdom
17254,2010-11-03 14:00:00,2011-12-05 12:46:00,3,469.48,147,United Kingdom
17255,2010-09-19 15:53:00,2011-10-30 12:18:00,4,781.7,182,United Kingdom
17256,2010-04-18 13:40:00,2011-08-24 13:30:00,5,498.93,31,United Kingdom
17257,2010-09-29 12:49:00,2010-09-29 12:51:00,2,189.78,14,United Kingdom
17258,2010-02-12 15:51:00,2010-11-08 12:37:00,2,417.3,55,United Kingdom
17259,2010-02-22 13:38:00,2011-07-14 15:01:00,6,1820.34,312,United Kingdom
17260,2010-10-24 13:21:00,2010-10-24 13:21:00,1,120.95,6,United Kingdom
17261,2010-07-18 11:49:00,2010-07-18 11:49:00,1,221.59,43,United Kingdom
17262,2009-12-15 11:26:00,2011-10-18 12:56:00,11,2757.62,21,United Kingdom
17263,2011-05-15 14:32:00,2011-05-15 14:32:00,1,63.440000000000005,23,United Kingdom
17264,2010-10-11 12:52:00,2010-10-11 12:52:00,1,268.28,74,United Kingdom
17265,2011-06-12 12:00:00,2011-07-24 10:49:00,2,550.01,122,United Kingdom
17266,2010-03-09 10:42:00,2011-12-07 14:12:00,5,501.71999999999997,119,United Kingdom
17267,2011-08-04 17:19:00,2011-08-04 17:22:00,2,317.2,37,United Kingdom
17268,2009-12-08 11:46:00,2011-08-24 10:06:00,11,1733.8899999999999,30,United Kingdom
17269,2010-11-19 11:12:00,2010-11-19 11:12:00,1,491.81,125,United Kingdom
17270,2009-12-07 17:18:00,2010-08-27 14:09:00,2,601.4499999999999,48,United Kingdom
17271,2009-12-03 13:49:00,2009-12-03 13:49:00,1,204.3,48,United Kingdom
17272,2011-03-22 12:05:00,2011-10-28 16:37:00,4,2148.63,114,United Kingdom
17273,2010-10-11 15:57:00,2010-10-11 15:57:00,1,141.12,12,United Kingdom
17274,2010-11-09 12:06:00,2011-11-04 13:16:00,2,573.22,77,United Kingdom
17275,2010-11-21 13:26:00,2010-11-21 13:26:00,1,114.1,23,United Kingdom
17276,2010-11-02 16:20:00,2010-11-02 16:20:00,1,501.24,52,United Kingdom
17277,2011-01-21 12:37:00,2011-04-26 12:47:00,2,1065.3500000000001,69,United Kingdom
17278,2010-05-23 13:49:00,2011-04-12 13:10:00,2,271.24,17,United Kingdom
17279,2011-10-13 11:58:00,2011-10-13 11:58:00,1,187.82999999999998,9,United Kingdom
17280,2010-09-27 16:46:00,2010-09-27 16:46:00,1,118.85999999999999,6,United Kingdom
17281,2010-02-04 13:00:00,2010-11-30 18:05:00,6,797.8499999999999,6,United Kingdom
17282,2010-06-09 12:07:00,2011-08-01 14:29:00,5,2308.54,204,United Kingdom
17283,2010-11-26 11:53:00,2010-11-26 11:53:00,1,188.46,15,United Kingdom
17284,2010-11-15 17:14:00,2011-10-10 14:38:00,7,2558.6,372,United Kingdom
17285,2010-02-14 14:10:00,2010-03-21 13:38:00,2,400.44,43,United Kingdom
17286,2010-11-04 13:43:00,2011-11-18 12:47:00,3,389.18,90,United Kingdom
17287,2009-12-03 12:45:00,2011-11-13 13:27:00,21,4049.56,485,United Kingdom
17288,2010-11-10 14:44:00,2011-11-30 16:09:00,11,2468.43,288,United Kingdom
17289,2010-03-08 12:52:00,2011-11-08 12:01:00,9,2041.8,266,United Kingdom
17290,2009-12-13 13:28:00,2011-12-06 12:38:00,8,1427.48,195,United Kingdom
17291,2011-02-04 13:04:00,2011-02-04 13:04:00,1,550.8000000000001,1,United Kingdom
17292,2010-05-09 14:52:00,2010-08-24 17:14:00,2,271.75,15,United Kingdom
17293,2009-12-03 15:09:00,2011-12-01 14:37:00,17,3750.63,241,United Kingdom
17294,2010-02-08 14:21:00,2010-02-08 16:12:00,2,467.78999999999996,17,United Kingdom
17295,2011-10-06 12:22:00,2011-11-11 10:49:00,3,547.0,68,United Kingdom
17296,2009-12-09 14:01:00,2009-12-09 14:01:00,1,338.13,33,United Kingdom
17297,2011-11-22 14:43:00,2011-11-22 14:43:00,1,128.18,49,United Kingdom
17298,2010-03-08 08:56:00,2011-08-30 16:43:00,5,938.36,68,United Kingdom
17299,2010-08-15 16:00:00,2011-11-28 12:01:00,6,993.23,113,United Kingdom
17300,2010-08-15 11:02:00,2010-11-14 10:56:00,2,393.64,44,United Kingdom
17301,2010-03-25 13:16:00,2011-11-18 13:43:00,2,294.39,113,United Kingdom
17302,2011-02-07 10:14:00,2011-11-25 09:36:00,5,1135.63,79,United Kingdom
17303,2010-12-13 13:32:00,2010-12-13 13:32:00,1,250.04,53,United Kingdom
17304,2010-06-23 16:23:00,2010-06-23 16:23:00,1,111.5,5,United Kingdom
17305,2010-03-01 12:47:00,2010-03-01 12:47:00,1,2135.46,9,United Kingdom
17306,2010-11-01 11:38:00,2011-11-29 12:14:00,21,9782.35,72,United Kingdom
17307,2010-01-19 16:38:00,2010-11-09 13:40:00,11,3999.8900000000003,48,United Kingdom
17308,2010-09-13 09:35:00,2010-11-11 13:19:00,2,4511.76,7,United Kingdom
17309,2010-02-04 15:49:00,2011-09-05 15:20:00,3,320.39,36,United Kingdom
17310,2010-06-23 11:38:00,2010-11-17 16:00:00,2,1025.1,2,United Kingdom
17311,2010-02-03 12:38:00,2011-09-22 14:11:00,6,3566.56,127,United Kingdom
17312,2011-07-03 13:12:00,2011-07-24 11:52:00,3,644.3,14,United Kingdom
17313,2011-11-08 15:45:00,2011-11-08 15:45:00,1,2328.84,24,United Kingdom
17314,2009-12-03 11:25:00,2011-11-15 09:41:00,17,4904.43,256,United Kingdom
17315,2010-09-27 12:45:00,2011-12-08 12:15:00,41,9559.5,744,United Kingdom
17316,2010-10-15 14:35:00,2010-10-15 14:35:00,1,124.45,35,United Kingdom
17317,2011-09-11 12:45:00,2011-10-24 17:19:00,3,2600.34,9,United Kingdom
17318,2009-12-14 13:11:00,2009-12-14 13:11:00,1,157.32999999999998,17,United Kingdom
17319,2010-02-08 15:47:00,2010-02-08 15:47:00,1,29.1,3,United Kingdom
17320,2010-01-21 16:29:00,2011-08-31 13:31:00,6,2895.77,174,United Kingdom
17321,2010-05-11 12:10:00,2011-12-01 13:41:00,6,1665.21,271,United Kingdom
17322,2009-12-03 11:46:00,2010-11-28 14:41:00,5,922.59,177,United Kingdom
17323,2010-01-10 11:58:00,2011-11-24 17:29:00,12,1547.64,330,United Kingdom
17324,2009-12-18 15:29:00,2011-11-22 10:34:00,12,2298.12,151,United Kingdom
17325,2010-03-08 11:31:00,2011-03-04 13:09:00,3,609.5699999999999,39,United Kingdom
17326,2010-06-28 14:05:00,2010-10-27 15:38:00,2,312.35,86,United Kingdom
17327,2010-05-26 11:20:00,2010-10-26 09:54:00,2,152.35,4,United Kingdom
17328,2010-02-04 17:11:00,2010-02-04 17:11:00,1,104.7,6,United Kingdom
17329,2009-12-03 16:09:00,2011-11-25 14:24:00,5,998.53,104,United Kingdom
17330,2010-03-02 09:20:00,2011-11-17 08:56:00,4,423.8,8,United Kingdom
17331,2011-08-08 11:55:00,2011-08-08 11:55:00,1,175.2,1,United Kingdom
17332,2010-02-21 14:41:00,2010-06-29 16:10:00,5,827.77,94,United Kingdom
17333,2011-09-15 10:11:00,2011-09-15 10:11:00,1,494.25,28,United Kingdom
17334,2010-10-29 12:16:00,2011-02-10 14:59:00,3,635.15,31,United Kingdom
17335,2010-01-24 11:15:00,2010-11-21 10:17:00,2,497.04,36,United Kingdom
17336,2010-08-24 15:37:00,2010-08-24 15:37:00,1,81.12,1,United Kingdom
17337,2011-02-02 17:06:00,2011-07-11 14:55:00,4,1979.61,520,United Kingdom
17338,2010-03-10 16:09:00,2011-11-22 14:23:00,17,11880.54,1303,United Kingdom
17339,2010-07-18 13:08:00,2011-09-06 13:29:00,3,362.36,14,United Kingdom
17340,2010-02-14 14:54:00,2011-11-10 10:45:00,18,22289.22,764,United Kingdom
17341,2010-06-17 18:17:00,2011-07-06 12:33:00,5,1688.82,355,United Kingdom
17342,2010-02-08 09:16:00,2010-11-25 11:07:00,4,1227.54,35,United Kingdom
17343,2009-12-03 18:30:00,2010-12-19 15:07:00,6,1259.94,80,United Kingdom
17344,2009-12-11 12:31:00,2011-10-24 12:56:00,2,457.36,67,United Kingdom
17345,2009-12-01 16:17:00,2011-11-24 15:03:00,10,1586.6299999999999,209,United Kingdom
17346,2010-04-18 12:18:00,2011-12-06 12:18:00,26,5125.52,952,United Kingdom
17347,2011-09-14 13:12:00,2011-09-14 13:12:00,1,228.96,1,United Kingdom
17348,2010-03-10 12:13:00,2011-11-25 11:25:00,9,2430.99,441,United Kingdom
17349,2010-03-18 14:26:00,2011-06-13 14:29:00,5,772.41,85,United Kingdom
17350,2010-02-01 15:38:00,2011-12-01 15:47:00,7,1893.7,142,United Kingdom
17351,2009-12-10 18:43:00,2011-11-03 18:45:00,12,1964.38,68,United Kingdom
17352,2010-01-12 16:13:00,2010-01-12 16:13:00,1,36.25,5,United Kingdom
17353,2010-03-25 12:52:00,2011-08-02 17:19:00,4,3242.0,14,United Kingdom
17354,2010-10-07 13:22:00,2011-10-20 10:34:00,4,3133.96,101,United Kingdom
17355,2010-11-18 13:18:00,2010-11-18 13:18:00,1,273.31,33,United Kingdom
17356,2010-01-20 12:14:00,2011-02-01 11:07:00,5,946.47,86,United Kingdom
17357,2011-11-15 16:29:00,2011-11-15 16:30:00,2,384.39,44,United Kingdom
17358,2010-02-24 16:42:00,2011-02-09 16:57:00,5,861.01,146,United Kingdom
17359,2010-03-01 14:48:00,2011-11-28 14:37:00,2,284.46,38,United Kingdom
17360,2010-10-01 12:07:00,2011-11-22 13:11:00,6,1200.51,229,United Kingdom
17361,2010-02-01 14:30:00,2011-10-21 15:43:00,5,871.79,57,United Kingdom
17362,2010-01-06 10:53:00,2011-04-14 14:43:00,7,1024.04,144,United Kingdom
17363,2010-11-02 17:25:00,2010-11-09 17:11:00,3,920.46,35,United Kingdom
17364,2009-12-07 15:28:00,2011-12-09 09:00:00,28,11972.92,904,United Kingdom
17365,2010-02-01 11:56:00,2011-11-27 12:13:00,15,8179.45,793,United Kingdom
17366,2010-09-09 19:46:00,2010-10-03 16:04:00,2,1077.24,131,United Kingdom
17367,2011-04-15 14:21:00,2011-04-15 14:21:00,1,167.55,33,United Kingdom
17368,2009-12-15 17:45:00,2011-11-16 15:26:00,14,2758.29,226,United Kingdom
17369,2010-09-10 09:49:00,2010-09-10 09:49:00,1,979.1999999999999,1,United Kingdom
17370,2011-06-23 11:50:00,2011-09-28 10:14:00,4,446.18,33,United Kingdom
17371,2009-12-08 12:25:00,2011-11-22 13:30:00,6,651.37,143,United Kingdom
17372,2009-12-03 18:41:00,2011-10-30 11:37:00,27,4316.46,646,United Kingdom
17373,2010-02-28 14:17:00,2011-10-30 15:28:00,7,1167.5,91,United Kingdom
17374,2010-11-09 17:14:00,2011-05-05 09:05:00,3,727.11,42,United Kingdom
17375,2010-10-04 09:14:00,2011-05-24 15:45:00,4,660.55,86,United Kingdom
17376,2010-07-05 11:11:00,2011-09-30 12:36:00,4,453.64,55,United Kingdom
17377,2009-12-02 12:39:00,2011-11-16 11:17:00,78,18227.53,1746,United Kingdom
17378,2010-11-30 18:46:00,2010-11-30 18:46:00,1,10.95,1,United Kingdom
17379,2011-11-28 13:56:00,2011-11-28 13:56:00,1,389.71999999999997,78,United Kingdom
17380,2010-06-23 11:24:00,2010-10-01 16:42:00,3,645.0,10,United Kingdom
17381,2010-06-09 12:55:00,2011-12-01 11:59:00,38,40002.37,174,United Kingdom
17382,2010-05-19 11:33:00,2011-10-05 13:05:00,8,902.28,18,United Kingdom
17383,2010-09-12 14:54:00,2011-12-05 17:36:00,2,304.09,51,United Kingdom
17384,2010-08-29 16:01:00,2011-11-20 15:48:00,3,507.55,20,United Kingdom
17385,2011-11-25 11:02:00,2011-11-25 11:02:00,1,256.11,45,United Kingdom
17386,2010-11-19 13:40:00,2011-12-02 11:28:00,7,2812.77,38,United Kingdom
17387,2011-11-06 11:25:00,2011-11-20 11:00:00,2,746.81,76,United Kingdom
17388,2009-12-10 11:45:00,2011-09-23 10:31:00,11,2675.37,55,United Kingdom
17389,2009-12-04 12:06:00,2011-12-09 09:38:00,61,57215.33,429,United Kingdom
17390,2010-10-15 11:29:00,2010-10-15 11:29:00,1,149.3,12,United Kingdom
17391,2011-06-28 12:21:00,2011-06-29 09:58:00,2,508.8,3,United Kingdom
17392,2010-09-15 16:17:00,2011-02-06 12:48:00,3,579.92,69,United Kingdom
17393,2010-08-08 15:53:00,2010-10-25 11:10:00,2,381.15,48,United Kingdom
17394,2011-05-04 13:22:00,2011-05-04 13:22:00,1,203.86999999999998,4,United Kingdom
17395,2010-07-19 15:34:00,2010-07-19 15:34:00,1,97.5,3,United Kingdom
17396,2010-09-24 13:04:00,2011-10-31 14:12:00,13,8789.1,49,United Kingdom
17397,2010-10-19 13:20:00,2011-11-17 14:08:00,3,1198.28,134,United Kingdom
17398,2011-03-29 13:04:00,2011-08-17 09:48:00,3,653.38,38,United Kingdom
17400,2009-12-17 15:41:00,2011-08-05 15:38:00,8,4623.28,469,United Kingdom
17401,2010-06-16 16:54:00,2010-06-16 16:54:00,1,114.85,12,United Kingdom
17402,2009-12-16 17:40:00,2011-12-05 10:15:00,22,5060.53,201,United Kingdom
17403,2010-09-15 12:29:00,2011-11-03 15:18:00,2,382.87,45,United Kingdom
17404,2010-01-07 11:31:00,2011-12-05 16:26:00,21,47638.12,288,Sweden
17405,2011-07-12 14:17:00,2011-12-08 17:12:00,3,1031.41,82,United Kingdom
17406,2009-12-06 13:45:00,2011-01-10 15:07:00,13,4889.05,257,United Kingdom
17407,2010-10-24 11:57:00,2010-10-24 11:57:00,1,552.9,23,United Kingdom
17408,2010-07-13 14:02:00,2011-06-29 12:53:00,3,316.09000000000003,8,United Kingdom
17409,2009-12-11 12:17:00,2011-06-08 10:36:00,10,7793.51,104,United Kingdom
17410,2011-05-08 15:21:00,2011-11-23 15:46:00,5,1214.72,64,United Kingdom
17411,2009-12-03 12:02:00,2011-11-27 14:25:00,5,1425.38,75,United Kingdom
17412,2009-12-02 13:51:00,2011-12-07 11:36:00,16,4417.52,236,United Kingdom
17413,2010-05-19 11:11:00,2010-10-31 12:33:00,2,560.14,10,United Kingdom
17414,2009-12-03 16:49:00,2011-10-27 12:13:00,6,2249.52,21,United Kingdom
17415,2011-09-21 12:50:00,2011-09-21 12:50:00,1,507.84,14,United Kingdom
17416,2009-12-14 16:29:00,2011-11-10 12:47:00,22,17298.45,597,United Kingdom
17417,2010-06-09 10:00:00,2010-06-09 10:00:00,1,164.18,16,United Kingdom
17418,2010-11-17 13:42:00,2011-10-28 13:00:00,3,670.0600000000001,42,United Kingdom
17419,2010-01-25 13:19:00,2011-11-28 13:47:00,18,6500.52,318,United Kingdom
17420,2010-11-03 13:09:00,2011-10-20 14:52:00,6,1084.43,57,United Kingdom
17421,2009-12-04 15:43:00,2010-11-18 16:57:00,3,1059.41,58,United Kingdom
17422,2010-06-23 10:19:00,2011-11-23 13:27:00,11,3594.76,205,United Kingdom
17423,2010-11-11 12:26:00,2011-10-24 13:36:00,3,1118.95,43,United Kingdom
17425,2011-10-10 11:37:00,2011-11-20 15:30:00,2,759.17,43,United Kingdom
17426,2010-02-17 13:39:00,2011-12-01 18:07:00,13,8077.77,427,United Kingdom
17427,2011-09-29 11:29:00,2011-09-29 11:29:00,1,100.8,2,United Kingdom
17428,2009-12-01 17:28:00,2011-12-09 09:45:00,45,31819.760000000002,729,United Kingdom
17429,2010-10-06 12:30:00,2011-08-03 13:22:00,5,1357.46,95,United Kingdom
17430,2010-08-17 11:52:00,2011-11-07 09:24:00,4,735.17,42,United Kingdom
17431,2011-01-30 14:36:00,2011-01-30 14:36:00,1,403.3,43,United Kingdom
17432,2009-12-03 19:13:00,2011-11-21 17:33:00,9,1728.99,274,United Kingdom
17433,2010-11-19 13:37:00,2011-09-12 14:24:00,2,569.96,93,United Kingdom
17434,2011-09-15 13:54:00,2011-12-07 13:16:00,7,2373.82,134,United Kingdom
17435,2010-10-24 13:55:00,2010-10-24 13:55:00,1,331.35,15,United Kingdom
17436,2009-12-07 12:31:00,2011-12-08 12:30:00,5,534.06,17,United Kingdom
17437,2010-06-28 11:11:00,2010-06-28 11:11:00,1,369.68,52,United Kingdom
17438,2010-03-08 16:53:00,2011-03-31 10:26:00,5,1422.77,71,United Kingdom
17439,2010-02-22 12:48:00,2010-02-22 12:48:00,1,325.74,8,United Kingdom
17440,2010-06-08 14:40:00,2011-07-06 11:54:00,4,323.58,6,United Kingdom
17441,2009-12-07 13:32:00,2009-12-07 13:32:00,1,293.35,21,United Kingdom
17442,2010-02-15 15:54:00,2011-11-03 09:17:00,15,4620.3,283,United Kingdom
17443,2011-05-04 10:47:00,2011-05-04 10:47:00,1,534.24,1,Canada
17444,2011-06-20 09:04:00,2011-07-11 10:33:00,2,2389.1,134,Canada
17446,2011-02-02 14:40:00,2011-06-16 10:42:00,2,120.9,9,United Kingdom
17447,2011-09-29 10:10:00,2011-10-30 14:18:00,2,541.53,36,United Kingdom
17448,2010-03-04 17:29:00,2010-06-28 13:58:00,41,14448.67,1110,United Kingdom
17449,2009-12-09 14:16:00,2011-12-07 16:56:00,13,4865.15,583,United Kingdom
17450,2010-09-27 16:59:00,2011-12-01 13:29:00,51,246813.09,423,United Kingdom
17451,2011-08-26 11:54:00,2011-12-08 15:02:00,7,1721.4,100,United Kingdom
17453,2011-10-06 17:02:00,2011-11-22 09:42:00,2,486.71999999999997,19,United Kingdom
17454,2010-01-15 15:40:00,2011-05-31 13:58:00,10,1547.94,126,United Kingdom
17455,2011-05-20 12:31:00,2011-05-20 12:31:00,1,131.7,8,United Kingdom
17456,2010-09-09 15:28:00,2010-12-09 15:23:00,2,1225.42,77,United Kingdom
17457,2009-12-07 14:52:00,2011-08-05 12:48:00,14,5984.8099999999995,64,United Kingdom
17458,2010-11-23 11:43:00,2011-11-24 13:01:00,2,529.58,86,United Kingdom
17459,2011-10-10 17:00:00,2011-10-27 13:25:00,2,657.3,111,United Kingdom
17460,2010-01-22 13:25:00,2011-09-06 15:04:00,16,2228.27,139,United Kingdom
17461,2011-11-10 12:01:00,2011-11-17 10:21:00,3,735.82,106,United Kingdom
17462,2011-02-28 17:01:00,2011-10-10 13:56:00,2,675.69,27,United Kingdom
17463,2010-04-29 17:57:00,2011-11-23 13:40:00,7,2535.26,316,United Kingdom
17464,2010-03-30 13:15:00,2011-07-04 13:19:00,3,907.14,39,United Kingdom
17465,2009-12-03 13:25:00,2010-10-10 11:56:00,7,2542.79,142,United Kingdom
17466,2011-09-22 09:16:00,2011-11-29 13:15:00,2,763.28,41,United Kingdom
17467,2010-11-09 12:58:00,2010-11-09 12:58:00,1,102.6,4,United Kingdom
17468,2010-11-29 17:25:00,2011-11-29 15:33:00,3,194.8,8,United Kingdom
17469,2009-12-16 15:06:00,2011-11-23 13:15:00,17,5051.25,267,United Kingdom
17470,2010-07-19 16:16:00,2011-10-26 12:42:00,11,2804.87,166,United Kingdom
17471,2010-08-22 11:53:00,2010-08-22 11:53:00,1,321.65000000000003,19,United Kingdom
17472,2010-03-21 13:27:00,2011-06-01 14:57:00,4,922.35,223,United Kingdom
17473,2010-09-09 19:03:00,2010-10-27 11:45:00,2,607.0,34,United Kingdom
17474,2010-04-19 10:43:00,2010-04-19 10:43:00,1,1047.0,6,United Kingdom
17475,2011-09-21 14:55:00,2011-09-21 14:55:00,1,194.37,14,United Kingdom
17476,2009-12-02 12:09:00,2010-11-09 10:21:00,2,489.86,31,United Kingdom
17477,2010-03-02 11:53:00,2010-04-06 10:06:00,2,1144.3,44,United Kingdom
17478,2010-03-16 14:19:00,2010-10-27 15:01:00,2,1272.8,40,United Kingdom
17479,2010-03-17 09:26:00,2010-03-17 09:26:00,1,389.26000000000005,18,United Kingdom
17480,2010-09-21 12:31:00,2011-09-23 11:39:00,2,882.23,53,United Kingdom
17481,2011-09-07 09:57:00,2011-12-06 12:28:00,4,1255.59,82,United Kingdom
17482,2010-05-10 14:10:00,2010-08-09 15:33:00,2,775.64,53,United Kingdom
17483,2010-10-21 12:43:00,2011-10-05 13:10:00,4,591.73,28,United Kingdom
17484,2010-03-25 16:17:00,2010-05-12 15:41:00,2,209.57,14,United Kingdom
17486,2011-03-23 14:00:00,2011-03-23 14:00:00,1,396.87,24,United Kingdom
17487,2009-12-11 15:06:00,2009-12-11 15:06:00,1,160.55,8,United Kingdom
17488,2010-03-08 14:07:00,2010-03-08 14:07:00,1,336.5,18,United Kingdom
17489,2011-05-11 11:34:00,2011-10-12 08:56:00,2,376.64,29,United Kingdom
17490,2010-05-19 12:40:00,2011-12-09 09:08:00,9,2750.5,116,United Kingdom
17491,2010-04-28 11:57:00,2011-12-08 16:18:00,17,5981.07,182,United Kingdom
17492,2010-07-09 13:27:00,2011-04-05 15:21:00,3,1122.42,39,United Kingdom
17493,2010-11-19 16:57:00,2010-11-19 16:57:00,1,100.91000000000001,8,United Kingdom
17494,2010-07-26 10:06:00,2010-07-26 10:06:00,1,54.699999999999996,3,United Kingdom
17495,2010-11-14 11:50:00,2011-12-02 12:08:00,3,806.72,48,United Kingdom
17496,2010-01-14 13:36:00,2010-12-16 08:39:00,4,1412.89,72,United Kingdom
17497,2010-04-08 08:01:00,2010-11-14 14:17:00,2,287.25,7,United Kingdom
17498,2011-09-25 12:25:00,2011-09-25 12:25:00,1,272.22,17,United Kingdom
17499,2010-05-27 09:59:00,2011-02-23 09:14:00,2,1341.39,71,United Kingdom
17500,2011-11-10 09:08:00,2011-11-22 14:25:00,3,1138.0,5,United Kingdom
17501,2011-05-03 09:46:00,2011-05-03 09:47:00,2,288.6,18,United Kingdom
17502,2011-11-10 16:39:00,2011-11-30 13:13:00,4,689.1,28,United Kingdom
17503,2011-11-01 11:12:00,2011-12-07 09:18:00,2,558.96,38,United Kingdom
17504,2010-02-08 09:22:00,2011-05-17 12:59:00,18,9490.17,342,United Kingdom
17505,2010-04-13 16:33:00,2011-07-01 12:50:00,5,2435.48,102,United Kingdom
17506,2011-09-25 11:39:00,2011-09-25 11:39:00,1,302.2,14,United Kingdom
17507,2011-02-03 18:08:00,2011-03-23 11:48:00,2,605.58,88,United Kingdom
17508,2009-12-07 11:46:00,2011-03-04 08:10:00,8,4579.23,231,Greece
17509,2011-10-07 13:14:00,2011-10-13 10:26:00,8,6083.64,364,United Kingdom
17510,2010-10-15 10:20:00,2011-11-15 10:00:00,2,514.56,35,United Kingdom
17511,2009-12-02 10:52:00,2011-12-07 10:12:00,60,175603.55,1911,United Kingdom
17512,2009-12-10 19:35:00,2011-11-11 12:11:00,18,5467.820000000001,197,United Kingdom
17513,2010-08-17 15:08:00,2011-09-28 16:42:00,3,1158.8,18,United Kingdom
17514,2010-02-08 14:00:00,2011-08-03 15:45:00,2,522.0,83,United Kingdom
17515,2010-06-07 13:29:00,2011-11-08 14:04:00,9,1602.51,179,United Kingdom
17516,2010-11-26 12:50:00,2011-11-24 16:51:00,6,947.5,191,United Kingdom
17517,2011-02-04 11:48:00,2011-02-04 11:48:00,1,153.94,11,United Kingdom
17518,2010-03-28 13:31:00,2010-10-10 12:40:00,2,329.42,77,United Kingdom
17519,2009-12-01 09:57:00,2011-11-22 16:43:00,15,5109.47,222,United Kingdom
17520,2011-10-17 12:04:00,2011-10-17 12:04:00,1,546.81,30,United Kingdom
17521,2010-10-01 11:49:00,2011-11-10 11:22:00,5,1278.06,78,United Kingdom
17522,2011-05-05 16:31:00,2011-12-08 12:31:00,5,1066.15,72,United Kingdom
17523,2011-11-20 13:40:00,2011-11-28 13:20:00,4,652.74,33,United Kingdom
17524,2010-09-27 16:20:00,2010-12-13 14:32:00,3,539.14,43,United Kingdom
17525,2010-10-07 09:12:00,2010-12-15 12:05:00,3,1161.9,26,United Kingdom
17526,2009-12-17 16:18:00,2011-12-05 11:05:00,12,4166.04,97,United Kingdom
17527,2011-05-05 13:43:00,2011-10-17 12:32:00,4,939.37,47,United Kingdom
17528,2011-09-29 13:04:00,2011-12-08 13:27:00,8,3628.5,253,United Kingdom
17529,2010-01-11 12:29:00,2010-04-08 17:51:00,2,1240.25,82,United Kingdom
17530,2009-12-06 16:17:00,2011-12-08 18:42:00,12,3087.74,540,United Kingdom
17531,2010-03-31 12:57:00,2011-06-02 19:17:00,3,1266.82,58,United Kingdom
17532,2010-11-19 08:13:00,2010-11-19 08:13:00,1,65.34,4,United Kingdom
17533,2010-10-01 09:14:00,2010-10-01 09:14:00,1,34.8,1,United Kingdom
17534,2010-02-25 16:55:00,2011-10-17 12:47:00,5,1668.83,92,United Kingdom
17535,2011-03-04 15:20:00,2011-03-04 15:20:00,1,164.4,13,United Kingdom
17536,2010-01-26 12:00:00,2011-06-15 13:23:00,3,364.83,16,United Kingdom
17537,2011-02-09 13:37:00,2011-11-10 10:56:00,2,887.67,74,United Kingdom
17538,2011-11-14 12:12:00,2011-11-14 12:12:00,1,98.42,9,United Kingdom
17539,2009-12-13 12:36:00,2010-03-21 15:23:00,3,1161.84,143,United Kingdom
17540,2010-04-19 09:47:00,2011-11-15 11:56:00,6,1590.6000000000001,64,United Kingdom
17541,2010-07-18 11:36:00,2010-07-18 11:36:00,1,119.86,31,United Kingdom
17542,2010-03-08 12:08:00,2011-03-15 11:45:00,3,340.85,64,United Kingdom
17543,2010-06-08 12:41:00,2010-06-08 12:41:00,1,120.05,13,United Kingdom
17544,2010-11-14 14:47:00,2010-11-14 15:08:00,3,944.82,88,United Kingdom
17545,2010-05-11 10:04:00,2011-10-27 14:04:00,6,1409.8600000000001,260,United Kingdom
17547,2010-02-12 14:34:00,2010-11-29 09:41:00,2,727.85,31,United Kingdom
17548,2010-11-08 16:19:00,2011-04-20 12:01:00,4,731.26,34,United Kingdom
17549,2011-10-19 10:05:00,2011-11-16 09:59:00,2,148.86,6,United Kingdom
17550,2010-02-07 15:07:00,2011-05-26 14:09:00,9,2506.64,321,United Kingdom
17551,2010-12-15 14:12:00,2010-12-15 14:12:00,1,290.34,39,United Kingdom
17552,2010-03-22 09:19:00,2011-10-10 17:00:00,12,3085.29,156,United Kingdom
17553,2010-04-08 09:44:00,2011-08-02 10:00:00,4,3757.6,6,United Kingdom
17554,2011-07-14 20:01:00,2011-12-08 14:15:00,5,1952.45,88,United Kingdom
17555,2010-05-02 16:02:00,2011-11-20 12:22:00,5,1045.74,264,United Kingdom
17556,2010-11-25 17:00:00,2011-05-18 10:48:00,2,300.67,14,United Kingdom
17557,2009-12-07 10:15:00,2011-11-25 12:57:00,4,575.46,35,United Kingdom
17558,2010-11-11 14:36:00,2010-11-11 14:36:00,1,259.17,28,United Kingdom
17559,2010-07-15 12:02:00,2010-07-15 12:02:00,1,167.62,12,United Kingdom
17560,2010-02-17 12:11:00,2011-09-06 09:18:00,8,1895.8,55,United Kingdom
17561,2009-12-06 13:29:00,2011-11-20 12:53:00,4,703.02,191,United Kingdom
17562,2011-06-19 13:06:00,2011-11-25 14:21:00,7,1122.38,63,United Kingdom
17563,2010-04-07 10:02:00,2010-05-10 14:54:00,2,392.38,29,United Kingdom
17564,2011-09-20 14:00:00,2011-11-15 13:27:00,3,454.01,49,United Kingdom
17565,2010-05-02 11:54:00,2010-05-02 11:54:00,1,131.83,30,United Kingdom
17566,2011-11-14 13:42:00,2011-12-01 19:54:00,2,869.77,142,United Kingdom
17567,2010-09-24 10:48:00,2011-12-02 15:48:00,9,5356.03,223,United Kingdom
17568,2010-03-16 16:45:00,2010-03-16 16:45:00,1,374.45,62,United Kingdom
17569,2011-01-11 14:15:00,2011-01-11 14:15:00,1,344.14,29,United Kingdom
17571,2010-06-15 12:50:00,2011-10-20 15:57:00,5,1629.66,324,United Kingdom
17572,2009-12-15 10:00:00,2011-09-29 17:53:00,10,723.01,36,United Kingdom
17573,2011-09-07 10:36:00,2011-11-10 13:01:00,3,380.6,25,United Kingdom
17574,2011-04-11 09:47:00,2011-04-11 09:47:00,1,185.65,8,United Kingdom
17575,2010-02-10 13:48:00,2010-02-10 13:48:00,1,171.7,5,United Kingdom
17576,2009-12-03 16:54:00,2011-12-01 17:56:00,41,8825.25,899,United Kingdom
17577,2010-02-09 10:10:00,2010-03-04 13:01:00,2,348.75,21,United Kingdom
17578,2010-06-28 11:55:00,2011-05-05 18:38:00,7,1047.33,65,United Kingdom
17579,2010-05-10 14:28:00,2011-12-05 12:28:00,4,753.28,94,United Kingdom
17580,2010-10-13 14:28:00,2011-04-01 12:41:00,5,538.07,93,United Kingdom
17581,2009-12-03 12:34:00,2011-12-09 12:21:00,43,18737.95,849,United Kingdom
17582,2010-03-26 12:23:00,2011-04-17 13:18:00,5,1446.95,122,United Kingdom
17583,2010-05-28 14:24:00,2010-05-28 14:24:00,1,135.95,7,United Kingdom
17584,2010-01-25 08:17:00,2011-12-02 17:12:00,6,5309.42,124,United Kingdom
17585,2010-08-18 16:39:00,2011-08-22 13:30:00,7,2064.71,384,United Kingdom
17586,2010-03-30 13:12:00,2010-03-30 13:12:00,1,167.4,8,United Kingdom
17587,2010-03-21 14:16:00,2010-03-21 14:16:00,1,173.76,41,United Kingdom
17588,2010-03-12 12:34:00,2011-08-31 13:37:00,7,2939.55,71,United Kingdom
17589,2010-03-07 13:48:00,2011-10-10 16:58:00,18,13806.27,1299,United Kingdom
17590,2011-10-30 14:05:00,2011-12-07 12:55:00,3,1466.77,195,United Kingdom
17591,2010-01-17 16:09:00,2011-09-27 13:42:00,8,2723.62,247,United Kingdom
17592,2009-12-01 10:49:00,2009-12-01 10:49:00,1,148.3,13,United Kingdom
17593,2009-12-04 14:35:00,2011-12-06 10:30:00,11,8092.32,408,United Kingdom
17594,2010-04-14 08:53:00,2011-09-15 16:34:00,4,2497.88,104,United Kingdom
17595,2011-11-02 16:19:00,2011-11-27 16:08:00,2,386.69,82,United Kingdom
17596,2009-12-15 13:21:00,2011-11-16 14:11:00,13,4882.43,545,United Kingdom
17597,2010-05-05 15:33:00,2011-05-10 11:54:00,5,3484.09,128,United Kingdom
17598,2010-11-23 17:43:00,2010-11-23 17:43:00,1,409.98,10,United Kingdom
17599,2010-08-19 12:50:00,2010-08-19 12:50:00,1,52.05,3,United Kingdom
17600,2011-11-22 09:43:00,2011-11-22 09:43:00,1,161.67000000000002,13,United Kingdom
17601,2010-11-24 14:29:00,2011-04-14 18:02:00,2,412.65999999999997,71,United Kingdom
17602,2010-03-30 17:25:00,2011-12-07 13:53:00,14,7354.43,909,United Kingdom
17603,2009-12-10 09:44:00,2011-09-22 14:18:00,4,1788.38,106,United Kingdom
17604,2010-01-27 12:19:00,2011-05-06 13:43:00,6,942.38,208,United Kingdom
17605,2010-04-28 14:45:00,2010-04-28 14:45:00,1,160.75,13,United Kingdom
17606,2009-12-02 13:32:00,2009-12-02 13:32:00,1,87.30000000000001,6,United Kingdom
17607,2010-11-28 13:11:00,2010-11-28 13:11:00,1,333.81,22,United Kingdom
17608,2010-04-11 13:37:00,2011-11-06 13:06:00,4,488.06,159,United Kingdom
17609,2010-04-09 16:54:00,2011-10-30 12:28:00,11,1875.36,382,United Kingdom
17610,2009-12-06 16:07:00,2010-06-17 16:34:00,5,1511.94,154,United Kingdom
17611,2009-12-01 13:29:00,2011-12-02 13:29:00,28,8287.53,1111,United Kingdom
17612,2009-12-17 11:59:00,2011-10-17 14:59:00,18,5394.86,340,United Kingdom
17613,2011-02-07 11:20:00,2011-11-17 10:51:00,14,4544.55,306,United Kingdom
17614,2011-10-13 16:01:00,2011-10-13 16:01:00,1,386.32,98,United Kingdom
17615,2010-08-11 12:54:00,2011-08-01 14:06:00,6,721.8,56,United Kingdom
17616,2010-09-14 10:43:00,2011-06-19 10:11:00,4,1060.8,5,United Kingdom
17617,2010-05-30 12:48:00,2010-05-30 12:48:00,1,385.19,18,United Kingdom
17618,2010-01-24 11:03:00,2011-12-04 11:50:00,11,4001.64,357,United Kingdom
17619,2011-01-31 14:18:00,2011-01-31 14:18:00,1,214.37,74,United Kingdom
17620,2011-10-11 12:08:00,2011-10-11 12:08:00,1,81.44,4,United Kingdom
17621,2010-10-04 09:37:00,2011-11-18 17:11:00,6,3175.12,66,United Kingdom
17622,2010-04-20 13:38:00,2010-04-21 12:36:00,2,1130.21,38,United Kingdom
17623,2009-12-14 14:36:00,2011-11-07 11:32:00,7,2365.77,194,United Kingdom
17624,2009-12-20 12:35:00,2011-11-25 10:52:00,4,1568.63,97,United Kingdom
17625,2009-12-15 11:49:00,2011-11-21 13:36:00,8,5978.9,683,United Kingdom
17626,2010-04-16 12:15:00,2010-04-16 12:15:00,1,254.0,18,United Kingdom
17627,2010-08-18 11:27:00,2010-08-18 11:27:00,1,296.36,10,United Kingdom
17628,2011-09-19 15:21:00,2011-09-19 15:21:00,1,75.75,5,United Kingdom
17629,2010-10-14 13:35:00,2011-12-04 10:56:00,10,2455.52,156,United Kingdom
17630,2011-04-21 14:03:00,2011-06-23 11:58:00,2,503.59999999999997,26,United Kingdom
17631,2009-12-09 14:15:00,2011-12-08 09:47:00,7,998.49,69,United Kingdom
17633,2010-11-15 14:55:00,2011-11-08 13:25:00,7,2057.39,101,United Kingdom
17634,2011-01-06 12:45:00,2011-11-03 13:09:00,9,2358.59,296,United Kingdom
17635,2010-04-28 10:51:00,2010-10-11 15:12:00,3,1265.58,74,United Kingdom
17636,2011-11-20 14:40:00,2011-11-20 14:40:00,1,285.56,20,United Kingdom
17637,2011-08-16 13:25:00,2011-11-08 12:51:00,2,547.0600000000001,35,United Kingdom
17638,2009-12-18 09:58:00,2010-03-02 14:32:00,2,842.4,3,United Kingdom
17639,2010-08-13 11:59:00,2011-03-08 15:22:00,6,615.17,79,United Kingdom
17640,2010-03-23 09:15:00,2011-09-14 09:13:00,6,3168.94,66,United Kingdom
17642,2009-12-05 16:01:00,2011-08-12 09:11:00,5,1824.49,108,United Kingdom
17643,2010-07-22 13:07:00,2010-12-01 14:38:00,2,541.25,39,United Kingdom
17644,2010-02-16 08:44:00,2011-12-08 13:43:00,20,6028.6,327,United Kingdom
17646,2009-12-16 09:37:00,2011-05-04 13:17:00,12,4149.79,205,United Kingdom
17647,2010-02-08 14:39:00,2011-10-05 15:38:00,3,331.65999999999997,12,United Kingdom
17648,2010-11-19 16:41:00,2011-10-10 09:41:00,5,2216.37,125,United Kingdom
17649,2010-08-24 13:01:00,2011-07-24 15:53:00,3,1578.89,98,United Kingdom
17650,2011-11-18 14:52:00,2011-11-18 14:52:00,1,166.08,8,United Kingdom
17651,2010-07-01 12:17:00,2011-11-28 10:29:00,16,5703.52,332,United Kingdom
17652,2011-03-03 14:05:00,2011-11-14 12:55:00,12,4867.72,259,United Kingdom
17653,2011-08-11 15:24:00,2011-11-03 12:46:00,4,1207.56,44,United Kingdom
17654,2011-03-07 13:17:00,2011-03-07 13:17:00,1,117.55,22,United Kingdom
17655,2010-10-19 10:20:00,2011-11-29 11:34:00,9,3652.48,120,United Kingdom
17656,2011-08-03 10:45:00,2011-09-27 13:04:00,5,1674.69,82,United Kingdom
17657,2010-10-05 14:52:00,2010-10-05 14:52:00,1,126.0,7,United Kingdom
17658,2011-05-12 15:23:00,2011-11-14 12:07:00,2,595.42,19,United Kingdom
17659,2010-11-18 14:20:00,2011-11-22 13:29:00,14,3834.79,204,United Kingdom
17660,2009-12-02 16:02:00,2011-07-21 13:37:00,2,342.22,82,United Kingdom
17662,2009-12-17 09:54:00,2010-02-16 09:38:00,2,412.92,15,United Kingdom
17663,2010-03-04 11:42:00,2011-11-14 08:56:00,17,5175.83,238,United Kingdom
17664,2010-03-29 17:17:00,2011-11-21 11:29:00,4,1166.23,80,United Kingdom
17665,2010-08-03 13:12:00,2010-08-03 13:12:00,1,563.1,19,United Kingdom
17666,2010-06-30 12:03:00,2011-12-06 09:06:00,5,2047.8,44,United Kingdom
17667,2010-02-23 09:57:00,2011-10-04 14:32:00,9,3950.7,230,United Kingdom
17668,2011-11-01 14:45:00,2011-12-08 13:25:00,2,347.75,15,United Kingdom
17669,2010-04-01 18:48:00,2011-10-28 08:53:00,10,6142.35,144,United Kingdom
17670,2011-04-26 09:12:00,2011-04-26 09:12:00,1,205.7,11,United Kingdom
17671,2010-11-29 11:53:00,2011-11-24 12:21:00,5,2403.34,92,United Kingdom
17672,2010-01-26 17:20:00,2011-10-20 14:18:00,7,5778.63,206,United Kingdom
17673,2010-03-19 14:02:00,2011-12-08 12:50:00,13,4173.88,507,United Kingdom
17674,2010-12-06 10:20:00,2011-09-26 13:35:00,2,851.7,38,United Kingdom
17675,2009-12-10 16:10:00,2011-12-08 18:03:00,70,38259.6,1128,United Kingdom
17676,2010-03-30 10:49:00,2011-12-05 15:16:00,10,2749.34,163,United Kingdom
17677,2009-12-16 11:23:00,2011-12-08 09:56:00,54,36675.06,711,United Kingdom
17678,2010-04-15 13:54:00,2011-03-21 11:52:00,2,599.76,28,United Kingdom
17679,2009-12-03 17:32:00,2011-10-18 07:43:00,7,3577.61,81,United Kingdom
17680,2010-07-16 16:07:00,2011-11-16 12:42:00,3,497.45,20,United Kingdom
17681,2010-01-15 11:53:00,2010-04-21 17:22:00,5,731.2,14,United Kingdom
17682,2010-03-08 09:49:00,2011-11-29 15:59:00,11,4456.78,238,United Kingdom
17683,2010-06-03 17:15:00,2010-11-19 10:11:00,3,819.01,46,United Kingdom
17684,2011-10-27 11:10:00,2011-10-27 11:10:00,1,239.41,15,United Kingdom
17685,2010-02-11 13:44:00,2011-11-23 11:36:00,12,5907.47,210,United Kingdom
17686,2010-06-24 09:49:00,2011-12-02 15:39:00,9,8296.81,429,United Kingdom
17687,2010-10-15 12:30:00,2010-10-15 12:30:00,1,432.68,26,United Kingdom
17688,2010-11-11 10:41:00,2010-11-11 10:41:00,1,304.2,19,United Kingdom
17689,2010-08-22 13:54:00,2010-11-16 13:22:00,2,317.08,22,United Kingdom
17690,2010-02-03 14:26:00,2011-11-09 15:17:00,20,7412.0,378,United Kingdom
17691,2010-06-11 11:50:00,2010-12-16 17:20:00,4,780.0500000000001,52,United Kingdom
17692,2010-06-17 11:14:00,2011-08-04 14:01:00,12,2960.44,161,United Kingdom
17693,2011-07-25 15:48:00,2011-07-25 15:48:00,1,200.47,16,United Kingdom
17694,2010-05-26 08:27:00,2011-07-21 12:00:00,3,1695.97,81,United Kingdom
17695,2010-01-28 09:27:00,2011-07-31 10:40:00,5,1746.04,61,United Kingdom
17696,2009-12-10 17:09:00,2011-11-01 13:43:00,27,7679.59,365,United Kingdom
17697,2011-04-17 15:40:00,2011-04-17 15:40:00,1,338.95,19,United Kingdom
17698,2011-03-24 11:34:00,2011-03-24 11:34:00,1,154.95,8,United Kingdom
17699,2010-05-27 11:53:00,2010-08-20 09:39:00,2,442.0,19,United Kingdom
17700,2009-12-01 11:37:00,2011-11-23 11:51:00,14,6679.97,360,United Kingdom
17701,2011-04-01 12:25:00,2011-04-01 12:25:00,1,417.95,24,United Kingdom
17702,2010-11-04 12:09:00,2011-11-09 16:03:00,6,3144.04,153,United Kingdom
17703,2010-10-17 16:16:00,2011-11-04 15:51:00,4,1094.84,78,United Kingdom
17704,2011-04-14 09:28:00,2011-06-24 09:40:00,2,885.19,31,United Kingdom
17705,2010-05-12 09:47:00,2011-12-06 13:45:00,11,2083.9,120,United Kingdom
17706,2010-01-19 12:13:00,2011-12-05 13:34:00,31,20749.98,765,United Kingdom
17707,2009-12-07 12:19:00,2011-06-07 15:03:00,8,609.3000000000001,24,United Kingdom
17708,2010-10-12 12:13:00,2011-06-05 10:12:00,4,884.1800000000001,73,United Kingdom
17709,2010-04-15 14:48:00,2011-06-23 11:55:00,5,671.01,40,United Kingdom
17710,2010-10-12 07:49:00,2010-10-12 07:49:00,1,293.5,20,United Kingdom
17711,2011-02-23 11:32:00,2011-11-29 11:40:00,2,385.1,23,United Kingdom
17712,2011-10-26 12:28:00,2011-10-26 12:28:00,1,522.91,29,United Kingdom
17713,2010-06-09 09:33:00,2010-11-22 16:50:00,4,1198.09,76,United Kingdom
17714,2010-07-14 10:41:00,2011-01-23 10:32:00,5,1410.18,81,United Kingdom
17715,2010-04-26 12:17:00,2011-05-23 12:32:00,2,489.59999999999997,2,United Kingdom
17716,2009-12-02 17:18:00,2011-11-17 12:00:00,24,15956.97,601,United Kingdom
17717,2010-10-14 12:54:00,2010-10-14 12:54:00,1,376.92,26,United Kingdom
17718,2010-03-05 08:01:00,2011-04-21 13:39:00,2,439.18,23,United Kingdom
17719,2011-03-29 11:29:00,2011-11-02 10:36:00,15,5396.04,274,United Kingdom
17720,2010-05-10 09:58:00,2011-11-13 15:04:00,10,2768.91,133,United Kingdom
17721,2010-02-18 15:18:00,2010-02-18 15:18:00,1,307.21000000000004,11,United Kingdom
17722,2010-11-29 09:44:00,2011-09-04 15:22:00,5,4430.36,219,United Kingdom
17723,2010-11-29 10:35:00,2011-08-04 18:37:00,7,3378.4000000000005,12,United Kingdom
17724,2011-07-24 13:26:00,2011-09-29 15:26:00,3,1033.0,40,United Kingdom
17725,2011-03-17 19:47:00,2011-11-23 16:34:00,11,3439.08,192,United Kingdom
17726,2010-01-26 14:58:00,2010-11-09 13:37:00,7,1092.06,64,United Kingdom
17727,2011-11-24 17:06:00,2011-11-24 17:06:00,1,1060.25,66,United Kingdom
17728,2010-09-12 14:58:00,2011-12-06 08:52:00,5,4238.76,244,United Kingdom
17729,2010-04-22 15:03:00,2010-04-22 15:03:00,1,438.65000000000003,23,United Kingdom
17730,2010-04-29 11:48:00,2011-12-06 15:43:00,20,7773.8,314,United Kingdom
17731,2010-02-09 12:37:00,2011-09-21 15:02:00,6,1708.99,99,United Kingdom
17732,2010-08-09 08:41:00,2010-12-02 09:29:00,8,2470.39,140,United Kingdom
17733,2011-03-23 09:54:00,2011-11-01 08:16:00,2,692.19,35,United Kingdom
17734,2010-03-07 13:55:00,2011-10-17 12:33:00,6,1442.32,86,United Kingdom
17735,2010-07-30 13:25:00,2011-12-07 16:47:00,26,17244.93,896,United Kingdom
17736,2011-08-18 14:33:00,2011-11-30 15:36:00,3,377.44,25,United Kingdom
17737,2011-10-12 14:42:00,2011-11-30 15:16:00,2,168.24,10,United Kingdom
17738,2010-03-19 10:07:00,2011-11-20 15:05:00,13,4183.56,230,United Kingdom
17739,2009-12-07 10:48:00,2011-11-28 09:12:00,18,7730.59,149,United Kingdom
17740,2010-01-11 13:11:00,2010-11-15 16:33:00,6,426.9,9,United Kingdom
17741,2010-05-28 12:11:00,2010-10-29 11:59:00,2,101.1,6,United Kingdom
17742,2009-12-01 13:16:00,2011-08-18 15:28:00,11,2098.48,85,United Kingdom
17743,2010-09-17 14:54:00,2010-09-17 14:54:00,1,229.2,3,United Kingdom
17744,2010-11-24 09:34:00,2011-12-06 12:11:00,7,2649.14,151,United Kingdom
17745,2010-06-02 09:03:00,2010-08-19 12:30:00,2,600.34,28,United Kingdom
17746,2010-04-08 12:54:00,2011-04-13 14:31:00,4,904.1800000000001,36,United Kingdom
17747,2011-08-19 08:13:00,2011-08-19 08:13:00,1,71.4,1,United Kingdom
17748,2010-06-30 13:49:00,2010-06-30 13:49:00,1,358.15,17,United Kingdom
17749,2010-06-11 14:56:00,2011-06-14 15:45:00,3,1026.18,57,United Kingdom
17750,2011-06-28 15:44:00,2011-12-04 14:09:00,9,1694.16,182,United Kingdom
17751,2010-10-14 13:57:00,2010-10-14 13:57:00,1,157.85999999999999,32,United Kingdom
17752,2010-12-15 16:19:00,2010-12-15 16:19:00,1,80.64,1,United Kingdom
17753,2010-01-06 14:20:00,2010-09-01 15:49:00,4,382.06,69,United Kingdom
17754,2009-12-11 15:52:00,2011-12-09 11:20:00,13,4451.22,223,United Kingdom
17756,2010-11-10 12:54:00,2010-11-29 12:20:00,3,728.75,84,United Kingdom
17757,2010-01-13 15:56:00,2011-12-08 15:31:00,56,9362.55,1298,United Kingdom
17758,2010-05-20 13:18:00,2011-11-20 14:45:00,12,4964.03,528,United Kingdom
17759,2010-05-05 11:40:00,2011-11-22 16:02:00,5,1260.63,132,United Kingdom
17760,2010-02-28 12:15:00,2011-11-18 10:56:00,6,918.93,76,United Kingdom
17761,2011-11-07 10:23:00,2011-11-07 10:23:00,1,712.78,19,United Kingdom
17762,2010-09-09 17:40:00,2010-09-09 17:40:00,1,129.75,17,United Kingdom
17763,2010-02-18 14:32:00,2011-03-21 14:25:00,4,86.15,14,United Kingdom
17764,2009-12-03 14:28:00,2011-10-20 11:03:00,5,1513.57,149,United Kingdom
17765,2010-09-17 12:45:00,2011-07-04 12:41:00,4,524.0,81,United Kingdom
17766,2010-11-23 14:17:00,2010-11-23 14:29:00,2,299.61,22,United Kingdom
17767,2010-10-25 16:22:00,2011-11-24 14:42:00,2,413.05,39,United Kingdom
17768,2009-12-02 12:26:00,2011-12-01 13:22:00,7,3292.73,182,United Kingdom
17769,2010-01-19 11:33:00,2011-11-27 11:18:00,17,7053.38,583,United Kingdom
17770,2011-03-02 13:35:00,2011-05-25 12:34:00,5,1143.27,38,United Kingdom
17771,2010-04-29 13:21:00,2011-10-14 11:43:00,4,386.93,68,United Kingdom
17772,2010-11-12 11:31:00,2011-11-29 11:05:00,3,360.75,96,United Kingdom
17773,2010-01-18 14:32:00,2010-07-13 14:07:00,2,575.37,55,United Kingdom
17774,2010-02-08 16:06:00,2011-09-04 12:49:00,9,3272.83,396,United Kingdom
17775,2011-03-30 10:50:00,2011-03-30 10:50:00,1,56.4,3,United Kingdom
17776,2009-12-16 14:59:00,2010-11-18 12:14:00,2,329.3,79,United Kingdom
17777,2011-08-31 14:35:00,2011-11-15 12:02:00,3,647.56,190,United Kingdom
17778,2010-02-16 12:44:00,2010-02-16 12:44:00,1,197.70000000000002,10,United Kingdom
17779,2011-07-19 12:19:00,2011-11-18 14:15:00,3,650.32,81,United Kingdom
17780,2010-01-24 11:21:00,2010-02-10 13:43:00,3,346.56,79,United Kingdom
17781,2011-03-31 19:54:00,2011-07-03 16:00:00,2,188.02,12,United Kingdom
17782,2010-11-22 10:03:00,2010-11-22 11:15:00,2,679.02,29,United Kingdom
17783,2010-07-15 12:50:00,2011-09-28 16:07:00,3,376.96,91,United Kingdom
17784,2010-06-07 16:08:00,2010-06-07 16:08:00,1,112.86,23,United Kingdom
17785,2010-05-23 13:01:00,2011-10-17 13:43:00,3,403.38,51,United Kingdom
17786,2011-01-26 14:35:00,2011-09-15 12:51:00,2,266.85,68,United Kingdom
17787,2010-12-03 13:43:00,2011-07-10 11:24:00,4,2553.82,159,United Kingdom
17788,2011-08-02 10:38:00,2011-09-27 10:09:00,2,1112.95,4,United Kingdom
17789,2010-02-16 13:16:00,2011-03-03 13:14:00,2,397.15,29,United Kingdom
17790,2010-06-13 13:30:00,2011-11-13 11:30:00,20,2779.41,302,United Kingdom
17791,2011-11-10 12:09:00,2011-11-10 12:09:00,1,106.1,10,United Kingdom
17792,2010-08-18 13:08:00,2010-08-29 14:30:00,2,368.35,52,United Kingdom
17793,2011-11-14 14:24:00,2011-11-14 14:24:00,1,300.34,52,United Kingdom
17794,2010-01-20 12:17:00,2010-01-22 10:18:00,2,147.3,7,United Kingdom
17795,2011-03-20 12:02:00,2011-06-13 12:36:00,2,342.83,45,United Kingdom
17796,2010-10-14 13:37:00,2011-10-30 15:38:00,7,1351.04,222,United Kingdom
17797,2009-12-15 14:30:00,2011-11-17 13:21:00,8,1971.87,271,United Kingdom
17798,2010-05-07 11:42:00,2010-05-07 11:42:00,1,172.17,44,United Kingdom
17799,2009-12-13 16:03:00,2011-11-17 15:16:00,20,6246.93,904,United Kingdom
17800,2011-01-09 13:50:00,2011-11-02 12:57:00,9,1186.21,102,United Kingdom
17801,2010-01-17 11:31:00,2010-09-14 14:32:00,3,770.03,81,United Kingdom
17802,2009-12-13 13:39:00,2011-09-18 14:56:00,10,5046.42,536,United Kingdom
17803,2010-11-12 13:53:00,2010-11-12 13:53:00,1,184.66,27,United Kingdom
17804,2009-12-01 12:22:00,2010-11-28 14:01:00,3,383.78000000000003,91,United Kingdom
17805,2010-04-08 14:36:00,2011-09-27 11:49:00,2,927.03,11,United Kingdom
17806,2011-11-28 14:12:00,2011-11-28 14:12:00,1,546.04,43,United Kingdom
17807,2010-01-04 14:00:00,2010-11-09 16:21:00,3,437.87,89,United Kingdom
17808,2010-05-07 16:26:00,2010-06-09 10:44:00,4,262.64,33,United Kingdom
17809,2009-12-02 14:52:00,2011-11-23 12:59:00,20,11337.39,112,United Kingdom
17810,2010-01-25 10:26:00,2010-02-09 10:47:00,2,343.21,54,United Kingdom
17811,2010-09-20 11:24:00,2011-12-05 13:46:00,47,9513.1,1151,United Kingdom
17812,2010-06-27 13:34:00,2011-11-27 11:47:00,7,1105.29,218,United Kingdom
17813,2011-09-29 15:57:00,2011-11-25 16:13:00,5,1698.07,348,United Kingdom
17814,2010-10-13 14:03:00,2010-11-29 14:21:00,2,1609.37,143,United Kingdom
17815,2010-11-11 14:39:00,2010-11-11 14:39:00,1,591.96,13,United Kingdom
17816,2009-12-15 15:27:00,2011-11-03 11:34:00,6,112.32,55,United Kingdom
17817,2010-10-13 15:07:00,2011-12-05 14:39:00,6,788.15,134,United Kingdom
17818,2009-12-02 11:34:00,2009-12-02 11:34:00,1,124.78,42,United Kingdom
17819,2009-12-13 15:24:00,2011-09-29 10:52:00,12,6612.5199999999995,101,United Kingdom
17820,2010-11-30 17:43:00,2010-11-30 17:43:00,1,180.60999999999999,41,United Kingdom
17821,2010-10-29 13:20:00,2010-10-29 13:20:00,1,334.62,6,United Kingdom
17822,2010-05-28 12:15:00,2010-10-15 13:47:00,5,2154.08,168,United Kingdom
17823,2010-10-14 16:14:00,2010-10-14 16:24:00,2,449.25,100,United Kingdom
17824,2011-10-19 14:14:00,2011-10-19 14:14:00,1,298.4,13,United Kingdom
17825,2009-12-14 12:09:00,2010-04-20 12:01:00,4,701.96,27,United Kingdom
17826,2010-11-30 13:23:00,2010-11-30 13:23:00,1,133.34,33,United Kingdom
17827,2010-03-28 12:20:00,2011-12-04 15:00:00,6,2376.17,281,United Kingdom
17828,2011-06-08 08:31:00,2011-11-17 08:41:00,4,1165.09,64,Malta
17829,2010-02-22 15:39:00,2011-02-14 12:46:00,5,4756.74,171,United Arab Emirates
17830,2011-02-24 10:15:00,2011-12-08 12:28:00,3,398.7,23,United Kingdom
17831,2011-11-06 15:09:00,2011-11-06 15:09:00,1,35.400000000000006,2,United Kingdom
17832,2011-10-21 11:43:00,2011-10-21 11:43:00,1,155.37,61,United Kingdom
17833,2009-12-16 13:40:00,2009-12-16 13:40:00,1,338.46000000000004,31,United Kingdom
17834,2010-09-20 15:32:00,2010-10-21 12:09:00,2,689.6700000000001,58,United Kingdom
17835,2011-11-16 16:30:00,2011-12-07 11:48:00,3,342.24,59,United Kingdom
17836,2011-10-23 16:13:00,2011-10-23 16:13:00,1,109.83,23,United Kingdom
17837,2011-06-29 16:44:00,2011-10-28 16:13:00,8,1535.33,161,United Kingdom
17838,2010-03-19 09:53:00,2011-11-13 11:20:00,13,6507.5,295,United Kingdom
17839,2011-10-28 17:27:00,2011-10-28 17:27:00,1,318.15,52,United Kingdom
17840,2010-09-22 12:24:00,2010-09-22 12:24:00,1,175.9,50,United Kingdom
17841,2009-12-02 15:41:00,2011-12-08 12:07:00,211,70056.56,12610,United Kingdom
17842,2010-04-16 14:23:00,2010-04-16 14:23:00,1,430.69,18,United Kingdom
17843,2010-10-24 10:56:00,2011-02-09 15:33:00,2,312.65,60,United Kingdom
17844,2011-08-25 11:27:00,2011-08-25 11:27:00,1,51.559999999999995,5,Canada
17845,2010-05-12 13:04:00,2010-06-02 15:20:00,4,596.09,47,United Kingdom
17847,2010-03-04 12:57:00,2010-07-12 10:00:00,2,125.74000000000001,8,United Kingdom
17848,2009-12-06 13:19:00,2011-09-19 16:49:00,30,3538.46,162,United Kingdom
17849,2010-03-14 15:17:00,2011-05-05 13:46:00,8,1063.76,50,United Kingdom
17850,2009-12-05 12:28:00,2010-12-02 15:27:00,155,56600.08,2796,United Kingdom
17851,2009-12-03 17:46:00,2010-10-13 15:13:00,6,1552.35,232,United Kingdom
17852,2009-12-08 12:51:00,2011-11-28 12:36:00,5,657.8100000000001,108,United Kingdom
17853,2009-12-03 15:09:00,2010-10-28 15:29:00,3,1596.29,105,United Kingdom
17854,2009-12-08 11:13:00,2011-06-07 16:21:00,6,1068.5,118,United Kingdom
17855,2010-12-02 09:44:00,2010-12-02 09:44:00,1,417.94,34,United Kingdom
17856,2011-03-03 11:40:00,2011-12-08 09:40:00,4,1418.03,15,United Kingdom
17857,2010-03-08 12:09:00,2011-12-05 13:13:00,23,27104.74,54,United Kingdom
17858,2009-12-06 15:41:00,2011-12-04 11:56:00,30,12754.9,390,United Kingdom
17859,2011-02-08 10:32:00,2011-02-08 10:32:00,1,141.92000000000002,23,United Kingdom
17860,2009-12-11 16:48:00,2010-12-06 12:41:00,4,943.84,214,United Kingdom
17861,2009-12-10 11:27:00,2011-12-06 16:21:00,18,5088.29,558,United Kingdom
17862,2010-05-25 17:22:00,2011-01-20 12:23:00,4,1254.89,99,United Kingdom
17863,2010-02-25 12:01:00,2011-10-11 13:45:00,12,5745.2,276,United Kingdom
17864,2010-10-08 11:49:00,2011-11-27 11:15:00,5,876.57,132,United Kingdom
17865,2009-12-01 10:49:00,2011-11-09 12:08:00,46,26310.09,1009,United Kingdom
17866,2009-12-14 16:01:00,2011-07-20 11:07:00,3,1134.95,26,United Kingdom
17867,2009-12-02 13:39:00,2011-11-09 14:15:00,15,1577.0500000000002,129,United Kingdom
17868,2010-11-18 18:55:00,2010-11-18 18:55:00,1,227.15,18,United Kingdom
17869,2010-06-10 13:47:00,2011-08-24 16:16:00,7,1027.96,96,United Kingdom
17870,2010-11-23 11:39:00,2011-12-07 15:07:00,13,3079.69,273,United Kingdom
17871,2010-01-15 14:48:00,2011-05-19 11:32:00,5,1068.95,83,United Kingdom
17872,2010-11-23 12:02:00,2010-11-23 12:02:00,1,235.87,15,United Kingdom
17873,2009-12-16 15:11:00,2011-09-20 16:41:00,18,6340.900000000001,175,United Kingdom
17874,2011-03-29 11:25:00,2011-06-07 12:54:00,6,683.46,46,United Kingdom
17875,2010-01-20 15:30:00,2010-01-20 15:30:00,1,167.1,26,United Kingdom
17876,2010-02-02 13:00:00,2010-11-05 10:52:00,3,3424.02,4,United Kingdom
17877,2011-06-22 13:00:00,2011-06-22 13:00:00,1,237.61,12,United Kingdom
17878,2010-11-09 13:50:00,2011-10-27 11:24:00,3,1378.93,82,United Kingdom
17879,2011-06-19 12:36:00,2011-06-19 12:36:00,1,178.51999999999998,6,United Kingdom
17880,2009-12-09 16:13:00,2010-12-10 10:21:00,3,824.9200000000001,45,United Kingdom
17881,2011-02-08 17:16:00,2011-02-08 17:16:00,1,133.35000000000002,8,United Kingdom
17882,2010-11-25 14:35:00,2010-11-25 14:40:00,2,291.56,53,United Kingdom
17883,2010-02-25 20:07:00,2011-12-06 17:49:00,7,988.42,173,United Kingdom
17884,2009-12-04 16:23:00,2011-12-06 11:33:00,20,3015.99,468,United Kingdom
17885,2011-11-27 14:40:00,2011-11-27 14:40:00,1,156.34,53,United Kingdom
17886,2010-04-29 11:10:00,2011-11-08 10:09:00,6,1572.55,166,United Kingdom
17887,2011-08-02 17:29:00,2011-08-02 17:29:00,1,111.35,10,United Kingdom
17888,2009-12-21 16:34:00,2011-11-18 13:45:00,25,1807.44,160,United Kingdom
17889,2010-03-31 10:54:00,2011-05-11 16:26:00,7,746.42,116,United Kingdom
17890,2010-12-13 15:12:00,2011-01-21 11:19:00,2,586.89,91,United Kingdom
17891,2011-06-30 20:08:00,2011-06-30 20:08:00,1,203.85999999999999,34,United Kingdom
17892,2011-07-07 12:56:00,2011-10-14 16:49:00,3,244.1,28,United Kingdom
17893,2011-04-28 13:50:00,2011-04-28 13:50:00,1,107.21,15,United Kingdom
17894,2010-08-27 14:13:00,2011-09-29 09:23:00,18,2410.93,412,United Kingdom
17895,2011-10-26 17:00:00,2011-10-26 17:00:00,1,95.45,15,United Kingdom
17896,2011-11-16 13:59:00,2011-11-16 13:59:00,1,256.32,2,United Kingdom
17897,2010-05-12 16:03:00,2011-06-20 11:23:00,9,2463.71,327,United Kingdom
17898,2010-05-21 17:22:00,2011-09-15 14:56:00,4,299.18,50,United Kingdom
17899,2011-07-03 14:58:00,2011-07-03 14:58:00,1,154.55,31,United Kingdom
17900,2011-06-02 14:28:00,2011-06-02 14:38:00,2,112.19999999999999,6,United Kingdom
17901,2010-07-06 10:54:00,2011-11-10 17:29:00,3,260.08,22,United Kingdom
17902,2010-06-11 12:25:00,2010-06-11 12:25:00,1,216.39999999999998,24,United Kingdom
17903,2010-11-10 15:39:00,2010-11-10 15:39:00,1,381.09000000000003,45,United Kingdom
17904,2011-11-18 12:57:00,2011-11-18 12:57:00,1,181.07,34,United Kingdom
17905,2010-01-28 17:54:00,2011-09-29 17:33:00,13,2368.87,167,United Kingdom
17906,2011-04-06 17:25:00,2011-04-06 17:25:00,1,72.9,12,United Kingdom
17907,2010-03-09 12:33:00,2010-03-09 12:33:00,1,291.76,13,United Kingdom
17908,2009-12-14 12:24:00,2010-12-01 11:45:00,5,1374.5,262,United Kingdom
17909,2009-12-02 13:10:00,2009-12-02 13:10:00,1,110.05,8,United Kingdom
17910,2009-12-13 16:04:00,2009-12-13 16:04:00,1,261.7,26,United Kingdom
17911,2011-11-30 14:52:00,2011-11-30 14:52:00,1,366.23,39,United Kingdom
17912,2010-11-29 13:53:00,2011-02-02 14:25:00,6,371.6,49,United Kingdom
17913,2009-12-03 13:02:00,2011-10-12 10:45:00,14,3425.09,465,United Kingdom
17914,2011-12-06 11:58:00,2011-12-06 11:58:00,1,329.36,75,United Kingdom
17915,2010-06-06 13:22:00,2010-06-06 13:22:00,1,225.78,29,United Kingdom
17916,2009-12-06 14:10:00,2010-03-21 12:26:00,2,43.87,19,United Kingdom
17917,2010-12-12 12:08:00,2011-10-25 13:20:00,3,335.03,92,United Kingdom
17918,2010-07-22 14:20:00,2010-07-27 11:51:00,3,388.44,39,United Kingdom
17919,2010-09-27 10:40:00,2011-09-12 13:41:00,2,1840.32,40,United Kingdom
17920,2009-12-06 10:37:00,2011-12-05 14:29:00,54,24232.94,1720,United Kingdom
17921,2010-07-15 20:05:00,2011-10-06 18:56:00,10,2394.36,360,United Kingdom
17922,2010-06-14 16:32:00,2010-06-14 16:32:00,1,170.4,8,United Kingdom
17923,2010-06-13 13:58:00,2011-03-02 15:15:00,3,497.0,3,United Kingdom
17924,2010-10-21 12:17:00,2011-11-28 09:11:00,8,3536.7000000000003,35,United Kingdom
17925,2010-12-02 10:10:00,2010-12-02 10:10:00,1,488.16,2,United Kingdom
17926,2010-05-09 14:07:00,2011-07-29 14:39:00,5,1035.49,44,United Kingdom
17927,2009-12-18 11:03:00,2009-12-18 11:03:00,1,294.0,10,United Kingdom
17928,2010-05-17 15:30:00,2011-10-25 13:52:00,3,313.16,26,United Kingdom
17929,2009-12-09 11:40:00,2011-11-28 16:01:00,12,3082.1,15,United Kingdom
17930,2010-03-04 10:41:00,2011-11-04 10:23:00,13,4275.22,87,United Kingdom
17931,2010-02-16 15:47:00,2011-07-28 18:33:00,14,3402.24,351,United Kingdom
17932,2011-05-12 13:58:00,2011-11-10 19:49:00,3,1331.57,90,United Kingdom
17933,2010-03-17 15:11:00,2010-03-17 15:11:00,1,105.99,13,United Kingdom
17934,2010-10-29 12:23:00,2011-10-19 11:16:00,3,1049.15,41,United Kingdom
17935,2009-12-04 14:33:00,2011-07-24 13:18:00,7,683.24,63,United Kingdom
17936,2011-12-04 13:32:00,2011-12-04 13:32:00,1,380.13,72,United Kingdom
17937,2010-12-12 14:43:00,2011-12-01 11:45:00,7,4301.22,43,United Kingdom
17938,2010-10-15 14:27:00,2010-10-15 14:27:00,1,144.29,29,United Kingdom
17939,2011-07-03 12:27:00,2011-07-03 12:27:00,1,99.14,12,United Kingdom
17940,2009-12-03 12:31:00,2011-10-21 13:27:00,15,28438.93,34,United Kingdom
17941,2010-01-06 15:37:00,2011-08-01 08:30:00,4,1433.28,7,United Kingdom
17942,2011-12-02 10:45:00,2011-12-02 10:45:00,1,77.50000000000001,2,United Kingdom
17944,2010-10-12 16:25:00,2010-10-12 16:25:00,1,74.99,25,United Kingdom
17945,2010-01-12 11:33:00,2010-01-12 11:40:00,3,359.5,71,United Kingdom
17946,2011-03-25 14:34:00,2011-04-20 17:00:00,2,149.57999999999998,20,United Kingdom
17947,2011-11-02 13:05:00,2011-11-02 13:05:00,1,176.68,9,United Kingdom
17948,2011-07-15 12:58:00,2011-07-15 12:58:00,1,358.56000000000006,1,United Kingdom
17949,2009-12-02 11:07:00,2011-12-08 18:46:00,116,109147.48,154,United Kingdom
17950,2010-01-04 17:39:00,2011-09-28 15:18:00,7,1429.46,204,United Kingdom
17951,2010-10-31 15:15:00,2011-10-31 12:30:00,4,1636.0800000000002,33,United Kingdom
17952,2010-06-16 11:54:00,2010-11-26 13:54:00,4,788.46,98,United Kingdom
17953,2010-06-17 15:08:00,2010-06-17 15:08:00,1,148.67000000000002,19,United Kingdom
17954,2009-12-09 13:22:00,2011-12-04 14:15:00,19,3930.51,757,United Kingdom
17955,2010-02-12 16:27:00,2011-05-25 12:00:00,6,949.9,22,United Kingdom
17956,2011-04-04 13:47:00,2011-04-04 13:47:00,1,12.75,1,United Kingdom
17957,2011-10-04 14:58:00,2011-10-04 14:58:00,1,110.72,30,United Kingdom
17958,2009-12-11 15:37:00,2011-08-15 12:19:00,2,973.88,36,United Kingdom
17959,2010-04-26 14:12:00,2010-04-26 14:12:00,1,140.75,2,United Kingdom
17960,2010-03-08 12:22:00,2011-06-21 14:15:00,3,135.08,37,United Kingdom
17961,2009-12-01 14:48:00,2011-11-18 16:55:00,100,2994.29,659,United Kingdom
17962,2010-01-13 15:24:00,2011-07-20 14:16:00,4,665.91,182,United Kingdom
17963,2010-01-19 17:25:00,2010-08-25 15:58:00,4,643.16,109,United Kingdom
17964,2010-12-02 13:32:00,2011-11-08 10:44:00,2,724.97,133,United Kingdom
17965,2009-12-14 13:19:00,2011-11-02 09:31:00,29,7153.45,839,United Kingdom
17966,2010-01-18 13:24:00,2011-11-02 10:26:00,10,1963.92,113,United Kingdom
17967,2010-10-19 13:19:00,2010-12-03 11:19:00,2,335.69,103,United Kingdom
17968,2010-07-15 15:01:00,2010-12-01 12:23:00,4,855.54,209,United Kingdom
17969,2009-12-06 13:53:00,2011-06-26 13:00:00,20,2354.29,204,United Kingdom
17970,2011-05-12 20:03:00,2011-05-12 20:03:00,1,562.79,29,United Kingdom
17971,2010-06-09 14:04:00,2010-06-09 14:04:00,1,161.94,21,United Kingdom
17972,2011-04-12 12:16:00,2011-04-12 12:16:00,1,135.19,30,United Kingdom
17973,2011-10-19 10:34:00,2011-10-19 10:34:00,1,337.04,15,United Kingdom
17974,2010-10-28 20:03:00,2011-11-15 11:37:00,6,1739.09,361,United Kingdom
17975,2010-08-06 11:24:00,2011-11-24 13:27:00,24,7007.13,473,United Kingdom
17976,2010-12-02 13:49:00,2010-12-02 13:49:00,1,643.58,114,United Kingdom
17977,2010-11-04 14:26:00,2011-11-10 13:28:00,2,1511.45,104,United Kingdom
17978,2009-12-08 13:27:00,2010-12-09 14:05:00,4,1460.9099999999999,79,United Kingdom
17979,2011-03-25 11:34:00,2011-11-04 12:05:00,4,729.01,137,United Kingdom
17980,2010-11-11 14:42:00,2011-06-27 12:01:00,4,1012.72,61,United Kingdom
17981,2010-10-25 10:40:00,2010-10-25 10:40:00,1,239.12,17,United Kingdom
17982,2010-01-28 09:38:00,2010-01-28 09:38:00,1,138.18,13,United Kingdom
17983,2010-11-09 13:23:00,2010-11-09 13:24:00,1,171.71,24,United Kingdom
17984,2009-12-01 11:51:00,2011-07-17 15:59:00,5,1148.69,241,United Kingdom
17985,2011-11-17 14:24:00,2011-11-17 14:24:00,1,631.35,21,United Kingdom
17986,2011-10-14 14:22:00,2011-10-14 14:22:00,1,20.8,1,United Kingdom
17987,2010-06-07 11:23:00,2011-06-07 14:22:00,5,965.4399999999999,164,United Kingdom
17988,2009-12-07 13:35:00,2011-11-28 11:00:00,13,485.69,121,United Kingdom
17989,2010-11-25 13:49:00,2010-11-25 13:49:00,1,207.32999999999998,29,United Kingdom
17990,2009-12-07 15:19:00,2011-04-17 11:44:00,6,1527.6100000000001,57,United Kingdom
17991,2010-04-27 12:46:00,2011-04-28 15:58:00,3,298.65,37,United Kingdom
17992,2010-11-15 13:04:00,2010-11-15 13:04:00,1,252.88,52,United Kingdom
17993,2010-04-01 14:23:00,2010-04-01 14:23:00,1,225.99,60,United Kingdom
17994,2010-03-29 10:37:00,2011-08-10 11:41:00,11,2264.0299999999997,304,United Kingdom
17995,2010-11-17 17:01:00,2011-03-03 12:30:00,3,495.48,29,United Kingdom
17996,2010-06-11 11:48:00,2010-11-25 11:00:00,3,469.73,66,United Kingdom
17997,2011-06-28 17:28:00,2011-09-26 16:13:00,8,1962.46,164,United Kingdom
17998,2009-12-01 13:07:00,2010-11-24 15:31:00,3,639.24,58,United Kingdom
17999,2010-11-26 13:16:00,2011-11-02 15:56:00,3,718.8,172,United Kingdom
18000,2010-05-24 17:34:00,2010-05-24 17:34:00,1,124.25,6,United Kingdom
18001,2009-12-02 15:38:00,2011-11-27 16:02:00,6,924.14,132,United Kingdom
18002,2009-12-08 11:07:00,2010-11-29 10:57:00,4,237.62,52,United Kingdom
18003,2010-11-28 15:09:00,2010-11-28 15:09:00,1,353.51,23,United Kingdom
18004,2010-12-12 13:47:00,2010-12-12 13:47:00,1,157.92,37,United Kingdom
18005,2011-10-23 14:40:00,2011-12-06 11:51:00,2,226.47,53,United Kingdom
18006,2009-12-17 12:27:00,2011-11-16 16:52:00,4,969.51,63,United Kingdom
18007,2010-11-12 11:08:00,2010-11-12 11:08:00,1,215.22,50,United Kingdom
18008,2010-01-06 12:35:00,2011-09-30 15:17:00,23,19759.079999999998,97,United Kingdom
18009,2010-02-25 11:49:00,2011-04-18 13:36:00,8,2144.23,179,United Kingdom
18010,2011-03-28 12:27:00,2011-03-28 12:27:00,1,174.8,14,United Kingdom
18011,2010-05-21 13:28:00,2010-12-01 17:35:00,2,513.58,91,United Kingdom
18012,2009-12-16 13:16:00,2009-12-16 13:16:00,1,115.3,13,United Kingdom
18013,2011-07-07 14:08:00,2011-07-07 14:11:00,2,187.29,31,United Kingdom
18014,2011-11-11 15:28:00,2011-11-11 15:28:00,1,154.27,29,United Kingdom
18015,2011-12-05 14:49:00,2011-12-05 14:49:00,1,120.03,46,United Kingdom
18016,2010-01-27 16:00:00,2011-11-07 13:25:00,7,1954.56,169,United Kingdom
18017,2010-10-04 15:11:00,2011-09-19 16:15:00,4,688.0,4,United Kingdom
18018,2010-10-15 11:05:00,2011-08-23 17:37:00,4,297.99,44,United Kingdom
18019,2011-10-19 12:10:00,2011-10-19 12:10:00,1,38.45,5,United Kingdom
18020,2010-06-14 12:31:00,2010-06-14 12:31:00,1,190.48000000000002,12,United Kingdom
18021,2010-07-15 18:47:00,2010-07-18 10:52:00,2,216.41,32,United Kingdom
18022,2010-06-11 13:59:00,2011-11-04 12:45:00,5,1506.62,424,United Kingdom
18024,2011-07-10 12:28:00,2011-07-10 12:40:00,2,389.78,21,United Kingdom
18025,2010-03-30 17:33:00,2010-11-25 12:37:00,6,1177.72,112,United Kingdom
18026,2010-07-22 16:21:00,2010-07-27 10:37:00,2,2074.07,17,United Kingdom
18027,2011-09-02 10:38:00,2011-09-02 10:38:00,1,115.31,21,United Kingdom
18028,2010-05-05 13:28:00,2010-05-05 13:28:00,1,192.05,4,United Kingdom
18029,2010-03-07 15:30:00,2010-03-07 15:30:00,1,433.77,18,United Kingdom
18030,2011-10-28 13:55:00,2011-12-05 16:37:00,2,230.64999999999998,9,United Kingdom
18031,2010-11-26 11:00:00,2010-11-26 11:00:00,1,451.3,63,United Kingdom
18032,2011-01-09 15:32:00,2011-01-09 15:32:00,1,73.5,5,United Kingdom
18033,2011-10-05 17:28:00,2011-10-05 17:28:00,1,93.82000000000001,33,United Kingdom
18034,2010-11-29 12:36:00,2011-11-18 12:22:00,3,753.35,213,United Kingdom
18035,2010-11-19 13:42:00,2011-11-04 12:39:00,5,1260.23,57,United Kingdom
18036,2009-12-18 12:04:00,2011-11-07 14:40:00,11,1545.49,326,United Kingdom
18037,2009-12-01 13:48:00,2011-07-08 13:39:00,15,167.42,33,United Kingdom
18038,2010-06-01 15:59:00,2010-06-01 15:59:00,1,141.48,27,United Kingdom
18039,2010-03-09 11:19:00,2010-11-30 13:07:00,4,548.22,158,United Kingdom
18040,2011-04-08 08:27:00,2011-11-20 14:20:00,2,357.20000000000005,19,United Kingdom
18041,2010-01-14 10:04:00,2011-11-28 11:39:00,38,8633.66,933,United Kingdom
18042,2010-06-16 10:53:00,2011-10-17 11:49:00,2,281.15,16,United Kingdom
18043,2010-12-08 12:35:00,2011-11-15 12:48:00,3,817.2,177,United Kingdom
18044,2010-05-28 15:31:00,2011-12-05 14:26:00,18,3505.61,200,United Kingdom
18045,2011-10-25 13:07:00,2011-10-25 13:07:00,1,178.34,43,United Kingdom
18046,2010-02-28 11:36:00,2010-02-28 11:36:00,1,189.63,26,United Kingdom
18047,2010-11-23 12:57:00,2010-11-23 13:11:00,2,326.09,83,United Kingdom
18048,2010-08-03 13:03:00,2011-05-20 14:58:00,3,394.93,59,United Kingdom
18049,2010-04-28 13:24:00,2010-09-28 14:26:00,2,500.5,86,United Kingdom
18050,2010-11-11 15:51:00,2010-12-15 14:25:00,2,412.06,23,United Kingdom
18051,2009-12-09 12:17:00,2010-03-15 13:58:00,7,2282.28,55,United Kingdom
18052,2010-05-24 11:11:00,2010-05-24 11:11:00,1,10877.18,16,United Kingdom
18053,2010-06-30 12:36:00,2011-09-30 09:05:00,3,571.07,32,United Kingdom
18054,2010-11-12 08:18:00,2010-11-12 08:18:00,1,176.5,11,United Kingdom
18055,2010-10-22 13:27:00,2011-12-02 14:25:00,14,11143.12,580,United Kingdom
18056,2010-03-31 12:29:00,2011-02-24 14:27:00,2,554.6,30,United Kingdom
18057,2010-01-18 12:42:00,2010-11-11 16:55:00,3,1168.14,131,United Kingdom
18058,2010-02-10 09:38:00,2011-11-30 08:38:00,3,774.06,16,United Kingdom
18059,2011-10-03 09:30:00,2011-11-16 16:49:00,3,306.46,18,United Kingdom
18060,2010-05-24 08:34:00,2010-10-27 16:41:00,2,1185.46,75,United Kingdom
18061,2009-12-04 11:36:00,2011-11-18 11:20:00,28,6488.97,128,United Kingdom
18062,2010-04-21 08:55:00,2011-06-19 14:47:00,6,1632.67,54,United Kingdom
18063,2010-03-16 13:05:00,2010-11-14 10:46:00,2,186.60000000000002,3,United Kingdom
18064,2010-02-01 15:01:00,2011-07-29 16:39:00,11,4481.83,64,United Kingdom
18065,2009-12-09 16:00:00,2011-12-04 10:30:00,28,5846.63,309,United Kingdom
18066,2010-10-20 11:42:00,2011-09-25 15:30:00,3,1440.4,53,United Kingdom
18067,2011-10-30 15:58:00,2011-10-30 15:58:00,1,396.33,37,United Kingdom
18068,2011-02-23 14:50:00,2011-02-23 14:50:00,1,101.69999999999999,1,United Kingdom
18069,2010-02-28 16:14:00,2011-11-13 16:03:00,11,4449.02,969,United Kingdom
18070,2010-02-08 13:28:00,2010-02-08 13:28:00,1,314.1,9,United Kingdom
18071,2009-12-05 10:31:00,2011-03-27 11:59:00,6,1428.63,85,United Kingdom
18072,2011-06-07 10:44:00,2011-06-07 10:44:00,1,247.44,18,United Kingdom
18073,2011-05-26 19:38:00,2011-08-17 14:02:00,12,3859.82,72,United Kingdom
18074,2010-07-22 10:31:00,2010-12-01 09:53:00,2,1509.04,56,United Kingdom
18075,2010-07-29 11:47:00,2011-11-16 15:21:00,20,5783.29,323,United Kingdom
18076,2010-11-24 14:02:00,2010-11-24 14:02:00,1,151.49,8,United Kingdom
18077,2009-12-07 11:40:00,2011-12-01 13:32:00,18,4283.66,372,United Kingdom
18078,2010-03-21 15:50:00,2011-05-06 14:32:00,4,725.53,73,United Kingdom
18079,2010-08-05 12:19:00,2011-10-25 15:27:00,5,4203.93,136,United Kingdom
18080,2011-04-11 10:10:00,2011-11-21 08:02:00,2,1231.5,2,United Kingdom
18081,2011-07-29 11:56:00,2011-11-03 16:30:00,3,343.45,17,United Kingdom
18082,2011-11-14 12:45:00,2011-11-14 12:45:00,1,680.84,70,United Kingdom
18083,2010-11-07 11:44:00,2010-11-07 11:44:00,1,463.53,40,United Kingdom
18084,2010-11-16 08:09:00,2011-11-23 13:57:00,3,795.2299999999999,7,United Kingdom
18085,2010-03-21 11:57:00,2011-01-13 15:17:00,4,1645.75,71,United Kingdom
18086,2011-03-10 13:34:00,2011-03-10 13:34:00,1,101.34,7,United Kingdom
18087,2009-12-01 09:43:00,2011-02-22 10:43:00,16,13908.72,87,United Kingdom
18088,2011-10-09 13:41:00,2011-10-09 13:41:00,1,166.03,37,United Kingdom
18089,2010-09-19 11:57:00,2010-09-19 11:57:00,1,428.45,10,United Kingdom
18090,2010-10-14 12:32:00,2010-10-14 12:32:00,1,321.9,54,United Kingdom
18091,2010-04-25 13:18:00,2010-04-25 13:18:00,1,360.85,25,United Kingdom
18092,2009-12-04 12:37:00,2011-12-07 13:14:00,18,16179.44,150,United Kingdom
18093,2010-03-31 10:27:00,2011-09-07 15:43:00,8,4452.71,61,United Kingdom
18094,2010-01-07 11:16:00,2011-09-19 09:28:00,13,6391.52,126,United Kingdom
18095,2010-04-19 14:09:00,2011-01-31 12:50:00,5,2303.09,48,United Kingdom
18096,2010-07-14 14:30:00,2011-11-28 12:44:00,6,1638.16,389,United Kingdom
18097,2009-12-17 11:06:00,2011-12-02 11:16:00,11,4627.92,156,United Kingdom
18098,2010-11-08 16:31:00,2010-11-08 16:31:00,1,527.94,86,United Kingdom
18099,2011-08-04 15:52:00,2011-08-04 15:52:00,1,168.31,19,United Kingdom
18100,2010-06-07 14:19:00,2010-06-07 14:19:00,1,451.56,30,United Kingdom
18101,2010-02-03 13:52:00,2011-11-28 13:37:00,5,622.01,109,United Kingdom
18102,2009-12-01 09:24:00,2011-12-09 11:50:00,145,608821.65,1058,United Kingdom
18103,2010-06-08 13:36:00,2010-06-08 13:36:00,1,105.8,10,United Kingdom
18104,2011-11-02 14:07:00,2011-11-02 14:07:00,1,754.64,38,United Kingdom
18105,2011-11-02 12:04:00,2011-11-02 12:04:00,1,113.48000000000002,18,United Kingdom
18106,2010-01-15 11:36:00,2011-01-14 12:23:00,6,1441.06,191,United Kingdom
18107,2010-09-23 13:03:00,2010-09-23 13:03:00,1,165.88,38,United Kingdom
18108,2009-12-02 12:47:00,2011-03-30 13:56:00,3,848.8100000000001,47,United Kingdom
18109,2010-07-01 12:13:00,2011-12-08 11:36:00,38,9833.16,668,United Kingdom
18110,2010-10-24 14:21:00,2011-11-20 12:34:00,2,392.28000000000003,72,United Kingdom
18111,2010-04-29 12:58:00,2010-04-29 12:58:00,1,405.85,27,United Kingdom
18112,2010-06-06 12:40:00,2011-11-27 14:43:00,4,773.36,62,United Kingdom
18113,2010-12-06 12:31:00,2010-12-06 12:31:00,1,152.64000000000001,2,United Kingdom
18114,2011-02-22 13:20:00,2011-02-22 13:20:00,1,220.1,28,United Kingdom
18115,2010-01-11 11:57:00,2010-01-11 11:57:00,1,9.700000000000001,3,United Kingdom
18116,2010-10-24 15:29:00,2011-10-03 11:00:00,13,2130.89,563,United Kingdom
18117,2011-11-14 12:47:00,2011-11-14 12:47:00,1,314.4,71,United Kingdom
18118,2010-11-23 13:36:00,2011-11-29 11:32:00,29,6690.7300000000005,1546,United Kingdom
18119,2010-12-07 11:59:00,2010-12-07 11:59:00,1,361.4,58,United Kingdom
18120,2011-05-09 13:45:00,2011-05-09 13:45:00,1,111.15,17,United Kingdom
18121,2011-07-08 12:14:00,2011-07-13 12:53:00,2,653.3,31,United Kingdom
18122,2011-07-12 11:37:00,2011-12-01 13:08:00,6,1791.84,355,United Kingdom
18123,2010-07-14 12:47:00,2011-11-15 14:23:00,3,666.64,56,United Kingdom
18124,2010-08-24 17:21:00,2010-08-24 17:21:00,1,102.65,20,United Kingdom
18125,2011-01-27 15:02:00,2011-11-10 12:29:00,4,1131.75,192,United Kingdom
18126,2011-10-10 12:19:00,2011-10-10 12:19:00,1,198.58,51,United Kingdom
18127,2010-11-01 13:56:00,2011-11-20 14:05:00,4,556.13,67,United Kingdom
18128,2010-06-20 13:19:00,2010-06-20 13:19:00,1,399.29,42,United Kingdom
18129,2011-04-10 14:16:00,2011-04-10 14:16:00,1,112.55000000000001,14,United Kingdom
18130,2011-10-13 15:58:00,2011-11-24 14:40:00,3,1059.39,70,United Kingdom
18131,2010-03-18 08:48:00,2010-03-18 08:48:00,1,222.95999999999998,4,United Kingdom
18132,2010-07-23 16:54:00,2010-07-23 16:54:00,1,220.13,62,United Kingdom
18133,2011-05-11 14:14:00,2011-05-11 14:14:00,1,931.4999999999999,1,United Kingdom
18134,2010-01-14 11:59:00,2010-04-20 14:02:00,2,445.0,28,United Kingdom
18135,2010-03-15 13:55:00,2011-11-10 19:32:00,10,1249.6200000000001,37,United Kingdom
18136,2010-09-14 15:50:00,2011-10-07 15:40:00,5,1631.3600000000001,88,United Kingdom
18137,2010-06-06 13:45:00,2010-06-06 14:18:00,2,145.99,29,United Kingdom
18138,2011-02-17 14:51:00,2011-02-17 14:51:00,1,152.65,8,United Kingdom
18139,2011-11-21 14:06:00,2011-11-22 10:44:00,6,8438.34,159,United Kingdom
18140,2010-08-23 11:58:00,2010-08-23 11:58:00,1,536.41,54,West Indies
18141,2010-04-29 15:32:00,2010-11-03 11:44:00,2,882.47,42,United Kingdom
18142,2011-05-08 12:31:00,2011-07-05 13:19:00,2,1019.52,15,United Kingdom
18143,2011-07-21 10:44:00,2011-08-15 12:07:00,2,1000.16,61,United Kingdom
18144,2009-12-16 15:57:00,2011-12-02 12:46:00,19,5058.0,87,United Kingdom
18145,2009-12-08 12:30:00,2011-11-27 11:22:00,11,5609.74,402,United Kingdom
18146,2011-05-03 16:35:00,2011-07-22 12:08:00,2,160.35000000000002,10,United Kingdom
18147,2011-08-23 12:22:00,2011-10-25 11:46:00,2,179.33999999999997,7,United Kingdom
18148,2010-03-03 11:40:00,2010-03-03 11:40:00,1,112.85000000000001,10,United Kingdom
18149,2010-03-14 12:41:00,2011-10-20 12:04:00,7,1553.96,91,United Kingdom
18150,2011-05-22 10:47:00,2011-11-07 16:49:00,3,566.58,37,United Kingdom
18151,2010-03-04 10:47:00,2011-07-28 11:35:00,6,1879.44,106,United Kingdom
18152,2010-03-03 15:26:00,2010-03-03 15:26:00,1,426.69,10,United Kingdom
18153,2010-02-18 15:50:00,2010-02-18 15:50:00,1,246.22,17,United Kingdom
18154,2010-08-06 09:18:00,2011-12-06 16:41:00,5,932.6,47,United Kingdom
18155,2011-02-21 10:36:00,2011-09-25 13:32:00,3,371.62,25,United Kingdom
18156,2010-12-05 12:29:00,2011-11-27 12:24:00,2,862.52,172,United Kingdom
18157,2010-05-17 14:09:00,2010-05-17 14:09:00,1,213.9,25,United Kingdom
18158,2011-09-12 09:03:00,2011-11-30 16:19:00,2,453.4,34,United Kingdom
18159,2011-02-11 14:26:00,2011-02-11 14:26:00,1,530.15,23,United Kingdom
18160,2010-11-18 16:33:00,2011-10-13 15:50:00,3,1003.88,65,United Kingdom
18161,2010-11-25 15:55:00,2011-11-24 16:40:00,6,1803.1000000000001,93,United Kingdom
18162,2009-12-07 13:24:00,2009-12-07 13:24:00,1,371.51,46,United Kingdom
18163,2010-05-04 14:51:00,2010-05-04 14:51:00,1,728.84,33,United Kingdom
18164,2011-11-02 12:56:00,2011-11-02 12:56:00,1,399.65000000000003,24,United Kingdom
18165,2011-06-15 13:23:00,2011-06-15 13:23:00,1,302.46000000000004,10,United Kingdom
18166,2010-03-26 12:26:00,2010-03-26 12:26:00,1,175.5,10,United Kingdom
18167,2011-08-26 11:40:00,2011-11-16 15:56:00,3,1384.8600000000001,37,United Kingdom
18168,2009-12-03 17:29:00,2011-06-16 19:21:00,16,3698.8,390,United Kingdom
18169,2011-10-10 12:18:00,2011-10-10 12:18:00,1,202.65,9,United Kingdom
18170,2010-01-08 14:10:00,2011-11-06 14:35:00,9,2878.0,126,United Kingdom
18171,2010-01-05 10:46:00,2011-10-12 09:13:00,9,2437.31,92,United Kingdom
18172,2009-12-11 09:58:00,2011-11-25 11:12:00,52,17467.24,475,United Kingdom
18173,2010-04-06 10:43:00,2011-09-14 11:26:00,5,2696.36,45,United Kingdom
18174,2010-04-15 12:17:00,2011-12-02 16:56:00,2,162.5,2,United Kingdom
18175,2010-02-02 10:25:00,2010-02-02 10:25:00,1,176.1,7,United Kingdom
18176,2010-12-16 15:45:00,2010-12-16 15:45:00,1,476.35,30,United Kingdom
18177,2009-12-15 18:57:00,2011-11-08 14:44:00,9,2216.32,99,United Kingdom
18178,2010-02-18 14:25:00,2011-08-03 09:30:00,11,6103.74,350,United Kingdom
18179,2010-02-14 15:51:00,2011-11-30 16:23:00,8,2547.55,109,United Kingdom
18180,2011-07-20 08:59:00,2011-12-05 08:39:00,6,1843.75,119,United Kingdom
18181,2009-12-04 15:30:00,2011-11-15 15:08:00,5,1188.34,178,United Kingdom
18182,2010-09-02 14:25:00,2010-09-02 14:25:00,1,291.13,10,United Kingdom
18183,2011-03-10 10:08:00,2011-04-26 15:26:00,2,632.07,37,United Kingdom
18184,2011-11-24 15:28:00,2011-11-24 15:28:00,1,49.8,1,United Kingdom
18185,2011-04-04 13:42:00,2011-04-04 13:42:00,1,304.25,17,United Kingdom
18186,2009-12-17 10:22:00,2009-12-17 10:22:00,1,329.58,11,United Kingdom
18187,2010-03-18 09:49:00,2010-03-18 09:49:00,1,724.89,48,United Kingdom
18188,2010-03-26 11:37:00,2011-11-24 16:46:00,6,3280.59,133,United Kingdom
18189,2010-03-24 09:57:00,2011-09-23 12:40:00,3,1403.73,86,United Kingdom
18190,2009-12-22 12:05:00,2011-05-31 14:48:00,5,745.62,42,United Kingdom
18191,2010-08-19 17:42:00,2011-03-23 12:08:00,2,529.4,15,United Kingdom
18192,2011-09-29 09:53:00,2011-09-29 09:53:00,1,957.97,45,United Kingdom
18193,2010-09-23 13:33:00,2011-06-27 13:58:00,3,1207.35,70,United Kingdom
18194,2010-01-28 15:30:00,2011-09-18 13:29:00,6,4162.04,28,United Kingdom
18195,2010-11-17 15:03:00,2010-11-17 15:03:00,1,101.16,5,United Kingdom
18196,2010-03-17 14:55:00,2011-09-05 16:22:00,4,1455.27,275,United Kingdom
18197,2010-05-13 10:46:00,2010-05-13 10:46:00,1,230.1,9,United Kingdom
18198,2011-01-07 13:39:00,2011-12-05 14:49:00,17,5425.56,159,United Kingdom
18199,2010-01-25 11:32:00,2010-01-25 11:32:00,1,344.75,20,United Kingdom
18200,2011-08-25 18:45:00,2011-08-25 18:45:00,1,150.35,30,United Kingdom
18201,2009-12-17 08:55:00,2009-12-17 08:55:00,1,447.53000000000003,27,United Kingdom
18202,2011-02-01 13:36:00,2011-05-24 12:12:00,3,1396.99,68,United Kingdom
18203,2009-12-08 13:19:00,2011-07-05 13:07:00,4,482.52,58,United Kingdom
18204,2011-05-31 15:26:00,2011-09-29 16:44:00,3,1975.35,192,United Kingdom
18205,2011-09-26 12:02:00,2011-11-03 13:22:00,2,517.36,32,United Kingdom
18206,2010-06-04 13:47:00,2010-06-04 13:47:00,1,314.65999999999997,19,United Kingdom
18207,2010-07-28 14:26:00,2010-07-28 14:26:00,1,544.47,31,United Kingdom
18208,2010-05-23 11:54:00,2010-05-23 11:54:00,1,360.08,17,United Kingdom
18209,2011-11-11 12:07:00,2011-11-11 12:07:00,1,139.10000000000002,8,United Kingdom
18210,2010-11-22 09:39:00,2011-12-08 11:02:00,7,2768.83,144,United Kingdom
18211,2011-03-06 12:09:00,2011-11-14 08:10:00,5,600.07,42,United Kingdom
18212,2010-01-31 14:42:00,2011-01-17 16:14:00,2,514.37,46,United Kingdom
18213,2011-04-17 10:21:00,2011-04-17 10:21:00,1,232.48000000000002,15,United Kingdom
18214,2010-06-03 19:47:00,2010-06-27 11:21:00,4,1780.34,58,United Kingdom
18215,2010-03-26 13:03:00,2011-09-11 16:05:00,5,2232.4900000000002,89,United Kingdom
18216,2011-11-08 16:55:00,2011-11-08 16:55:00,1,481.75,26,United Kingdom
18217,2010-07-01 15:39:00,2011-11-10 13:18:00,4,945.04,40,United Kingdom
18218,2010-02-17 15:11:00,2011-05-12 12:53:00,4,1121.84,38,United Kingdom
18219,2009-12-07 13:17:00,2011-12-07 11:43:00,17,3562.89,203,United Kingdom
18220,2009-12-15 11:42:00,2011-04-27 09:03:00,6,1921.76,25,United Kingdom
18221,2010-11-14 15:46:00,2011-11-17 14:40:00,6,1424.94,84,United Kingdom
18222,2011-09-08 10:45:00,2011-09-08 10:45:00,1,443.0,19,United Kingdom
18223,2009-12-04 12:20:00,2011-12-05 09:11:00,26,14000.85,576,United Kingdom
18224,2011-03-21 10:30:00,2011-03-21 10:30:00,1,158.95000000000002,10,United Kingdom
18225,2009-12-04 16:52:00,2011-12-06 13:27:00,26,13044.8,574,United Kingdom
18226,2010-03-05 10:05:00,2011-10-26 13:36:00,26,11878.88,528,United Kingdom
18227,2010-08-12 16:45:00,2011-05-06 12:23:00,2,388.75,6,United Kingdom
18228,2011-09-21 10:48:00,2011-10-14 09:21:00,2,779.9,30,United Kingdom
18229,2009-12-03 14:42:00,2011-11-28 09:48:00,28,10803.710000000001,211,United Kingdom
18230,2010-07-02 10:01:00,2011-11-30 13:22:00,9,4291.06,140,United Kingdom
18231,2010-01-10 12:13:00,2011-05-31 14:18:00,28,6848.27,382,United Kingdom
18232,2011-05-26 16:30:00,2011-09-19 11:49:00,4,592.97,37,United Kingdom
18233,2011-01-18 08:44:00,2011-01-18 08:44:00,1,440.0,1,United Kingdom
18234,2010-06-06 11:22:00,2010-06-06 11:22:00,1,179.6,30,United Kingdom
18235,2011-05-06 13:35:00,2011-09-29 08:27:00,3,1796.48,104,United Kingdom
18236,2010-04-15 13:39:00,2011-11-10 08:06:00,12,1795.3500000000001,98,United Kingdom
18237,2011-07-28 13:05:00,2011-12-07 12:49:00,5,987.1,61,United Kingdom
18238,2010-07-12 12:51:00,2010-07-12 12:51:00,1,270.92,14,United Kingdom
18239,2010-10-13 10:11:00,2011-05-05 12:38:00,6,2150.36,125,United Kingdom
18240,2011-10-24 13:06:00,2011-10-24 13:06:00,1,422.58,6,United Kingdom
18241,2010-04-01 11:55:00,2011-11-30 12:10:00,21,2986.9900000000002,159,United Kingdom
18242,2010-01-11 08:49:00,2011-09-28 13:43:00,8,3605.21,140,United Kingdom
18243,2010-10-21 14:29:00,2010-10-21 14:29:00,1,515.78,26,United Kingdom
18244,2010-07-25 10:30:00,2010-10-05 11:15:00,2,568.64,19,United Kingdom
18245,2010-03-08 15:26:00,2011-12-02 14:48:00,20,6324.9800000000005,458,United Kingdom
18246,2010-04-09 10:19:00,2011-11-16 11:49:00,3,758.8199999999999,5,United Kingdom
18247,2010-03-18 15:52:00,2010-10-21 09:49:00,3,839.73,37,United Kingdom
18248,2011-06-06 13:18:00,2011-08-09 10:19:00,2,804.02,47,United Kingdom
18249,2011-11-22 15:07:00,2011-11-22 15:07:00,1,95.34,8,United Kingdom
18250,2011-02-02 13:16:00,2011-02-02 13:16:00,1,349.27,21,United Kingdom
18251,2009-12-22 12:01:00,2011-09-13 15:03:00,9,26278.86,108,United Kingdom
18252,2009-12-18 16:13:00,2011-10-20 12:43:00,7,1533.69,134,United Kingdom
18253,2010-03-07 12:38:00,2010-03-07 12:38:00,1,317.88,7,United Kingdom
18254,2010-05-07 14:37:00,2010-05-07 14:37:00,1,267.9,16,United Kingdom
18255,2010-09-09 16:31:00,2011-09-11 13:16:00,2,303.15,19,United Kingdom
18256,2010-11-17 08:53:00,2010-11-17 08:53:00,1,110.7,10,United Kingdom
18257,2010-02-18 16:20:00,2011-10-31 14:48:00,12,4585.15,275,United Kingdom
18258,2010-05-16 11:35:00,2010-09-01 14:20:00,6,2059.67,50,United Kingdom
18259,2009-12-08 08:38:00,2011-11-15 12:34:00,7,4318.200000000001,92,United Kingdom
18260,2009-12-15 13:50:00,2011-06-20 12:37:00,23,9947.26,410,United Kingdom
18261,2011-09-05 09:34:00,2011-10-27 15:36:00,2,324.24,21,United Kingdom
18262,2010-04-16 09:05:00,2011-07-22 16:04:00,3,577.54,42,United Kingdom
18263,2011-04-01 11:48:00,2011-11-14 09:00:00,3,1213.1599999999999,61,United Kingdom
18264,2010-07-29 10:02:00,2010-07-29 10:02:00,1,603.25,36,United Kingdom
18265,2011-07-04 15:26:00,2011-09-28 14:10:00,2,801.51,46,United Kingdom
18266,2010-10-01 15:33:00,2010-10-01 15:33:00,1,251.1,14,United Kingdom
18267,2010-02-05 08:43:00,2010-02-05 08:43:00,1,269.37,17,United Kingdom
18268,2009-12-11 10:27:00,2011-07-28 19:13:00,6,1490.23,67,United Kingdom
18269,2010-12-08 13:53:00,2010-12-08 13:53:00,1,337.2,14,United Kingdom
18270,2010-10-03 10:49:00,2011-11-01 13:57:00,3,444.55,17,United Kingdom
18271,2009-12-08 11:27:00,2010-04-09 09:26:00,2,680.85,21,United Kingdom
18272,2010-03-04 12:53:00,2011-12-07 12:43:00,9,4385.9800000000005,226,United Kingdom
18273,2010-04-28 12:24:00,2011-12-07 13:16:00,4,357.0,4,United Kingdom
18274,2011-11-09 17:03:00,2011-11-09 17:03:00,1,175.92,11,United Kingdom
18275,2009-12-08 16:23:00,2010-05-10 15:46:00,2,741.85,19,United Kingdom
18276,2009-12-10 17:14:00,2011-10-27 10:54:00,6,1656.52,94,United Kingdom
18277,2010-08-02 10:26:00,2011-10-12 15:22:00,5,1180.05,64,United Kingdom
18278,2010-10-31 12:13:00,2011-09-27 11:58:00,2,414.20000000000005,24,United Kingdom
18279,2010-07-08 14:48:00,2010-07-08 14:48:00,1,231.33999999999997,13,United Kingdom
18280,2010-11-10 15:51:00,2011-03-07 09:52:00,2,488.15000000000003,30,United Kingdom
18281,2010-05-11 10:49:00,2011-06-12 10:53:00,2,201.14,17,United Kingdom
18282,2011-08-05 13:35:00,2011-12-02 11:43:00,2,178.05,12,United Kingdom
18283,2010-02-19 17:16:00,2011-12-06 12:02:00,22,2658.95,936,United Kingdom
18284,2010-10-04 11:33:00,2010-10-04 11:33:00,1,461.68,28,United Kingdom
18285,2010-02-17 10:24:00,2010-02-17 10:24:00,1,427.0,12,United Kingdom
18286,2009-12-16 10:45:00,2010-08-20 11:57:00,2,1296.43,67,United Kingdom
18287,2010-05-17 11:55:00,2011-10-28 09:29:00,7,4182.99,155,United Kingdom
