StockCode,Description,Orders,Units,Revenue,AvgPrice
10002,INFLATABLE POLITICAL GLOBE,362,8831,7093.65,0.9895854922279792
10002R,ROBOT PENCIL SHARPNER,3,4,20.57,5.133333333333333
10080,GROOVY CACTUS INFLATABLE,27,315,129.29,0.505
10109,BENDY COLOUR PENCILS,1,4,1.68,0.42
10120,DOGGY RUBBER,73,679,145.89,0.23894736842105263
10123C,HEARTS WRAPPING TAPE,63,651,255.06,0.7884375
10123G,ARMY CAMO WRAPPING TAPE,16,2251,165.55999999999997,0.8205882352941177
10124A,SPOTS ON RED BOOKCOVER TAPE,18,62,26.04,0.42
10124G,ARMY CAMO BOOKCOVER TAPE,10,38,16.38,0.4581818181818182
10125,MINI FUNKY DESIGN TAPES,167,2148,1755.65,0.9329213483146067
10133,COLOURING PENCILS BROWN TUBE,289,3871,2402.97,0.7512457912457913
10134,COLOURING PENCILS BROWN TUBE,52,625,721.13,1.2907407407407407
10135,COLOURING PENCILS BROWN TUBE,324,4271,4640.1,1.416587537091988
10138,ASSORTED COLOUR JUMBO PEN,21,261,111.22,0.4776190476190476
11001,ASSTD DESIGN RACING CAR PEN,251,4882,7504.9,1.881564885496183
15030,FAN BLACK FRAME,26,254,73.66,0.29
15034,PAPER POCKET TRAVELING FAN,255,10182,1422.45,0.3604198473282443
15036,ASSORTED COLOURS SILK FAN,991,44365,33041.55,0.9932303090727816
15039,SANDALWOOD FAN,306,5117,4360.03,1.1445980707395498
15044A,PINK PAPER PARASOL,250,4964,13210.85,3.5974
15044B,BLUE PAPER PARASOL,189,1673,4655.94,3.554322916666667
15044C,PURPLE PAPER PARASOL,231,970,3042.03,3.825598290598291
15044D,RED PAPER PARASOL,227,1597,4565.56,3.449217391304348
15056BL,EDWARDIAN PARASOL BLACK,857,9600,47828.19,6.249672686230248
15056N,EDWARDIAN PARASOL NATURAL,1033,11366,58403.79,6.818092979127135
15056P,EDWARDIAN PARASOL PINK,344,2526,12479.470000000001,6.228534482758621
15056bl,EDWARDIAN PARASOL BLACK,87,126,1583.52,12.572258064516129
15056n,EDWARDIAN PARASOL NATURAL,116,180,2259.44,12.556694214876034
15056p,EDWARDIAN PARASOL PINK,38,50,628.72,12.58048780487805
15058A,BLUE POLKADOT GARDEN PARASOL,148,476,3153.73,8.550536912751678
15058B,PINK POLKADOT GARDEN PARASOL,156,438,3327.67,9.684999999999999
15058C,ICE CREAM DESIGN GARDEN PARASOL,122,470,2753.72,9.667049180327869
15059A,ENGLISH ROSE EDWARDIAN PARASOL,4,509,1567.0,10.5
15060B,FAIRY CAKE DESIGN UMBRELLA,449,1437,6554.83,5.546355748373101
15060b,FAIRY CAKE DESIGN UMBRELLA,5,5,41.81,8.362
16008,SMALL FOLDING SCISSOR(POINTED EDGE),85,3143,423.46,0.15732558139534883
16010,FOLDING CAMPING SCISSOR W/KNIF & S,4,44,5.279999999999999,0.12
16011,ANIMAL STICKERS,112,3858,808.98,0.20956140350877195
16012,FOOD/DRINK SPONGE STICKERS,83,2925,613.05,0.20941176470588235
16014,SMALL CHINESE STYLE SCISSOR,93,30370,9839.4,0.39525773195876285
16015,MEDIUM CHINESE STYLE SCISSOR,65,1573,711.88,0.48727272727272725
16016,LARGE CHINESE STYLE SCISSOR,106,2338,1891.1,0.8405454545454545
16020C,CLEAR STATIONERY BOX SET,39,160,134.5,0.843
16033,MINI HIGHLIGHTER PENS,50,15121,1544.52,0.11639999999999999
16043,POP ART PUSH DOWN RUBBER,13,2145,180.29999999999998,0.31846153846153846
16044,POP-ART FLUORESCENT PENS,3,6193,389.22,0.3
16045,POPART WOODEN PENCILS ASST,74,9312,429.44,0.049600000000000005
16046,TEATIME PEN CASE & PENS,59,10057,1224.35,0.9428571428571428
16047,POP ART PEN CASE & PENS,31,10612,1054.7,0.9583870967741934
16048,TEATIME ROUND PENCIL SHARPENER,105,3461,537.06,0.40254716981132077
16049,TEATIME GEL PENS ASST,32,3169,560.48,0.381875
16050,TEATIME PENCIL WITH RUBBER,8,151,46.45,0.4
16051,TEATIME PENCIL W STAMP ASST,4,941,84.69,0.4325
16052,TEATIME PUSH DOWN RUBBER,35,850,283.0,0.576111111111111
16053,POPART COL BALLPOINT PEN ASST,10,4313,185.73,0.174
16054,POPART RECT PENCIL SHARPENER ASST,39,1210,159.0,0.17384615384615382
16119,FUNKY GIRL ADDRESS BOOK,8,273,130.71,1.0325
16151A,FLOWERS HANDBAG blue and orange,5,52,72.5,2.25
16156L,"WRAP, CAROUSEL",36,950,399.0,0.42
16156N,"WRAP, FRIENDSHIP ON GREEN",56,1475,619.5,0.42
16156S,WRAP PINK FAIRY CAKES,419,16761,6600.62,0.41536643026004727
16161C,WRAP SPEED DEMONS,2,450,45.0,0.1
16161E,WRAP BOUDOIR,9,750,75.0,0.1
16161G,WRAP BAD HAIR DAY,33,975,97.5,0.1
16161M,WRAP  PINK FLOCK,39,1075,449.5,0.418
16161P,WRAP ENGLISH ROSE,440,13223,5445.9,0.4189569160997732
16161U,WRAP SUKI AND FRIENDS,318,10076,4105.92,0.4180625
16162L,THE KING GIFT BAG,30,8101,570.4300000000001,0.7496666666666667
16162M,THE KING GIFT BAG 25x24x12cm,13,88,36.96,0.42
16168M,FUNKY MONKEY GIFT BAG MEDIUM,101,1713,525.01,0.5951923076923077
16168S,FUNKY MONKEY GIFT BAG SMALL,11,1283,126.82999999999998,0.31363636363636366
16169A,WRAP CHRISTMAS DECOUPAGE,1,25,10.5,0.42
16169C,WRAP BLUE REINDEER,43,1350,567.0,0.42
16169D,WRAP WINTER FOREST,9,250,105.0,0.42
16169E,WRAP 50'S  CHRISTMAS,149,4563,1892.46,0.41919999999999996
16169F,WRAP BLIZZARD,34,975,409.5,0.42
16169G,WRAP ROMANTIC DECOUPAGE,1,25,10.5,0.42
16169K,WRAP FOLK ART,60,2100,669.25,0.36344262295081964
16169M,WRAP DAISY CARPET,59,2060,640.95,0.35483333333333333
16169N,WRAP BLUE RUSSIAN FOLKART,56,2050,636.75,0.35140350877192983
16169P,WRAP GREEN RUSSIAN FOLKART,48,1750,533.75,0.3577083333333333
16192,PINK BALLET OPENING CUBE BOX,1,3,12.899999999999999,4.3
16201A,PASTEL PINK PHOTO ALBUM,9,101,213.37,3.7744444444444443
16201B,PASTEL BLUE PHOTO ALBUM,5,34,81.1,2.838
16202A,PASTEL PINK PHOTO ALBUM,21,662,290.45,4.4852380952380955
16202B,PASTEL BLUE PHOTO ALBUM,22,1039,528.56,4.7690909090909095
16202C,BEIGE PHOTO ALBUM,12,97,230.59,3.9766666666666666
16202E,BLACK PHOTO ALBUM,14,82,162.73,3.395
16206B,RED PURSE WITH PINK HEART,16,96,116.4,1.23125
16207A,PINK STRAWBERRY HANDBAG,76,143,423.53000000000003,3.001578947368421
16207B,PINK HEART RED HANDBAG,46,265,457.65000000000003,2.654782608695652
16212,FUNKY GIRLZ ASST MAGNETIC MEMO PAD,37,366,287.01,1.6778048780487806
16215,FUNKY GIRLZ MAGNETIC TO DO LIST,3,8,5.2,0.65
16216,LETTER SHAPE PENCIL SHARPENER,88,4158,371.64,0.21955056179775279
16218,CARTOON  PENCIL SHARPENERS,98,4632,454.52,0.5034653465346535
16219,HOUSE SHAPE PENCIL SHARPENER,128,3358,501.25,0.5645736434108527
16225,RATTLE SNAKE EGGS,165,1527,1295.18,1.6124561403508773
16235,RECYCLED PENCIL WITH RABBIT ERASER,310,5906,1354.5,0.31030959752321985
16236,KITTY PENCIL ERASERS,260,2666,599.31,0.3061623616236162
16237,SLEEPING CAT ERASERS,580,10935,2337.0299999999997,0.29630182421227197
16238,PARTY TIME PENCIL ERASERS,236,2523,579.68,0.3113821138211382
16239,BALLERINA HEART DECORATION.,21,347,492.17,2.6557142857142857
16243B,BROWN COZY SQUARE PHOTO ALBUM,8,212,441.77,5.49625
16244A,MAXWELL 2 TONE PINK 60 PAGE PHOTO A,28,186,479.40999999999997,4.073571428571428
16244B,MAXWELL 2 TONE BLUE 60 PAGE PHOTO A,28,345,765.02,3.872068965517241
16245A,PINK MINI STATIONERY SET W CASE,7,11,13.75,1.25
16248B,BLUE HOLE PUNCH,12,81,101.25,1.25
16254,TRANSPARENT ACRYLIC TAPE DISPENSER,40,941,305.66,1.2665853658536586
16256B,FLOWER PENCIL/RUBBER+5 MINI PENCILS,35,524,232.35,0.5841666666666667
16256C,HEARTS PENCIL/RUBBER+5 MINI PENCILS,10,169,70.98,0.42000000000000004
16258A,SWIRLY CIRCULAR RUBBERS IN BAG,101,1068,379.28999999999996,0.5243396226415095
16258B,DAISY ERASERS IN BAG,15,1016,221.06,0.36
16259,PIECE OF CAMO STATIONERY SET,55,5473,766.09,0.14618181818181816
17001,HEAVENS SCENT FRAGRANCE OILS ASSTD,23,1211,299.34999999999997,0.27956521739130435
17003,BROCADE RING PURSE,456,71394,14948.75,0.30286315789473683
17007B,S/3 POT POURI CUSHIONS BLUE COLOURS,6,46,96.60000000000001,2.1
17011A,ORIGAMI VANILLA INCENSE+FLOWER,12,261,179.56,2.7708333333333335
17011B,ORIGAMI JASMINE INCENSE+FLOWER,2,19,11.100000000000001,1.2
17011C,ORIGAMI LAVENDER INCENSE+FLOWER,2,335,221.4,2.475
17011D,ORIGAMI ROSE INCENSE+FLOWER,4,209,135.70000000000002,1.8375
17011E,ORIGAMI OPIUM SCENT INCENSE+FLOWER,1,124,80.60000000000001,0.65
17011F,ORIGAMI SANDLEWOOD INCENSE+FLOWER,20,386,340.41,2.2195238095238095
17012A,ORIGAMI VANILLA INCENSE/CANDLE SET,95,731,818.7099999999999,2.2341414141414138
17012B,ORIGAMI JASMINE INCENSE/CANDLE SET,126,728,885.02,2.204885496183206
17012C,ORIGAMI LAVENDER INCENSE/CANDL SET,113,861,962.9499999999999,2.033589743589743
17012D,ORIGAMI ROSE INCENSE/CANDLE SET,116,522,663.74,1.9547457627118643
17012E,ORIGAMI OPIUM INCENSE/CANDLE SET,29,270,314.35999999999996,2.4920588235294114
17012F,ORIGAMI SANDLEWOOD INCENSE/CAND SET,107,591,693.1999999999999,1.9060714285714284
17013B,ORIGAMI JASMINE INCENSE IN TUBE,3,256,221.03,1.7066666666666668
17013C,ORIGAMI LAVENDER INCENSE IN TUBE,2,213,89.46000000000001,0.42
17013D,ORIGAMI ROSE INCENSE IN TUBE,31,1069,575.76,1.76
17013F,ORIGAMI SANDLEWOOD INCENSE IN TUBE,5,62,26.7,1.38
17014A,ORIGAMI VANILLA INCENSE CONES,16,277,173.48999999999998,1.7599999999999998
17014C,ORIGAMI LAVENDER INCENSE CONES,2,97,43.75,1.925
17014D,ORIGAMI ROSE INCENSE CONES,8,479,204.36,1.7966666666666664
17014E,ORIGAMI OPIUM INCENSE CONES,6,95,36.599999999999994,1.4249999999999998
17014F,ORIGAMI SANDLEWOOD INCENSE CONES,4,61,23.699999999999996,1.3125
17021,NAMASTE SWAGAT INCENSE,76,4322,1128.84,0.2943529411764706
17027A,INCENSE BAZAAR CANNABIS,2,228,84.84,0.355
17028J,INCENSE BAZAAR PEACH,1,6,2.52,0.42
17033,"BROCADE PURSE,SMALL ARCH BUTTON",69,3280,867.8399999999999,0.28536231884057967
17038,PORCELAIN BUDAH INCENSE HOLDER,55,2659,261.51,0.4226785714285714
17039,INLAID WOOD INCENSE HOLDER,43,3707,837.88,0.3774418604651163
17061,ASSORTED SHAPED STENCIL FOR HENNA,1,52,2.08,0.04
17084A,TRANQUILITY MASALA INCENSE,18,442,92.82,0.21
17084G,MOON INCENSE,2,50,10.5,0.21
17084J,LOVE POTION MASALA INCENSE,20,481,101.01,0.21000000000000002
17084N,FAIRY DREAMS INCENSE,187,2798,647.66,0.34659685863874345
17084P,DRAGONS BLOOD INCENSE,70,1016,228.43,0.3436111111111111
17084R,ASSORTED INCENSE PACK,66,12065,2198.85,0.20253731343283582
17090A,LAVENDER INCENSE 40 CONES IN TIN,26,215,220.75,1.1928571428571428
17090D,VANILLA INCENSE 40 CONES IN TIN,28,95,113.95,1.2375
17091A,LAVENDER INCENSE IN TIN,117,2092,1294.6399999999999,1.0327731092436974
17091B,JASMINE TEA INCENSE IN TIN,51,276,316.98,1.4219230769230768
17091F,SANDALWOOD INCENSE IN TIN,8,19,27.71,1.58
17091J,VANILLA INCENSE IN TIN,178,4086,2297.99,0.9074074074074074
17096,ASSORTED LAQUERED INCENSE HOLDERS,76,6241,1117.52,0.32376623376623376
17107D,"FLOWER FAIRY,5 SUMMER B'DRAW LINERS",86,330,841.5,2.55
17108D,FLOWER FAIRY SUMMER BOUQUET SACHET,23,355,149.1,0.42
17109A,FLOWER FAIRY INCENSE LILY,13,709,333.61,1.1861538461538461
17109B,FLOWER FAIRY INCENSE LAVENDER,17,4542,896.3399999999999,1.316470588235294
17109C,FLOWER FAIRY INCENSE ROSE,15,3124,661.23,1.238
17109D,FLOWER FAIRY INCENSE BOUQUET,38,1259,601.69,1.41325
17129C,SKY BLUE COLOUR GLASS GEMS IN BAG,11,86,57.98,0.8309090909090909
17129D,CLEAR COLOUR GLASS GEMS IN BAG,39,1125,1351.1799999999998,1.2087179487179487
17129F,BLUE GLASS GEMS IN BAG,145,1584,1691.2199999999998,1.4073154362416107
17136A,BLUE STONES ON WIRE FOR CANDLE,34,743,61.78,0.10676470588235294
17164B,ASS COL SMALL SAND GECKO P'WEIGHT,81,1622,647.4,0.4168674698795181
17164D,ASS COL SMALL SAND FROG P'WEIGHT,28,1150,447.0,0.41516129032258065
17165B,ASS COL LARGE SAND GECKO P'WEIGHT,57,810,751.6800000000001,1.0298360655737704
17165D,ASS COL LARGE SAND FROG P'WEIGHT,89,716,682.32,1.0346236559139785
17174,ASSTD RASTA KEY-CHAINS,7,36,15.120000000000001,0.42
17178,FLAT PALM T-LIGHT HOLDER,24,133,156.65,1.234
17181,CIRCLE OF FRIENDS CANDLE HOLDER,65,353,642.66,3.771641791044776
17191A,ROSE FLOWER CANDLE+INCENSE 16X16CM,12,33,123.75,3.75
18007,ESSENTIAL BALM 3.5g TIN IN ENVELOPE,72,11423,1048.58,0.24615384615384614
18010,ASSORTED FRAGRANCE BATH CONFETTI,9,64,30.16,0.5566666666666666
18094C,WHITE AND BLUE CERAMIC OIL BURNER,98,446,616.91,1.8743
18096C,WHITE ROUND PORCELAIN TLIGHT HOLDER,20,117,298.7,3.4455
18096c,WHITE ROUND PORCELAIN TLIGHT HOLDER,6,8,41.14,5.151666666666666
18097A,PINK TALL PORCELAIN T-LIGHT HOLDER,12,18,45.9,2.55
18097B,BLUE TALL PORCELAIN T-LIGHT HOLDER,3,7,17.849999999999998,2.55
18097C,WHITE TALL PORCELAIN T-LIGHT HOLDER,211,1811,4049.83,2.8295433789954334
18098A,PINK PORCELAIN B'FLY OIL BURNER,2,2,5.9,2.95
18098B,BLUE PORCELAIN B'FLY OIL BURNER,3,3,8.850000000000001,2.9500000000000006
18098C,PORCELAIN BUTTERFLY OIL BURNER,236,1252,3340.36,3.3138339920948616
18098c,PORCELAIN BUTTERFLY OIL BURNER,135,332,1682.01,5.066971830985915
20615,BLUE POLKADOT PASSPORT COVER,195,647,1111.47,2.646078431372549
20616,CHERRY BLOSSOM PASSPORT COVER,121,287,461.88,2.13258064516129
20617,FIRST CLASS PASSPORT COVER,105,499,997.2,2.415188679245283
20618,QUEEN OF THE SKIES PASSPORT COVER,137,298,650.64,2.277608695652174
20619,TROPICAL PASSPORT COVER,194,579,1018.63,2.351076923076923
20620,RED SPOTTY PASSPORT COVER,14,15,61.76,4.104285714285714
20621,ECONOMY PASSPORT COVER,33,207,451.67,2.3584848484848484
20622,VIPPASSPORT COVER,128,586,1144.43,2.6821969696969696
20652,BLUE POLKADOT LUGGAGE TAG,172,1520,1034.81,1.416
20653,CHERRY BLOSSOM LUGGAGE TAG,81,2006,533.79,1.4079518072289157
20654,FIRST CLASS LUGGAGE TAG,120,398,505.41,1.3760330578512396
20655,QUEEN OF SKIES LUGGAGE TAG,189,420,618.5,1.7025888324873095
20657,TROPICAL LUGGAGE TAG,118,1878,727.72,1.322436974789916
20658,RED SPOTTY LUGGAGE TAG,353,1613,2296.43,1.6879891304347825
20659,ECONOMY LUGGAGE TAG,138,370,534.76,1.571631205673759
20660,VIP LUGGAGE TAG,26,71,88.75,1.25
20661,BLUE SPOTTY PURSE,123,899,983.0100000000001,3.0056
20662,FIRST CLASS HOLIDAY PURSE,49,730,476.35,2.7103921568627447
20663,QUEEN OF THE SKIES HOLIDAY PURSE,44,1076,374.43,2.574782608695652
20664,TROPICAL HOLIDAY PURSE,31,57,155.41,2.712903225806452
20665,RED RETROSPOT PURSE,348,1366,4371.47,3.840690607734807
20666,ECONOMY HOLIDAY PURSE,46,911,412.45000000000005,2.408478260869565
20667,CHERRY BLOSSOM PURSE,24,40,108.69,2.6437500000000003
20668,DISCO BALL CHRISTMAS DECORATION,367,21748,2550.65,0.16748717948717948
20669,RED HEART LUGGAGE TAG,214,818,1145.7,1.607136563876652
20670,VIP HOLIDAY PURSE,48,694,378.85,2.8625000000000003
20671,BLUE TEATIME PRINT BOWL,143,796,1051.22,1.5722758620689654
20672,PINK TEATIME PRINT BOWL,36,138,201.0,1.75
20673,STRAWBERRIES PRINT BOWL,2,5,6.25,1.25
20674,GREEN POLKADOT BOWL,463,3437,4383.55,1.5082838983050846
20675,BLUE POLKADOT BOWL,693,6564,8179.16,1.506
20676,RED RETROSPOT BOWL,966,10620,13279.16,1.5519574036511157
20677,PINK POLKADOT BOWL,760,7888,9936.140000000001,1.585648267008986
20678,LARGE BLACK DIAMANTE HAIRSLIDE,1,4,6.6,1.65
20679,EDWARDIAN PARASOL RED,715,6256,30649.47,6.670190217391305
20680,PINK FLOWERS CHILDS UMBRELLA,4,6,19.5,3.25
20681,PINK SPOTTY CHILDS UMBRELLA,341,1429,4859.79,3.8826912181303115
20682,RED RETROSPOT CHILDRENS UMBRELLA,589,3123,10388.78,3.8898517298187807
20683,RAIN GIRL CHILDS UMBRELLA,1,1,3.25,3.25
20684,STRAWBERRY DREAM CHILDS UMBRELLA,176,584,1933.62,3.6337569060773482
20685,DOORMAT RED RETROSPOT,1725,9968,67812.32,8.40843626062323
20686,DOLLY MIXTURE CHILDREN'S UMBRELLA,186,602,2059.44,3.7571204188481677
20688,BEAUTY SPEED EXPRESSO CUPS,11,464,332.9,6.004545454545454
20689,RETRO SISTERS EXPRESSO CUPS,41,429,614.1,6.176585365853659
20692,FLORAL ELEPHANT SOFT TOY,139,908,3682.76,4.892127659574468
20693,FLORAL DINOSAUR GREEN,18,33,161.89000000000001,5.207777777777778
20694,FLORAL PINK MONSTER,54,166,622.33,4.398363636363636
20695,FLORAL BLUE MONSTER,61,143,608.83,4.8466129032258065
20696,FLORAL SOFT CAR TOY,60,153,633.18,4.7222580645161285
20697,LITTLE GREEN MONSTER SOFT TOY,21,42,101.7,2.510869565217391
20698,LITTLE PINK MONSTER SOFT TOY,21,47,114.44999999999999,2.509090909090909
20699,MOUSEY LONG LEGS SOFT TOY,88,300,825.81,3.1417021276595745
20700,GREEN CAT FLORAL CUSHION COVER,103,421,1135.22,5.469038461538461
20701,PINK CAT FLORAL CUSHION COVER,50,353,721.49,4.416
20702,PINK PADDED MOBILE,245,795,3351.95,4.3028
20703,BLUE PADDED SOFT MOBILE,169,471,1993.47,4.2601775147928995
20704,MR ROBOT SOFT TOY,80,361,1371.42,6.370875
20705,MRS ROBOT SOFT TOY,53,273,996.19,5.42622641509434
20707,CRAZY DAISY HEART DECORATION,199,1615,1247.44,1.2305445544554454
20711,JUMBO BAG TOYS,1052,12836,26183.0,2.7283364661654135
20712,JUMBO BAG WOODLAND ANIMALS,1415,17936,37988.94,2.739508990318119
20713,JUMBO BAG OWLS,1314,21170,41332.89,2.581584011843079
20714,POSY SHOPPER BAG,28,1580,649.8199999999999,0.9467857142857142
20715,LITTLE FLOWER SHOPPER BAG,1,400,424.0,1.06
20716,PARTY FOOD SHOPPER BAG,246,1538,1933.81,1.4512252964426877
20717,STRAWBERRY SHOPPER BAG,757,6337,7834.73,1.5998712998712998
20718,RED RETROSPOT SHOPPER BAG,1213,13481,17730.0,1.657225386493084
20719,WOODLAND CHARLOTTE BAG,1573,24901,28249.92,1.154772585669782
20721,OWLS CHARLOTTE BAG,1,1,0.85,0.85
20723,STRAWBERRY CHARLOTTE BAG,1379,18441,20640.22,1.1400923295454546
20724,RED RETROSPOT CHARLOTTE BAG,2035,32443,35558.229999999996,1.1051633045148894
20725,LUNCH BAG RED RETROSPOT,3056,40752,72001.35,2.0664426751592355
20726,LUNCH BAG WOODLAND,1926,22301,38883.729999999996,2.115804336863338
20727,LUNCH BAG  BLACK SKULL.,2351,27042,46283.89,2.0262254098360657
20728,LUNCH BAG CARS BLUE,2067,24838,42695.64,1.9762747875354107
20729,RED SPOTTY CANDY BAG,121,5262,1778.12,1.4020661157024794
20730,STRAWBERRY CANDY BAG,102,2218,1011.7,1.0862745098039215
20731,POSY CANDY BAG,73,4143,1254.17,1.4004054054054054
20733,GOLD MINI TAPE MEASURE,294,1957,1477.7,0.8516993464052288
20734,SILVER MINI TAPE MEASURE,117,1598,1485.6799999999998,1.3359999999999999
20735,BLACK MINI TAPE MEASURE,202,1545,1589.03,1.2007943925233644
20736,PINK MINI TAPE MEASURE,19,290,233.5,0.8431578947368421
20737,RED MINI TAPE MEASURE,1,1,1.7,1.7
20738,GREEN MINI TAPE MEASURE,74,1610,1301.72,0.9545945945945946
20739,*USB Office Glitter Lamp,1,1,8.65,8.65
20747,PICCADILLY TEA SET,108,683,9224.92,15.723703703703702
20748,KENSINGTON COFFEE SET,183,1604,14317.980000000001,12.391069518716579
20749,ASSORTED COLOUR MINI CASES,766,3143,22703.16,8.08327868852459
20750,RED RETROSPOT MINI CASES,909,3772,27523.12,8.133970117395945
20751,FUNKY WASHING UP GLOVES ASSORTED,471,2875,6103.080000000001,2.322337917485265
20752,BLUE POLKADOT WASHING UP GLOVES,358,1526,2939.6800000000003,2.3972702702702704
20753,RETRO PINK SPOT WASHING UP GLOVES,56,218,509.00000000000006,2.6607142857142856
20754,RETROSPOT RED WASHING UP GLOVES,852,5157,10604.550000000001,2.4975936435868333
20755,BLUE PAISLEY POCKET BOOK,122,5161,1104.95,0.9185826771653544
20756,GREEN FERN POCKET BOOK,64,5728,851.5600000000001,0.8060937499999999
20757,RED DAISY POCKET BOOK,78,5360,901.75,0.8443373493975903
20758,ABSTRACT CIRCLES POCKET BOOK,95,5438,964.4699999999999,0.8195959595959597
20759,CHRYSANTHEMUM POCKET BOOK,63,5782,895.38,0.7749230769230769
20760,GARDEN PATH POCKET BOOK,81,5554,1317.06,0.7940476190476191
20761,BLUE PAISLEY SKETCHBOOK,146,466,1460.2,4.051381578947368
20762,GREEN FERN SKETCHBOOK,136,466,1381.53,3.886971830985916
20763,DAISY SKETCHBOOK,74,269,714.23,3.855394736842105
20764,ABSTRACT CIRCLES SKETCHBOOK,193,690,2153.51,4.168090452261307
20765,CHRYSANTHEMUM SKETCHBOOK,146,448,1287.56,3.8988815789473685
20766,GARDEN PATH SKETCHBOOK,155,523,1571.09,3.9695679012345684
20767,BLUE PAISLEY JOURNAL,179,814,1746.71,2.6790055248618785
20768,GREEN FERN JOURNAL,149,770,1541.84,2.556953642384106
20769,DAISY JOURNAL,79,442,819.01,2.5613414634146343
20770,ABSTRACT CIRCLE JOURNAL,201,1055,2215.81,2.4755502392344497
20771,CHRYSANTHEMUM  JOURNAL,140,609,1209.33,2.5676760563380276
20772,GARDEN PATH JOURNAL,161,974,1863.9499999999998,2.542289156626506
20773,BLUE PAISLEY NOTEBOOK,117,3356,992.03,1.7378571428571428
20774,GREEN FERN NOTEBOOK,119,3492,975.68,1.7354399999999999
20775,DAISY NOTEBOOK,112,3606,931.55,1.7531304347826087
20776,ABSTRACT CIRCLES NOTEBOOK,84,3258,832.66,1.7828235294117647
20777,CHRYSANTHEMUM NOTEBOOK,169,3669,1280.97,1.7968571428571427
20778,GARDEN PATH NOTEBOOK,90,3615,950.9599999999999,1.8046236559139783
20780,BLACK EAR MUFF HEADPHONES,98,247,1417.25,6.886571428571429
20781,GOLD EAR MUFF HEADPHONES,61,106,596.4,6.3500000000000005
20782,CAMOUFLAGE EAR MUFF HEADPHONES,87,169,1094.46,6.881555555555556
20783,HEART EAR MUFF HEADPHONES,55,165,1051.4,7.64509090909091
20784,RED RETRO BAR STOOL,37,101,3570.87,36.42621621621622
20785,FUSCHIA RETRO BAR STOOL,36,102,3672.35,37.55945945945946
20786,BLACK RETRO BAR STOOL,31,99,3533.9,36.876875
20787,BLUE RETRO BAR STOOL,30,69,2535.1,38.021875
20791,BLUE TILED SET OF 3 DRAWERS,1,5,63.75,12.75
20793,BLUE TILED TRAY,22,281,518.5,8.935
20794,BLUE  TILE HOOK,48,213,596.0799999999999,3.4747999999999997
20795,LARGE BLUE PROVENCAL CERAMIC BALL,29,135,308.7,2.956896551724138
20796,SMALL BLUE PROVENCAL CERAMIC BALL,22,99,182.15999999999997,2.3495454545454546
20798,CLEAR MILKSHAKE GLASS,83,565,1337.55,3.0829885057471267
20799,PINK MILKSHAKE GLASS,26,200,355.33,3.1257692307692304
20800,LARGE GLASS SUNDAE DISH CLEAR,5,1005,303.96,3.618
20801,LARGE PINK GLASS SUNDAE DISH,111,1094,1432.12,2.2322413793103446
20802,SMALL GLASS SUNDAE DISH CLEAR,116,1067,1630.05,2.106974789915966
20803,SMALL PINK GLASS SUNDAE DISH,84,1154,891.26,1.734767441860465
20804,GLASS CHICKEN BUTTER DISH,61,325,579.31,2.6788524590163934
20812,EMBOSSED FLOWER TRELLIS PHOTO FRAME,3,5,12.75,2.55
20814,SILVER FINCH DECORATION,13,189,208.89000000000001,1.2061538461538461
20816,GOLD FLOWER CUSHION COVER,7,24,123.6,5.378571428571428
20818,GOLD TEDDY BEAR,30,87,268.5,4.491666666666666
20819,SILVER TEDDY BEAR,65,229,635.24,3.885909090909091
20820,SILVER LOOKING MIRROR,8,14,69.30000000000001,4.95
20821,GOLDIE LOOKING MIRROR,25,42,286.42,7.882000000000001
20822,SILVER WINE GOBLET,1,2,9.3,4.65
20823,GOLD WINE GOBLET,19,253,533.71,3.6510526315789478
20825,GOLD WINE GLASS,7,361,1255.08,6.831428571428572
20826,SILVER APERITIF GLASS,14,355,290.72,1.3478571428571429
20827,GOLD APERITIF GLASS,8,173,209.36,1.63375
20828,GLITTER BUTTERFLY CLIPS,607,4468,11062.76,2.9404088050314465
20829,GLITTER HANGING BUTTERFLY STRING,481,4842,9875.44,2.42462
20830,SILVER PHOTO FRAME,82,407,964.61,2.990722891566265
20831,GOLD PHOTO FRAME,79,474,927.96,2.722625
20832,RED FLOCK LOVE HEART PHOTO FRAME,158,1690,1134.35,0.9455214723926381
20833,SHAKER THROW  QUILTED,5,52,811.8,27.630000000000003
20835,FRENCH LATTICE CUSHION COVER,10,81,98.03999999999999,3.610909090909091
20836,FRENCH PAISLEY CUSHION COVER,22,224,250.0,1.1209090909090909
20837,FRENCH FLORAL CUSHION COVER,18,165,188.07,1.1844444444444444
20838,FRENCH LATTICE CUSHION COVER,63,446,565.8,1.9461904761904762
20839,FRENCH PAISLEY CUSHION COVER,118,642,1063.77,2.6193388429752065
20840,FRENCH FLORAL CUSHION COVER,93,886,1428.4099999999999,2.222526315789474
20845,ZINC HEART LATTICE 2 WALL PLANTER,24,76,502.27,7.169583333333333
20846,ZINC HEART LATTICE T-LIGHT HOLDER,169,1470,1999.48,1.5754802259887006
20847,ZINC HEART LATTICE CHARGER LARGE,27,81,341.97,4.8500000000000005
20848,ZINC HEART LATTICE CHARGER SMALL,12,39,115.05000000000001,2.9500000000000006
20849,ZINC HEART LATTICE DOUBLE PLANTER,24,674,593.03,4.047083333333333
20850,ZINC HEART LATTICE PLANTER BOWL,23,820,713.8000000000001,2.8434782608695657
20851,ZINC HEART LATTICE TRAY OVAL,28,335,429.57,5.966206896551724
20854,BLUE PATCH PURSE PINK HEART,107,459,742.78,1.6778070175438595
20855,PINK PATCH PURSE BLUE HEART,47,142,234.29999999999998,1.65
20856,DENIM PATCH PURSE PINK BUTTERFLY,122,417,688.9399999999999,1.6598412698412697
20857,BLUE ROSE PATCH PURSE PINK BUTTERFL,73,255,420.75,1.65
20858,SILVER PURSE GOLD PINK BUTTERFLY,1,4,6.6,1.65
20860,GOLD COSMETICS BAG WITH BUTTERFLY,11,20,42.0,2.1
20861,GOLD COSMETIC BAG PINK STAR,16,47,98.7,2.1
20862,PINK PATCH PENCIL CASE BLUE HEART,37,325,691.1400000000001,2.6216216216216215
20863,BLUE PATCH PENCIL CASE PINK HEART,50,293,601.53,2.4202
20864,DENIM PATCH PENCIL CASE BUTTERFLY,29,252,498.14000000000004,2.2
20865,PATCHWORK PENCIL CASE BUTTERFLY,33,251,500.49,2.196060606060606
20866,BLUE ROSE FABRIC MIRROR,191,1284,1377.69,1.5003076923076923
20867,PINK ROSE FABRIC MIRROR,153,1140,1153.2,1.4075
20868,SILVER FABRIC MIRROR,71,882,518.07,0.9214084507042254
20869,GOLD FABRIC MIRROR,53,529,295.12,0.9422222222222223
20870,OPULENT VELVET CANDLE IN BOX,7,29,52.2,2.9214285714285713
20871,OPULENT VELVET SET/3 CANDLES,127,1273,1978.0500000000002,2.688372093023256
20877,MODERN CHRISTMAS BAUBLE CANDLE,5,12,5.04,0.42000000000000004
20878,SET/9 CHRISTMAS T-LIGHTS SCENTED,85,761,982.51,1.461595744680851
20879,TREE OF NOAH FESTIVE SCENTED CANDLE,11,57,67.8,1.8027272727272725
20881,MODERN CHRISTMAS TREE CANDLE,2,3,2.55,0.85
20882,MODERN CHRISTMAS TREE CANDLE,2,3,8.850000000000001,2.95
20884,MODERN CHRISTMAS TREE CANDLE,3,3,6.300000000000001,2.1
20885,BOX OF 3 PEBBLE CANDLES,1,1,2.95,2.95
20886,BOX OF 9 PEBBLE CANDLES,308,1787,3577.7999999999997,2.42003125
20887,BOX OF 6 PEBBLE CANDLES,8,18,118.39,5.615
20888,SET 3 JARDIN DE FEMME SCENT CANDLES,19,367,547.74,3.8852631578947374
20889,JARDIN DE FEMME SCENTED CANDLE,13,657,398.03999999999996,2.3376923076923077
20890,SMALL GLASS ROSE SCENTED CANDLE,4,605,202.62,2.9925
20891,LARGE GLASS ROSE SCENTED CANDLE,3,684,236.32999999999998,8.126666666666667
20892,SET/3 TALL GLASS CANDLE HOLDER PINK,38,105,1159.08,16.30125
20893,HANGING BAUBLE T-LIGHT HOLDER SMALL,76,667,1535.39,2.8766249999999998
20894,HANGING BAUBLE T-LIGHT HOLDER LARGE,79,271,839.1,3.441341463414634
20895,VINTAGE NOTEBOOK FRENCH LETTER,4,16,47.20000000000001,2.95
20896,VINTAGE NOTEBOOK PINK FLOWER,14,39,115.05000000000001,2.95
20897,VINTAGE NOTEBOOK PARIS DAYS,75,358,872.3100000000001,3.862727272727273
20898,VINTAGE NOTEBOOK TRAVELOGUE,53,327,693.9200000000001,3.1941818181818182
20899,VINTAGE NOTEBOOK RED ROSE,12,44,129.8,2.95
20901,VINTAGE KEEPSAKE BOX PINK FLOWER,67,91,806.58,9.474626865671642
20902,VINTAGE KEEPSAKE BOX PARIS DAYS,116,212,1588.8,9.394462809917355
20903,VINTAGE KEEPSAKE BOX TRAVELOGUE,86,189,932.5,7.171494252873563
20905,VINTAGE KEEPSAKE BOX BEAUTY GIRL,4,10,63.5,6.35
20906,VINTAGE NOTEBOOK BEAUTY GIRL,47,102,371.19,4.0691836734693885
20910,VINTAGE PHOTO ALBUM PARIS DAYS,47,108,781.8199999999999,8.335625
20913,SET/5 BLUE SPOTTY LID GLASS BOWLS,43,314,898.7199999999999,3.8030232558139536
20914,SET/5 RED RETROSPOT LID GLASS BOWLS,2030,18952,53335.66,3.23078646329838
20931,BLUE POT PLANT CANDLE,157,676,2260.9300000000003,4.8309375
20932,PINK POT PLANT CANDLE,81,333,1143.97,4.717530864197531
20933,YELLOW POT PLANT CANDLE,52,505,1329.4900000000002,4.1007547169811325
20934,SET/3 POT PLANT CANDLES,74,197,1185.07,7.268000000000001
20935,ROUND CACTUS CANDLE,46,300,574.48,3.0772340425531914
20936,FORKED CACTUS CANDLE,76,340,867.0000000000001,3.692692307692308
20939,ORANGE CANDLE,1,12,10.2,0.85
20940,SET/6 GARDEN GNOME T-LIGHT CANDLES,22,118,342.75,3.475454545454546
20941,FROG CANDLE,124,999,898.79,1.7787301587301585
20942,SET/6 GINGERBREAD TREE T-LIGHTS,4,6,7.5,1.25
20943,SET/6 GINGERBREAD STAR T-LIGHTS,71,381,540.21,1.6716901408450704
20950,SET/6  ANGEL T-LIGHTS WHITE/GOLD,83,687,353.39,0.7546428571428571
20952,PORCELAIN CHERUB BELL SMALL,24,329,150.72,0.6812499999999999
20953,PORCELAIN CHERUB BELL LARGE,9,33,54.449999999999996,1.65
20954,*USB Office Mirror Ball,3,3,25.590000000000003,8.530000000000001
20956,PORCELAIN T-LIGHT HOLDERS ASSORTED,236,2381,3160.25,1.7803149606299211
20957,PORCELAIN HANGING BELL SMALL,15,126,184.60999999999999,1.5773333333333333
20958,PORCELAIN HANGING BELL LARGE,10,38,70.5,1.92
20960,WATERMELON BATH SPONGE,215,1908,2570.92,1.6649545454545454
20961,STRAWBERRY BATH SPONGE,514,3672,4886.57,1.7115613382899626
20963,APPLE BATH SPONGE,509,3642,4932.62,1.7600925925925925
20964,POLYESTER FILLER PAD 60x40cm,6,20,50.99999999999999,2.55
20966,SANDWICH BATH SPONGE,420,3151,4500.68,1.8000665188470064
20967,GREY FLORAL FELTCRAFT SHOULDER BAG,296,1139,4320.08,3.997987616099071
20968,GREEN FLORAL FELTCRAFT SHOULDER BAG,19,43,185.11,4.749499999999999
20969,RED FLORAL FELTCRAFT SHOULDER BAG,613,3290,12300.1,4.270282574568289
20970,PINK FLORAL FELTCRAFT SHOULDER BAG,574,2543,9617.0,4.16669449081803
20971,PINK BLUE FELT CRAFT TRINKET BOX,1148,22580,28966.21,1.411542330259849
20972,PINK CREAM FELT CRAFT TRINKET BOX,1397,20704,25080.59,1.408609958506224
20973,12 PENCIL SMALL TUBE WOODLAND,658,10047,6918.120000000001,0.7855206847360913
20974,12 PENCILS SMALL TUBE SKULL,822,13493,8883.54,0.7491467576791809
20975,12 PENCILS SMALL TUBE RED RETROSPOT,902,18668,12255.730000000001,0.7433678756476684
20976,12 PENCILS SMALL TUBE POSY,76,549,376.34000000000003,0.748421052631579
20977,36 PENCILS TUBE WOODLAND,485,3847,5138.74,1.5642424242424242
20978,36 PENCILS TUBE SKULLS,557,4149,5479.83,1.5831304347826085
20979,36 PENCILS TUBE RED RETROSPOT,709,8213,10343.06,1.5664206128133706
20980,36 PENCILS TUBE POSY,58,234,283.56,1.4020000000000001
20981,12 PENCILS TALL TUBE WOODLAND,513,4773,4118.34,0.9649525616698291
20982,12 PENCILS TALL TUBE SKULLS,576,4915,4298.2,0.9592785234899329
20983,12 PENCILS TALL TUBE RED RETROSPOT,641,6326,5508.179999999999,0.9553846153846153
20984,12 PENCILS TALL TUBE POSY,245,5875,1947.7599999999998,0.5391732283464566
20985,HEART CALCULATOR,291,2386,3070.5099999999998,1.5457049180327869
20986,BLUE CALCULATOR RULER,204,1246,1584.84,1.551720930232558
20987,GEISHA GIRL CHOPSTICKS SET/5,22,131,288.35,3.0181818181818185
20988,TRELLIS FLOWER CHOPSTICKS SET/5,9,24,46.8,1.9500000000000002
20989,URBAN CHIC CHOPSTICKS SET/5,57,407,782.18,2.269824561403509
20990,SPRING FLOWER CHOPSTICKS SET/5,103,895,1706.1399999999999,2.2476415094339623
20991,JAZZ HEARTS MAGNETIC MEMO PAD,32,7084,884.5600000000002,0.9515625000000001
20992,JAZZ HEARTS PURSE NOTEBOOK,433,6196,3262.7,0.6917211328976035
20993,JAZZ HEARTS MEMO PAD,32,10967,1334.1100000000001,0.8425
20994,JAZZ HEARTS SPIRAL NOTEPAD,12,47,39.949999999999996,0.85
20996,JAZZ HEARTS ADDRESS BOOK,335,6337,1705.28,0.38409356725146193
20997,ROSE DU SUD CUSHION COVER,83,170,796.74,4.718433734939759
20998,ROSE DU SUD OVEN GLOVE,127,332,969.23,2.9700757575757577
21000,ROSE DU SUD COSMETICS BAG,94,695,1762.67,3.7487878787878786
21001,ROSE DU SUD WASHBAG,90,148,749.01,4.881263157894737
21002,ROSE DU SUD DRAWSTRING BAG,184,429,1547.54,3.530578947368421
21003,ROSE DU SUD CUSHION COVER,64,109,647.75,5.928125
21004,ROSE DU SUD CHILDS APRON,70,137,625.07,4.793943661971831
21007,ETCHED GLASS DROPLET DECORATION,48,1927,914.6700000000001,1.18
21008,ETCHED GLASS HEART TREE DECORATION,1,1,2.51,2.51
21009,ETCHED GLASS STAR TREE DECORATION,102,1047,1494.99,1.4825714285714284
21010,ETCHED GLASS BIRD TREE DECORATION,83,850,1114.76,1.478705882352941
21011,GLITTER SNOW PEAR TREE DECORATION,118,1858,1399.8999999999999,1.2565625
21012,ANTIQUE ALL GLASS CANDLESTICK,299,2362,4450.7,2.3351602564102567
21014,SWISS CHALET TREE DECORATION,189,1973,1038.6599999999999,0.8161951219512195
21015,DARK BIRD HOUSE TREE DECORATION,186,1720,797.3299999999999,0.7843298969072164
21016,LIGHT BIRD HOUSE TREE DECORATION,82,834,582.85,0.9679310344827585
21017,RED BIRD HOUSE TREE DECORATION,87,659,535.89,1.354942528735632
21018,BIRD BOX CHRISTMAS TREE DECORATION,42,235,203.07,0.9177551020408163
21025,SPACE FROG,81,313,414.89,1.526190476190476
21026,SPACE OWL,124,553,724.25,1.6406976744186046
21027,NINJA RABBIT PINK,77,357,437.37,1.269753086419753
21028,NINJA RABBIT BLACK,92,324,426.41,1.621827956989247
21030,SPACE CADET RED,51,240,292.15,1.2039622641509435
21031,SPACE CADET BLACK,39,146,180.46,1.3226829268292681
21032,SPACE CADET WHITE,50,205,254.66,1.3978431372549018
21033,JUMBO BAG CHARLIE AND LOLA TOYS,573,4623,10240.04,3.3504459691252144
21034,REX CASH+CARRY JUMBO SHOPPER,1902,4080,3876.0,0.95
21035,SET/2 RED RETROSPOT TEA TOWELS,929,6079,18951.77,4.046631908237748
21036,SET/2 TEA TOWELS MODERN VINTAGE,1,1,2.55,2.55
21038,SET/4 MODERN VINTAGE COTTON NAPKINS,52,170,367.28000000000003,2.2472222222222222
21039,RED RETROSPOT SHOPPING BAG,228,1319,3445.6699999999996,3.00480686695279
21040,MODERN VINTAGE COTTON SHOPPING BAG,68,895,1128.3999999999999,2.436142857142857
21041,RED RETROSPOT OVEN GLOVE DOUBLE,525,2724,9279.59,4.098354430379747
21042,RED RETROSPOT APRON,399,1500,8884.73,6.8990602409638555
21043,APRON MODERN VINTAGE COTTON,141,677,1921.03,4.285602836879432
21051,RIBBONS PURSE,127,758,1498.7800000000002,2.189318181818182
21054,NURSE'S BAG SOFT TOY,182,390,3609.6,9.604139784946236
21055,TOOL BOX SOFT TOY,222,404,4032.31,10.517748917748918
21056,DOCTOR'S BAG SOFT TOY,195,558,5077.679999999999,9.68969696969697
21058,PARTY INVITES WOODLAND,275,2413,2070.85,0.9968085106382978
21059,PARTY INVITES DINOSAURS,221,1620,1368.9599999999998,0.9003139013452914
21060,PARTY INVITES BALLOON GIRL,151,1288,962.75,0.9401973684210526
21061,PARTY INVITES FOOTBALL,163,1432,1077.1599999999999,0.9678571428571429
21062,PARTY INVITES SPACEMAN,136,1077,896.27,0.8671942446043165
21063,PARTY INVITES JAZZ HEARTS,238,1492,1286.87,0.9401244813278008
21064,BOOM BOX SPEAKER BOYS,171,904,4557.84,5.5522099447513815
21065,BOOM BOX SPEAKER GIRLS,118,610,1473.18,4.9874193548387105
21066,VINTAGE RED MUG,131,2286,1499.69,1.2961654135338345
21067,VINTAGE RED TEATIME MUG,266,4792,3873.2200000000003,1.5159778597785978
21068,VINTAGE BILLBOARD LOVE/HATE MUG,373,4396,4585.41,1.5727386934673369
21069,VINTAGE BILLBOARD TEA MUG,279,5148,5474.43,1.700582191780822
21070,VINTAGE BILLBOARD MUG,229,2050,2108.5,1.595
21071,VINTAGE BILLBOARD DRINK ME MUG,472,4450,5221.45,1.6253846153846152
21076,SET/20 COLLAGE PAPER NAPKIN,92,843,714.55,0.9846808510638299
21077,SET/20 WOODLAND PAPER NAPKINS,192,2790,2058.1,0.9245641025641025
21078,SET/20 STRAWBERRY PAPER NAPKINS,741,7227,6200.639999999999,1.1122601839684625
21080,SET/20 RED RETROSPOT PAPER NAPKINS,2123,31801,26013.27,1.0296586253982702
21081,SET/20 POSIES PAPER NAPKINS,4,4,3.4,0.85
21082,SET/20 FRUIT SALAD PAPER NAPKINS,163,7183,1960.45,1.0707272727272727
21084,SET/6 COLLAGE PAPER CUPS,223,2929,1008.8100000000001,0.5650660792951542
21085,SET/6 WOODLAND PAPER CUPS,66,13731,1872.68,0.7726470588235294
21086,SET/6 RED SPOTTY PAPER CUPS,843,16887,10939.75,0.8937284234752589
21087,SET/6 POSIES PAPER CUPS,32,260,168.08,0.7493939393939394
21088,SET/6 FRUIT SALAD PAPER CUPS,136,16615,1816.73,0.47226277372262776
21089,SET/6 GREEN SPRING PAPER CUPS,40,325,113.84,0.5009756097560976
21090,SET/6 COLLAGE PAPER PLATES,278,3109,1730.79,0.7295714285714285
21091,SET/6 WOODLAND PAPER PLATES,47,13700,1868.7,1.0289583333333334
21092,SET/6 STRAWBERRY PAPER PLATES,28,12846,1571.5,1.1092857142857142
21094,SET/6 RED SPOTTY PAPER PLATES,984,20160,15723.119999999999,0.9862524850894632
21095,SET/6 POSIES PAPER PLATES,40,303,281.37,1.002857142857143
21096,SET/6 FRUIT SALAD  PAPER PLATES,143,15919,2711.71,0.6567832167832168
21097,SET/6 GREEN SPRING  PAPER PLATE,7,32,27.2,0.85
21098,CHRISTMAS TOILET ROLL,596,9007,14174.210000000001,1.639327217125382
21099,SET/6 STRAWBERRY PAPER CUPS,33,13290,1516.64,0.755
21100,CHARLIE AND LOLA CHARLOTTE BAG,269,2546,3812.58,2.2476363636363637
21102,"CANDLE IN JAR COLLAGE , VANILLA",20,82,221.07999999999998,3.0614999999999997
21106,CREAM SLICE FLANNEL CHOCOLATE SPOT,169,801,2455.09,3.699257142857143
21107,CREAM SLICE FLANNEL PINK SPOT,313,2452,7042.950000000001,3.6731515151515155
21108,FAIRY CAKE FLANNEL ASSORTED COLOUR,613,13087,25859.050000000003,3.0311041009463717
21109,"LARGE CAKE TOWEL, CHOCOLATE SPOTS",223,1181,4550.95,6.753690987124463
21110,LARGE CAKE TOWEL PINK SPOTS,329,1651,7824.08,7.4464411764705885
21111,"SWISS ROLL TOWEL, CHOCOLATE  SPOTS",214,1408,3299.35,3.5456
21112,"SWISS ROLL TOWEL, PINK  SPOTS",189,2234,5531.5,3.390459183673469
21114,LAVENDER SCENTED FABRIC HEART,494,5733,7399.66,1.8149805447470817
21115,ROSE CARAVAN DOORSTOP,431,1257,8046.38,7.776659090909091
21116,OWL DOORSTOP,534,1385,8094.27,6.783865698729582
21117,BLOND DOLL DOORSTOP,26,328,502.08,1.912692307692308
21118,SHOPPING BAG DOORSTOP,7,69,104.25,2.5357142857142856
21119,Glow In The Dark Shot Glasses,3,3,41.01,13.67
21120,*Boombox Ipod Classic,1,2,33.96,16.98
21121,SET/10 RED POLKADOT PARTY CANDLES,873,15639,18930.58,1.3577120535714287
21122,SET/10 PINK POLKADOT PARTY CANDLES,807,12601,15280.06,1.3407831325301203
21123,SET/10 IVORY POLKADOT PARTY CANDLES,252,2781,3430.56,1.2388803088803089
21124,SET/10 BLUE SPOTTY PARTY CANDLES,629,10084,12242.800000000001,1.29929012345679
21125,SET 6 FOOTBALL CELEBRATION CANDLES,246,2161,2260.14,1.308875968992248
21126,SET OF 6 GIRLS CELEBRATION CANDLES,285,2339,2367.98,1.3402397260273973
21127,COLOURFUL FISHING GNOME,48,297,998.0300000000001,7.336600000000001
21128,GOLD FISHING GNOME,57,129,868.25,9.546440677966102
21129,SILVER FISHING GNOME,60,124,949.44,9.0145
21130,COLOURFUL STANDING GNOME,49,721,1200.93,3.9899999999999998
21131,GOLD STANDING GNOME,49,276,1098.86,5.765599999999999
21132,SILVER STANDING GNOME,47,97,493.61,5.6925
21133,PAINTED BIRD ASSORTED CHRISTMAS,42,410,712.91,2.1664285714285714
21134,VICTORIAN METAL POSTCARD CHRISTMAS,46,377,646.4399999999999,2.1581249999999996
21135,VICTORIAN  METAL POSTCARD SPRING,405,6038,8656.81,2.0036255924170616
21136,PAINTED METAL PEARS ASSORTED,739,10606,17661.149999999998,1.9948293963254593
21137,BLACK RECORD COVER FRAME,634,19945,69295.72,4.1464098613251155
21143,ANTIQUE GLASS HEART DECORATION,182,2233,4483.88,2.2811330049261085
21144,PINK POODLE HANGING DECORATION,60,545,294.19,1.0741935483870966
21145,ANTIQUE GLASS PLACE SETTING,49,869,1256.21,3.406734693877551
21146,ANTIQUE GLASS RIDGED HANGING BALL,58,789,1513.6699999999998,2.179655172413793
21147,JINGLE BELLS TREE DECORATION,118,488,896.86,2.1411023622047245
21153,RED SPOTTY TABLECLOTH,139,393,4294.6900000000005,11.799856115107914
21154,RED RETROSPOT OVEN GLOVE,903,8396,12100.22,1.7774315789473685
21155,RED RETROSPOT PEG BAG,969,6726,16475.41,2.837236842105263
21156,RETROSPOT CHILDRENS APRON,930,9391,17487.36,2.2424191866527634
21157,RED SPOTTY WASHBAG,176,713,1688.45,2.918810810810811
21158,MOODY GIRL DOOR HANGER,310,2606,1827.85,1.2819817073170732
21159,MOODY BOY  DOOR HANGER,250,2117,1462.77,1.3362301587301588
21160,KEEP OUT GIRLS DOOR HANGER,58,794,557.49,1.5117241379310344
21161,KEEP OUT BOYS DOOR HANGER,206,2383,1843.22,1.6793981481481481
21162,TOXIC AREA  DOOR HANGER,285,2404,1660.6899999999998,1.282629757785467
21163,DO NOT TOUCH MY STUFF DOOR HANGER,253,2817,1788.3,1.3602962962962961
21164,HOME SWEET HOME METAL SIGN,721,6040,16812.300000000003,3.284035326086957
21165,BEWARE OF THE CAT METAL SIGN,966,9445,15351.35,2.1389363817097413
21166,COOK WITH WINE METAL SIGN,1425,20063,38428.21,2.284866894197952
21167,WHITE SAGE INCENSE,114,2495,600.17,0.3314406779661017
21169,YOU'RE CONFUSING ME METAL SIGN,772,8924,14397.69,2.1370099255583126
21171,BATHROOM METAL SIGN,260,1858,2599.0299999999997,1.68
21172,PARTY METAL SIGN,971,7738,11461.769999999999,1.9120321931589537
21173,LOO ROLL  METAL SIGN,77,340,607.9599999999999,2.2123076923076925
21174,POTTERING IN THE SHED METAL SIGN,1135,9800,19838.71,2.5277673224978616
21175,GIN + TONIC DIET METAL SIGN,1659,20856,44282.23,2.5660435038212817
21179,NO JUNK MAIL METAL SIGN,505,4312,3559.23,1.3355192307692307
21181,PLEASE ONE PERSON METAL SIGN,1810,25028,50818.920000000006,2.375573333333333
21185,HOME SWEET HOME  BLACKBOARD,44,132,876.29,7.369318181818182
21186,WHITE DOVE HONEYCOMB PAPER GARLAND,369,5272,8532.17,2.0303733333333334
21187,WHITE BELL HONEYCOMB PAPER GARLAND,144,1440,2399.4199999999996,2.0178481012658227
21188,3D HEARTS  HONEYCOMB PAPER GARLAND,128,918,2806.8,3.6280740740740742
21189,WHITE HONEYCOMB PAPER GARLAND,123,813,1752.6399999999999,2.4896153846153846
21190,PINK HEARTS PAPER GARLAND,111,918,1500.3899999999999,1.9697457627118642
21191,LARGE WHITE HONEYCOMB PAPER BELL,201,1544,3610.52,2.920232558139535
21192,WHITE BELL HONEYCOMB PAPER,216,2235,4040.5899999999997,2.3697095435684647
21193,WHITE HONEYCOMB PAPER FAN,22,111,274.37,2.8434782608695657
21194,PINK  HONEYCOMB PAPER FAN,95,578,751.5,2.028659793814433
21195,PINK  HONEYCOMB PAPER BALL,150,1017,2194.2000000000003,3.0043589743589743
21196,ROUND WHITE CONFETTI IN TUBE,22,178,306.89,1.9382608695652173
21197,MULTICOLOUR  CONFETTI IN TUBE,45,466,683.2599999999999,1.6327083333333332
21198,WHITE HEART CONFETTI IN TUBE,118,1282,1472.3,1.7450420168067227
21199,PINK  HEART CONFETTI IN TUBE,149,1305,1495.6999999999998,1.8689999999999998
21200,MULTICOLOUR HONEYCOMB PAPER GARLAND,126,1424,2070.11,2.020625
21201,TROPICAL  HONEYCOMB PAPER GARLAND,235,2755,6555.37,2.985183673469388
21202,DOLLY HONEYCOMB GARLAND,66,855,1105.1299999999999,1.7782089552238807
21203,BUTTERFLIES  HONEYCOMB GARLAND,145,1539,2526.9999999999995,2.0413513513513513
21204,DAISIES  HONEYCOMB GARLAND,205,1609,2686.35,1.9985576923076922
21205,MULTICOLOUR 3D BALLS GARLAND,144,677,1772.3899999999999,2.931315789473684
21206,STRAWBERRY HONEYCOMB  GARLAND,238,2168,3089.35,1.8575619834710744
21207,SKULL AND CROSSBONES  GARLAND,282,3617,5627.24,1.76520979020979
21208,PASTEL COLOUR HONEYCOMB FAN,120,1079,980.27,1.653658536585366
21209,MULTICOLOUR HONEYCOMB FAN,137,1477,1369.6899999999998,1.7453623188405796
21210,SET OF 72 RETROSPOT PAPER  DOILIES,1161,15243,21948.559999999998,1.771603375527426
21211,SET OF 72 SKULL PAPER  DOILIES,237,2419,3385.94,1.6675103734439833
21212,PACK OF 72 RETROSPOT CAKE CASES,3118,96472,52948.8,0.7081753627662859
21213,PACK OF 72 SKULL CAKE CASES,1481,40563,21661.75,0.7428636959370906
21214,SET OF 72 IVORY PAPER DOILIES,199,2006,2920.8199999999997,1.9927722772277228
21215,IVORY PAPER CUP CAKE CASES,291,4497,2603.4500000000003,0.8732441471571907
21216,"SET 3 RETROSPOT TEA,COFFEE,SUGAR",802,3940,20484.03,6.927584951456311
21217,RED RETROSPOT ROUND CAKE TINS,928,2952,30393.48,11.72446764091858
21218,RED SPOTTY BISCUIT TIN,897,5299,21079.56,5.2968512486427795
21219,SET/4 BADGES BALLOON GIRL,176,1028,1328.32,1.5731693989071038
21220,SET/4 BADGES DOGS,159,663,898.72,1.6603067484662577
21221,SET/4 BADGES CUTE CREATURES,107,547,728.4399999999999,1.5111711711711713
21222,SET/4 BADGES BEETLES,133,623,809.67,1.5302941176470588
21223,SET/4 BADGES WOODLAND ANIMAL,43,492,587.08,1.4345454545454546
21224,SET/4 SKULL BADGES,312,2205,2739.45,1.262314814814815
21225,POCKET MIRROR BUTTERFLY,2,2,2.5,1.25
21226,POCKET MIRROR WOODLAND,37,214,231.79999999999998,1.0776923076923077
21228,"POCKET MIRROR ""GLAMOROUS""",31,97,122.57,1.29125
21231,SWEETHEART CERAMIC TRINKET BOX,1482,19672,24499.38,1.5029908972691808
21232,STRAWBERRY CERAMIC TRINKET BOX,2435,38901,50660.48,1.5358910103420844
21238,RED RETROSPOT CUP,903,9568,8248.68,1.0217976318622175
21239,PINK  POLKADOT CUP,751,7444,6509.59,1.0589596879063718
21240,BLUE POLKADOT CUP,769,7634,6593.22,1.0542765685019206
21241,GREEN SPOTTY CUP,260,2213,1869.07,0.9817241379310345
21242,RED RETROSPOT PLATE,657,7120,11979.4,1.9942942942942943
21243,PINK  POLKADOT PLATE,503,5657,9323.19,2.008801571709234
21244,BLUE POLKADOT PLATE,445,5159,8448.69,1.9457929515418502
21245,GREEN POLKADOT PLATE,304,2577,4285.26,1.9256591639871383
21246,RED RETROSPOT BIG BOWL,209,751,3695.53,5.086714285714286
21247,SET OF RED SALAD SERVERS,81,422,664.73,1.8867901234567903
21248,DOOR HANGER  MUM + DADS ROOM,158,1043,1299.55,1.6889240506329115
21249,WOODLAND  HEIGHT CHART STICKERS,259,1679,4841.39,3.7101498127340826
21250,SET OF SKULL WALL STICKERS,60,404,1003.45,3.2244262295081967
21251,DINOSAUR HEIGHT CHART STICKER SET,132,598,1701.66,3.555223880597015
21252,SET OF MEADOW  FLOWER STICKERS,22,168,408.66,3.3613636363636363
21253,SET OF PICTURE FRAME  STICKERS,122,341,1260.6000000000001,4.621587301587302
21255,"FRENCH BOTTLE , LAVENDER",96,476,860.0799999999999,2.3885416666666663
21256,"FRENCH BOTTLE, BRASSERIE DES ARTIST",65,326,588.64,2.422923076923077
21257,VICTORIAN SEWING BOX MEDIUM,532,1587,14434.18,10.56185117967332
21258,VICTORIAN SEWING BOX LARGE,526,1687,24089.84,17.11465240641711
21259,VICTORIAN SEWING BOX SMALL,655,2395,14456.980000000001,6.948397058823529
21260,FIRST AID TIN,534,3577,11775.68,3.8013430127041743
21261,GREEN GOOSE FEATHER CHRISTMAS TREE,77,292,1214.7,6.48904761904762
21262,WHITE GOOSE FEATHER CHRISTMAS TREE,132,637,2574.2200000000003,6.155174825174826
21263,GREEN GOOSE FEATHER TREE 60CM,56,302,676.02,3.2026666666666666
21264,WHITE GOOSE FEATHER TREE 60CM,68,392,923.76,3.5088405797101445
21265,PINK GOOSE FEATHER TREE 60CM,34,323,717.41,3.7155555555555555
21266,VINTAGE SILVER TINSEL REEL,9,23,98.9,4.3
21267,VINTAGE PINK TINSEL REEL,10,24,74.6,3.4200000000000004
21268,VINTAGE BLUE TINSEL REEL,49,399,262.5,1.2720754716981133
21269,ANTIQUE CREAM CUTLERY SHELF,65,115,1053.82,9.52787878787879
21270,ANTIQUE CREAM CUTLERY CUPBOARD,51,76,874.43,12.022115384615384
21272,SALLE DE BAIN HOOK,339,2376,3153.65,1.6526553672316384
21274,EMBOSSED HEART 3 DRAWER SHELF,105,175,2420.69,14.656037735849056
21275,ZINC TOP  2 DOOR WOODEN SHELF,55,250,1731.43,14.07375
21276,TWO EMBOSSED HEART MINI DRAWERS,29,677,1558.94,4.253103448275862
21277,FRENCH STYLE EMBOSSED HEART CABINET,48,55,1331.34,24.60489795918367
21278,VINTAGE KITCHEN PRINT PUDDINGS,118,2758,1654.4499999999998,3.509159663865546
21279,VINTAGE KITCHEN PRINT FRUITS,101,3530,1637.01,3.637596153846154
21280,VINTAGE KITCHEN PRINT VEGETABLES,70,3333,1800.44,2.9934285714285713
21281,VINTAGE KITCHEN PRINT SEAFOOD,67,3689,1747.28,3.5270422535211265
21282,NATURAL BARK CANDLE LARGE,69,356,1522.28,4.772028985507246
21283,NATURAL BARK CANDLE SMALL,81,512,1629.2,3.6758536585365857
21284,RETROSPOT CANDLE  SMALL,140,1560,1692.3600000000001,1.9717605633802817
21285,RETROSPOT CANDLE  MEDIUM,99,1012,1383.67,2.3533663366336635
21286,RETROSPOT CANDLE  LARGE,101,1009,1638.1899999999998,2.9543689320388347
21287,SCENTED VELVET LOUNGE CANDLE,93,4134,1893.75,0.8606250000000001
21288,STRIPEY CHOCOLATE NESTING BOXES,224,990,2586.9900000000002,3.36215859030837
21289,LARGE STRIPES CHOCOLATE GIFT BAG,102,1432,1573.06,1.307596153846154
21290,LARGE SPOTTY CHOCOLATE GIFT BAG,1,2,2.5,1.25
21291,SMALL POLKADOT CHOCOLATE GIFT BAG,153,2506,2161.11,0.977
21292,SMALL STRIPES CHOCOLATE GIFT BAG,91,2477,1450.9099999999999,0.8153763440860214
21293,MIRRORED DOVE WALL DECORATION,85,343,872.34,3.0056976744186046
21294,ETCHED GLASS COASTER,139,2342,1773.75,1.1288111888111887
21298,EDWARDIAN 2 DRAWER WALL CABINET,14,52,755.8,19.37857142857143
21299,EDWARDIAN TOILET ROLL UNIT,34,166,966.35,11.016176470588235
21300,ANTIQUE EDWARDIAN DRESSER,12,53,841.7,23.479166666666668
21303,FILIGREE WALL MIRROR  ANTIQUE WHITE,30,96,985.54,15.434666666666667
21304,ARCHED GREY MIRROR,18,86,591.58,11.132222222222222
21306,SET/4 DAISY MIRROR MAGNETS,68,684,350.36,1.4440845070422534
21307,SET/4 BUTTERFLY MIRROR MAGNETS,72,751,654.2700000000001,2.125
21308,LOUVRE VANITY MIRROR,6,132,705.9,12.158333333333333
21309,LOUVRE CHALKBOARD,5,49,325.6,9.16
21310,CAPIZ CHANDELIER,4,6,179.7,29.95
21311,SET/4 BIRD MIRROR MAGNETS,94,707,552.27,1.5860204081632654
21312,LARGE CHUNKY GLASS ROMAN BOWL,26,299,1179.17,6.8161538461538465
21313,GLASS HEART T-LIGHT HOLDER,415,6862,5903.599999999999,1.1387645687645687
21314,SMALL GLASS HEART TRINKET POT,1066,11647,25253.850000000002,2.7835531135531135
21316,SMALL CHUNKY GLASS ROMAN  BOWL,47,694,1152.02,3.0720833333333335
21317,GLASS SPHERE CANDLE STAND MEDIUM,74,358,1464.42,6.033376623376624
21318,GLASS CHALICE BLUE SMALL,93,972,900.42,1.5972340425531912
21319,GLASS CHALICE GREEN  SMALL,65,510,750.3299999999999,1.9946969696969699
21320,GLASS CHALICE GREEN  LARGE,56,398,913.34,3.1577192982456137
21321,GLASS CHALICE BLUE  LARGE,18,122,301.8,3.076111111111111
21322,GLASS SPHERE CANDLE STAND LARGE,14,301,590.45,4.9678571428571425
21323,HANGING MEDINA LANTERN LARGE,80,740,2506.89,5.57325
21324,HANGING MEDINA LANTERN SMALL,175,1023,2875.2200000000003,3.708666666666667
21326,AGED GLASS SILVER T-LIGHT HOLDER,643,18224,11886.68,0.8080444444444443
21327,SKULLS WRITING SET,495,1962,3468.6899999999996,2.0104061895551255
21328,BALLOONS  WRITING SET,643,2523,4816.33,2.26592867756315
21329,DINOSAURS  WRITING SET,555,2119,3845.6499999999996,2.111840277777778
21330,WOODLAND ANIMAL  WRITING SET,201,1452,2454.0699999999997,2.2783251231527095
21331,MOROCCAN BEATEN METAL DISH LARGE,30,110,946.6800000000001,14.569333333333333
21332,MOROCCAN BEATEN METAL MIRROR,50,270,1644.17,11.9834
21333,CLASSIC WHITE FRAME,222,1080,3262.9,3.2314912280701757
21335,LIBRARY LAMP,28,42,989.62,25.33285714285714
21336,GOLD WASHBAG,43,1824,530.51,3.4279545454545457
21337,SILVER WASHBAG,12,33,103.53000000000002,3.465
21338,MARAKESH LANTERN SMALL,13,199,873.25,6.314285714285715
21339,MARAKESH LANTERN LARGE,12,30,544.5,19.257692307692306
21340,CLASSIC METAL BIRDCAGE PLANT HOLDER,419,1772,19398.11,13.131445221445222
21341,KASBAH LANTERN WITH GLASS,29,72,410.64000000000004,7.1865517241379315
21343,GOLD JEWELERY BOX,3,20,92.00000000000001,8.283333333333333
21344,MOROCCAN BEATEN METAL DISH,26,166,749.82,8.916153846153845
21347,GOTHIC CARRIAGE LANTERN,4,8,47.6,5.95
21348,PINK SPOTS CHOCOLATE NESTING BOXES,133,842,2030.8400000000001,3.147611940298508
21349,IVY HEART WREATH,171,565,4125.83,8.453370786516855
21350,GINGHAM HEART WREATH,42,225,647.7500000000001,2.940909090909091
21351,CINAMMON & ORANGE WREATH,177,1132,3911.1,5.5183243243243245
21352,EUCALYPTUS & PINECONE  WREATH,158,917,3340.71,5.361461988304094
21353,SILVER SLEIGHBELL  WREATH,9,19,160.45,8.994444444444445
21354,TOAST ITS - BEST MUM,217,2532,3048.32,1.4945132743362832
21355,TOAST ITS - I LOVE YOU,341,3521,4308.08,1.460505617977528
21356,TOAST ITS - FAIRY FLOWER,349,1623,2070.55,1.5173224043715847
21357,TOAST ITS - DINOSAUR,211,1392,1832.76,1.518394495412844
21358,TOAST ITS - HAPPY BIRTHDAY,222,1146,1421.22,1.2869026548672566
21359,RELAX LARGE WOOD LETTERS,73,209,2150.48,14.83065789473684
21360,JOY LARGE WOOD LETTERS,100,443,2810.31,10.090294117647058
21361,LOVE LARGE WOOD LETTERS,286,580,7660.82,14.334
21363,HOME SMALL WOOD LETTERS,401,1010,5455.530000000001,6.00437054631829
21364,PEACE SMALL WOOD LETTERS,167,473,3441.4700000000003,7.605294117647059
21365,MIRRORED WALL ART STARS,77,476,731.5300000000001,2.550617283950617
21366,MIRRORED WALL ART PHOTO FRAMES,77,247,1203.57,6.112926829268293
21367,MIRRORED WALL ART GENTS,60,215,293.7,2.6443749999999997
21368,MIRRORED WALL ART LADIES,47,201,212.04,1.8668085106382977
21369,MIRRORED WALL ART SPLODGES,22,135,236.73,3.145
21370,MIRRORED WALL ART FOXY,22,56,264.67,7.312608695652174
21371,MIRRORED WALL ART POPPIES,64,404,556.01,2.59578125
21372,MIRRORED WALL ART TABLE LAMP,50,158,275.87,2.6633962264150943
21373,MIRRORED WALL ART SNOWFLAKES,61,636,548.89,1.2465573770491802
21374,MIRRORED WALL ART SKULLS,71,474,824.67,2.909861111111111
21375,LARGE CAMPHOR WOOD FIELD MUSHROOM,61,137,845.0899999999999,8.063749999999999
21376,LARGE  TALL CAMPHOR WOOD TOADSTOOL,46,184,855.36,5.984468085106383
21377,SMALL CAMPHOR WOOD FIELD  MUSHROOM,98,527,760.8299999999999,2.515346534653465
21378,SMALL TALL CAMPHOR WOOD TOADSTOOL,88,560,728.9699999999999,2.1554545454545457
21379,CAMPHOR WOOD PORTOBELLO MUSHROOM,125,650,719.23,1.9313281249999998
21380,WOODEN HAPPY BIRTHDAY GARLAND,651,5047,14643.480000000001,3.4061990950226244
21381,MINI WOODEN HAPPY BIRTHDAY GARLAND,532,5140,8634.699999999999,2.1946083788706736
21382,SET/4 SPRING FLOWER DECORATION,152,1241,1674.51,2.2284415584415584
21383,PACK OF 12 STICKY BUNNIES,323,2218,1599.53,0.9630211480362537
21384,IVORY HANGING DECORATION  BUTTERFLY,150,1917,1810.1899999999998,1.048157894736842
21385,IVORY HANGING DECORATION  HEART,690,10918,9440.949999999999,1.0517385257301808
21386,IVORY HANGING DECORATION  EGG,105,1148,680.78,0.8370909090909091
21387,IVORY HANGING DECORATION  RABBIT,4,25,21.25,0.85
21388,IVORY HANGING DECORATION  CHICKEN,29,311,290.16999999999996,0.9158620689655173
21389,IVORY HANGING DECORATION  BIRD,261,2301,2011.4099999999999,1.0028888888888887
21390,FILIGRIS HEART WITH BUTTERFLY,588,10967,13590.47,1.4597693574958814
21391,FRENCH LAVENDER SCENT HEART,175,1421,1828.73,1.9124309392265193
21392,RED SPOTTY PUDDING BOWL,48,7548,1484.43,2.3705882352941177
21393,BLUE  SPOTTY PUDDING BOWL,43,5253,1191.71,2.131489361702128
21394,RED POLKADOT BEAKER,150,4005,1864.6299999999999,0.7890666666666667
21395,BLUE POLKADOT BEAKER,115,2968,1401.6,0.906695652173913
21396,RED SPOTTY EGG CUP,77,948,1205.25,1.7088461538461537
21397,BLUE  SPOTTY EGG CUP,180,2171,2039.46,1.667103825136612
21398,RED POLKADOT COFFEE  MUG,126,2299,2242.41,1.9114728682170543
21399,BLUE POLKADOT COFFEE MUG,118,2380,1554.64,1.5319327731092438
21400,RED PUDDING SPOON,91,1078,213.07,0.3
21401,BLUE PUDDING SPOON,121,1444,319.07,0.32559999999999995
21402,RED  EGG  SPOON,151,1698,333.42,0.3663815789473684
21403,BLUE EGG  SPOON,157,2326,529.02,0.3406918238993711
21406,SPOTTY CAT DOORSTOP,1,1,8.65,8.65
21407,BROWN CHECK CAT DOORSTOP,453,1314,6002.09,5.269507494646681
21408,SPOTTY PINK DUCK DOORSTOP,240,715,3134.29,5.953780487804878
21409,SPOTTY COCKEREL DOORSTOP,1,1,4.25,4.25
21410,COUNTRY COTTAGE  DOORSTOP GREEN,150,313,1466.75,5.533774834437086
21411,GINGHAM HEART  DOORSTOP RED,624,2118,8493.04,4.891669266770671
21412,VINTAGE GOLD TINSEL REEL,67,275,279.0,1.7285135135135135
21413,PERIWINKLE T-LIGHT HOLDER,52,3171,1152.47,1.6952631578947368
21414,SCALLOP SHELL SOAP DISH,36,1637,870.89,2.922972972972973
21415,CLAM SHELL SMALL,82,351,734.57,2.6582142857142856
21416,CLAM SHELL LARGE,22,752,606.8100000000001,4.1049999999999995
21417,COCKLE SHELL DISH,118,504,1030.21,3.028916666666667
21418,STARFISH SOAP DISH,66,194,533.8399999999999,3.4825373134328355
21419,CONCH SHELL,19,1259,577.6899999999999,4.353157894736842
21420,OYSTER TRINKET BOX,31,120,332.16,3.613125
21421,PORCELAIN ROSE LARGE,105,1807,2163.23,1.5633636363636363
21422,PORCELAIN ROSE SMALL,147,3203,2655.72,1.070328947368421
21424,WOODLAND STORAGE BOX LARGE,142,955,2861.64,4.811619718309859
21425,SKULLS STORAGE BOX LARGE,95,505,1274.93,4.1706315789473685
21426,WOODLAND STORAGE BOX SMALL,99,1029,1649.17,3.2083333333333335
21427,SKULLS STORAGE BOX SMALL,119,517,1023.02,3.0166141732283465
21428,SET3 BOOK BOX GREEN GINGHAM FLOWER,465,2935,11975.93,5.040754716981132
21429,RED GINGHAM ROSE JEWELLERY BOX,997,6568,11743.529999999999,2.1106609195402295
21430,SET/3 RED GINGHAM ROSE STORAGE BOX,814,4741,18514.2,4.747923169267707
21431,GREEN GINGHAM FLOWER JEWELLERY BOX,278,1483,2511.3599999999997,1.9398924731182796
21432,SET OF 3 CASES WOODLAND DESIGN,237,942,5435.91,6.09857740585774
21437,24 HANGING EASTER EGGS FLORAL TUB,109,677,2350.92,3.9735964912280703
21438,TUB 24 HANGING EASTER EGGS SPOTTY,36,373,1229.8200000000002,3.8329729729729727
21439,BASKET OF TOADSTOOLS,240,2288,2880.09,1.5622489959839359
21440,12 MINI TOADSTOOL PEGS,95,472,597.56,1.32875
21441,BLUE BIRDHOUSE DECORATION,133,941,667.3199999999999,1.1029411764705883
21442,GREEN BIRDHOUSE DECORATION,136,974,706.63,1.1254744525547444
21443,OLIVE CHALET BIRDFEEDER,26,257,727.9300000000001,4.631923076923077
21444,BLUE CHALET BIRDFEEDER,36,291,902.0300000000001,5.461944444444445
21445,12 PINK ROSE PEG PLACE SETTINGS,146,1535,1907.23,1.5129054054054054
21446,12 RED ROSE PEG PLACE SETTINGS,232,1266,1683.61,1.4945528455284551
21447,12 IVORY ROSE PEG PLACE SETTINGS,336,2796,3868.89,1.6232369942196532
21448,12 DAISY PEGS IN WOOD BOX,211,959,1648.4799999999998,1.8827522935779817
21450,DISTRESSED CANDLE STICK WHITE,3,13,77.35,5.95
21452,TOADSTOOL MONEY BOX,408,1944,5960.76,3.4621064814814817
21454,PAINTED PINK RABBIT,194,937,807.5999999999999,0.9064974619289339
21455,PAINTED YELLOW WOODEN DAISY,167,901,797.27,0.9351461988304094
21456,2 PICTURE BOOK EGGS EASTER CHICKS,65,738,776.05,1.447878787878788
21457,2 PICTURE BOOK EGGS EASTER DUCKS,65,685,716.0,1.5447692307692307
21458,2 PICTURE BOOK EGGS EASTER BUNNY,88,768,849.24,1.635
21459,YELLOW EASTER EGG HUNT START POST,44,263,520.55,2.300909090909091
21460,GREEN EASTER EGG HUNT START POST,27,113,249.64999999999998,2.3655555555555554
21461,BLUE EASTER EGG HUNT START POST,23,82,171.04,2.336086956521739
21462,"NURSERY A,B,C PAINTED LETTERS",171,419,2465.91,6.875942857142857
21463,MIRRORED DISCO BALL,302,1370,7593.76,6.55343137254902
21464,DISCO BALL ROTATOR BATTERY OPERATED,217,559,2371.75,4.245475113122172
21465,PINK FLOWER CROCHET FOOD COVER,187,795,2883.1400000000003,4.027619047619048
21466,RED FLOWER CROCHET FOOD COVER,275,937,3517.29,3.9814285714285713
21467,CHERRY CROCHET FOOD COVER,254,1029,3278.75,4.029615384615385
21468,BUTTERFLY CROCHET FOOD COVER,142,671,2368.89,4.015170068027211
21469,POLKA DOT RAFFIA FOOD COVER,210,1173,3512.01,3.9689671361502348
21470,FLOWER VINE RAFFIA FOOD COVER,319,1118,4258.67,4.21419452887538
21471,STRAWBERRY RAFFIA FOOD COVER,319,1414,5125.63,3.91916149068323
21472,LADYBIRD + BEE RAFFIA FOOD COVER,285,1065,4111.57,4.386151202749141
21473,SWEETHEART CREAM STEEL TABLE RECT,90,157,3212.16,20.839
21474,SWEETHEART CREAM STEEL FOLDIN BENCH,94,210,4189.5,19.95
21475,SWEETHEART CREAM STEEL FOLDIN CHAIR,1,1,14.95,14.95
21476,STEEL SWEETHEART ROUND TABLE CREAM,85,142,2219.5099999999998,16.436
21477,STRING OF 20 ROSE LIGHTS,45,273,3248.94,14.872666666666666
21478,SILVER SKULL HOT WATER BOTTLE,92,204,854.23,4.4205376344086025
21479,WHITE SKULL HOT WATER BOTTLE,930,6857,34560.68,4.688001949317739
21480,PINK STRIPE HOT WATER BOTTLE,57,285,899.5200000000001,3.835
21481,FAWN BLUE HOT WATER BOTTLE,1050,8537,26925.18,3.764727921498662
21482,MUSHROOM BLUE HOT WATER BOTTLE,184,740,2296.76,3.6295135135135137
21484,CHICK GREY HOT WATER BOTTLE,864,4764,18949.600000000002,4.5689094874591065
21485,RETROSPOT HEART HOT WATER BOTTLE,1385,7872,38585.35,5.478931245745406
21486,PINK HEART DOTS HOT WATER BOTTLE,294,1152,3786.5499999999997,3.908701298701298
21488,RED WHITE SCARF  HOT WATER BOTTLE,359,2443,10266.230000000001,4.667665782493369
21489,BLUE WHITE SCARF HOT WATER BOTTLE,14,28,157.60000000000002,5.964285714285714
21490,SET OF THREE 50'S GIFT WRAPS,55,637,1210.6,2.594642857142857
21491,SET OF THREE VINTAGE GIFT WRAPS,248,2878,5367.009999999999,2.124
21493,VINTAGE DESIGN GIFT TAGS,29,272,252.45,1.0483333333333333
21494,ROTATING LEAVES T-LIGHT HOLDER,501,3926,6663.08,2.633181818181818
21495,SKULLS AND CROSSBONES WRAP,376,12515,5140.3,0.41814814814814816
21496,WOODLAND CREATURES  WRAP,1,25,10.5,0.42
21497,FANCY FONTS BIRTHDAY WRAP,485,17575,7009.5,0.41770491803278686
21498,RED RETROSPOT WRAP,802,27126,10999.92,0.4173086419753086
21499,BLUE POLKADOT WRAP,460,15402,6186.84,0.4161802575107296
21500,PINK POLKADOT WRAP,492,16125,6510.5,0.4162575452716298
21503,TOYBOX  WRAP,64,1801,740.42,0.41875
21504,SKULLS GREETING CARD,329,4973,2030.22,0.46628742514970056
21506,"FANCY FONT BIRTHDAY CARD,",665,11194,4662.0199999999995,0.48875912408759126
21507,"ELEPHANT, BIRTHDAY CARD,",584,8310,3490.36,0.5045840407470289
21508,VINTAGE KID DOLLY CARD,541,6778,2834.08,0.5174954296160877
21509,COWBOYS AND INDIANS BIRTHDAY CARD,628,8805,3631.99,0.5025354330708661
21511,VINTAGE COLLAGE  GREETING  CARD,2,40,16.8,0.42
21518,BANK ACCOUNT  GREETING  CARD,109,1119,474.32,0.504090909090909
21519,GIN & TONIC DIET GREETING CARD,553,7458,3195.35,0.5020499108734402
21520,BOOZE & WOMEN GREETING CARD,108,995,428.45,0.5313274336283186
21523,DOORMAT FANCY FONT HOME SWEET HOME,1122,7046,47194.58,8.917053182214474
21524,DOORMAT SPOTTY HOME SWEET HOME,1150,5329,36565.22,8.509889173060529
21525,BEWARE OF THE CAT DOORMAT,2,2,13.5,6.75
21527,RED RETROSPOT TRADITIONAL TEAPOT,831,3414,25493.02,8.867202797202797
21528,DAIRY MAID TRADITIONAL TEAPOT,257,904,5721.52,7.668735632183908
21529,RETRO SPOT CERAMIC TOASTRACK,152,503,1790.44,4.022302631578947
21530,DAIRY MAID TOASTRACK,162,963,1379.2800000000002,2.329112426035503
21531,RED RETROSPOT SUGAR JAM BOWL,776,4134,10318.869999999999,3.0319041614123576
21532,DAIRY MAID SUGAR JAM BOWL,90,1387,1419.71,2.386413043478261
21533,RETRO SPOT LARGE MILK JUG,954,3385,16814.370000000003,5.447029804727647
21534,DAIRY MAID LARGE MILK JUG,342,942,4793.66,5.396224783861672
21535,RED RETROSPOT SMALL MILK JUG,1111,6778,16842.1,2.8644708994708994
21536,DAIRY MAID  SMALL  MILK JUG,61,221,474.74000000000007,2.2688888888888887
21537,RED RETROSPOT PUDDING BOWL,256,1049,4526.59,4.726417910447761
21538,DAIRY MAID  PUDDING BOWL,51,1313,1943.26,3.9979245283018865
21539,RED RETROSPOT BUTTER DISH,709,2767,13769.44,5.771953551912568
21540,DAIRY MAID CERAMIC BUTTER DISH,87,1323,2394.95,4.735977011494254
21541,DINOSAURS WATER TRANSFER TATTOOS,201,1907,1636.24,1.0449261083743842
21542,WOODLAND WATER TRANSFER TATTOOS,190,1877,1600.75,1.016020942408377
21543,BUTTERFLY WATER TRANSFER TATTOOS,24,284,215.0,1.1958333333333333
21544,SKULLS  WATER TRANSFER TATTOOS,503,6128,5117.139999999999,1.0512092130518234
21545,CERAMIC BIRDHOUSE BUTTERFLY SMALL,82,697,1640.1200000000001,3.555542168674699
21547,CERAMIC BIRDHOUSE CRESTED TIT SMALL,119,728,1877.9800000000002,3.595725806451613
21548,CERAMIC BIRDHOUSE FINCH BLUE ROOF,107,682,1776.1200000000001,3.7270370370370376
21549,CERAMIC BIRDHOUSE RED ROOF SMALL,51,547,1270.39,3.3067307692307697
21550,CERAMIC BIRDHOUSE CRESTED TIT LARGE,64,295,1565.51,6.715223880597015
21551,CERAMIC BIRDHOUSE BUTTERFLY LARGE,22,169,824.95,6.8
21552,CERAMIC BIRDHOUSE BLACK ROSE  LARGE,35,165,837.6,6.259722222222222
21553,CERAMIC BIRDHOUSE FINCH BLUE  LARGE,39,90,581.27,7.881282051282051
21554,CERAMIC BIRDHOUSE RED ROOF LARGE,22,167,767.75,6.479545454545455
21555,CERAMIC STRAWBERRY TRINKET TRAY,134,431,1146.6699999999998,3.053703703703704
21556,CERAMIC STRAWBERRY MONEY BOX,293,1626,4305.45,3.2568316831683166
21557,SET OF 6 FUNKY BEAKERS,302,953,3251.04,4.16891373801917
21558,SKULL LUNCH BOX WITH CUTLERY,768,4244,10945.17,3.275421383647799
21559,STRAWBERRY LUNCH BOX WITH CUTLERY,1221,8313,20612.52,3.0598655063291136
21560,TOADSTOOL  LUNCHBOX WITH CUTLERY,4,4,15.44,3.86
21561,DINOSAUR LUNCH BOX WITH CUTLERY,522,2977,7326.82,2.901799242424242
21562,HAWAIIAN GRASS SKIRT,73,678,970.2800000000001,1.8506756756756755
21563,RED HEART SHAPE LOVE BUCKET,362,2800,6925.89,3.3251752021563346
21564,PINK  HEART SHAPE LOVE BUCKET,294,1967,4577.620000000001,3.234566666666667
21576,LETS GO SHOPPING COTTON TOTE BAG,205,742,1711.5,2.523
21577,SAVE THE PLANET COTTON TOTE BAG,464,2592,5825.62,2.7358872651356996
21578,WOODLAND DESIGN  COTTON TOTE BAG,380,2215,5088.17,2.6100769230769227
21579,LOLITA  DESIGN  COTTON TOTE BAG,136,1038,1583.9099999999999,2.5964539007092196
21580,RABBIT  DESIGN  COTTON TOTE BAG,172,550,1347.6299999999999,2.8452571428571427
21581,SKULLS  DESIGN  COTTON TOTE BAG,203,1188,1935.17,2.6667289719626166
21582,KINGS CHOICE SMALL TUBE MATCHES,16,117,193.04999999999998,1.65
21584,RETROSPOT SMALL TUBE MATCHES,352,3840,6187.2,1.6478891820580475
21585,SWALLOW SMALL TUBE MATCHES,1,1,1.65,1.65
21586,KINGS CHOICE GIANT TUBE MATCHES,238,2657,6185.85,2.514285714285714
21587,COSY HOUR GIANT TUBE MATCHES,260,2201,5482.95,2.5405923344947734
21588,RETROSPOT GIANT TUBE MATCHES,284,3390,7848.0,2.5243288590604025
21589,SWALLOW GIANT TUBE MATCHES,88,1119,2583.4500000000003,2.5044943820224717
21590,KINGS CHOICE CIGAR BOX MATCHES,286,3448,4141.28,1.246135593220339
21591,COSY HOUR CIGAR BOX MATCHES,365,4084,6135.58,1.2619796954314721
21592,RETROSPOT CIGAR BOX MATCHES,476,5971,6671.21,1.1947105788423154
21593,SWALLOW CIGAR BOX MATCHES,94,1391,1629.31,1.2480208333333334
21594,Dr. Jam's Arouzer Stress Ball,5,6,25.27,4.211666666666667
21595,Dad's Cab Electronic Meter,9,11,93.89,8.535454545454545
21596,Hypochondriac Pill Stress Ball,9,10,42.64,4.26
21609,SET 12 LAVENDER  BOTANICAL T-LIGHTS,218,1513,4230.55,3.0442222222222224
21610,SET 12 PEAR BOTANICAL T-LIGHTS,97,542,1543.67,3.043571428571429
21611,SET OF 12 LILY BOTANICAL T-LIGHTS,148,750,2182.19,3.1227814569536427
21612,SET 12 WILDFLOWER BOTANICAL T-LIGHT,113,698,2025.7700000000002,3.2462280701754387
21613,S/12 VANILLA  BOTANICAL T-LIGHTS,145,636,1873.2500000000002,3.0775838926174495
21614,SET OF 12 ROSE BOTANICAL T-LIGHTS,194,1627,4538.17,3.0643147208121833
21615,4 LAVENDER BOTANICAL DINNER CANDLES,169,1174,2331.17,2.3584393063583815
21616,4 PEAR BOTANICAL DINNER CANDLES,191,1163,2499.83,2.4853266331658292
21617,4 LILY  BOTANICAL DINNER CANDLES,169,850,2195.01,2.959257142857143
21618,4 WILDFLOWER BOTANICAL CANDLES,139,702,1842.61,2.950067567567568
21619,4 VANILLA BOTANICAL CANDLES,212,1132,2076.64,2.427196261682243
21620,SET OF 4 ROSE BOTANICAL CANDLES,222,1088,2210.48,2.537105263157895
21621,VINTAGE UNION JACK BUNTING,1292,6931,60549.54,9.300507960576194
21622,VINTAGE UNION JACK CUSHION COVER,626,3728,20080.49,5.8304238618524336
21623,VINTAGE UNION JACK MEMOBOARD,530,7196,52082.93,10.232112932604736
21624,VINTAGE UNION JACK DOORSTOP,403,1783,10712.55,6.607250608272506
21625,VINTAGE UNION JACK APRON,334,1007,7234.87,8.227959770114943
21626,VINTAGE UNION JACK PENNANT,204,1511,3053.1,2.3533809523809524
21627,ELEPHANT CARNIVAL POUFFE,115,200,3870.7799999999997,22.68966386554622
21628,TRIANGULAR POUFFE VINTAGE,87,166,3215.18,22.562727272727273
21629,SQUARE FLOOR CUSHION VINTAGE RED,105,179,1977.27,11.898130841121494
21630,FLOOR CUSHION ELEPHANT CARNIVAL,95,167,2037.6,13.737373737373737
21631,HIPPY CHIC DECORATIVE PARASOL,54,221,1571.75,10.77962962962963
21632,VINTAGE PINK DECORATIVE PARASOL,53,133,1101.71,11.435555555555554
21633,SUNFLOWER DECORATIVE PARASOL,72,175,1663.11,13.04888888888889
21634,ASSORTED MINI MADRAS NOTEBOOK,69,1773,1512.76,1.396056338028169
21635,MADRAS NOTEBOOK LARGE,42,403,873.99,3.310888888888889
21636,MADRAS NOTEBOOK MEDIUM,98,1014,985.74,1.4927722772277225
21637,ASSORTED SANSKRIT MINI NOTEBOOK,93,1358,1741.72,1.8408602150537634
21638,ASSORTED TUTTI FRUTTI NOTEBOOK,142,1039,2275.61,2.482466666666667
21639,ASSORTED TUTTI FRUTTI KEYRING,15,259,228.64999999999998,0.9633333333333333
21640,ASSORTED TUTTI FRUTTI  FOB NOTEBOOK,205,2228,2053.5699999999997,1.1012442396313364
21641,ASSORTED TUTTI FRUTTI KEYRING BALL,111,1674,959.5899999999999,1.2444827586206895
21642,ASSORTED TUTTI FRUTTI PEN,251,4420,2584.37,0.8863396226415095
21643,ASSORTED TUTTI FRUTTI MIRROR,204,1536,2161.81,1.8728571428571426
21644,ASSORTED TUTTI FRUTTI HEART BOX,137,1089,1463.97,1.4370833333333333
21645,ASSORTED TUTTI FRUTTI ROUND BOX,133,969,1642.6499999999999,1.844148148148148
21647,ASSORTED TUTTI FRUTTI LARGE PURSE,144,850,1903.4800000000002,2.5597333333333334
21648,ASSORTED TUTTI FRUTTI SMALL PURSE,231,2987,4044.21,1.8517427385892116
21649,ASSORTED TUTTI FRUTTI PHOTO FRAME,29,421,1162.89,3.3486206896551725
21650,ASSORTED TUTTI FRUTTI BRACELET,197,3212,1171.02,0.673066037735849
21651,HANGING GLASS ETCHED TEALIGHT,124,1399,2266.4799999999996,1.8502307692307693
21652,GLASS ETCHED T-LIGHT HOLDER MEDIUM,78,896,1747.9399999999998,2.098860759493671
21653,GLASS ETCHED T-LIGHT HOLDER LARGE,111,1246,2565.67,2.266086956521739
21654,RIDGED GLASS FINGER BOWL,82,1189,828.91,1.2816666666666667
21655,HANGING RIDGE GLASS T-LIGHT HOLDER,89,1396,2277.5,1.9567415730337079
21656,RIDGED GLASS POSY VASE,140,989,1627.98,2.069154929577465
21657,MILK BOTTLE WITH GLASS STOPPER,118,270,2065.21,8.509268292682927
21658,GLASS  BEURRE DISH,519,2257,9434.45,5.3474814814814815
21659,GLASS CAKE STAND,66,120,1891.7,17.163636363636364
21661,VINTAGE GLASS TEA CADDY,98,239,1511.3100000000002,7.073838383838384
21662,VINTAGE GLASS COFFEE CADDY,106,273,1776.6100000000001,7.488545454545455
21663,VINTAGE GLASS SUGAR CADDY,32,76,488.16,7.245625
21664,RIDGED GLASS STORAGE JAR CREAM LID,67,267,1064.82,4.225972222222222
21665,TRIANGULAR RIDGED GLASS POSY HOLDER,75,879,638.8000000000001,1.088974358974359
21666,RIDGED GLASS T-LIGHT HOLDER,85,1761,1106.8100000000002,0.8288505747126437
21667,GLASS CAKE COVER AND PLATE,163,354,6126.25,18.958098159509202
21668,RED STRIPE CERAMIC DRAWER KNOB,825,10391,13958.039999999999,1.6430274135876044
21669,BLUE STRIPE CERAMIC DRAWER KNOB,805,10669,13971.07,1.5681927710843373
21670,BLUE SPOT CERAMIC DRAWER KNOB,767,8918,12183.789999999999,1.6403324808184143
21671,RED SPOT CERAMIC DRAWER KNOB,727,9552,12426.88,1.6141407307171853
21672,WHITE SPOT RED CERAMIC DRAWER KNOB,815,11172,14479.91,1.5954316546762588
21673,WHITE SPOT BLUE CERAMIC DRAWER KNOB,763,10221,13497.51,1.6333546734955184
21674,RIDGED GLASS PENDANT LAMPSHADE,9,43,680.8499999999999,16.505555555555553
21675,BUTTERFLIES STICKERS,268,1817,1610.6399999999999,1.0546739130434781
21676,FLOWERS  STICKERS,159,1212,909.87,1.0108024691358024
21677,HEARTS  STICKERS,279,2176,1909.2099999999998,1.002326388888889
21678,PAISLEY PATTERN  STICKERS,80,580,430.60999999999996,0.9795180722891565
21679,SKULLS  STICKERS,370,4931,4088.7499999999995,1.0584880636604774
21680,WOODLAND  STICKERS,268,2927,2543.95,1.1394927536231885
21681,GIANT MEDINA STAMPED METAL BOWL,79,233,2234.81,10.156375
21682,LARGE MEDINA STAMPED METAL BOWL,152,579,2866.59,5.274129032258065
21683,MEDIUM MEDINA STAMPED METAL BOWL,152,962,2837.13,3.318343949044586
21684,SMALL MEDINA STAMPED METAL BOWL,104,1735,1395.74,1.1309174311926604
21685,MEDINA STAMPED METAL TRAY,2,3,44.849999999999994,14.95
21686,MEDINA STAMPED METAL STOOL,33,66,2500.09,39.31441176470588
21687,SILVER PLATE CANDLE BOWL LARGE,101,477,1871.23,4.647358490566038
21688,SILVER PLATE CANDLE BOWL SMALL,142,955,2975.4600000000005,3.5969127516778525
21689,SILVER VANILLA  FLOWER CANDLE POT,60,343,1271.87,4.098888888888889
21690,SILVER  CANDLEPOT JARDIN,82,276,1058.34,3.948279569892473
21691,SILVER VANILLA FLOWER CANDLE POT,72,249,960.99,3.9889873417721518
21692,SILVER LATTICE VANILLA CANDLE POT,111,510,1936.62,4.015691056910569
21693,SMALL HAMMERED SILVER CANDLEPOT,120,905,2757.8,3.388492063492064
21694,SMALL REGAL  SILVER CANDLEPOT,70,580,1663.96,3.2620547945205485
21695,SMALL SILVER FLOWER CANDLE POT,102,642,1987.5800000000002,3.614519230769231
21696,SMALL SILVER TRELLIS CANDLEPOT,107,768,2310.15,3.2701801801801804
21697,SET 5 MINI DOUGHNUT FRIDGE MAGNET,7,372,295.08000000000004,1.4914285714285713
21698,MOCK LOBSTER FRIDGE MAGNET,112,536,408.96999999999997,1.2534745762711863
21699,SET 5 MINI CHOCOLATE FRIDGE MAGNETS,3,108,82.44,1.2266666666666666
21700,BIG DOUGHNUT FRIDGE MAGNETS,525,6421,7177.8099999999995,3.2864088397790057
21702,SET 5 MINI GATEAUX  FRIDGE MAGNETS,8,2636,918.6800000000001,1.3425
21703,BAG 125g SWIRLY MARBLES,561,14795,5741.47,0.49870085470085473
21704,BAG 250g SWIRLY MARBLES,568,17299,13343.349999999999,0.9845144804088586
21705,BAG 500g SWIRLY MARBLES,225,2563,3210.66,1.8314468085106383
21706,FOLDING UMBRELLA RED/WHITE POLKADOT,254,1355,5086.96,5.247992277992278
21707,FOLDING UMBRELLA BLACKBLUE POLKADOT,172,1005,4184.95,4.954418604651163
21708,FOLDING UMBRELLA CREAM POLKADOT,129,612,2341.43,4.724274809160305
21709,FOLDING UMBRELLA CHOCOLATE POLKADOT,117,698,2886.62,5.145378151260505
21710,FOLDING UMBRELLA PINKWHITE POLKADOT,110,730,2265.25,5.025565217391305
21711,FOLDING UMBRELLA WHITE/RED POLKADOT,71,384,1570.78,5.293013698630137
21713,CITRONELLA CANDLE FLOWERPOT,391,2747,5179.06,2.3870927318295743
21714,CITRONELLA CANDLE GARDEN POT,522,4286,6188.66,1.7589204545454544
21715,GIRLS VINTAGE TIN SEASIDE BUCKET,487,3564,9017.8,3.2583603238866394
21716,BOYS VINTAGE TIN SEASIDE BUCKET,496,3734,9490.94,3.3474059405940593
21717,EASTER TIN BUCKET,176,1555,4044.69,2.939322033898305
21718,RED METAL BEACH SPADE,467,4044,5270.32,1.6704439746300213
21719,LOVELY BONBON STICKER SHEET,141,938,841.9599999999999,1.0715894039735099
21720,CAKE SHOP  STICKER SHEET,112,1081,940.8599999999999,1.0264035087719297
21721,CANDY SHOP  STICKER SHEET,144,1139,1041.87,1.1596129032258062
21722,SWEET PUDDING STICKER SHEET,79,363,343.78,1.1655952380952381
21723,ALPHABET HEARTS STICKER SHEET,135,895,796.2099999999999,1.033450704225352
21724,PANDA AND BUNNIES STICKER SHEET,178,1038,926.4699999999999,1.0203208556149732
21725,SWEETIES  STICKERS,173,1157,1062.4199999999998,1.1605524861878453
21726,MULTI HEARTS  STICKERS,155,1105,956.41,0.9787804878048779
21728,METAL MEDINA LANTERN,40,298,2773.11,13.710249999999998
21729,SMALL MARAKESH METAL  LANTERN,30,124,422.9,4.051290322580646
21730,GLASS STAR FROSTED T-LIGHT HOLDER,293,1269,6228.89,5.3860429447852765
21731,RED TOADSTOOL LED NIGHT LIGHT,1537,29696,49508.34,2.2361727616645646
21732,RED HANGING METAL STAR TLIGHT HLDR,58,925,3214.57,3.8156666666666665
21733,RED HANGING HEART T-LIGHT HOLDER,1760,17960,51441.92,3.098570652173913
21734,SMALL MARAKESH LANTERN ON STICK,29,97,529.49,5.727666666666667
21735,TWO DOOR CURIO CABINET,262,887,11503.15,15.281119402985073
21736,GOLD SCROLL GLASS T-LIGHT HOLDER,27,193,393.69000000000005,2.343571428571429
21737,SET 3 WICKER LOG BASKETS,164,398,7362.66,19.868048780487804
21738,COSY SLIPPER SHOES SMALL  RED,131,442,1390.5100000000002,3.5237671232876715
21739,COSY SLIPPER SHOES SMALL GREEN,177,509,1496.1000000000001,3.050274725274725
21740,COSY SLIPPER SHOES LARGE RED,66,201,698.0100000000001,3.687910447761194
21741,COSY SLIPPER SHOES LARGE GREEN,190,733,2394.07,3.8379695431472083
21742,LARGE ROUND WICKER PLATTER,193,439,2665.9500000000003,6.086142131979695
21743,STAR PORTABLE TABLE LIGHT,182,1443,4197.77,3.5686934673366837
21744,SNOWFLAKE PORTABLE TABLE LIGHT,217,923,2782.7500000000005,3.197991266375546
21745,GAOLERS KEYS DECORATIVE GARDEN,486,2732,9321.32,3.9601207243460768
21746,SMALL RED RETROSPOT WINDMILL,488,5969,7477.12,1.513006012024048
21747,SMALL SKULL WINDMILL,153,2049,2452.35,1.4423376623376625
21749,LARGE RED RETROSPOT WINDMILL,286,5661,10997.820000000002,2.5550347222222225
21750,LARGE SKULL WINDMILL,62,312,676.48,2.456825396825397
21752,GLASS CAKE STAND MIRRORED BASE,37,77,1244.81,17.717027027027026
21754,HOME BUILDING BLOCK WORD,2066,7796,47774.740000000005,6.59649765258216
21755,LOVE BUILDING BLOCK WORD,1696,5726,35356.39,6.688029867892016
21756,BATH BUILDING BLOCK WORD,581,1655,10222.16,6.579883333333334
21757,LIGHTHOUSE PRINTED METAL SIGN,42,80,454.3,6.3058139534883715
21758,VINTAGE SHELLS PRINT,79,138,1107.92,9.149024390243902
21759,METAL WALL SHELF UNIT WITH HOOKS,13,30,1274.47,54.18692307692308
21760,FRENCH STYLE WALL DRESSER,12,15,1740.0,116.92307692307692
21761,WOOD AND GLASS MEDICINE CABINET,24,67,1874.65,29.603846153846153
21763,VINTAGE WOODEN BAR STOOL,17,43,1157.8999999999999,27.95294117647059
21764,VINTAGE WOODEN PLATE RACK,11,17,659.1500000000001,39.49545454545455
21765,HANGING METAL BIRD BATH,143,371,3076.39,9.029794520547947
21767,FRENCH STYLE WIRE DOOR CABINET,1,1,29.95,29.95
21768,WALL MOUNTED VINTAGE ORGANISER,163,497,6756.09,18.043353658536585
21769,VINTAGE POST OFFICE CABINET,48,134,8562.52,77.176
21770,OPEN CLOSED METAL SIGN,651,2991,14807.300000000001,5.4356748466257665
21772,VINTAGE METAL CAKE STAND CREAM,1,1,12.75,12.75
21773,DECORATIVE ROSE BATHROOM BOTTLE,308,1663,1936.99,1.925520504731861
21774,DECORATIVE CATS BATHROOM BOTTLE,368,1744,2196.2599999999998,2.016089238845144
21775,DECORATIVE FLORE BATHROOM BOTTLE,277,882,1346.37,2.018339222614841
21777,RECIPE BOX WITH METAL HEART,367,1138,9170.91,9.079117647058824
21779,MA CAMPAGNE MINI WOODEN CHEST,22,301,1097.8000000000002,4.612272727272727
21780,MA CAMPAGNE 4 DRAWER WALL SHELF,32,203,1745.85,10.9125
21781,MA CAMPAGNE CUTLERY BOX,363,661,10215.42,16.528198924731182
21784,SHOE SHINE BOX,178,298,3617.8799999999997,12.59929347826087
21785,RAIN PONCHO,100,2008,1517.99,0.9946153846153846
21786,POLKADOT RAIN HAT,450,7785,3186.87,0.6253765690376569
21787,RAIN PONCHO RETROSPOT,469,15184,11986.36,1.042680412371134
21788,KIDS RAIN MAC BLUE,206,3399,2745.49,0.9101401869158877
21789,KIDS RAIN MAC PINK,218,2947,2461.64,0.9401339285714286
21790,VINTAGE SNAP CARDS,1888,27904,24063.3,1.0097694672131148
21791,VINTAGE HEADS AND TAILS CARD GAME,1313,18532,23926.98,1.4930263157894736
21792,CLASSIC FRENCH STYLE BASKET GREEN,141,495,2531.4500000000003,6.021830985915493
21793,CLASSIC FRENCH STYLE BASKET BROWN,102,353,1627.3600000000001,5.173203883495146
21794,CLASSIC FRENCH STYLE BASKET NATURAL,178,716,3585.98,6.090220994475137
21795,SET OF 3 BLUE STRIPE BASKET,80,441,3734.9400000000005,13.154124999999999
21796,SET OF 3 RED STRIPE BASKETS,67,324,2782.19,12.662089552238806
21801,CHRISTMAS TREE DECORATION WITH BELL,258,3753,1618.71,0.45592727272727274
21802,CHRISTMAS TREE HEART DECORATION,323,4731,2067.58,0.48638483965014573
21803,CHRISTMAS TREE STAR DECORATION,322,4780,2074.56,0.4680058651026393
21804,WHITE CHRISTMAS GARLAND STARS TREES,137,612,2308.85,3.890939597315436
21805,WHITE CHRISTMAS TREE DECORATION,103,2221,957.63,0.5065714285714286
21806,WHITE CHRISTMAS HEART DECORATION,128,2707,1179.4299999999998,0.4993939393939394
21807,WHITE CHRISTMAS STAR DECORATION,172,3395,1495.57,0.5098404255319149
21808,"CHRISTMAS GARLAND STARS,TREES",144,1014,2764.28,3.6035810810810815
21809,CHRISTMAS HANGING TREE WITH BELL,207,3045,2479.25,1.2669090909090908
21810,CHRISTMAS HANGING STAR WITH BELL,344,7009,4455.8099999999995,0.9984986595174262
21811,HANGING HEART WITH BELL,382,6446,4723.54,1.173695652173913
21812,GARLAND WITH HEARTS AND BELLS,205,833,4076.9700000000003,5.674507042253522
21813,GARLAND WITH STARS AND BELLS,184,842,3957.7000000000003,5.6628643216080405
21814,HEART T-LIGHT HOLDER,95,685,1039.81,1.8194174757281554
21815,STAR  T-LIGHT HOLDER,92,736,1167.37,1.9047115384615385
21816,CHRISTMAS TREE T-LIGHT HOLDER,50,424,640.24,1.6946153846153846
21817,GLITTER CHRISTMAS TREE,130,1760,1139.24,0.7388028169014085
21818,GLITTER CHRISTMAS HEART,285,4390,2714.35,0.7246394984326019
21819,GLITTER CHRISTMAS STAR,248,3896,2289.6,0.717175572519084
21820,GLITTER HEART GARLAND WITH BELLS,180,828,3267.75,4.708290155440415
21821,GLITTER STAR GARLAND WITH BELLS,153,723,2935.06,4.941515151515151
21822,GLITTER CHRISTMAS TREE WITH BELLS,142,1048,1420.06,1.6050666666666666
21823,PAINTED METAL HEART WITH HOLLY BELL,212,2482,2474.14,1.3363090128755366
21824,PAINTED METAL STAR WITH HOLLY BELLS,211,2800,2379.0899999999997,1.1369333333333334
21825,PAINTED METAL TREE WITH HOLLY BELLS,75,733,1053.1899999999998,1.546875
21826,EIGHT PIECE DINOSAUR SET,240,1825,2373.24,1.4827413127413127
21827,EIGHT PIECE CREEPY CRAWLIE SET,134,840,1075.14,1.3632413793103448
21828,EIGHT PIECE SNAKE  SET,180,1113,1414.18,1.4984126984126984
21829,DINOSAUR KEYRINGS ASSORTED,409,15137,3270.2,0.2662380952380952
21830,ASSORTED CREEPY CRAWLIES,256,7975,3320.46,0.46406593406593405
21832,CHOCOLATE CALCULATOR,459,3431,6020.99,2.2774791666666667
21833,CAMOUFLAGE LED TORCH,444,6557,11208.35,2.0658478260869564
21836,GINGHAM OVEN GLOVE RED HEART,100,252,1022.88,4.393398058252427
21837,CROSS STITCH ALPHABET CUSHION COVER,91,244,1622.64,7.640989010989012
21838,DADDY MOUSE RED GINGHAM BOW TIE,1,1,5.45,5.45
21839,MUMMY MOUSE RED GINGHAM RIBBON,83,201,1085.5900000000001,5.499036144578313
21841,BABY MOUSE RED GINGHAM DRESS,132,437,1857.47,4.4216417910447765
21842,PINK HEART CANDY BUTTON CALCULATOR,47,551,1308.74,3.0110638297872336
21843,RED RETROSPOT CAKE STAND,1527,6263,66348.54999999999,12.207886334610473
21844,RED RETROSPOT MUG,494,5430,15518.320000000002,3.3184387351778657
21845,DAIRY MAID STRIPE MUG,158,2539,3811.51,2.1783125
21846,PINK DIAMANTE PEN IN GIFT BOX,264,1625,3907.4,3.9247445255474447
21847,GREEN  DIAMANTE PEN IN GIFT BOX,71,348,679.58,3.2754794520547943
21849,SILVER DIAMANTE PEN IN GIFT BOX,134,658,1602.08,3.7645454545454546
21850,BLUE  DIAMANTE PEN IN GIFT BOX,106,459,1127.2,3.9378761061946905
21851,LILAC DIAMANTE PEN IN GIFT BOX,149,644,1544.62,3.9796202531645566
21852,EMPIRE TEDDY,2,2,13.9,6.95
21853,GUMBALL CUSTOM CARS TOP TRUMPS GAME,3,3,15.399999999999999,5.133333333333333
21854,EURO FOOTBALL STARS TOP TRUMPS GAME,1,1,5.17,5.17
21857,STAR WARS TOP TRUMPS GAME,2,2,10.23,5.115
21858,HIGH SCHOOL MUSICAL 3 TOP TRUMPS,2,2,10.23,5.115
21860,DR WHO TOP TRUMPS GAME,1,1,5.17,5.17
21864,UNION JACK FLAG PASSPORT COVER,411,1960,4681.58,2.7533489461358314
21865,PINK UNION JACK  PASSPORT COVER,297,902,2102.46,2.609640522875817
21866,UNION JACK FLAG LUGGAGE TAG,453,2209,3681.14,1.7725902335456476
21867,PINK UNION JACK  LUGGAGE TAG,288,1166,1591.6299999999999,1.5329581993569132
21868,POTTING SHED TEA MUG,881,9235,11383.72,1.6297797356828192
21869,POTTING SHED COFFEE MUG,111,1264,1469.5800000000002,1.348125
21870,I CAN ONLY PLEASE ONE PERSON MUG,630,6377,7999.28,1.556127080181543
21871,SAVE THE PLANET MUG,779,11654,13900.51,1.7313006134969324
21872,GLAMOROUS  MUG,330,5118,5204.74,1.548372781065089
21873,IF YOU CAN'T STAND THE HEAT MUG,199,2065,2430.87,1.6730541871921183
21874,GIN AND TONIC MUG,617,6467,8424.34,1.8419158878504673
21875,KINGS CHOICE MUG,414,6854,7946.070000000001,1.7200468384074943
21876,POTTERING MUG,623,5718,7460.09,2.0026242236024845
21877,HOME SWEET HOME MUG,755,14154,16083.97,1.5771761658031087
21878,PACK OF 6 SANDCASTLE FLAGS ASSORTED,403,5591,4591.54,1.0596125907990315
21879,HEARTS GIFT TAPE,152,1576,672.71,0.7598089171974521
21880,RED RETROSPOT TAPE,329,2519,1314.24,0.6553134328358209
21881,CUTE CATS TAPE,118,1345,563.4,0.8299166666666667
21882,SKULLS TAPE,119,1060,505.65000000000003,0.77936
21883,STARS GIFT TAPE,226,2413,1243.75,0.7387499999999999
21884,CAKES AND BOWS GIFT  TAPE,161,1454,672.5600000000001,1.0043975903614457
21888,BINGO SET,825,3581,14152.84,4.620257913247362
21889,WOODEN BOX OF DOMINOES,1123,13212,17612.57,1.5617881355932204
21890,S/6 WOODEN SKITTLES IN COTTON BAG,547,3538,10625.75,3.7424436741767764
21891,TRADITIONAL WOODEN SKIPPING ROPE,835,12249,15713.0,1.5398868778280543
21892,TRADITIONAL WOODEN CATCH CUP GAME,818,7953,10346.57,1.5755606936416184
21893,POTTING SHED SEED TIN,20,172,587.8,5.4975000000000005
21894,POTTING SHED SEED ENVELOPES,247,1345,1877.47,1.7440466926070037
21895,POTTING SHED SOW 'N' GROW SET,85,557,1731.35,4.887386363636364
21896,POTTING SHED TWINE,290,2395,4975.610000000001,2.5116107382550337
21897,POTTING SHED CANDLE CITRONELLA,106,866,2641.36,3.107037037037037
21898,POTTING SHED ROSE CANDLE,113,827,2538.81,3.0016239316239317
21899,"KEY FOB , GARAGE DESIGN",622,6783,4398.08,0.8143188854489163
21900,"KEY FOB , SHED",835,8458,5622.950000000001,0.866199304750869
21901,"KEY FOB , BACK DOOR",688,6274,4141.96,0.811997226074896
21902,"KEY FOB , FRONT  DOOR",474,5440,3461.69,0.7797791164658634
21903,MAN FLU METAL SIGN,407,3468,7001.39,2.468345153664303
21904,HOUSE WRECKING METAL SIGN,145,762,1212.02,2.0904026845637587
21905,MORE BUTTER METAL SIGN,263,1623,2157.87,1.693045112781955
21906,PHARMACIE FIRST AID TIN,424,1813,13143.550000000001,8.474136363636363
21907,I'M ON HOLIDAY METAL SIGN,771,5242,11022.230000000001,2.2832826362484155
21908,CHOCOLATE THIS WAY METAL SIGN,974,9839,19479.510000000002,2.4692430278884463
21910,WAY OUT METAL SIGN,111,1067,1399.83,1.760535714285714
21911,GARDEN METAL SIGN,344,2566,4120.69,2.0561363636363637
21912,VINTAGE SNAKES & LADDERS,828,3791,14934.74,4.695017667844523
21913,VINTAGE SEASIDE JIGSAW PUZZLES,298,1155,4423.2,4.391844660194175
21914,BLUE HARMONICA IN BOX,963,13308,18194.35,1.453886679920477
21915,RED  HARMONICA IN BOX,1025,38088,44680.05,1.4053998118532456
21916,SET 12 RETRO WHITE CHALK STICKS,713,11124,4803.17,0.5180188679245283
21917,SET 12 KIDS  WHITE CHALK STICKS,467,8052,3345.73,0.49899999999999994
21918,SET 12 KIDS COLOUR  CHALK STICKS,788,14730,6077.099999999999,0.5243014705882353
21919,Electronic Talking Breath-A-Loser,5,6,30.47,5.081999999999999
21922,UNION STRIPE WITH FRINGE  HAMMOCK,388,1449,11273.970000000001,8.894147582697201
21923,RED/CREAM STRIPE FRINGE HAMMOCK,119,337,2662.64,8.58436974789916
21924,BLUE/CREAM STRIPE FRINGE HAMMOCK,123,315,2486.6600000000003,8.614596774193549
21925,UNION STRIPE CUSHION COVER,167,1213,1577.33,1.5755882352941177
21926,RED/CREAM STRIPE CUSHION COVER,147,1009,1325.27,1.5961224489795918
21927,BLUE/CREAM STRIPE CUSHION COVER,192,1284,1758.24,1.6855670103092784
21928,JUMBO BAG SCANDINAVIAN PAISLEY,1542,24743,47023.18,2.476479949077021
21929,JUMBO BAG PINK VINTAGE PAISLEY,1619,25937,50300.82,2.5051544518473654
21930,JUMBO STORAGE BAG SKULLS,1321,13640,27888.86,2.5202565982404694
21931,JUMBO STORAGE BAG SUKI,2329,29489,62257.72,2.5339296187683282
21932,SCANDINAVIAN PAISLEY PICNIC BAG,649,3884,8539.92,2.437040971168437
21933,PINK VINTAGE PAISLEY PICNIC BAG,625,4139,9161.4,2.4531875
21934,SKULL SHOULDER BAG,725,4643,8394.72,2.2097564276048716
21935,SUKI  SHOULDER BAG,921,7209,13353.81,2.334862869198312
21936,RED RETROSPOT PICNIC BAG,1046,7823,22818.09,3.641478342749529
21937,STRAWBERRY   PICNIC BAG,657,4114,12091.96,3.614947683109118
21942,SKULLS DESIGN FLANNEL,221,1689,1164.5,1.2745922746781113
21943,CAKES AND RABBITS DESIGN FLANNEL,149,593,532.48,1.110794701986755
21944,KITTENS DESIGN FLANNEL,204,1797,1119.29,1.1627142857142856
21945,STRAWBERRIES  DESIGN FLANNEL,240,1891,1345.52,1.2708695652173911
21946,PARTY TIME DESIGN FLANNEL,67,625,358.96999999999997,0.9995522388059701
21947,SET OF 6 HEART CHOPSTICKS,298,1691,2326.59,1.7240453074433657
21948,SET OF 6 CAKE CHOPSTICKS,267,2308,2950.19,1.8870503597122303
21949,SET OF 6 STRAWBERRY CHOPSTICKS,269,2636,3224.28,1.7779359430604982
21950,SET OF 6 DOTS CHOPSTICKS,18,211,263.63,2.3994444444444443
21955,DOORMAT UNION JACK GUNS AND ROSES,729,3933,23949.35,8.606336898395721
21967,PACK OF 12 SKULL TISSUES,479,15898,4478.9,0.42270216962524654
21972,SET OF 36 DINOSAUR PAPER DOILIES,171,1055,1560.82,1.644502923976608
21973,SET OF 36 MUSHROOM PAPER DOILIES,210,1676,2428.73,1.7939810426540284
21974,SET OF 36 PAISLEY FLOWER DOILIES,808,7059,10656.3,1.9928553921568628
21975,PACK OF 60 DINOSAUR CAKE CASES,1303,31481,15330.25,0.6315436241610739
21976,PACK OF 60 MUSHROOM CAKE CASES,950,14745,7905.88,0.7721574642126791
21977,PACK OF 60 PINK PAISLEY CAKE CASES,1993,56625,28413.63,0.7137743190661479
21980,PACK OF 12 RED RETROSPOT TISSUES,676,31546,8712.99,0.3874639769452449
21981,PACK OF 12 WOODLAND TISSUES,553,26425,7200.23,0.46708620689655167
21982,PACK OF 12 SUKI TISSUES,718,32371,10495.89,0.4531746031746031
21983,PACK OF 12 BLUE PAISLEY TISSUES,325,6272,1924.7199999999998,0.41902077151335315
21984,PACK OF 12 PINK PAISLEY TISSUES,432,25487,7070.67,0.41652654867256633
21985,PACK OF 12 HEARTS DESIGN TISSUES,919,25648,9015.56,0.41050473186119874
21986,PACK OF 12 PINK POLKADOT TISSUES,469,13528,4806.25,0.41619047619047617
21987,PACK OF 6 SKULL PAPER CUPS,385,6434,3999.11,0.7305822784810126
21988,PACK OF 6 SKULL PAPER PLATES,416,7854,5847.83,0.9524590163934425
21989,PACK OF 20 SKULL PAPER NAPKINS,654,8571,6811.83,1.0813063063063062
21990,MODERN FLORAL STATIONERY SET,497,2493,4635.78,2.275438596491228
21991,BOHEMIAN COLLAGE STATIONERY SET,289,1118,1966.07,2.252857142857143
21992,VINTAGE PAISLEY STATIONERY SET,656,3423,7014.97,2.432955882352941
21993,FLORAL FOLK STATIONERY SET,577,2898,5350.19,2.2812436974789914
22016,Dotcomgiftshop Gift Voucher £100.00,1,1,83.33,83.33
22021,BLUE FELT EASTER EGG BASKET,233,1437,2469.91,1.7885355648535564
22023,EMPIRE BIRTHDAY CARD,430,5028,2101.18,0.5323972602739726
22024,RAINY LADIES BIRTHDAY CARD,439,5454,2284.75,0.55834451901566
22025,RING OF ROSES BIRTHDAY CARD,288,3987,1650.93,0.5378006872852233
22026,BANQUET BIRTHDAY  CARD,366,4054,1728.4,0.5350677506775068
22027,TEA PARTY BIRTHDAY CARD,845,11387,4846.87,0.5231701631701632
22028,PENNY FARTHING BIRTHDAY CARD,507,6384,2683.65,0.5323929961089494
22029,SPACEBOY BIRTHDAY CARD,1101,17799,7365.65,0.508248436103664
22030,SWALLOWS GREETING CARD,685,12867,5253.28,0.4642857142857143
22031,BOTANICAL LAVENDER BIRTHDAY CARD,142,1137,499.03000000000003,0.5165034965034965
22032,BOTANICAL LILY GREETING CARD,111,980,418.12,0.46522522522522525
22033,BOTANICAL ROSE GREETING CARD,128,1603,681.93,0.481640625
22034,ROBIN CHRISTMAS CARD,94,1620,674.75,0.4508421052631579
22035,VINTAGE CARAVAN GREETING CARD,360,4097,1737.98,0.5553846153846154
22036,DINOSAUR BIRTHDAY CARD,135,1649,695.11,0.49740740740740735
22037,ROBOT BIRTHDAY CARD,634,7144,3076.08,0.5231839258114374
22038,BOTANICAL LAVENDER GIFT WRAP,45,1150,481.0,0.4182222222222222
22039,BOTANICAL LILY GIFT WRAP,30,850,353.0,0.41466666666666663
22040,BOTANICAL ROSE GIFT WRAP,94,2815,1144.3,0.41659574468085103
22041,"RECORD FRAME 7"" SINGLE SIZE",555,7861,19371.46,3.5406932409012133
22042,CHRISTMAS CARD SINGING ANGEL,128,1805,655.52,0.4081159420289855
22043,CHRISTMAS CARD SCREEN PRINT,125,2222,629.88,0.33607692307692305
22044,CHRISTMAS CARD STACK OF PRESENTS,89,2000,575.48,0.3282795698924731
22045,SPACEBOY GIFT WRAP,473,14642,6023.64,0.4189098532494759
22046,TEA PARTY  WRAPPING PAPER,208,6375,2613.5,0.41846153846153844
22047,EMPIRE GIFT WRAP,261,8250,3351.0,0.4179310344827586
22048,BIRTHDAY BANQUET GIFT WRAP,102,2840,1176.8,0.4192233009708738
22049,WRAP CHRISTMAS SCREEN PRINT,114,3575,1047.25,0.2981196581196581
22050,PINK PAISLEY ROSE GIFT WRAP,115,3325,1364.5,0.41862068965517235
22051,BLUE SCANDINAVIAN PAISLEY WRAP,116,3200,1328.0,0.4193162393162393
22052,VINTAGE CARAVAN GIFT WRAP,128,3600,1492.0,0.4181679389312977
22053,EMPIRE DESIGN ROSETTE,87,4551,4020.8899999999994,1.508390804597701
22054,MINI CAKE STAND HANGING HEARTS,74,361,655.01,2.1535897435897433
22055,MINI CAKE STAND  HANGING STRAWBERY,724,4925,8179.19,2.162878179384203
22056,CERAMIC PLATE LOVE HEART DESIGN,34,607,656.87,1.9435294117647057
22057,CERAMIC PLATE STRAWBERRY DESIGN,260,3076,4035.57,2.041908396946565
22058,CERAMIC LOVE HEARTS DESIGN MUG,103,520,795.72,1.663181818181818
22059,CERAMIC STRAWBERRY DESIGN MUG,458,5050,6798.889999999999,1.778724279835391
22060,LARGE CAKE STAND HANGING HEARTS,158,735,5711.3099999999995,9.868024691358023
22061,LARGE CAKE STAND  HANGING STRAWBERY,520,2185,19260.67,11.210817490494296
22062,CERAMIC BOWL WITH LOVE HEART DESIGN,126,761,1248.15,2.398106060606061
22063,CERAMIC BOWL WITH STRAWBERRY DESIGN,356,2315,6391.46,3.6431967213114755
22064,PINK DOUGHNUT TRINKET POT,693,6678,10737.109999999999,2.150667593880389
22065,CHRISTMAS PUDDING TRINKET POT,456,8738,6457.96,1.4521399176954732
22066,LOVE HEART TRINKET POT,273,3435,2729.16,1.1550714285714285
22067,CHOC TRUFFLE GOLD TRINKET POT,252,1887,3075.5399999999995,2.1032945736434105
22068,BLACK PIRATE TREASURE CHEST,276,1124,2015.86,2.2762020905923346
22069,BROWN  PIRATE TREASURE CHEST,267,984,2221.7799999999997,2.976726618705036
22070,SMALL RED RETROSPOT MUG IN BOX,320,1848,5750.24,4.032286585365854
22071,SMALL WHITE RETROSPOT MUG IN BOX,256,1546,4419.75,3.873932584269663
22072,RED RETROSPOT TEA CUP AND SAUCER,511,2463,9448.51,4.417588785046728
22073,RED RETROSPOT STORAGE JAR,474,2160,8587.13,4.611117886178862
22074,6 RIBBONS SHIMMERING PINKS,287,2161,2224.5899999999997,1.5213559322033898
22075,6 RIBBONS ELEGANT CHRISTMAS,358,3355,5105.33,1.8291338582677166
22076,6 RIBBONS EMPIRE,375,2376,3535.8299999999995,1.7468894601542415
22077,6 RIBBONS RUSTIC CHARM,1751,17526,32142.039999999997,2.112145993413831
22078,RIBBON REEL LACE DESIGN,480,4015,8519.26,2.499030303030303
22079,RIBBON REEL HEARTS DESIGN,684,5054,8510.14,1.9425644699140399
22080,RIBBON REEL SPOTS DESIGN,519,3947,6619.13,1.9304681647940072
22081,RIBBON REEL FLORA + FAUNA,302,1573,2805.5099999999998,2.2119108280254776
22082,RIBBON REEL STRIPES DESIGN,957,7427,12504.77,1.9035487077534792
22083,PAPER CHAIN KIT RETROSPOT,1401,13961,41256.41,3.6236193771626297
22084,PAPER CHAIN KIT EMPIRE,811,8870,25453.83,3.293940119760479
22085,PAPER CHAIN KIT SKULLS,230,2545,6904.52,3.186266094420601
22086,PAPER CHAIN KIT 50'S CHRISTMAS,2018,36534,123002.89,3.3645249077490775
22087,PAPER BUNTING WHITE LACE,847,8513,25507.120000000003,3.478437856328392
22088,PAPER BUNTING COLOURED LACE,619,4407,13103.44,3.5197943037974686
22089,PAPER BUNTING VINTAGE PAISLEY,552,3514,10329.91,3.3862056737588655
22090,PAPER BUNTING RETROSPOT,1703,16798,50723.600000000006,3.6761085450346425
22091,EMPIRE TISSUE BOX,324,3191,2508.42,1.2751057401812689
22092,BLUE PAISLEY TISSUE BOX,140,959,625.41,0.8275
22093,MOTORING TISSUE BOX,275,2367,1457.38,0.9692932862190813
22094,RED RETROSPOT TISSUE BOX,339,3592,2695.32,1.3141547277936962
22095,LADS ONLY TISSUE BOX,284,3368,3628.17,1.408525641025641
22096,PINK PAISLEY SQUARE TISSUE BOX,180,1671,946.38,0.9358730158730159
22097,SWALLOW SQUARE TISSUE BOX,242,2081,1304.26,0.9954509803921568
22098,BOUDOIR SQUARE TISSUE BOX,309,2894,1998.37,1.2673636363636362
22099,CARAVAN SQUARE TISSUE BOX,291,2144,1614.23,1.2866339869281045
22100,SKULLS SQUARE TISSUE BOX,127,1016,729.55,1.4915942028985507
22101,MIRROR MOSAIC VOTIVE HOLDER,116,1934,2847.28,2.327520661157025
22102,MIRROR MOSAIC T-LIGHT HOLDER,59,1842,1191.69,1.9952542372881357
22103,MIRROR MOSAIC T-LIGHT HOLDER ROUND,71,1746,1760.6399999999999,2.047042253521127
22104,MIRROR MOSAIC CANDLE PLATE,99,1191,974.7199999999999,1.5782178217821783
22105,MIRROR MOSAIC GOBLET CANDLE HOLDER,55,693,1298.91,4.249298245614035
22106,MIRROR MOSAIC HURRICANE LAMP,79,515,1620.34,5.450963855421687
22107,PIZZA PLATE IN BOX,369,1276,5037.51,4.706521739130435
22108,PING! MICROWAVE PLATE,128,320,1002.26,3.5366165413533834
22109,FULL ENGLISH BREAKFAST PLATE,642,3431,14197.68,5.1575522388059705
22110,BIRD HOUSE HOT WATER BOTTLE,512,2726,9206.87,3.863729433272395
22111,SCOTTIE DOG HOT WATER BOTTLE,1689,10163,51936.86,5.7398225180255125
22112,CHOCOLATE HOT WATER BOTTLE,1721,11532,60644.32,5.853622308117062
22113,GREY HEART HOT WATER BOTTLE,996,6020,23031.27,4.201116279069767
22114,HOT WATER BOTTLE TEA AND SYMPATHY,1583,12420,63362.350000000006,4.783639618138425
22115,METAL SIGN EMPIRE TEA,500,2910,5777.77,3.2928962818003917
22116,METAL SIGN HIS DINNER IS SERVED,198,835,1145.2,1.874009900990099
22117,METAL SIGN HER DINNER IS SERVED,230,1769,5222.49,3.0711965811965816
22118,JOY WOODEN BLOCK LETTERS,271,816,3953.9,5.46006993006993
22119,PEACE WOODEN BLOCK LETTERS,340,924,5738.47,6.815
22120,WELCOME  WOODEN BLOCK LETTERS,367,1026,10404.22,11.300296495956873
22121,NOEL WOODEN BLOCK LETTERS,438,1529,9482.730000000001,6.684957081545065
22122,SET OF 2 FANCY FONT TEA TOWELS,191,1095,3290.0800000000004,3.4707142857142856
22123,PING MICROWAVE APRON,166,660,1729.0,3.767352941176471
22124,SET OF 2 TEA TOWELS PING MICROWAVE,132,302,761.97,2.719029850746269
22125,UNION JACK HOT WATER BOTTLE,183,653,4089.09,6.847883597883598
22127,PARTY CONES CARNIVAL ASSORTED,155,3492,4183.11,1.8088819875776398
22128,PARTY CONES CANDY ASSORTED,195,4007,4864.59,1.5296517412935322
22129,PARTY CONES CANDY TREE DECORATION,174,3252,3100.22,1.6295454545454546
22130,PARTY CONE CHRISTMAS DECORATION,424,9918,11244.119999999999,1.8696923076923078
22131,FOOD CONTAINER SET 3 LOVE HEART,692,5304,10045.14,2.5518896551724137
22132,RED LOVE HEART SHAPE CUP,388,3357,3008.1099999999997,1.1562373737373737
22133,PINK LOVE HEART SHAPE CUP,327,2508,2304.11,1.2385207100591715
22134,MINI LADLE LOVE HEART RED,298,2373,1057.1499999999999,0.6410457516339869
22135,MINI LADLE LOVE HEART PINK,317,1661,829.43,0.6784802431610942
22136,LOVE HEART SOCK HANGER,265,1995,3340.6699999999996,2.1119565217391303
22137,BATHROOM SET LOVE HEART DESIGN,43,607,1511.23,3.600909090909091
22138,BAKING SET 9 PIECE RETROSPOT,1914,9366,45882.01,5.3669730010384225
22139,RETROSPOT TEA SET CERAMIC 11 PC,2093,10649,53085.61,5.580184834123223
22141,CHRISTMAS CRAFT TREE TOP ANGEL,572,3785,9235.810000000001,2.619679487179487
22142,CHRISTMAS CRAFT WHITE FAIRY,503,4406,6618.19,1.7315398886827458
22143,CHRISTMAS CRAFT HEART DECORATIONS,70,446,942.8800000000001,2.5798591549295775
22144,CHRISTMAS CRAFT LITTLE FRIENDS,704,5368,12994.69,2.6152933507170797
22145,CHRISTMAS CRAFT HEART STOCKING,197,1336,2815.6600000000003,2.3672772277227723
22146,EASTER CRAFT IVY WREATH WITH CHICK,107,1413,2633.13,2.0039449541284404
22147,FELTCRAFT BUTTERFLY HEARTS,1132,13129,18358.85,1.6293069306930694
22148,EASTER CRAFT 4 CHICKS,299,3237,6480.29,2.3137377049180325
22149,FELTCRAFT 6 FLOWER FRIENDS,1382,12888,26783.86,2.3923562023562024
22150,3 STRIPEY MICE FELTCRAFT,938,7948,14800.449999999999,2.2067545638945236
22151,PLACE SETTING WHITE HEART,716,27749,11692.69,0.5363818424566088
22152,PLACE SETTING WHITE STAR,241,6331,2687.52,0.5209448818897637
22153,ANGEL DECORATION STARS ON DRESS,283,5793,2512.57,0.5535294117647058
22154,ANGEL DECORATION 3 BUTTONS,317,7881,3396.63,0.5369452449567723
22155,STAR DECORATION RUSTIC,340,6226,2810.7,0.5635849056603773
22156,HEART DECORATION WITH PEARLS,581,6237,5611.28,1.076413223140496
22157,ANGEL DECORATION WITH LACE PADDED,124,1725,1474.35,0.8936153846153846
22158,3 HEARTS HANGING DECORATION RUSTIC,718,9341,30197.280000000002,3.2089308996088657
22161,HEART DECORATION RUSTIC HANGING,489,6837,2824.3500000000004,0.7019460500963391
22162,HEART GARLAND RUSTIC PADDED,260,1258,3868.61,3.3798188405797105
22163,HEART STRING MEMO HOLDER HANGING,197,1287,2291.9100000000003,2.352451923076923
22164,STRING OF STARS CARD HOLDER,49,322,906.8300000000002,3.388823529411765
22165,"DIAMANTE HEART SHAPED WALL MIRROR,",272,991,7844.22,12.830425531914893
22166,WALL MIRROR RECTANGLE DIAMANTE PINK,159,453,3697.54,12.236787878787878
22167,OVAL WALL MIRROR DIAMANTE,303,696,6144.36,11.348899676375405
22168,ORGANISER WOOD ANTIQUE WHITE,312,671,5577.93,8.50478125
22169,FAMILY ALBUM WHITE PICTURE FRAME,701,2323,19930.8,9.81439775910364
22170,PICTURE FRAME WOOD TRIPLE PORTRAIT,575,2406,15800.66,7.438610634648371
22171,3 HOOK PHOTO SHELF ANTIQUE WHITE,661,3181,24081.66,9.837170370370371
22172,METAL SHELF WITH RAIL,185,378,3451.82,9.579301075268818
22173,METAL 4 HOOK HANGER FRENCH CHATEAU,997,5137,15768.95,3.7300193798449612
22174,PHOTO CUBE,557,5423,10993.4,2.5133220910623946
22175,PINK OWL SOFT TOY,363,1845,5358.02,3.443909574468085
22176,BLUE OWL SOFT TOY,258,1199,3592.9000000000005,3.3683271375464687
22177,5 HOOK BLACKBOARD ORGANISER,125,325,3101.46,11.89312
22178,VICTORIAN GLASS HANGING T-LIGHT,1816,40572,53105.59,1.5726984978540772
22179,SET 10 LIGHTS NIGHT OWL,566,2093,14953.75,8.470681431005112
22180,RETROSPOT LAMP,410,1004,10403.21,11.27104761904762
22181,SNOWSTORM PHOTO FRAME FRIDGE MAGNET,138,1567,1317.6499999999999,1.0243150684931506
22182,CAKE STAND VICTORIAN FILIGREE SMALL,172,569,2190.13,4.550449438202247
22183,CAKE STAND VICTORIAN FILIGREE MED,209,613,3465.2200000000003,6.304454545454545
22184,CAKE STAND VICTORIAN FILIGREE LARGE,146,401,2988.71,9.166470588235294
22185,SLATE TILE NATURAL HANGING,462,3922,6269.329999999999,1.924915254237288
22186,RED STAR CARD HOLDER,345,2040,5570.16,3.2885595567867036
22187,GREEN CHRISTMAS TREE CARD HOLDER,364,2158,7113.5,4.458785529715763
22188,BLACK HEART CARD HOLDER,566,12483,33197.05,4.453162393162393
22189,CREAM HEART CARD HOLDER,1299,18350,54547.380000000005,4.4448907309721175
22190,LOCAL CAFE MUG,242,1428,2660.31,2.363166023166023
22191,IVORY DINER WALL CLOCK,620,1995,16454.05,8.721811023622047
22192,BLUE DINER WALL CLOCK,543,1444,12274.76,8.923381294964027
22193,RED DINER WALL CLOCK,617,1931,16296.480000000001,9.200460317460317
22194,BLACK DINER WALL CLOCK,160,377,3246.1,9.175950920245398
22195,LARGE HEART MEASURING SPOONS,811,5269,9440.099999999999,2.250860849056604
22196,SMALL HEART MEASURING SPOONS,981,6713,6270.2,1.1820445736434106
22197,SMALL POPCORN HOLDER,2322,89860,80888.34,1.034346217105263
22198,LARGE POPCORN HOLDER,646,7793,13580.83,2.0686376811594203
22199,FRYING PAN RED RETROSPOT,405,1861,7638.17,5.222106537530267
22200,FRYING PAN PINK POLKADOT,357,1317,5882.61,5.628351648351647
22201,FRYING PAN BLUE POLKADOT,166,510,2042.8700000000001,4.577125748502994
22202,MILK PAN PINK RETROSPOT,264,1090,4400.12,5.241710037174721
22203,MILK PAN RED RETROSPOT,392,1415,5533.74,4.6537
22204,MILK PAN BLUE POLKADOT,169,537,1974.29,4.206882352941176
22206,"MUG , DOTCOMGIFTSHOP.COM",10,14,11.82,0.842
22207,FRYING PAN UNION FLAG,480,3185,13715.91,5.59929292929293
22208,WOOD STAMP SET THANK YOU,433,2396,3103.5499999999997,1.5818847006651884
22209,WOOD STAMP SET HAPPY BIRTHDAY,257,1428,1777.1,1.4246360153256705
22210,WOOD STAMP SET BEST WISHES,287,1615,1949.6899999999998,1.3957142857142855
22211,WOOD STAMP SET FLOWERS,291,1535,2028.9499999999998,1.5179666666666667
22212,FOUR HOOK  WHITE LOVEBIRDS,828,4100,8839.880000000001,2.631853146853147
22214,CANDLE PLATE LACE WHITE,92,549,1279.79,2.7232608695652174
22215,CAKE STAND WHITE TWO TIER LACE,359,1092,8869.43,9.022975206611571
22216,T-LIGHT HOLDER WHITE LACE,116,1406,1232.43,1.0760655737704918
22217,T-LIGHT HOLDER HANGING LACE,214,2390,2839.85,1.4102752293577983
22218,CAKE STAND LACE WHITE,264,1232,5365.66,5.398560606060606
22219,LOVEBIRD HANGING DECORATION WHITE,1149,9906,9403.859999999999,1.1362773109243696
22220,CAKE STAND LOVEBIRD 2 TIER WHITE,270,746,6895.389999999999,10.382472324723246
22221,CAKE STAND LOVEBIRD 2 TIER PINK,156,906,6722.71,10.640569620253164
22222,CAKE PLATE LOVEBIRD WHITE,403,1498,6205.39,5.622524509803922
22223,CAKE PLATE LOVEBIRD PINK,175,727,3369.83,5.437078651685393
22224,WHITE LOVEBIRD LANTERN,401,2403,7634.200000000001,3.6338072289156624
22227,HANGING HEART MIRROR DECORATION,643,6136,4427.110000000001,0.8921037037037036
22228,BUNNY WOODEN PAINTED WITH BIRD,275,1727,1456.6,1.0154676258992805
22229,BUNNY WOODEN PAINTED WITH FLOWER,185,1007,845.3,1.0193650793650793
22230,JIGSAW TREE WITH WATERING CAN,193,1657,1134.6399999999999,0.944795918367347
22231,JIGSAW TREE WITH BIRDHOUSE,297,2163,2753.08,1.5529738562091502
22232,JIGSAW TOADSTOOLS 3 PIECE,158,1109,1318.99,1.5601898734177215
22233,JIGSAW RABBIT AND BIRDHOUSE,164,952,1215.06,1.5127810650887574
22236,CAKE STAND 3 TIER MAGIC GARDEN,421,1140,14109.669999999998,13.369030732860521
22241,GARLAND WOODEN HAPPY EASTER,474,4351,5864.92,1.5856458333333334
22242,"HOOK, 5 HANGER , MAGIC TOADSTOOL",368,4812,7657.44,1.91994708994709
22243,5 HOOK HANGER RED MAGIC TOADSTOOL,388,7731,11949.409999999998,1.9031930693069306
22244,3 HOOK HANGER MAGIC GARDEN,431,4814,9220.82,2.701814058956916
22245,"HOOK, 1 HANGER ,MAGIC GARDEN",413,4697,4046.49,1.1117176470588235
22246,MAGIC GARDEN FELT GARLAND,188,1111,2387.13,2.7333846153846153
22247,BUNNY DECORATION MAGIC GARDEN,182,1184,1022.79,1.0458288770053477
22248,DECORATION  PINK CHICK MAGIC GARDEN,173,1014,903.16,1.0741666666666667
22249,DECORATION WHITE CHICK MAGIC GARDEN,243,1636,1434.6599999999999,1.0390725806451613
22250,DECORATION  BUTTERFLY  MAGIC GARDEN,257,1524,1387.94,1.1370833333333332
22251,BIRDHOUSE DECORATION MAGIC GARDEN,298,1884,2335.15,1.5646864686468647
22252,BIRDCAGE DECORATION TEALIGHT HOLDER,113,968,1190.56,1.2847008547008547
22253,6 CROCHET STRAWBERRIES,86,964,1158.28,1.4741573033707864
22254,FELT TOADSTOOL LARGE,148,1410,1807.21,1.5190066225165564
22255,FELT TOADSTOOL  SMALL,142,1216,1155.08,1.1468666666666667
22256,FELT FARM ANIMAL CHICKEN,119,937,1206.33,1.5763709677419355
22257,FELT FARM ANIMAL SHEEP,57,419,345.47999999999996,1.2447457627118643
22258,FELT FARM ANIMAL RABBIT,131,1342,1291.05,1.4597744360902256
22259,FELT FARM ANIMAL HEN,72,590,482.95,1.297162162162162
22260,FELT EGG COSY BLUE RABBIT,241,1571,1613.9599999999998,1.2922529644268774
22261,FELT EGG COSY WHITE RABBIT,243,2112,2035.1599999999999,1.1573359073359073
22262,FELT EGG COSY CHICKEN,306,2045,1975.31,1.1581651376146789
22263,FELT EGG COSY LADYBIRD,105,836,627.38,1.1693457943925232
22264,FELT FARM ANIMAL WHITE BUNNY,168,2027,1164.08,1.0650581395348837
22265,EASTER DECORATION NATURAL CHICK,168,1847,1211.66,0.7666480446927374
22266,EASTER DECORATION HANGING BUNNY,161,2542,1040.1100000000001,0.6852352941176472
22267,EASTER DECORATION EGG BUNNY,117,1472,1291.47,1.1747107438016529
22268,EASTER DECORATION SITTING BUNNY,236,2554,1271.29,0.8324897959183672
22269,EGG CUP NATURAL CHICKEN,204,1522,1360.21,1.2141062801932367
22270,HAPPY EASTER HANGING DECORATION,153,685,2638.67,4.247405063291139
22271,FELTCRAFT DOLL ROSIE,787,4945,14156.300000000001,3.2830160692212607
22272,FELTCRAFT DOLL MARIA,300,1396,3928.01,3.1706962025316456
22273,FELTCRAFT DOLL MOLLY,810,7398,20301.52,3.3111602870813397
22274,FELTCRAFT DOLL EMILY,656,3818,10926.5,3.2876470588235294
22275,WEEKEND BAG VINTAGE ROSE PAISLEY,313,1015,8403.18,8.88178125
22276,WASH BAG VINTAGE ROSE PAISLEY,373,1950,5097.53,3.0710103626943
22277,COSMETIC BAG VINTAGE ROSE PAISLEY,250,1441,3024.1400000000003,2.494140625
22278,OVERNIGHT BAG VINTAGE ROSE PAISLEY,383,1063,6277.16,6.802326732673267
22279,POCKET BAG BLUE PAISLEY RED SPOT,214,1443,2108.37,1.6235779816513762
22280,POCKET BAG PINK PAISELY BROWN SPOT,158,880,1252.49,1.5532515337423314
22281,EASTER TREE YELLOW BIRDS,149,511,3285.86,8.12261744966443
22282,12 EGG HOUSE PAINTED WOOD,216,565,7406.65,16.957168949771688
22283,6 EGG HOUSE PAINTED WOOD,382,1042,8628.95,9.625038759689922
22284,HEN HOUSE DECORATION,300,2478,4040.8999999999996,2.0026710097719866
22285,"DECORATION HEN ON NEST, HANGING",261,2719,4274.53,1.9417647058823528
22286,"DECORATION , WOBBLY RABBIT , METAL",195,1937,2200.75,1.7414871794871793
22287,"DECORATION , WOBBLY CHICKEN, METAL",121,1340,1435.7499999999998,1.677685950413223
22288,HANGING METAL RABBIT DECORATION,119,1314,1536.03,1.5927906976744186
22289,"DECORATION , HANGING METAL CHICKEN",76,764,817.48,1.5467948717948716
22290,STANDING METAL RABBIT WITH EGG,78,670,1223.02,2.35620253164557
22291,"SPRING DEC , HANGING CHICK CREAM",264,3193,4412.929999999999,1.6439776951672864
22292,HANGING CHICK  YELLOW DECORATION,222,2785,3783.97,1.6052380952380954
22293,HANGING CHICK GREEN DECORATION,225,2036,2866.16,1.8057327586206897
22294,HEART FILIGREE DOVE  SMALL,861,16923,20962.02,1.4594553376906318
22295,HEART FILIGREE DOVE LARGE,706,8547,14108.199999999999,1.8314709851551956
22296,HEART IVORY TRELLIS LARGE,833,9855,16260.509999999998,1.8192316513761466
22297,HEART IVORY TRELLIS SMALL,969,13871,17926.6,1.6510443349753694
22299,PIG KEYRING WITH LIGHT & SOUND,202,3966,4505.88,1.6424999999999998
22300,COFFEE MUG DOG + BALL DESIGN,526,4191,10095.199999999999,3.0168623853211005
22301,COFFEE MUG CAT + BIRD DESIGN,643,5104,12399.66,3.187477477477477
22302,COFFEE MUG PEARS  DESIGN,396,4926,10492.449999999999,2.723233082706767
22303,COFFEE MUG APPLES DESIGN,540,5439,12701.63,2.72731977818854
22304,COFFEE MUG BLUE PAISLEY DESIGN,167,2422,4801.68,2.86875
22305,COFFEE MUG PINK PAISLEY DESIGN,144,2291,4772.73,2.7926530612244895
22306,SILVER MUG BONE CHINA TREE OF LIFE,163,1692,2450.37,2.059705882352941
22307,GOLD MUG BONE CHINA TREE OF LIFE,118,1266,1930.48,2.37912
22308,TEA COSY BLUE STRIPE,214,683,2115.41,3.9464220183486236
22309,TEA COSY RED  STRIPE,266,1341,3509.68,3.4934545454545454
22310,IVORY KNITTED MUG COSY,223,1801,3270.96,2.5235684647302903
22311,OFFICE MUG WARMER BLACK+SILVER,300,2145,6897.35,4.566329113924051
22312,OFFICE MUG WARMER POLKADOT,269,1312,4516.700000000001,4.307167832167833
22313,OFFICE MUG WARMER PINK,137,1022,3255.2200000000003,4.236433566433567
22314,OFFICE MUG WARMER CHOC+BLUE,249,1162,4085.88,4.366888888888889
22315,200 RED + WHITE BENDY STRAWS,387,2192,2820.77,1.4467418546365916
22316,200 BENDY SKULL STRAWS,119,1271,1450.32,1.3991803278688524
22317,FIVE CATS HANGING DECORATION,167,589,1839.4600000000003,3.6885798816568047
22318,FIVE HEART HANGING DECORATION,389,1620,5102.01,3.6753846153846155
22319,HAIRCLIPS FORTIES FABRIC ASSORTED,174,2999,1705.8400000000001,0.8072571428571429
22320,BIRDS MOBILE VINTAGE DESIGN,180,601,3562.8700000000003,6.2009392265193375
22321,BIRD DECORATION RED RETROSPOT,305,2584,2393.22,1.2280254777070063
22322,BIRD DECORATION GREEN POLKADOT,272,1622,1536.51,1.2351449275362318
22323,PINK POLKADOT KIDS BAG,116,635,1683.31,3.1910256410256412
22324,BLUE POLKADOT KIDS BAG,152,681,1841.51,3.3361392405063293
22325,MOBILE VINTAGE HEARTS,224,702,3168.6800000000003,5.065964912280702
22326,ROUND SNACK BOXES SET OF4 WOODLAND,1391,15655,44943.43,3.434352694191743
22327,ROUND SNACK BOXES SET OF 4 SKULLS,646,3095,10054.49,3.8055917159763313
22328,ROUND SNACK BOXES SET OF 4 FRUITS,1159,14602,40407.96,3.1967674223341733
22329,ROUND CONTAINER SET OF 5 RETROSPOT,610,5165,8448.9,2.087071197411003
22330,72 ROUND PINK DOILIES,22,128,197.89999999999998,1.87
22331,WOODLAND PARTY BAG + STICKER SET,437,3732,6135.5,1.9812860310421285
22332,SKULLS PARTY BAG + STICKER SET,381,4177,6551.9,1.820694087403599
22333,RETROSPOT PARTY BAG + STICKER SET,697,10165,15865.82,1.8615664335664335
22334,DINOSAUR PARTY BAG + STICKER SET,264,2246,3578.7599999999998,1.739037037037037
22335,HEART DECORATION PAINTED ZINC,510,8740,5707.360000000001,0.8507289719626168
22336,DOVE DECORATION PAINTED ZINC,214,4734,2296.27,0.7488793103448276
22337,ANGEL DECORATION PAINTED ZINC,146,2509,1550.96,0.7505128205128205
22338,STAR DECORATION PAINTED ZINC,264,6150,2197.3500000000004,0.561474820143885
22339,CHRISTMAS TREE PAINTED ZINC,145,3551,1406.8500000000001,0.5830322580645162
22340,NOEL GARLAND PAINTED ZINC,184,1800,1514.4099999999999,1.2538378378378376
22341,LOVE GARLAND PAINTED ZINC,240,3481,5725.41,2.364326530612245
22342,HOME GARLAND PAINTED ZINC,230,1820,2531.33,2.055965665236051
22343,PARTY PIZZA DISH RED RETROSPOT,188,3309,1995.9399999999998,0.8278947368421051
22344,PARTY PIZZA DISH PINK POLKADOT,133,1593,819.18,0.8436296296296296
22345,PARTY PIZZA DISH BLUE POLKADOT,128,1480,724.12,0.816766917293233
22346,PARTY PIZZA DISH GREEN POLKADOT,103,1312,622.81,0.8141904761904761
22347,PIZZA SLICE DISH,115,2716,3119.18,1.6625217391304348
22348,TEA BAG PLATE RED RETROSPOT,961,12566,10708.33,1.0753744939271255
22349,DOG BOWL CHASING BALL DESIGN,366,2585,10608.039999999999,4.158005390835579
22350,ILLUSTRATED CAT BOWL,331,2860,7952.009999999999,3.098924418604651
22351,DOTCOMGIFTSHOP TEA TOWEL,3,15,29.809999999999995,2.766666666666667
22352,LUNCH BOX WITH CUTLERY RETROSPOT,1117,7172,18067.42,3.14256993006993
22353,LUNCH BOX WITH CUTLERY FAIRY CAKES,493,3039,7917.889999999999,3.147369477911646
22354,RETROSPOT PADDED SEAT CUSHION,280,2257,8563.31,4.244366197183099
22355,CHARLOTTE BAG SUKI DESIGN,1742,32635,46584.99,1.1633802024746907
22356,CHARLOTTE BAG PINK POLKADOT,1584,20226,21243.09,1.1596786155747836
22357,KINGS CHOICE BISCUIT TIN,462,2092,9445.82,5.1338428874734605
22358,KINGS CHOICE TEA CADDY,605,2687,8541.25,3.896645367412141
22359,GLASS JAR KINGS CHOICE,202,1290,4099.42,3.647596153846154
22360,GLASS JAR ENGLISH CONFECTIONERY,425,2525,7630.0,3.794633027522936
22361,GLASS JAR DAISY FRESH COTTON WOOL,496,1852,6074.67,4.278409542743539
22362,GLASS JAR PEACOCK BATH SALTS,253,764,2460.6800000000003,3.8160392156862746
22363,GLASS JAR MARMALADE,169,782,2309.3,3.6549710982658965
22364,GLASS JAR DIGESTIVE BISCUITS,340,2061,6531.1,3.9363896848137534
22365,DOORMAT RESPECTABLE HOUSE,443,2355,15503.93,8.937560439560439
22366,DOORMAT AIRMAIL,568,2561,17423.17,9.080623916811092
22367,CHILDRENS APRON SPACEBOY DESIGN,1156,8153,16060.91,2.2629138513513514
22371,AIRLINE BAG VINTAGE TOKYO 78,684,1867,9178.51,5.386140845070423
22372,AIRLINE BAG VINTAGE WORLD CHAMPION,287,616,3149.75,5.37258389261745
22374,AIRLINE BAG VINTAGE JET SET RED,430,1038,5180.47,5.343665158371041
22375,AIRLINE BAG VINTAGE JET SET BROWN,284,609,3079.58,5.528209459459459
22376,AIRLINE BAG VINTAGE JET SET WHITE,246,543,2721.22,5.26069498069498
22377,BOTTLE BAG RETROSPOT,435,3621,6931.48,2.4824145785876994
22378,WALL TIDY RETROSPOT,546,3776,6909.82,2.8798743267504485
22379,RECYCLING BAG RETROSPOT,1570,16053,35362.76,2.904129353233831
22380,TOY TIDY SPACEBOY,688,4985,10274.42,2.4741226818830246
22381,TOY TIDY PINK POLKADOT,1100,9442,19960.07,2.7271543264942015
22382,LUNCH BAG SPACEBOY DESIGN,2153,20386,34317.59,1.8984332425068118
22383,LUNCH BAG SUKI  DESIGN,2398,25403,43836.86,2.081254045307443
22384,LUNCH BAG PINK POLKADOT,2106,20988,34425.81,1.9495968489341982
22385,JUMBO BAG SPACEBOY DESIGN,1248,17220,32735.2,2.440156862745098
22386,JUMBO BAG PINK POLKADOT,2245,39809,77049.38,2.4214893617021276
22389,PAPERWEIGHT SAVE THE PLANET,92,659,1276.12,2.5420212765957446
22390,PAPERWEIGHT CHILDHOOD MEMORIES,83,819,1463.82,2.6510714285714285
22391,PAPERWEIGHT HOME SWEET HOME,66,323,635.1899999999999,2.8237878787878787
22393,PAPERWEIGHT VINTAGE COLLAGE,120,839,1484.6699999999998,2.9419354838709673
22394,PAPERWEIGHT KINGS CHOICE,55,347,549.3499999999999,2.585892857142857
22395,PAPERWEIGHT VINTAGE PAISLEY,53,237,428.94,3.1966071428571428
22396,MAGNETS PACK OF 4 RETRO PHOTO,184,1910,1448.35,0.940899470899471
22398,MAGNETS PACK OF 4 SWALLOWS,430,4319,3791.2599999999998,1.0275892857142856
22399,MAGNETS PACK OF 4 CHILDHOOD MEMORY,277,4088,4794.6,1.305
22400,MAGNETS PACK OF 4 HOME SWEET HOME,234,2462,2064.56,0.8952941176470589
22402,MAGNETS PACK OF 4 VINTAGE COLLAGE,250,3445,3032.8,0.9357587548638132
22403,MAGNETS PACK OF 4 VINTAGE LABELS,212,1730,1217.16,1.1194444444444445
22405,MONEY BOX POCKET MONEY DESIGN,217,1672,2033.4,1.357763157894737
22406,MONEY BOX KINGS CHOICE DESIGN,217,2507,3175.61,1.4665022421524663
22407,MONEY BOX FIRST ADE DESIGN,75,438,521.12,1.3886666666666665
22408,MONEY BOX CONFECTIONERY DESIGN,95,662,813.67,1.4626804123711339
22409,MONEY BOX BISCUITS DESIGN,164,1712,2325.48,1.559585798816568
22410,MONEY BOX HOUSEKEEPING DESIGN,198,1363,1667.46,1.393080808080808
22411,JUMBO SHOPPER VINTAGE RED PAISLEY,2192,27669,58149.35,2.447426666666667
22412,METAL SIGN NEIGHBOURHOOD WITCH,402,2408,5163.96,2.5809002433090025
22413,METAL SIGN TAKE IT OR LEAVE IT,881,7037,19937.79,3.314336283185841
22414,DOORMAT NEIGHBOURHOOD WITCH,220,1191,7241.85,9.455874439461883
22415,WHITE TISSUE REAM,204,326,2591.7000000000003,7.95
22416,SET OF 36 DOILIES SPACEBOY DESIGN,176,1972,2767.79,1.5836516853932583
22417,PACK OF 60 SPACEBOY CAKE CASES,1103,21625,11250.09,0.7122231985940246
22418,10 COLOUR SPACEBOY PEN,586,12730,10790.32,1.0196416938110748
22419,LIPSTICK PEN RED,509,7058,3370.77,0.6009158878504673
22420,LIPSTICK PEN BABY PINK,234,2117,1019.85,0.5909387755102041
22421,LIPSTICK PEN FUSCHIA,406,4814,2397.37,0.5912646370023419
22422,TOOTHPASTE TUBE PEN,354,2785,1803.99,0.9937333333333332
22423,REGENCY CAKESTAND 3 TIER,3918,27536,344069.3,14.182766641920317
22424,ENAMEL BREAD BIN CREAM,739,1557,21267.71,15.388207171314741
22425,ENAMEL COLANDER CREAM,301,866,4401.8,5.654083601286174
22426,ENAMEL WASH BOWL CREAM,372,1347,5195.24,4.71042216358839
22427,ENAMEL FLOWER JUG CREAM,798,3238,19463.56,6.5401591187270505
22428,ENAMEL FIRE BUCKET CREAM,191,479,3533.63,7.988217821782179
22429,ENAMEL MEASURING JUG CREAM,625,2325,10056.39,4.8329102167182665
22430,ENAMEL WATERING CAN CREAM,356,1408,6831.49,5.626049046321526
22431,WATERING CAN BLUE ELEPHANT,620,3403,6859.179999999999,2.37229793977813
22432,WATERING CAN PINK BUNNY,517,3555,6784.3099999999995,2.28254752851711
22433,WATERING CAN GREEN DINOSAUR,422,2803,5241.8099999999995,2.2755555555555556
22434,BALLOON PUMP WITH 10 BALLOONS,281,2579,4795.89,2.037876712328767
22435,SET OF 9 HEART SHAPED BALLOONS,537,5002,6296.49,1.4258960573476702
22436,12 COLOURED PARTY BALLOONS,289,4273,2724.75,0.6836666666666666
22437,SET OF 9 BLACK SKULL BALLOONS,443,6562,5502.01,0.9846521739130435
22438,BALLOON ART MAKE YOUR OWN FLOWERS,170,1478,1950.27,1.925
22439,6 ROCKET BALLOONS,363,3956,2641.8900000000003,0.7315343915343915
22440,BALLOON WATER BOMB PACK OF 35,292,8586,3425.87,0.4501307189542484
22441,GROW YOUR OWN BASIL IN ENAMEL MUG,472,2717,5891.31,2.4337044534412957
22442,GROW YOUR OWN FLOWERS SET OF 3,172,875,4836.87,7.483966480446928
22443,GROW YOUR OWN HERBS SET OF 3,264,698,5545.400000000001,8.506254545454546
22444,GROW YOUR OWN PLANT IN A CAN,453,10416,14229.9,1.5860851063829786
22445,PENCIL CASE LIFE IS BEAUTIFUL,275,1312,4025.5700000000006,3.46486301369863
22446,PIN CUSHION BABUSHKA PINK,186,624,1772.03,3.0554450261780106
22447,PIN CUSHION BABUSHKA BLUE,82,252,813.1600000000001,3.5235714285714286
22448,PIN CUSHION BABUSHKA RED,121,757,2440.13,3.683709677419355
22449,SILK PURSE BABUSHKA PINK,308,1370,4538.74,3.482123076923077
22450,SILK PURSE BABUSHKA BLUE,180,870,2925.7200000000003,3.535959595959596
22451,SILK PURSE BABUSHKA RED,238,1394,4715.4400000000005,3.8750757575757575
22452,MEASURING TAPE BABUSHKA PINK,255,1347,3558.3,2.694847328244275
22453,MEASURING TAPE BABUSHKA BLUE,144,866,2390.27,2.8764000000000003
22454,MEASURING TAPE BABUSHKA RED,179,1515,4237.09,3.145
22456,NATURAL SLATE CHALKBOARD LARGE,835,4457,21859.23,6.333678025851939
22457,NATURAL SLATE HEART CHALKBOARD,2046,15687,48423.25000000001,3.521871733966746
22458,CAST IRON HOOK GARDEN FORK,173,1530,3815.85,2.895474860335195
22459,CAST IRON HOOK GARDEN TROWEL,172,1386,3420.18,2.9299999999999997
22460,EMBOSSED GLASS TEALIGHT HOLDER,376,4821,6356.45,1.5265625
22461,SAVOY ART DECO CLOCK,146,416,3722.5299999999997,12.63430463576159
22464,HANGING METAL HEART LANTERN,784,7922,13129.579999999998,1.916588089330025
22465,HANGING METAL STAR LANTERN,461,4636,7499.4,1.8773100616016427
22466,FAIRY TALE COTTAGE NIGHTLIGHT,394,5876,10806.519999999999,2.378661800486618
22467,GUMBALL COAT RACK,1095,12212,28919.8,2.8481873905429067
22468,BABUSHKA LIGHTS STRING OF 10,413,1777,11846.630000000001,7.880440835266821
22469,HEART OF WICKER SMALL,2151,29013,51088.159999999996,1.9298019366197183
22470,HEART OF WICKER LARGE,1952,18508,55772.020000000004,3.2181738708110736
22471,TV DINNER TRAY AIR HOSTESS,176,643,2678.31,5.88781914893617
22472,TV DINNER TRAY DOLLY GIRL,250,1111,5256.14,5.935330739299611
22473,TV DINNER TRAY VINTAGE PAISLEY,209,833,3210.17,5.27454128440367
22474,SPACEBOY TV DINNER TRAY,254,984,4830.21,6.246353383458646
22475,SKULL DESIGN TV DINNER TRAY,256,778,3925.63,6.0442857142857145
22476,EMPIRE UNION JACK TV DINNER TRAY,269,1356,5416.32,6.6889752650176675
22477,WATERING CAN GARDEN MARKER,276,2433,3385.5299999999997,1.6536395759717313
22478,BIRDHOUSE GARDEN MARKER,317,2778,3859.69,1.621214953271028
22479,DAISY GARDEN MARKER,214,1944,2699.96,1.5857798165137613
22480,RED TEA TOWEL CLASSIC DESIGN,263,2416,2925.58,1.2770714285714284
22481,BLACK TEA TOWEL CLASSIC DESIGN,219,1301,1346.06,1.1618942731277533
22482,BLUE TEA TOWEL CLASSIC DESIGN,214,2365,2796.93,1.2478070175438596
22483,RED GINGHAM TEDDY BEAR,349,1895,5511.370000000001,3.3561624649859945
22485,SET OF 2 WOODEN MARKET CRATES,419,1109,14779.84,14.747163120567377
22486,PLASMATRONIC LAMP,40,106,881.9,9.892439024390244
22487,WHITE WOOD GARDEN PLANT LADDER,898,1645,16549.399999999998,10.736754675467546
22488,NATURAL SLATE RECTANGLE CHALKBOARD,808,6951,11874.22,1.9642092457420923
22489,PACK OF 12 TRADITIONAL CRAYONS,785,18050,7607.099999999999,0.5127013630731103
22491,PACK OF 12 COLOURED PENCILS,390,7541,6056.82,0.903424317617866
22492,MINI PAINT SET VINTAGE,732,45593,28999.390000000003,0.7699464524765729
22493,PAINT YOUR OWN CANVAS SET,418,4810,7738.889999999999,1.8464464692482914
22494,EMERGENCY FIRST AID TIN,468,2859,3855.98,1.7169690721649484
22495,SET OF 2 ROUND TINS CAMEMBERT,237,954,2729.5400000000004,3.4380658436213993
22496,SET OF 2 ROUND TINS DUTCH CHEESE,193,732,1999.0400000000002,3.119846153846154
22497,SET OF 2 TINS VINTAGE BATHROOM,279,946,4345.08,5.306620689655173
22498,WOODEN REGATTA BUNTING,381,1136,6939.6900000000005,6.842760416666667
22499,WOODEN UNION JACK BUNTING,774,3595,21898.74,6.624655612244899
22500,SET OF 2 TINS JARDIN DE PROVENCE,198,588,2686.9100000000003,5.182167487684729
22501,PICNIC BASKET WICKER LARGE,762,2637,30768.59,13.67802564102564
22502,PICNIC BASKET WICKER SMALL,924,3861,61466.47,8.032816753926701
22503,CABIN BAG VINTAGE PAISLEY,54,149,3447.2,25.856140350877194
22504,CABIN BAG VINTAGE RETROSPOT,115,374,8224.63,25.828644067796606
22505,MEMO BOARD COTTAGE DESIGN,744,3818,18318.08,5.493797139141743
22507,MEMO BOARD RETROSPOT  DESIGN,900,5694,26626.56,5.97020719738277
22508,DOORSTOP RETROSPOT HEART,697,2923,11750.29,4.396411682892907
22509,SEWING BOX RETROSPOT DESIGN,187,392,5207.11,15.859
22510,GINGHAM BABUSHKA DOORSTOP,90,324,851.57,3.421630434782609
22511,RETROSPOT BABUSHKA DOORSTOP,111,405,1076.66,3.430438596491228
22512,DOORSTOP RACING CAR DESIGN,71,385,963.79,3.686388888888889
22513,DOORSTOP FOOTBALL DESIGN,170,590,1917.32,4.353005780346821
22514,CHILDS GARDEN SPADE BLUE,233,1092,2223.92,2.348601694915254
22515,CHILDS GARDEN SPADE PINK,208,1056,2159.1800000000003,2.482325581395349
22516,CHILDS GARDEN RAKE BLUE,162,842,1711.1200000000001,2.515928143712575
22517,CHILDS GARDEN RAKE PINK,152,808,1597.8300000000002,2.416623376623377
22518,CHILDS GARDEN BRUSH BLUE,266,1412,2939.7500000000005,2.56485401459854
22519,CHILDS GARDEN BRUSH PINK,258,1443,3019.23,2.507453183520599
22520,CHILDS GARDEN TROWEL BLUE,369,2294,2011.28,0.9263829787234042
22521,CHILDS GARDEN TROWEL PINK,370,2291,1992.1,0.9386015831134563
22522,CHILDS GARDEN FORK BLUE,334,2239,1905.81,0.9080530973451327
22523,CHILDS GARDEN FORK PINK,352,2185,1884.8,0.9290277777777778
22524,CHILDRENS GARDEN GLOVES BLUE,293,1940,2736.2,1.5799666666666667
22525,CHILDRENS GARDEN GLOVES PINK,328,1971,2803.66,1.6789117647058824
22526,WHEELBARROW FOR CHILDREN,207,545,6715.16,13.657033492822967
22528,GARDENERS KNEELING PAD,554,5825,7626.77,1.4941071428571426
22529,MAGIC DRAWING SLATE GO TO THE FAIR,155,2468,995.61,0.4546583850931677
22530,MAGIC DRAWING SLATE DOLLY GIRL,468,10270,4343.16,0.49786150712830957
22531,MAGIC DRAWING SLATE CIRCUS PARADE,406,8302,3586.94,0.4884883720930232
22532,MAGIC DRAWING SLATE LEAP FROG,175,2919,1125.47,0.45580645161290323
22533,MAGIC DRAWING SLATE BAKE A CAKE,231,4670,1844.76,0.4761788617886179
22534,MAGIC DRAWING SLATE SPACEBOY,583,13156,5623.9,0.4980483870967741
22535,MAGIC DRAWING SLATE BUNNIES,298,4461,1865.86,0.4711475409836065
22536,MAGIC DRAWING SLATE PURDEY,365,10162,3977.35,0.4568123393316195
22537,MAGIC DRAWING SLATE DINOSAUR,350,5897,2437.32,0.49016304347826084
22538,MINI JIGSAW GO TO THE FAIR,86,1445,612.13,0.5398850574712644
22539,MINI JIGSAW DOLLY GIRL,247,5744,2313.24,0.5479310344827586
22540,MINI JIGSAW CIRCUS PARADE,189,6286,2464.09,0.500050505050505
22541,MINI JIGSAW LEAP FROG,66,1246,504.77,0.5633823529411766
22543,MINI JIGSAW BAKE A CAKE,118,3298,1303.77,0.5121138211382114
22544,MINI JIGSAW SPACEBOY,341,9541,3825.2999999999997,0.515505617977528
22545,MINI JIGSAW BUNNIES,184,3480,1433.95,0.5390526315789473
22546,MINI JIGSAW PURDEY,181,4381,1765.8999999999999,0.5203804347826086
22547,MINI JIGSAW DINOSAUR,189,2032,869.95,0.5942424242424242
22548,HEADS AND TAILS SPORTING FUN,428,3579,4475.6,1.3928602620087336
22549,PICTURE DOMINOES,711,6680,9968.06,1.8646845637583893
22550,HOLIDAY FUN LUDO,425,2085,7813.46,4.415613636363636
22551,PLASTERS IN TIN SPACEBOY,1299,15740,26420.749999999996,1.8139483394833948
22553,PLASTERS IN TIN SKULLS,1090,8009,13405.509999999998,1.9123780487804878
22554,PLASTERS IN TIN WOODLAND ANIMALS,1275,13822,23276.559999999998,1.8725188536953243
22555,PLASTERS IN TIN STRONGMAN,967,11882,19240.019999999997,1.8095825049701788
22556,PLASTERS IN TIN CIRCUS PARADE,1196,13771,22651.23,1.7768755020080322
22557,PLASTERS IN TIN VINTAGE PAISLEY,1126,10598,17797.96,1.831150293870697
22558,CLOTHES PEGS RETROSPOT PACK 24,1202,14263,20136.649999999998,1.6692369477911646
22559,SEASIDE FLYING DISC,202,1585,1990.63,1.5045631067961165
22560,TRADITIONAL MODELLING CLAY,742,15192,18270.55,1.3755798969072166
22561,WOODEN SCHOOL COLOURING SET,904,11771,19740.539999999997,1.743507462686567
22562,MONSTERS STENCIL CRAFT,393,4004,4714.8,1.3217283950617282
22563,HAPPY STENCIL CRAFT,533,5985,6978.860000000001,1.3187050359712231
22564,ALPHABET STENCIL CRAFT,343,4623,5287.650000000001,1.3208757062146892
22565,FELTCRAFT HAIRBANDS PINK AND WHITE,278,2125,1936.9599999999998,1.0321993127147766
22566,FELTCRAFT HAIRBAND PINK AND PURPLE,297,2890,2422.1499999999996,0.9881210191082802
22567,20 DOLLY PEGS RETROSPOT,506,5784,7277.12,1.4631878557874762
22568,FELTCRAFT CUSHION OWL,875,5683,21022.75,4.16325
22569,FELTCRAFT CUSHION BUTTERFLY,784,5717,20872.46,4.215413173652695
22570,FELTCRAFT CUSHION RABBIT,807,5795,21542.29,4.310517038777908
22571,ROCKING HORSE RED CHRISTMAS,511,6080,5436.08,1.0502018348623854
22572,ROCKING HORSE GREEN CHRISTMAS,362,3668,3311.47,1.0439086294416244
22573,STAR WOODEN CHRISTMAS DECORATION,405,5122,4627.08,1.0949191685912238
22574,HEART WOODEN CHRISTMAS DECORATION,415,5382,4926.61,1.0725396825396825
22575,METAL MERRY CHRISTMAS WREATH,330,3168,6816.0,2.1073446327683616
22576,SWALLOW WOODEN CHRISTMAS DECORATION,330,3360,3041.8399999999997,1.0613774104683196
22577,WOODEN HEART CHRISTMAS SCANDINAVIAN,832,14160,7279.889999999999,0.6573606370875995
22578,WOODEN STAR CHRISTMAS SCANDINAVIAN,768,13410,6519.139999999999,0.6315853658536585
22579,WOODEN TREE CHRISTMAS SCANDINAVIAN,553,7286,3920.8999999999996,0.7021959459459459
22580,ADVENT CALENDAR GINGHAM SACK,495,2338,13277.720000000001,6.192998027613412
22581,WOOD STOCKING CHRISTMAS SCANDISPOT,380,3642,2937.52,0.949559902200489
22582,PACK OF 6 SWEETIE GIFT BOXES,295,2540,6380.71,2.888392282958199
22583,PACK OF 6 HANDBAG GIFT BOXES,349,1887,5004.0,3.0010242587601077
22584,PACK OF 6 PANNETONE GIFT BOXES,589,5271,13427.789999999999,2.873613861386138
22585,PACK OF 6 BIRDY GIFT TAGS,1084,18288,22847.670000000002,1.3805479452054794
22586,FELTCRAFT HAIRBAND PINK AND BLUE,295,2122,1848.9399999999998,1.0099035369774918
22587,FELTCRAFT HAIRBAND RED AND BLUE,308,2177,1899.6799999999998,1.0066158536585366
22588,CARD HOLDER GINGHAM HEART,483,2918,8025.58,3.1283399209486165
22589,CARDHOLDER GINGHAM STAR,238,1385,3835.3199999999997,3.125748031496063
22591,CARDHOLDER GINGHAM CHRISTMAS TREE,208,1351,3864.35,3.4702380952380953
22592,CARDHOLDER HOLLY WREATH METAL,304,1999,8035.83,4.439301587301587
22593,CHRISTMAS GINGHAM STAR,415,5757,5122.41,1.0712155963302752
22594,CHRISTMAS GINGHAM TREE,412,5008,4597.42,1.1100697674418605
22595,GINGHAM HEART DECORATION,796,13008,10964.099999999999,1.0047841726618705
22596,CHRISTMAS STAR WISH LIST CHALKBOARD,438,6331,6471.2,1.123573033707865
22597,MUSICAL ZINC HEART DECORATION,291,4653,2808.99,0.790957095709571
22598,CHRISTMAS MUSICAL ZINC TREE,144,1795,1136.1,0.7677702702702702
22599,CHRISTMAS MUSICAL ZINC STAR,189,3135,1991.29,0.7411340206185567
22600,CHRISTMAS RETROSPOT STAR WOOD,429,4958,4317.5,1.0165111111111111
22601,CHRISTMAS RETROSPOT ANGEL WOOD,417,5422,4729.84,1.0317381489841986
22602,CHRISTMAS RETROSPOT HEART WOOD,535,6496,5522.98,1.0359646017699113
22603,CHRISTMAS RETROSPOT TREE WOOD,388,4223,3633.8599999999997,1.0408192771084337
22604,SET OF 4 NAPKIN CHARMS CUTLERY,247,2035,5003.5199999999995,2.7473828124999997
22605,WOODEN CROQUET GARDEN SET,642,1845,23731.02,14.846426380368097
22606,WOODEN SKITTLES GARDEN SET,374,1071,14913.84,16.356464379947226
22607,WOODEN ROUNDERS GARDEN SET,744,2544,23030.05,10.042450331125828
22608,PENS ASSORTED FUNKY JEWELED,170,5736,1575.47,0.4692397660818713
22609,PENS ASSORTED SPACEBALL,201,7093,2424.5,0.5810243902439024
22610,PENS ASSORTED FUNNY FACE,287,12721,5146.44,0.564914089347079
22611,VINTAGE UNION JACK SHOPPING BAG,195,908,4348.8,5.191940298507462
22612,TEA COSY VINTAGE UNION JACK,109,1001,3984.99,4.2005405405405405
22613,PACK OF 20 SPACEBOY NAPKINS,273,3061,2429.0699999999997,0.9669964664310953
22614,PACK OF 12 SPACEBOY TISSUES,368,5878,2002.2599999999998,0.42185378590078326
22615,PACK OF 12 CIRCUS PARADE TISSUES,188,3863,1188.4899999999998,0.44989690721649483
22616,PACK OF 12 LONDON TISSUES,825,40106,12747.23,0.42564867967853043
22617,BAKING SET SPACEBOY DESIGN,942,4384,21138.14,5.293592938733126
22618,COOKING SET RETROSPOT,242,740,7203.25,10.444901960784312
22619,SET OF 6 SOLDIER SKITTLES,708,4154,16212.32,4.475837837837838
22620,4 TRADITIONAL SPINNING TOPS,841,8347,11325.05,1.5766628830874005
22621,TRADITIONAL KNITTING NANCY,875,8764,13847.06,1.817649667405765
22622,BOX OF VINTAGE ALPHABET BLOCKS,571,3240,32144.039999999997,11.506478405315614
22623,BOX OF VINTAGE JIGSAW BLOCKS,541,2353,12665.58,5.690769230769231
22624,IVORY KITCHEN SCALES,1219,3232,28010.170000000002,9.36748
22625,RED KITCHEN SCALES,950,2719,23851.23,9.803989847715735
22626,BLACK KITCHEN SCALES,339,861,7379.96,9.22070821529745
22627,MINT KITCHEN SCALES,653,1634,14356.68,9.513004484304933
22628,PICNIC BOXES SET OF 3 RETROSPOT,350,1748,8408.48,5.6662994350282485
22629,SPACEBOY LUNCH BOX,1368,21193,38691.7,2.1781214689265536
22630,DOLLY GIRL LUNCH BOX,1333,18334,33923.45,2.3056739130434782
22631,CIRCUS PARADE LUNCH BOX,663,6327,12368.01,2.5038338192419825
22632,HAND WARMER RED RETROSPOT,779,11166,22334.47,2.2058024691358025
22633,HAND WARMER UNION JACK,858,9498,19521.13,2.206280241935484
22634,CHILDS BREAKFAST SET SPACEBOY,499,1717,16223.5,10.153817829457363
22635,CHILDS BREAKFAST SET DOLLY GIRL,485,1689,16093.99,10.311861386138613
22636,CHILDS BREAKFAST SET CIRCUS PARADE,489,1657,13761.73,8.798083003952568
22637,PIGGY BANK RETROSPOT,598,4611,11882.33,3.02123595505618
22638,SET OF 4 NAPKIN CHARMS CROWNS,74,414,758.18,2.3626923076923076
22639,SET OF 4 NAPKIN CHARMS HEARTS,275,1673,4082.24,2.7195501730103806
22640,SET OF 4 NAPKIN CHARMS 3 KEYS,87,359,770.49,2.5615555555555556
22641,SET OF 4 NAPKIN CHARMS INSTRUMENT,69,303,715.06,2.636619718309859
22642,SET OF 4 NAPKIN CHARMS STARS,141,996,2366.3199999999997,2.582837837837838
22643,SET OF 4 NAPKIN CHARMS LEAVES,96,468,1016.4399999999999,2.39680412371134
22644,CERAMIC CHERRY CAKE MONEY BANK,610,5060,7400.99,1.9733385826771652
22645,CERAMIC HEART FAIRY CAKE MONEY BANK,741,5826,10525.49,2.0294689119170983
22646,CERAMIC STRAWBERRY CAKE MONEY BANK,880,9253,13151.21,1.879913043478261
22647,CERAMIC LOVE HEART MONEY BANK,82,1059,922.99,1.5589156626506022
22649,STRAWBERRY FAIRY CAKE TEAPOT,486,2325,11698.12,5.803888888888888
22650,CERAMIC PIRATE CHEST MONEY BANK,282,1839,2802.37,1.8477891156462585
22651,GENTLEMAN SHIRT REPAIR KIT,270,3249,2806.44,1.1698269896193771
22652,TRAVEL SEWING KIT,830,10146,17237.23,1.9096559633027523
22653,BUTTON BOX,381,3076,5712.74,2.0566161616161613
22654,DELUXE SEWING KIT,597,2682,18135.920000000002,7.406602870813398
22655,VINTAGE RED KITCHEN CABINET,53,77,13140.0,188.33333333333334
22656,VINTAGE BLUE KITCHEN CABINET,37,45,9290.0,214.86486486486487
22657,HEN & 2 CHICKS IN BASKET,7,59,50.15,0.85
22659,LUNCH BOX I LOVE LONDON,1075,16838,31142.57,2.33174520069808
22660,DOORMAT I LOVE LONDON,194,888,5901.54,9.09635
22661,CHARLOTTE BAG DOLLY GIRL DESIGN,631,8287,6703.349999999999,0.960076923076923
22662,LUNCH BAG DOLLY GIRL DESIGN,994,10037,16368.31,1.9219765166340508
22663,JUMBO BAG DOLLY GIRL DESIGN,688,5791,11527.83,2.4396714285714287
22664,TOY TIDY DOLLY GIRL DESIGN,266,1445,3006.78,2.7753846153846156
22665,RECIPE BOX BLUE SKETCHBOOK DESIGN,703,3022,9843.730000000001,3.788118131868132
22666,RECIPE BOX PANTRY YELLOW DESIGN,1657,10928,34421.200000000004,3.6086670547147848
22667,RECIPE BOX RETROSPOT,848,4990,14014.1,2.9895500562429698
22668,PINK BABY BUNTING,579,3593,10933.51,3.935846153846154
22669,RED BABY BUNTING,438,2434,7823.62,3.6670305676855897
22670,FRENCH WC SIGN BLUE METAL,425,4490,5588.11,1.5720090293453723
22671,FRENCH LAUNDRY SIGN BLUE METAL,246,1716,2859.2499999999995,2.0433730158730157
22672,FRENCH BATHROOM SIGN BLUE METAL,370,2869,4774.299999999999,1.9553664921465967
22673,FRENCH GARDEN SIGN BLUE METAL,195,1347,1703.77,1.45615
22674,FRENCH TOILET SIGN BLUE METAL,297,2394,2978.84,1.4534539473684212
22675,FRENCH KITCHEN SIGN BLUE METAL,270,2235,2775.03,1.4542391304347826
22676,FRENCH BLUE METAL DOOR SIGN 1,305,1845,2488.77,1.5985852090032153
22677,FRENCH BLUE METAL DOOR SIGN 2,280,1589,2158.09,1.6521478873239437
22678,FRENCH BLUE METAL DOOR SIGN 3,248,1410,1895.59,1.6278823529411766
22679,FRENCH BLUE METAL DOOR SIGN 4,230,1265,1699.44,1.6368965517241378
22680,FRENCH BLUE METAL DOOR SIGN 5,230,1378,1847.95,1.5861965811965812
22681,FRENCH BLUE METAL DOOR SIGN 6,189,1169,1563.28,1.6186082474226804
22682,FRENCH BLUE METAL DOOR SIGN 7,182,1168,1526.88,1.5444324324324323
22683,FRENCH BLUE METAL DOOR SIGN 8,190,1135,1509.18,1.5988717948717948
22684,FRENCH BLUE METAL DOOR SIGN 9,162,1017,1351.21,1.6006508875739645
22685,FRENCH BLUE METAL DOOR SIGN 0,160,1087,1405.87,1.4697546012269938
22686,FRENCH BLUE METAL DOOR SIGN No,221,1410,1864.91,1.8215625
22687,DOORMAT CHRISTMAS VILLAGE,149,895,5784.67,9.817046979865772
22688,DOORMAT PEACE ON EARTH BLUE,93,899,5000.599999999999,8.407373737373737
22689,DOORMAT MERRY CHRISTMAS RED,264,1094,8382.62,9.372142857142856
22690,DOORMAT HOME SWEET HOME BLUE,437,2540,15922.33,8.221644144144143
22691,DOORMAT WELCOME SUNRISE,218,759,5206.55,8.914703196347032
22692,DOORMAT WELCOME TO OUR HOME,606,2139,16024.84,9.50095238095238
22693,GROW A FLYTRAP OR SUNFLOWER IN TIN,350,17899,20499.08,1.4624715909090908
22694,WICKER STAR,858,5115,11532.0,2.412431544359255
22695,WICKER WREATH SMALL,225,1500,2145.87,1.7413934426229507
22696,WICKER WREATH LARGE,288,1476,2918.8199999999997,2.264340836012862
22697,GREEN REGENCY TEACUP AND SAUCER,1353,10077,31431.670000000002,3.7931669044222542
22698,PINK REGENCY TEACUP AND SAUCER,1033,8194,24377.57,3.690692307692308
22699,ROSES REGENCY TEACUP AND SAUCER,1424,13314,39061.14,3.629164969450102
22700,BLACK AND WHITE DOG BOWL,98,1392,3181.96,2.8705940594059407
22701,PINK DOG BOWL,158,677,1329.43,2.861801242236025
22702,BLACK AND WHITE CAT BOWL,94,1591,3160.5199999999995,2.1752577319587627
22703,PINK CAT BOWL,165,514,923.91,1.933192771084337
22704,WRAP RED APPLES,295,8803,3617.26,0.4189333333333333
22705,WRAP GREEN PEARS,151,3858,1620.36,0.42
22706,WRAP COWBOYS,125,4272,1714.24,0.4174803149606299
22707,WRAP MONSTER FUN,83,2157,905.94,0.42
22708,WRAP DOLLY GIRL,159,5375,2161.5,0.4185093167701863
22709,WRAP WEDDING DAY,77,2799,1099.58,0.415064935064935
22710,WRAP I LOVE LONDON,173,7209,2831.78,0.41597701149425287
22711,WRAP CIRCUS PARADE,181,5377,2210.34,0.41911602209944754
22712,CARD DOLLY GIRL,508,7375,3037.29,0.551015325670498
22713,CARD I LOVE LONDON,368,6173,2655.65,0.5597889182058048
22714,CARD BIRTHDAY COWBOY,359,5315,2174.73,0.5386263736263737
22715,CARD WEDDING DAY,218,2719,1135.6299999999999,0.5117727272727273
22716,CARD CIRCUS PARADE,447,5318,2254.7,0.5161873638344227
22717,CARD DOG AND BALL,215,2432,1031.05,0.5429545454545454
22718,CARD CAT AND TREE,264,2655,1163.22,0.5659701492537313
22719,GUMBALL MONOCHROME COAT RACK,235,1516,2056.1,1.8852439024390244
22720,SET OF 3 CAKE TINS PANTRY DESIGN,1385,7483,38108.89,5.83371408045977
22721,SET OF 3 CAKE TINS SKETCHBOOK,297,1020,4671.81,5.396275167785235
22722,SET OF 6 SPICE TINS PANTRY DESIGN,835,5972,24459.960000000003,4.675660377358491
22723,SET OF 6 HERB TINS SKETCHBOOK,295,1164,4262.820000000001,4.301208053691275
22725,ALARM CLOCK BAKELIKE CHOCOLATE,549,2580,10593.95,4.743078260869565
22726,ALARM CLOCK BAKELIKE GREEN,1273,7935,33666.34,4.472574626865671
22727,ALARM CLOCK BAKELIKE RED,1363,9565,37857.61,4.369978991596638
22728,ALARM CLOCK BAKELIKE PINK,969,6361,24858.52,4.531261083743842
22729,ALARM CLOCK BAKELIKE ORANGE,612,3093,12253.88,4.48593220338983
22730,ALARM CLOCK BAKELIKE IVORY,746,3868,15534.04,4.406202046035806
22731,3D CHRISTMAS STAMPS STICKERS,266,3054,4090.66,1.5017073170731707
22732,3D VINTAGE CHRISTMAS STICKERS,337,3854,5112.76,1.5540223463687153
22733,3D TRADITIONAL CHRISTMAS STICKERS,338,3523,4539.7699999999995,1.5134530386740332
22734,SET OF 6 RIBBONS VINTAGE CHRISTMAS,756,9820,27039.82,3.276076923076923
22735,RIBBON REEL SOCKS AND MITTENS,231,1484,2646.1,2.3549606299212598
22736,RIBBON REEL MAKING SNOWMEN,408,2618,4717.48,2.223895216400911
22737,RIBBON REEL CHRISTMAS PRESENT,493,3379,6077.2699999999995,2.1513421550094516
22738,RIBBON REEL SNOWY VILLAGE,498,4615,8347.89,2.1986817325800376
22739,RIBBON REEL CHRISTMAS SOCK BAUBLE,601,4159,7678.26,2.2104828660436135
22740,POLKADOT PEN,300,13628,11670.689999999999,1.0973248407643312
22741,FUNKY DIVA PEN,292,10721,9248.689999999999,1.108294314381271
22742,MAKE YOUR OWN PLAYTIME CARD KIT,180,1013,2516.63,3.134468085106383
22743,MAKE YOUR OWN FLOWERPOWER CARD KIT,351,1531,4660.610000000001,3.6011051212938003
22744,MAKE YOUR OWN MONSOON CARD KIT,300,1557,4392.75,3.2328840125391847
22745,POPPY'S PLAYHOUSE BEDROOM,703,4073,9993.66,2.4858000000000002
22746,POPPY'S PLAYHOUSE LIVINGROOM,564,2966,6831.620000000001,2.4319630872483224
22747,POPPY'S PLAYHOUSE BATHROOM,402,2081,4588.02,2.4065248226950358
22748,POPPY'S PLAYHOUSE KITCHEN,742,4245,10396.69,2.413934010152284
22749,FELTCRAFT PRINCESS CHARLOTTE DOLL,685,3855,15729.83,4.080124653739612
22750,FELTCRAFT PRINCESS LOLA DOLL,647,3214,12035.22,4.020250737463127
22751,FELTCRAFT PRINCESS OLIVIA DOLL,466,2325,8690.2,4.15030737704918
22752,SET 7 BABUSHKA NESTING BOXES,692,3773,30736.75,9.46928
22753,SMALL YELLOW BABUSHKA NOTEBOOK,404,2365,1950.55,0.9581087470449172
22754,SMALL RED BABUSHKA NOTEBOOK,492,3980,3111.0899999999997,1.0051844660194174
22755,SMALL PURPLE BABUSHKA NOTEBOOK,499,3825,3048.19,0.9826195028680688
22756,LARGE YELLOW BABUSHKA NOTEBOOK,215,1215,1409.72,1.4097757847533632
22757,LARGE RED BABUSHKA NOTEBOOK,308,2718,3116.58,1.543159509202454
22758,LARGE PURPLE BABUSHKA NOTEBOOK,314,2459,2655.93,1.5389123867069485
22759,SET OF 3 NOTEBOOKS IN PARCEL,795,9523,16176.039999999999,1.983436754176611
22760,"TRAY, BREAKFAST IN BED",120,360,4596.11,14.381056910569106
22761,CHEST 7 DRAWER MA CAMPAGNE,34,54,1320.48,25.198108108108105
22762,CUPBOARD 3 DRAWER MA CAMPAGNE,133,216,3468.1,17.451884057971014
22763,KEY CABINET MA CAMPAGNE,135,673,5550.47,11.110211267605633
22764,"RUSTIC WOODEN CABINET, GLASS DOORS",25,183,3462.49,24.5848
22765,NEWSPAPER STAND,53,338,3825.25,17.330689655172414
22766,PHOTO FRAME CORNICE,640,4436,13094.44,3.1991114457831324
22767,TRIPLE PHOTO FRAME CORNICE,295,1022,9667.76,10.340980392156862
22768,FAMILY PHOTO FRAME CORNICE,354,1195,11464.16,10.734664879356568
22769,CHALKBOARD KITCHEN ORGANISER,45,179,3795.68,29.387021276595746
22770,MIRROR CORNICE,71,114,1829.52,16.29191780821918
22771,CLEAR DRAWER KNOB ACRYLIC EDWARDIAN,512,7666,10382.19,1.538030018761726
22772,PINK DRAWER KNOB ACRYLIC EDWARDIAN,314,4504,6097.61,1.6527878787878787
22773,GREEN DRAWER KNOB ACRYLIC EDWARDIAN,227,2483,3306.2799999999997,1.545
22774,RED DRAWER KNOB ACRYLIC EDWARDIAN,184,2945,3811.28,1.5553092783505156
22775,PURPLE DRAWERKNOB ACRYLIC EDWARDIAN,284,3745,5333.81,1.6895681063122923
22776,SWEETHEART CAKESTAND 3 TIER,691,1762,18074.68,11.17436005625879
22777,GLASS CLOCHE LARGE,100,481,4075.0600000000004,10.193333333333335
22778,GLASS CLOCHE SMALL,194,1045,4119.49,4.923301886792453
22779,WOODEN OWLS LIGHT GARLAND,193,2020,7649.639999999999,4.1940196078431375
22780,LIGHT GARLAND BUTTERFILES PINK,179,1848,6954.88,4.193333333333333
22781,GUMBALL MAGAZINE RACK,307,889,7251.77,9.506959247648904
22782,SET 3 WICKER STORAGE BASKETS,84,254,3712.2999999999997,19.985714285714284
22783,SET 3 WICKER OVAL BASKETS W LIDS,45,489,6443.95,16.17938775510204
22784,LANTERN CREAM GAZEBO,369,1588,7934.570000000001,5.656752577319588
22785,SQUARECUSHION COVER PINK UNION FLAG,122,427,2318.59,7.372
22786,CUSHION COVER PINK UNION JACK,92,254,1594.98,7.166530612244898
22788,BROCANTE COAT RACK,84,486,4073.41,11.863296703296703
22789,T-LIGHT HOLDER SWEETHEART HANGING,196,1252,2451.36,2.1353201970443347
22790,"MIRROR, ARCHED GEORGIAN",1,200,3884.0000000000005,19.42
22791,T-LIGHT GLASS FLUTED ANTIQUE,434,9846,12211.710000000001,1.5127450980392156
22792,FLUTED ANTIQUE CANDLE HOLDER,262,3596,3349.8999999999996,1.133393501805054
22794,SWEETHEART WIRE MAGAZINE RACK,209,402,3399.2400000000002,8.922258064516129
22795,SWEETHEART RECIPE BOOK STAND,498,1661,11697.31,7.97844696969697
22796,PHOTO FRAME 3 CLASSIC HANGING,316,819,8183.639999999999,10.517938461538462
22797,CHEST OF DRAWERS GINGHAM HEART,140,250,4375.26,18.720616438356164
22798,ANTIQUE GLASS DRESSING TABLE POT,356,2486,7737.46,3.745461741424802
22799,SWEETHEART WIRE FRUIT BOWL,108,254,2029.34,8.8251376146789
22800,ANTIQUE TALL SWIRLGLASS TRINKET POT,268,1206,4905.87,4.831951219512195
22801,ANTIQUE GLASS PEDESTAL BOWL,299,1363,5572.25,4.647453416149069
22802,FAUX FUR CHOCOLATE THROW,62,120,2153.1,19.364029850746267
22803,IVORY EMBROIDERED QUILT,36,78,2925.4900000000002,38.53022222222223
22804,CANDLEHOLDER PINK HANGING HEART,670,5377,14414.08,3.158150782361309
22805,BLUE DRAWER KNOB ACRYLIC EDWARDIAN,231,2316,3165.23,1.6608264462809919
22806,SET OF 6 T-LIGHTS WEDDING CAKE,57,442,1184.42,3.3623333333333334
22807,SET OF 6 T-LIGHTS TOADSTOOLS,294,1412,4213.47,3.733258064516129
22808,SET OF 6 T-LIGHTS EASTER CHICKS,83,427,1264.5300000000002,3.5549411764705883
22809,SET OF 6 T-LIGHTS SANTA,379,2632,7862.400000000001,3.3705000000000003
22810,SET OF 6 T-LIGHTS SNOWMEN,328,2295,7041.93,3.4331197771587743
22811,SET OF 6 T-LIGHTS CACTI,140,1040,2978.66,4.093020134228188
22812,PACK 3 BOXES CHRISTMAS PANNETONE,462,5049,11165.679999999998,2.566581027667984
22813,PACK 3 BOXES BIRD PANNETONE,373,4031,7865.429999999999,2.463533834586466
22814,CARD PARTY GAMES,295,2771,1168.84,0.5056
22815,CARD PSYCHEDELIC APPLES,340,3496,1496.28,0.5015028901734103
22816,CARD MOTORBIKE SANTA,436,7350,3180.75,0.48409871244635194
22817,CARD SUKI BIRTHDAY,355,3407,1442.49,0.4986629526462395
22818,CARD CHRISTMAS VILLAGE,404,6634,2884.2599999999998,0.4799063231850117
22819,"BIRTHDAY CARD, RETRO SPOT",331,3379,1431.6,0.4836336336336336
22820,GIFT BAG BIRTHDAY,110,1365,852.9300000000001,0.6359821428571429
22821,GIFT BAG PSYCHEDELIC APPLES,186,1699,1072.8000000000002,0.7234736842105264
22822,CREAM WALL PLANTER HEART SHAPED,183,606,3522.8700000000003,6.380520833333333
22823,CHEST NATURAL WOOD 20 DRAWERS,18,32,3655.0,117.5
22824,3 TIER SWEETHEART GARDEN SHELF,48,63,2225.8500000000004,35.71000000000001
22825,DECORATIVE PLANT POT WITH FRIEZE,38,103,822.87,8.3205
22826,LOVE SEAT ANTIQUE WHITE METAL,41,58,6210.0,114.02439024390245
22827,RUSTIC  SEVENTEEN DRAWER SIDEBOARD,35,49,7605.0,158.51351351351352
22828,REGENCY MIRROR WITH SHUTTERS,11,18,2730.0,155.0
22829,SWEETHEART WIRE WALL TIDY,118,249,2548.17,10.951138211382114
22830,UTILTY CABINET WITH HOOKS,18,309,6324.05,25.724090909090908
22831,WHITE BROCANTE SOAP DISH,138,780,2304.0,3.370979020979021
22832,BROCANTE SHELF WITH HOOKS,85,191,2097.65,11.545402298850576
22833,HALL CABINET WITH 3 DRAWERS,13,193,6567.169999999999,47.23800000000001
22834,HAND WARMER BABUSHKA DESIGN,597,7641,12879.75,2.3092261904761906
22835,HOT WATER BOTTLE I AM SO POORLY,1011,5524,28455.98,5.650985915492958
22837,HOT WATER BOTTLE BABUSHKA,450,4008,18742.170000000002,5.29421052631579
22838,3 TIER CAKE TIN RED AND CREAM,271,936,13519.36,17.007793594306047
22839,3 TIER CAKE TIN GREEN AND CREAM,260,595,9329.09,18.28782608695652
22840,ROUND CAKE TIN VINTAGE RED,402,1348,10263.300000000001,8.333132530120482
22841,ROUND CAKE TIN VINTAGE GREEN,306,783,6106.33,8.448285714285715
22842,BISCUIT TIN VINTAGE RED,237,843,5477.33,7.068938775510205
22843,BISCUIT TIN VINTAGE GREEN,177,601,3899.01,7.169453551912568
22844,VINTAGE CREAM DOG FOOD CONTAINER,498,1247,11788.72,10.57666015625
22845,VINTAGE CREAM CAT FOOD CONTAINER,394,1024,6955.2,7.802990196078431
22846,BREAD BIN DINER STYLE RED,346,855,13750.369999999999,17.643557422969188
22847,BREAD BIN DINER STYLE IVORY,482,1191,18890.09,17.180182555780934
22848,BREAD BIN DINER STYLE PINK,151,398,6392.75,17.947388535031845
22849,BREAD BIN DINER STYLE MINT,162,417,6543.13,16.97307692307692
22850,BREAD BIN DINER STYLE BLACK,1,8,123.6,15.95
22851,SET 20 NAPKINS FAIRY CAKES DESIGN,523,5195,4228.01,0.9582536764705881
22852,DOG BOWL VINTAGE CREAM,160,565,2467.11,4.54825
22853,CAT BOWL VINTAGE CREAM,146,646,2208.82,3.591224489795918
22854,CREAM SWEETHEART EGG HOLDER,244,1173,5700.99,5.490238095238095
22855,FINE WICKER HEART,427,5007,6257.8,1.4743207126948776
22856,ASSORTED EASTER DECORATIONS  BELLS,32,877,1059.8500000000001,3.520625
22857,ASSORTED EASTER GIFT TAGS,66,1230,1048.28,1.4554545454545456
22858,EASTER TIN KEEPSAKE,139,1135,1877.34,1.9493571428571426
22859,EASTER TIN BUNNY BOUQUET,165,1260,2105.6699999999996,1.945906432748538
22860,EASTER TIN CHICKS PINK DAISY,111,614,1064.1499999999999,1.972767857142857
22861,EASTER TIN CHICKS IN GARDEN,50,305,522.93,2.0107999999999997
22862,LOVE HEART NAPKIN BOX,221,781,3500.51,4.934873949579832
22863,SOAP DISH BROCANTE,169,1149,3293.4700000000003,3.220222222222222
22864,MUG AND COASTER SET RED CIRCLES,2,378,158.76,0.42
22865,HAND WARMER OWL DESIGN,1212,15471,33394.91,2.3525673652694614
22866,HAND WARMER SCOTTY DOG DESIGN,1083,13723,30323.640000000003,2.321460396039604
22867,HAND WARMER BIRD DESIGN,1054,13426,29484.320000000003,2.3727226890756303
22868,NUMBER TILE COTTAGE GARDEN 0,27,124,270.38,3.008518518518519
22869,NUMBER TILE COTTAGE GARDEN 1,57,167,393.63,3.066140350877193
22870,NUMBER TILE COTTAGE GARDEN 2,46,156,372.18,3.23
22871,NUMBER TILE COTTAGE GARDEN 3,30,127,289.39,3.266
22872,NUMBER TILE COTTAGE GARDEN 4,39,136,311.3,3.132051282051282
22873,NUMBER TILE COTTAGE GARDEN 5,31,121,266.71,2.91125
22874,NUMBER TILE COTTAGE GARDEN 6,28,126,272.02,2.7824137931034483
22875,NUMBER TILE COTTAGE GARDEN 7,30,124,272.56,2.871935483870968
22876,NUMBER TILE COTTAGE GARDEN 8,23,121,262.59,2.974615384615385
22877,NUMBER TILE COTTAGE GARDEN 9,28,128,271.64,2.5785714285714287
22878,NUMBER TILE COTTAGE GARDEN No,45,128,330.26000000000005,3.420666666666667
22879,NUMBER TILE VINTAGE FONT 0,21,82,134.4,2.9823809523809524
22880,NUMBER TILE VINTAGE FONT 1,37,112,234.48,3.2110526315789474
22881,NUMBER TILE VINTAGE FONT 2,36,112,218.82,3.151111111111111
22882,NUMBER TILE VINTAGE FONT 3,50,127,259.28999999999996,2.9750980392156863
22883,NUMBER TILE VINTAGE FONT 4,34,110,217.26,3.3145714285714285
22884,NUMBER TILE VINTAGE FONT 5,39,113,229.89,3.0636585365853657
22885,NUMBER TILE VINTAGE FONT 6,35,113,214.47,3.0366666666666666
22886,NUMBER TILE VINTAGE FONT 7,29,98,174.16,2.917586206896552
22887,NUMBER TILE VINTAGE FONT 8,28,92,160.35999999999999,2.9549999999999996
22888,NUMBER TILE VINTAGE FONT 9,23,79,130.82999999999998,3.058695652173913
22889,NUMBER TILE VINTAGE FONT No,39,197,331.33,3.490731707317073
22890,NOVELTY BISCUITS CAKE STAND 3 TIER,260,832,8143.82,11.078051470588235
22891,TEA FOR ONE POLKADOT,230,686,3353.94,5.680569105691057
22892,SET OF SALT AND PEPPER TOADSTOOLS,295,3556,4367.06,1.3167785234899327
22893,MINI CAKE STAND T-LIGHT HOLDER,182,2774,1330.5,0.6163101604278075
22894,TABLECLOTH RED APPLES DESIGN,192,568,5220.28,9.750964467005076
22895,SET OF 2 TEA TOWELS APPLE AND PEARS,411,2886,8787.220000000001,3.476416861826698
22896,PEG BAG APPLES DESIGN,367,2087,5276.17,3.1294414893617017
22897,OVEN MITT APPLES DESIGN,298,1972,2921.01,1.7624262295081965
22898,CHILDRENS APRON APPLES DESIGN,471,3249,6777.93,2.4657346938775513
22899,CHILDREN'S APRON DOLLY GIRL,421,2840,5937.89,2.432760180995475
22900,SET 2 TEA TOWELS I LOVE LONDON,723,6349,20459.510000000002,3.6752356687898087
22902,TOTE BAG I LOVE LONDON,199,1779,3643.0800000000004,2.5875943396226417
22903,CALENDAR FAMILY FAVOURITES,82,747,2062.82,3.069761904761905
22904,CALENDAR PAPER CUT DESIGN,463,3516,10955.84,3.369296066252588
22905,CALENDAR IN SEASON DESIGN,194,1089,2995.53,2.9776884422110554
22906,12 MESSAGE CARDS WITH ENVELOPES,445,3443,6362.639999999999,2.0118181818181817
22907,PACK OF 20 NAPKINS PANTRY DESIGN,829,8727,7314.69,0.9726334106728538
22908,PACK OF 20 NAPKINS RED APPLES,485,5666,4583.75,0.9602186878727634
22909,SET OF 20 VINTAGE CHRISTMAS NAPKINS,1086,17684,15760.83,0.976768968456948
22910,PAPER CHAIN KIT VINTAGE CHRISTMAS,1427,19580,61671.840000000004,3.3026422498364942
22911,PAPER CHAIN KIT LONDON,164,870,2504.5,3.2073410404624276
22912,YELLOW COAT RACK PARIS FASHION,108,338,1606.98,5.337058823529412
22913,RED COAT RACK PARIS FASHION,122,462,2179.3900000000003,5.546717557251909
22914,BLUE COAT RACK PARIS FASHION,170,598,2871.4,5.477065217391305
22915,ASSORTED BOTTLE TOP  MAGNETS,194,3461,1570.76,1.2712135922330097
22916,HERB MARKER THYME,249,2003,1396.0900000000001,0.8684701492537313
22917,HERB MARKER ROSEMARY,252,2034,1418.42,0.8702255639097743
22918,HERB MARKER PARSLEY,249,1968,1356.8700000000001,0.8651310861423221
22919,HERB MARKER MINT,248,1829,1279.3400000000001,0.8528787878787879
22920,HERB MARKER BASIL,252,3521,2234.21,0.8745724907063197
22921,HERB MARKER CHIVES,220,1801,1253.29,0.8665811965811966
22922,FRIDGE MAGNETS US DINER ASSORTED,113,2109,1819.8,1.6531896551724137
22923,FRIDGE MAGNETS LES ENFANTS ASSORTED,90,1662,1392.2099999999998,1.1787628865979383
22924,FRIDGE MAGNETS LA VIE EN ROSE,95,1563,1407.48,1.5927184466019415
22925,BLUE GIANT GARDEN THERMOMETER,191,505,3102.51,6.519203980099503
22926,IVORY GIANT GARDEN THERMOMETER,216,758,4632.17,6.341563786008231
22927,GREEN GIANT GARDEN THERMOMETER,162,502,3221.9100000000003,6.79954802259887
22928,YELLOW GIANT GARDEN THERMOMETER,118,301,2077.02,7.742644628099174
22929,SCHOOL DESK AND CHAIR,17,23,1459.75,64.17058823529412
22930,BAKING MOULD HEART MILK CHOCOLATE,189,1199,3046.45,3.0551269035532997
22931,BAKING MOULD HEART WHITE CHOCOLATE,129,900,2152.75,2.8162962962962963
22932,BAKING MOULD TOFFEE CUP CHOCOLATE,72,963,2169.9300000000003,2.696133333333333
22933,BAKING MOULD EASTER EGG MILK CHOC,122,952,2621.32,3.4843548387096774
22934,BAKING MOULD EASTER EGG WHITE CHOC,78,589,1707.47,3.2253846153846157
22935,BAKING MOULD ROSE MILK CHOCOLATE,65,771,2294.07,3.7729411764705882
22936,BAKING MOULD ROSE WHITE CHOCOLATE,50,288,925.22,4.286296296296296
22937,BAKING MOULD CHOCOLATE CUPCAKES,160,1022,2690.74,2.908470588235294
22938,CUPCAKE LACE PAPER SET 6,273,3746,7006.299999999999,2.072097902097902
22939,APRON APPLE DELIGHT,181,705,3545.5,5.961405405405404
22940,FELTCRAFT CHRISTMAS FAIRY,586,3653,16009.289999999999,4.549215070643642
22941,CHRISTMAS LIGHTS 10 REINDEER,483,2707,22619.82,9.752403846153847
22942,CHRISTMAS LIGHTS 10 SANTAS,246,1271,9899.68,8.573183520599251
22943,CHRISTMAS LIGHTS 10 VINTAGE BAUBLES,356,2601,12783.82,5.971028277634962
22944,CHRISTMAS METAL POSTCARD WITH BELLS,158,4901,3631.6200000000003,1.4731325301204818
22945,CHRISTMAS METAL TAGS ASSORTED,338,7827,7696.69,2.3231521739130434
22946,WOODEN ADVENT CALENDAR CREAM,275,990,15451.32,18.690842105263155
22947,WOODEN ADVENT CALENDAR RED,209,1026,13111.85,15.564639639639639
22948,METAL DECORATION NAUGHTY CHILDREN,180,2243,2292.77,1.9624489795918367
22949,36 DOILIES DOLLY GIRL,177,2016,2871.48,1.7545604395604395
22950,36 DOILIES VINTAGE CHRISTMAS,352,8333,11452.64,1.5710393258426965
22951,60 CAKE CASES DOLLY GIRL DESIGN,634,11193,5888.400000000001,0.6763141993957704
22952,60 CAKE CASES VINTAGE CHRISTMAS,1144,33719,19775.58,0.7216571428571429
22953,BIRTHDAY PARTY CORDON BARRIER TAPE,119,841,1049.8,1.3724031007751938
22954,HEN PARTY CORDON BARRIER TAPE,50,238,293.89,1.3878
22955,36 FOIL STAR CAKE CASES,185,1479,2952.4700000000003,2.2628855721393037
22956,36 FOIL HEART CAKE CASES,256,2607,5110.530000000001,2.214055944055944
22957,SET 3 PAPER VINTAGE CHICK PAPER EGG,214,1775,5014.650000000001,3.115555555555556
22959,WRAP CHRISTMAS VILLAGE,284,9751,3987.42,0.4181118881118881
22960,JAM MAKING SET WITH JARS,1159,9289,39639.31,5.056658415841584
22961,JAM MAKING SET PRINTED,1200,18069,28218.239999999998,1.884421875
22962,JAM JAR WITH PINK LID,354,4630,3872.0499999999997,1.050578947368421
22963,JAM JAR WITH GREEN LID,319,3954,3303.81,1.072865329512894
22964,3 PIECE SPACEBOY COOKIE CUTTER SET,408,2849,5957.85,2.5051044083526683
22965,3 TRADITIONAl BISCUIT CUTTERS  SET,260,1888,3932.7500000000005,2.33010989010989
22966,GINGERBREAD MAN COOKIE CUTTER,732,8486,10480.130000000001,1.4445115681233933
22967,SET 3 SONG BIRD PAPER EGGS ASSORTED,138,1171,3271.4100000000003,3.0120289855072464
22968,ROSE COTTAGE KEEPSAKE BOX,306,1194,11952.26,11.793081570996979
22969,HOMEMADE JAM SCENTED CANDLES,709,15075,22441.85,1.7704116865869852
22970,LONDON BUS COFFEE MUG,317,4334,10140.6,2.730219435736677
22971,QUEENS GUARD COFFEE MUG,272,2431,5849.29,2.7821167883211677
22972,CHILDREN'S SPACEBOY MUG,243,1992,3421.7599999999998,2.007018867924528
22973,CHILDREN'S CIRCUS PARADE MUG,155,1422,2423.5299999999997,2.034071856287425
22974,CHILDRENS DOLLY GIRL MUG,211,1738,2977.7899999999995,2.0466666666666664
22975,SPACEBOY CHILDRENS EGG CUP,193,1322,1788.51,1.5617619047619047
22976,CIRCUS PARADE CHILDRENS EGG CUP,149,1210,1576.57,1.5157407407407406
22977,DOLLY GIRL CHILDRENS EGG CUP,140,1060,1396.41,1.4943790849673202
22978,PANTRY ROLLING PIN,238,2464,9564.98,4.3442436974789915
22979,PANTRY WASHING UP BRUSH,381,4090,6391.82,1.8184334203655352
22980,PANTRY SCRUBBING BRUSH,291,2363,3910.0099999999998,1.9236734693877549
22981,PANTRY APPLE CORER,105,471,704.13,1.8700925925925926
22982,PANTRY PASTRY BRUSH,212,1154,1543.77,1.6372169811320754
22983,CARD BILLBOARD FONT,551,6892,2928.44,0.5278558875219683
22984,CARD GINGHAM ROSE,214,3374,1381.66,0.47626728110599076
22985,"WRAP, BILLBOARD FONTS DESIGN",136,4772,1916.24,0.41884057971014493
22986,GINGHAM ROSE WRAP,204,5845,2410.9,0.4193203883495145
22987,"WRAP , SUMMER ROSE DESIGN",11,252,105.84,0.42
22988,SOLDIERS EGG CUP,446,9684,11673.720000000001,1.50459793814433
22989,SET 2 PANTRY DESIGN TEA TOWELS,372,2811,8999.27,3.6862698412698416
22990,COTTON APRON PANTRY DESIGN,164,633,2917.4300000000003,5.315301204819277
22991,GIRAFFE WOODEN RULER,274,3887,7604.889999999999,2.273655913978495
22992,REVOLVER WOODEN RULER,348,5233,10373.99,2.2714044943820224
22993,SET OF 4 PANTRY JELLY MOULDS,1073,12649,16478.48,1.497788990825688
22994,TRAVEL CARD WALLET RETROSPOT,218,2194,956.94,0.5283105022831049
22995,TRAVEL CARD WALLET SUKI,266,2381,1058.64,0.5419402985074626
22996,TRAVEL CARD WALLET VINTAGE TICKET,408,4801,2094.93,0.5296385542168675
22997,TRAVEL CARD WALLET UNION JACK,222,2545,1094.93,0.49327354260089684
22998,TRAVEL CARD WALLET KEEP CALM,534,12366,5262.82,0.49730483271375464
22999,TRAVEL CARD WALLET VINTAGE LEAF,222,2894,1252.59,0.48244444444444445
23000,TRAVEL CARD WALLET TRANSPORT,278,3169,1368.28,0.5197132616487455
23002,TRAVEL CARD WALLET SKULLS,192,2119,914.37,0.5232474226804124
23003,TRAVEL CARD WALLET VINTAGE ROSE,53,542,226.2,0.41888888888888887
23004,TRAVEL CARD WALLET PANTRY,221,2002,903.16,0.6030357142857142
23005,TRAVEL CARD WALLET I LOVE LONDON,241,4733,2126.55,0.5217213114754098
23006,TRAVEL CARD WALLET FLOWER MEADOW,173,1758,762.75,0.5191907514450866
23007,SPACEBOY BABY GIFT SET,184,498,7741.749999999999,15.913423913043477
23008,DOLLY GIRL BABY GIFT SET,133,433,6719.61,16.12609022556391
23009,I LOVE LONDON BABY GIFT SET,103,263,4082.5199999999995,15.988252427184465
23010,CIRCUS PARADE BABY GIFT SET,111,315,4879.599999999999,16.296576576576577
23012,GLASS APOTHECARY BOTTLE PERFUME,246,1071,4197.110000000001,4.62991935483871
23013,GLASS APOTHECARY BOTTLE TONIC,223,924,3674.1600000000003,4.672946428571429
23014,GLASS APOTHECARY BOTTLE ELIXIR,209,856,3419.5800000000004,4.863838862559241
23015,CORDIAL GLASS JUG,18,40,338.38,8.691052631578946
23016,GLASS TWIST BON BON JAR,24,74,575.25,8.714583333333332
23017,APOTHECARY MEASURING JAR,22,67,826.28,12.759545454545453
23018,LARGE APOTHECARY MEASURING JAR,21,51,612.1600000000001,12.900476190476192
23019,SMALL APOTHECARY MEASURING JAR,28,81,629.0500000000001,8.078571428571427
23020,GLASS  SONGBIRD STORAGE JAR,76,180,2191.84,12.99592105263158
23021,GLASS BONNE JAM JAR,27,120,500.82000000000005,4.441851851851852
23022,SMALL BONNE JAM JAR  T-LIGHT HOLDER,22,422,808.16,2.0316666666666667
23023,RIDGED BONNE JAM JAR T-LIGHT HOLDER,25,274,437.81999999999994,1.7651999999999999
23024,LARGE BONNE JAM JAR  T-LIGHT HOLDER,11,255,667.8500000000001,3.0081818181818183
23025,DRAWER KNOB VINTAGE GLASS BALL,54,350,760.8000000000001,2.269814814814815
23026,DRAWER KNOB VINTAGE GLASS STAR,62,556,1198.96,2.3271875
23027,DRAWER KNOB VINTAGE GLASS HEXAGON,30,295,627.95,2.216666666666667
23028,DRAWER KNOB CRACKLE GLAZE BLUE,137,1369,2377.1299999999997,1.9253623188405797
23029,DRAWER KNOB CRACKLE GLAZE GREEN,156,1352,2303.9199999999996,1.8366666666666664
23031,DRAWER KNOB CRACKLE GLAZE PINK,155,1278,2152.2999999999997,1.827290322580645
23032,DRAWER KNOB CRACKLE GLAZE IVORY,199,2328,3853.68,1.7743349753694582
23033,DRAWER KNOB CERAMIC RED,74,714,1058.8999999999999,1.814864864864865
23034,DRAWER KNOB CERAMIC BLACK,88,979,1448.6699999999998,1.6273333333333335
23035,DRAWER KNOB CERAMIC IVORY,191,2191,3199.99,1.6449999999999998
23036,T-LIGHT HOLDER SILVER PETIT FOUR,16,184,232.42000000000002,1.325625
23037,CANDLE HOLDER SILVER MADELINE,20,196,325.15999999999997,1.886
23038,T-LIGHT HOLDER SILVER SAUCER,8,44,42.919999999999995,1.3299999999999998
23039,T-LIGHT HOLDER SILVER HEART HANDLE,28,199,399.71,2.3906896551724137
23040,PAPER LANTERN 9 POINT SNOW STAR,41,253,1394.03,6.278372093023257
23041,PAPER LANTERN 9 POINT SNOW STAR,54,272,1178.48,4.61
23042,PAPER LANTERN 7 POINT SNOW STAR,28,103,711.51,7.361428571428571
23043,PAPER LANTERN 9 POINT HOLLY STAR L,23,81,543.51,7.33
23044,PAPER LANTERN 9 POINT HOLLY STAR S,25,101,423.29,4.309230769230769
23045,PAPER LANTERN 5 POINT STAR MOON,25,118,497.9800000000001,4.4812
23046,PAPER LANTERN 9 POINT DELUXE STAR,36,349,2111.4900000000002,6.809444444444445
23047,PAPER LANTERN 5 POINT SEQUIN STAR,25,58,333.5,5.75
23048,SET OF 10 LANTERNS FAIRY LIGHT STAR,99,577,2368.37,4.6737254901960785
23049,RECYCLED ACAPULCO MAT RED,186,456,3896.84,8.921505376344086
23050,RECYCLED ACAPULCO MAT GREEN,205,497,4286.55,9.223268292682926
23051,RECYCLED ACAPULCO MAT BLUE,162,365,3223.49,9.636790123456791
23052,RECYCLED ACAPULCO MAT TURQUOISE,278,654,5949.34,9.784460431654676
23053,RECYCLED ACAPULCO MAT PINK,164,364,3254.32,9.819390243902438
23054,RECYCLED ACAPULCO MAT LAVENDER,130,295,2604.93,9.533076923076923
23055,IVORY CHANDELIER T-LIGHT HOLDER,38,657,1395.18,5.62125
23056,FLOWERS CHANDELIER T-LIGHT HOLDER,39,963,2898.12,6.1842500000000005
23057,BEADED CHANDELIER T-LIGHT HOLDER,45,773,1768.67,4.781555555555556
23058,CHRISTMAS HANGING SNOWFLAKE,48,490,430.86,1.2252083333333335
23060,HEART BEADED TRELLIS DECORATION,42,249,528.1700000000001,2.2197727272727272
23061,VINTAGE EMBOSSED HEART,117,1015,1332.68,1.5377777777777777
23064,CINDERELLA CHANDELIER,23,221,3717.56,45.48739130434783
23065,LARGE DECO JEWELLERY STAND,99,273,3427.44,12.976161616161617
23066,SMALL DECO JEWELLERY STAND,85,259,2137.81,8.921294117647058
23067,HANGING ENGRAVED METAL HEART,78,294,1236.66,4.351951219512196
23068,ALUMINIUM STAMPED HEART,136,809,1966.93,2.5855072463768116
23069,EDWARDIAN PHOTO FRAME,32,88,556.21,6.4440625
23070,EDWARDIAN HEART PHOTO FRAME,44,160,709.5400000000001,5.090909090909091
23071,MARIE ANTOINETTE TRINKET BOX GOLD,19,315,1205.1,10.5325
23072,MARIE ANTOINETTE TRINKET BOX SILVER,30,334,1273.76,13.725333333333333
23073,GEORGIAN TRINKET BOX,61,143,1706.5,12.411475409836067
23074,EMBOSSED HEART TRINKET BOX,48,246,547.27,2.623125
23075,PARLOUR CERAMIC WALL HOOK,80,472,1960.3000000000002,4.248500000000001
23076,ICE CREAM SUNDAE LIP GLOSS,277,8076,9935.76,1.35028880866426
23077,DOUGHNUT LIP GLOSS,344,10395,13695.77,1.345436046511628
23078,ICE CREAM PEN LIP GLOSS,257,6831,8553.34,1.4267315175097277
23079,TOADSTOOL BEDSIDE LIGHT,106,251,2225.45,8.936915887850466
23080,RED METAL BOX TOP SECRET,257,1074,9117.62,9.339272030651342
23081,GREEN METAL BOX ARMY SUPPLIES,139,483,4038.25,9.407194244604316
23082,SET 6 PAPER TABLE LANTERN HEARTS,297,2328,8558.76,4.093564356435643
23083,SET 6 PAPER TABLE LANTERN STARS,246,1932,7250.900000000001,4.236586345381526
23084,RABBIT NIGHT LIGHT,994,30739,66870.03,2.386401179941003
23085,ANTIQUE SILVER BAUBLE LAMP,78,376,3583.23,10.834999999999999
23086,ZINC  STAR T-LIGHT HOLDER,47,1225,1451.43,1.5197872340425533
23087,ZINC  HEART T-LIGHT HOLDER,69,868,1090.66,1.5915942028985506
23088,ZINC HEART FLOWER T-LIGHT HOLDER,79,795,1033.28,1.627594936708861
23089,GLASS BON BON JAR,225,2354,4215.78,2.380175438596491
23090,VINTAGE GLASS T-LIGHT HOLDER,149,2237,1870.0299999999997,0.9790131578947369
23091,ZINC HERB GARDEN CONTAINER,209,580,3656.32,6.728142857142857
23092,LARGE ANTIQUE WHITE PHOTO FRAME,135,523,3757.78,8.100962962962964
23093,SMALL PARISIENNE HEART PHOTO FRAME,142,939,2239.2400000000002,2.7882394366197185
23094,LE GRAND TRAY CHIC SET,79,152,1924.92,12.815443037974683
23096,PETIT TRAY CHIC,146,1033,1736.6899999999998,2.027808219178082
23099,FRENCH CARRIAGE LANTERN,58,137,925.35,7.039152542372881
23100,SILVER BELLS TABLE DECORATION,257,2166,2739.38,1.426235741444867
23101,SILVER STARS TABLE DECORATION,213,2031,1739.6299999999999,0.9744859813084111
23102,SILVER HEARTS TABLE DECORATION,157,1274,1075.03,0.970754716981132
23103,JINGLE BELL HEART DECORATION,365,4072,6846.159999999999,1.8441489361702128
23104,IVORY CAFE HANGING LAMP,46,118,1405.42,12.859130434782609
23106,ZINC HEARTS PLANT POT HOLDER,53,291,815.59,2.9428301886792454
23107,WHITE HEARTS WIRE PLANT POT HOLDER,73,359,1009.51,3.2009589041095894
23108,SET OF 10 LED DOLLY LIGHTS,372,2219,13290.519999999999,6.469919571045577
23109,PACK OF SIX LED TEA LIGHTS,268,2386,6835.02,3.264963235294118
23110,PARISIENNE KEY CABINET,255,700,4147.18,6.66234375
23111,PARISIENNE SEWING BOX,138,312,3839.2400000000002,13.468920863309354
23112,PARISIENNE CURIO CABINET,241,546,4507.08,9.16721991701245
23113,PANTRY CHOPPING BOARD,57,1154,5868.5,6.361754385964912
23114,VINTAGE LEAF CHOPPING BOARD,45,149,737.95,5.451333333333333
23115,RED APPLES CHOPPING BOARD,45,152,770.32,5.8406666666666665
23116,VEGETABLE GARDEN CHOPPING BOARD,22,76,382.44,6.240909090909091
23117,POPPY FIELDS CHOPPING BOARD,45,93,501.23,5.598888888888888
23118,PARISIENNE JEWELLERY DRAWER,258,813,6102.18,8.39046511627907
23119,PACK OF 6 LARGE FRUIT STRAWS,151,2282,1401.7,0.7791390728476821
23120,PACK OF 6 SMALL FRUIT STRAWS,100,1685,682.39,0.46819047619047616
23121,PACK OF 6 COCKTAIL PARASOL STRAWS,111,2501,1000.4399999999999,0.5528448275862069
23122,PARTY CHARMS 50 PIECES,133,2251,1726.09,1.0386029411764706
23123,COCKTAIL SWORDS 50 PIECES,95,935,759.5699999999999,1.014421052631579
23124,18PC WOODEN CUTLERY SET DISPOSABLE,43,567,751.38,1.751627906976744
23125,6PC WOOD PLATE SET DISPOSABLE,38,459,574.88,1.9131578947368422
23126,FELTCRAFT GIRL AMELIE KIT,291,1109,5532.04,5.375153583617748
23127,FELTCRAFT GIRL NICOLE KIT,194,736,3759.0,5.259591836734694
23128,FELTCRAFT BOY JEAN-PAUL KIT,139,448,2258.6600000000003,5.266906474820144
23129,HEART SHAPED HOLLY WREATH,172,950,3999.5000000000005,4.576279069767442
23130,MISTLETOE HEART WREATH GREEN,184,962,3988.98,4.519456521739131
23131,MISTLETOE HEART WREATH CREAM,115,942,3835.9800000000005,4.2041379310344835
23132,SMALL IVORY HEART WALL ORGANISER,152,1020,5138.6,6.2221710526315785
23133,LARGE IVORY HEART WALL ORGANISER,155,782,5525.4,9.162451612903226
23134,LARGE ZINC HEART WALL ORGANISER,38,1065,6431.110000000001,7.9068421052631574
23135,SMALL ZINC HEART WALL ORGANISER,45,1541,5416.18,5.675777777777777
23136,IVORY WIRE SWEETHEART LETTER TRAY,49,135,511.89,4.034081632653061
23137,ZINC WIRE SWEETHEART LETTER TRAY,23,83,275.62,3.9765217391304346
23138,SINGLE WIRE HOOK IVORY HEART,82,879,1231.51,1.5985714285714285
23139,SINGLE WIRE HOOK PINK HEART,27,414,528.6999999999999,1.6128571428571428
23140,TRIPLE WIRE HOOK IVORY HEART,52,182,766.1,4.535769230769231
23141,TRIPLE WIRE HOOK PINK HEART,25,79,272.91,4.2404
23142,IVORY WIRE KITCHEN ORGANISER,40,121,1220.8200000000002,11.11675
23143,ZINC WIRE KITCHEN ORGANISER,16,30,239.97,9.929375
23144,ZINC T-LIGHT HOLDER STARS SMALL,274,5089,4197.83,0.9436727272727272
23145,ZINC T-LIGHT HOLDER STAR LARGE,169,2084,1979.4799999999998,1.0791764705882354
23146,TRIPLE HOOK ANTIQUE IVORY ROSE,227,798,2645.26,3.5144155844155844
23147,SINGLE ANTIQUE ROSE HOOK IVORY,261,1868,2752.2,1.5256226415094338
23148,MINIATURE ANTIQUE ROSE HOOK IVORY,247,2139,1816.31,0.9133858267716536
23149,ANTIQUE IVORY WIRE BOWL SMALL,21,99,251.45000000000002,2.7252380952380952
23150,IVORY SWEETHEART SOAP DISH,49,148,390.75000000000006,2.9436734693877553
23151,ZINC SWEETHEART SOAP DISH,21,61,114.33000000000001,2.2395238095238095
23152,IVORY SWEETHEART WIRE LETTER RACK,159,554,2080.65,3.9519374999999997
23153,ZINC SWEETHEART WIRE LETTER RACK,90,263,1020.69,4.236666666666666
23154,SET OF 4 JAM JAR MAGNETS,235,2701,5842.88,2.2075000000000005
23155,KNICKERBOCKERGLORY MAGNET ASSORTED,135,2221,1904.77,1.472074074074074
23156,SET OF 5 MINI GROCERY MAGNETS,205,1665,3423.29,2.261497584541063
23157,SET OF 6 NATIVITY MAGNETS,163,2557,5143.06,2.361597633136095
23158,SET OF 5 LUCKY CAT MAGNETS,255,2633,5513.83,2.674823529411765
23159,SET OF 5 PANCAKE DAY MAGNETS,223,2293,4713.52,2.3199107142857143
23160,REGENCY TEA SPOON,76,1450,1794.48,1.4881578947368421
23161,REGENCY CAKE FORK,98,1715,2145.3,1.593061224489796
23162,REGENCY TEA STRAINER,176,1412,5143.6900000000005,4.422272727272728
23163,REGENCY SUGAR TONGS,209,1832,4515.22,3.329234449760766
23164,REGENCY CAKE SLICE,92,578,2718.65,5.579673913043479
23165,LARGE CERAMIC TOP STORAGE JAR,280,3114,5141.0599999999995,1.9777738515901062
23166,MEDIUM CERAMIC TOP STORAGE JAR,247,78033,81700.92000000001,1.46848
23167,SMALL CERAMIC TOP STORAGE JAR,231,5847,4476.009999999999,1.0025210084033613
23168,CLASSIC CAFE SUGAR DISPENSER,337,3291,4558.67,1.777485380116959
23169,CLASSIC GLASS COOKIE JAR,314,1556,6662.84,4.724095238095239
23170,REGENCY TEA PLATE ROSES,445,6857,11097.249999999998,2.075707865168539
23171,REGENCY TEA PLATE GREEN,381,6247,10051.99,2.128433420365535
23172,REGENCY TEA PLATE PINK,305,3861,6344.409999999999,2.06783606557377
23173,REGENCY TEAPOT ROSES,416,2766,24879.13,11.119714964370546
23174,REGENCY SUGAR BOWL GREEN,322,3055,12342.43,4.795123456790124
23175,REGENCY MILK JUG PINK,329,3160,9587.15,3.8787915407854987
23176,ABC TREASURE BOOK BOX,226,2165,4693.08,2.663215859030837
23177,TREASURE ISLAND BOOK BOX,267,2532,5521.29,2.702074074074074
23178,JAM CLOCK MAGNET,68,327,936.89,3.360294117647059
23179,CLOCK MAGNET MUM'S KITCHEN,53,324,930.48,3.5243396226415094
23180,MUM'S KITCHEN CLOCK,49,122,621.09,5.939387755102041
23181,BULL DOG BOTTLE TOP WALL CLOCK,82,201,1733.57,9.421463414634145
23182,TOILET SIGN OCCUPIED OR VACANT,433,3741,3688.2099999999996,1.5304347826086955
23183,MOTHER'S KITCHEN SPOON REST,84,226,967.17,4.879411764705883
23184,BULL DOG BOTTLE OPENER,264,874,4764.5,6.4533082706766915
23185,FRENCH STYLE STORAGE JAR JAM,30,317,114.85,0.3516129032258064
23186,FRENCH STYLE STORAGE JAR CAFE,70,1982,819.4599999999999,0.3409859154929577
23187,FRENCH STYLE STORAGE JAR BONBONS,74,2338,695.06,0.3154666666666667
23188,VINTAGE  2 METER FOLDING RULER,333,3471,6447.7699999999995,1.934985163204748
23189,SET OF 12 FORK CANDLES,141,1249,3507.51,3.3956338028169015
23190,BUNDLE OF 3 SCHOOL EXERCISE BOOKS,202,1702,2761.8999999999996,1.7966009852216749
23191,BUNDLE OF 3 RETRO NOTE BOOKS,281,2201,3628.8899999999994,1.8722996515679444
23192,BUNDLE OF 3 ALPHABET EXERCISE BOOKS,345,3516,6114.24,1.7743304843304841
23193,BUFFALO BILL TREASURE BOOK BOX,175,1922,4079.28,2.730571428571429
23194,GYMKHANA TREASURE BOOK BOX,214,1835,4077.37,2.71331797235023
23196,VINTAGE LEAF MAGNETIC NOTEPAD,298,1872,2842.24,1.7964473684210527
23197,SKETCHBOOK MAGNETIC SHOPPING LIST,249,1478,2303.5,1.95224
23198,PANTRY MAGNETIC  SHOPPING LIST,475,3342,5062.599999999999,1.7995876288659793
23199,JUMBO BAG APPLES,978,14908,30450.690000000002,2.5699290060851925
23200,JUMBO BAG PEARS,595,7067,14188.960000000001,2.4302508361204014
23201,JUMBO BAG ALPHABET,906,13366,27850.83,2.3900109769484086
23202,JUMBO BAG VINTAGE LEAF,879,10941,21810.43,2.2962302483069976
23203,JUMBO BAG VINTAGE DOILY,1231,20485,42030.340000000004,2.275764895330113
23204,CHARLOTTE BAG APPLES DESIGN,583,7976,7741.94,1.1219453924914675
23205,CHARLOTTE BAG VINTAGE ALPHABET,467,5857,5726.38,1.1491063829787236
23206,LUNCH BAG APPLE DESIGN,1036,12147,20852.579999999998,2.0589553656220323
23207,LUNCH BAG ALPHABET DESIGN,740,7830,13325.55,1.9909656084656082
23208,LUNCH BAG VINTAGE LEAF DESIGN,668,6308,10441.91,1.9362038404726736
23209,LUNCH BAG VINTAGE DOILY,1098,13170,21418.82,1.8247576301615798
23210,WHITE ROCKING HORSE HAND PAINTED,192,2849,3551.53,1.4668316831683168
23211,RED ROCKING HORSE HAND PAINTED,160,2329,2930.57,1.5651851851851852
23212,HEART WREATH DECORATION WITH BELL,186,2296,2860.89,1.4950261780104712
23213,STAR WREATH DECORATION WITH BELL,152,1682,2138.42,1.4865806451612902
23214,JINGLE BELL HEART ANTIQUE GOLD,103,789,1695.04,2.3925961538461538
23215,JINGLE BELL HEART ANTIQUE SILVER,210,3564,7038.400000000001,2.2615962441314554
23216,LAUREL HEART ANTIQUE GOLD,44,525,630.73,1.446888888888889
23217,LAUREL HEART ANTIQUE SILVER,97,1309,1613.82,1.5415151515151517
23218,LAUREL STAR ANTIQUE GOLD,40,379,483.03,1.57225
23219,LAUREL STAR ANTIQUE SILVER,61,430,568.6,1.52765625
23220,REINDEER HEART DECORATION GOLD,103,993,869.15,1.0827884615384615
23221,REINDEER HEART DECORATION SILVER,145,1536,1363.04,1.0762416107382549
23222,CHRISTMAS TREE HANGING GOLD,75,799,718.53,1.0467532467532468
23223,CHRISTMAS TREE HANGING SILVER,88,801,750.1899999999999,1.089438202247191
23224,CHERUB HEART DECORATION GOLD,71,738,649.02,1.0394366197183098
23225,CHERUB HEART DECORATION SILVER,88,1355,1176.1699999999998,1.0939772727272727
23226,FILIGREE HEART DAISY WHITE,98,1247,1596.67,1.5736363636363635
23227,FILIGREE HEART BUTTERFLY WHITE,117,1642,2070.06,1.5737606837606837
23228,FILIGREE HEART BIRD WHITE,125,1492,1960.0,1.7907142857142857
23229,VINTAGE DONKEY TAIL GAME,256,1869,6739.71,4.2430078125
23230,WRAP ALPHABET DESIGN,235,7976,3217.92,0.41736170212765955
23231,WRAP DOILEY DESIGN,260,7277,3008.34,0.41907692307692307
23232,WRAP VINTAGE LEAF DESIGN,238,8526,3436.92,0.417489539748954
23233,WRAP POPPIES  DESIGN,158,5175,2105.5,0.41861635220125787
23234,BISCUIT TIN VINTAGE CHRISTMAS,277,1722,5079.78,3.3792086330935254
23235,STORAGE TIN VINTAGE LEAF,105,736,1950.66,2.9825714285714287
23236,STORAGE TIN VINTAGE DOILY,327,2493,7059.97,3.2796969696969698
23237,SET OF 4 KNICK KNACK TINS LEAF,177,1053,4274.39,4.251129943502825
23238,SET OF 4 KNICK KNACK TINS LONDON,274,1849,7771.610000000001,4.752158273381295
23239,SET OF 4 KNICK KNACK TINS POPPIES,178,842,3353.84,4.393646408839779
23240,SET OF 4 KNICK KNACK TINS DOILY,536,4177,17000.170000000002,4.445494505494506
23241,TREASURE TIN GYMKHANA DESIGN,363,2165,4669.55,2.4851092896174864
23242,TREASURE TIN BUFFALO BILL,214,1470,3024.63,2.2825345622119815
23243,SET OF TEA COFFEE SUGAR TINS PANTRY,470,4800,23489.420000000002,5.866072186836518
23244,ROUND STORAGE TIN VINTAGE LEAF,112,936,1733.9799999999998,2.089642857142857
23245,SET OF 3 REGENCY CAKE TINS,873,6345,31118.550000000003,5.883424657534246
23247,BISCUIT TIN 50'S CHRISTMAS,309,2194,6681.25,3.2880906148867313
23249,VINTAGE RED ENAMEL TRIM PLATE,81,842,1426.1,1.8880246913580248
23250,VINTAGE RED TRIM ENAMEL BOWL,110,1179,1531.03,1.4680909090909091
23251,VINTAGE RED ENAMEL TRIM MUG,120,1712,2105.75,1.4126666666666667
23252,VINTAGE RED ENAMEL TRIM JUG,138,603,2261.61,4.0390579710144925
23253,16 PIECE CUTLERY SET PANTRY DESIGN,70,258,3848.8599999999997,17.148857142857143
23254,CHILDRENS CUTLERY DOLLY GIRL,299,1703,6903.110000000001,4.267142857142858
23255,CHILDRENS CUTLERY CIRCUS PARADE,158,1014,4097.22,4.346962025316456
23256,CHILDRENS CUTLERY SPACEBOY,368,2113,8667.07,4.463064516129032
23263,SET OF 3 WOODEN HEART DECORATIONS,445,3863,5147.19,1.4479957805907173
23264,SET OF 3 WOODEN SLEIGH DECORATIONS,299,1963,2690.81,1.496592356687898
23265,SET OF 3 WOODEN TREE DECORATIONS,293,1769,2404.79,1.4839016393442621
23266,SET OF 3 WOODEN STOCKING DECORATION,319,2053,2743.82,1.454005934718101
23267,SET OF 4 SANTA PLACE SETTINGS,108,1202,1531.95,1.4116216216216215
23268,SET OF 2 CERAMIC CHRISTMAS REINDEER,89,1447,2018.1399999999999,1.6910112359550562
23269,SET OF 2 CERAMIC CHRISTMAS TREES,94,779,1152.98,1.7109473684210526
23270,SET OF 2 CERAMIC PAINTED HEARTS,125,1174,1646.32,1.501171875
23271,CHRISTMAS TABLE SILVER CANDLE SPIKE,104,1731,1496.8899999999999,1.0537735849056602
23272,TREE T-LIGHT HOLDER WILLIE WINKIE,44,364,562.2199999999999,1.916818181818182
23273,HEART T-LIGHT HOLDER WILLIE WINKIE,112,969,1649.0499999999997,1.8786725663716815
23274,STAR T-LIGHT HOLDER WILLIE WINKIE,119,1180,2004.9999999999998,2.0156666666666667
23275,SET OF 3 HANGING OWLS OLLIE BEAK,325,3720,4521.72,1.4738323353293412
23280,FOLDING BUTTERFLY MIRROR HOT PINK,157,2023,1614.16,1.0603164556962026
23281,FOLDING BUTTERFLY MIRROR RED,101,1280,1000.82,0.9803846153846153
23282,FOLDING BUTTERFLY MIRROR IVORY,135,812,757.86,1.255912408759124
23283,DOORMAT VINTAGE LEAF,233,994,7003.38,8.65824034334764
23284,DOORMAT KEEP CALM AND COME IN,728,5487,38133.64,8.776284153005465
23285,PINK VINTAGE SPOT BEAKER,191,4807,4572.41,1.06703125
23286,BLUE VINTAGE SPOT BEAKER,222,5048,4747.62,1.03009009009009
23287,RED VINTAGE SPOT BEAKER,198,1879,1603.3899999999999,1.03395
23288,GREEN VINTAGE SPOT BEAKER,185,4625,4444.2300000000005,1.0418817204301074
23289,DOLLY GIRL CHILDRENS BOWL,191,1622,2013.7,1.5367708333333334
23290,SPACEBOY CHILDRENS BOWL,214,2430,2890.3500000000004,1.4357009345794394
23291,DOLLY GIRL CHILDRENS CUP,195,1634,2059.03,1.5237244897959183
23292,SPACEBOY CHILDRENS CUP,222,2181,2703.33,1.5313004484304933
23293,SET OF 12 FAIRY CAKE BAKING CASES,552,8471,6989.54,1.0651805054151624
23294,SET OF 6 SNACK LOAF BAKING CASES,354,4392,3607.81,1.089776536312849
23295,SET OF 12 MINI LOAF BAKING CASES,444,6134,5073.45,1.1117555555555554
23296,SET OF 6 TEA TIME BAKING CASES,378,4979,5985.55,1.524240837696335
23297,SET 40 HEART SHAPE PETIT FOUR CASES,161,4303,6792.23,1.8389570552147239
23298,SPOTTY BUNTING,1146,8466,43148.18,5.519121447028423
23299,FOOD COVER WITH BEADS SET 2,146,1012,3772.88,4.370479452054795
23300,GARDENERS KNEELING PAD CUP OF TEA,758,6809,11785.99,1.9087597911227152
23301,GARDENERS KNEELING PAD KEEP CALM,913,8807,16327.349999999999,1.9439673913043478
23302,KNEELING MAT HOUSEWORK  DESIGN,230,1536,2181.4199999999996,1.8876394849785407
23303,SET 4 PICNIC CUTLERY FONDANT,6,65,126.75,1.95
23304,SET 4 PICNIC CUTLERY CHERRY,9,71,138.45,1.9500000000000002
23305,SET 4 PICNIC CUTLERY BLUEBERRY,9,82,159.9,1.9500000000000002
23306,SET OF 36 DOILIES PANTRY DESIGN,277,2808,4123.38,1.8061290322580643
23307,SET OF 60 PANTRY DESIGN CAKE CASES,629,12049,6371.89,0.6839469578783152
23308,SET OF 60 VINTAGE LEAF CAKE CASES,382,6139,3272.61,0.6942159383033419
23309,SET OF 60 I LOVE LONDON CAKE CASES,407,8275,4495.85,0.7424170616113744
23310,BUBBLEGUM RING ASSORTED,245,12050,4997.28,0.47804878048780486
23311,VINTAGE CHRISTMAS STOCKING,344,2390,6488.2,2.9656772334293944
23312,VINTAGE CHRISTMAS GIFT SACK,214,1423,5964.150000000001,4.452293577981651
23313,VINTAGE CHRISTMAS BUNTING,401,2990,15798.66,5.548627450980392
23314,VINTAGE CHRISTMAS TABLECLOTH,117,407,5012.96,13.607881355932204
23315,IVORY REFECTORY CLOCK,86,213,2094.24,10.776511627906977
23316,RED REFECTORY CLOCK,110,250,2501.64,11.109454545454545
23317,BLUE REFECTORY CLOCK,82,173,1777.46,11.226951219512195
23318,BOX OF 6 MINI VINTAGE CRACKERS,376,3809,9162.41,2.7416492146596863
23319,BOX OF 6 MINI 50'S CRACKERS,403,3720,9219.53,2.651167883211679
23320,GIANT 50'S CHRISTMAS CRACKER,333,2661,7053.57,2.805680473372781
23321,SMALL WHITE HEART OF WICKER,629,4716,8438.539999999999,1.7480124223602485
23322,LARGE WHITE HEART OF WICKER,562,3069,8878.210000000001,3.1351398601398603
23323,WHITE WICKER STAR,294,1469,3146.78,2.251291390728477
23324,RUSTIC STRAWBERRY JAM POT LARGE,44,399,816.0400000000001,2.209318181818182
23325,RUSTIC STRAWBERRY JAM POT SMALL,35,462,740.9399999999999,1.8145714285714285
23326,HANGING MINI COLOURED BOTTLES,76,3442,2237.08,2.638026315789473
23327,HANGING CLEAR MINI BOTTLE,41,1734,1051.14,0.7871428571428571
23328,SET 6 SCHOOL MILK BOTTLES IN CRATE,405,2841,13269.49,4.845672371638142
23329,DECORATIVE WICKER HEART LARGE,233,1767,3038.1899999999996,1.7691199999999998
23330,DECORATIVE WICKER HEART MEDIUM,216,1794,2286.97,1.3630044843049327
23331,DECORATIVE WICKER HEART SMALL,109,1596,1062.28,0.781578947368421
23332,IVORY WICKER HEART LARGE,287,2059,3542.7099999999996,1.7616891891891888
23333,IVORY WICKER HEART MEDIUM,233,2089,2695.45,1.3329218106995884
23334,IVORY WICKER HEART SMALL,130,2271,1491.75,0.7883823529411764
23335,EGG FRYING PAN IVORY,96,377,790.7800000000001,2.3288659793814435
23336,EGG FRYING PAN PINK,85,225,519.25,2.604418604651163
23337,EGG FRYING PAN MINT,69,180,388.75,2.287971014492754
23338,EGG FRYING PAN RED,109,431,915.4000000000001,2.3390825688073393
23339,EGG FRYING PAN BLUE,76,173,400.84000000000003,2.511578947368421
23340,VINTAGE CHRISTMAS CAKE FRILL,151,2500,4034.08,1.9589473684210525
23341,PINK DINER WALL CLOCK,121,307,2741.35,9.943057851239669
23342,MINT DINER WALL CLOCK,163,373,3176.41,8.833496932515336
23343,JUMBO BAG VINTAGE CHRISTMAS,476,6078,13972.710000000001,2.417366255144033
23344,JUMBO BAG 50'S CHRISTMAS,716,10285,23772.07,2.4177423822714683
23345,DOLLY GIRL BEAKER,174,2451,2886.25,1.5064204545454545
23346,SPACEBOY BEAKER,184,2628,3112.34,1.5186559139784948
23347,I LOVE LONDON BEAKER,97,860,1077.3,1.5569387755102042
23348,CHILDRENS TOY COOKING UTENSIL SET,168,746,1633.81,2.5796470588235296
23349,ROLL WRAP VINTAGE CHRISTMAS,337,3221,4342.6,1.5426530612244898
23350,ROLL WRAP VINTAGE SPOT,305,2712,3445.08,1.4612861736334404
23351,ROLL WRAP 50'S CHRISTMAS,354,3535,4875.65,1.5103072625698326
23352,ROLL WRAP 50'S RED CHRISTMAS,212,1800,2459.2,1.511643192488263
23353,6 GIFT TAGS VINTAGE CHRISTMAS,327,4007,3510.0499999999997,0.9988519637462235
23354,6 GIFT TAGS 50'S CHRISTMAS,322,3740,3429.3999999999996,0.9722121212121212
23355,HOT WATER BOTTLE KEEP CALM,782,5816,28718.800000000003,5.271557788944723
23356,LOVE HOT WATER BOTTLE,476,2359,13334.320000000002,6.205617283950618
23357,HOT WATER BOTTLE SEX BOMB,102,450,1982.0500000000002,5.005242718446602
23358,HOT STUFF HOT WATER BOTTLE,89,594,2008.38,4.198539325842697
23359,SET OF 12 T-LIGHTS VINTAGE DOILY,79,990,1866.4599999999998,1.9862025316455696
23360,SET 8 CANDLES VINTAGE DOILY,114,1182,2286.4,2.0620689655172413
23365,SET 12 COLOUR PENCILS LOVE LONDON,169,1857,1463.0800000000002,0.7943930635838151
23366,SET 12 COLOURING PENCILS DOILY,195,2249,1667.95,0.8156565656565656
23367,SET 12 COLOUR PENCILS SPACEBOY,282,3278,2491.2000000000003,0.7566666666666667
23368,SET 12 COLOUR PENCILS DOLLY GIRL,232,2379,1679.5500000000002,0.784322033898305
23369,SET 36 COLOUR PENCILS LOVE LONDON,126,1105,1581.06,1.4970542635658914
23370,SET 36 COLOURING PENCILS DOILY,151,1550,2151.6,1.538627450980392
23371,SET 36 COLOUR PENCILS SPACEBOY,185,1705,2304.78,1.5179032258064515
23372,SET 36 COLOUR PENCILS DOLLY GIRL,147,1389,1750.29,1.6135761589403974
23373,VINTAGE CHRISTMAS PAPER GIFT BAG,100,1608,1313.3899999999999,0.9070999999999999
23374,RED SPOT PAPER GIFT BAG,131,2456,1962.83,0.867175572519084
23375,50'S CHRISTMAS PAPER GIFT BAG,103,1342,1100.6899999999998,0.9369902912621358
23376,PACK OF 12 VINTAGE CHRISTMAS TISSUE,155,3039,1384.9099999999999,0.5079245283018868
23377,PACK OF 12 DOLLY GIRL TISSUES,133,1351,592.4499999999999,0.5607462686567164
23378,PACK OF 12 50'S CHRISTMAS TISSUES,176,3997,1840.08,0.46322404371584697
23379,PACK OF 12 RED APPLE TISSUES,76,1220,465.36,0.5376623376623376
23380,PACK OF 12 VINTAGE DOILY TISSUES,121,2344,983.5,0.48520325203252035
23381,PACK OF 12 VINTAGE LEAF TISSUES,80,1496,562.88,0.4760493827160494
23382,BOX OF 6 CHRISTMAS CAKE DECORATIONS,220,1875,7356.18,4.660950226244344
23388,WOODLAND MINI BACKPACK,154,821,3432.09,4.634285714285714
23389,SPACEBOY MINI BACKPACK,237,1115,4751.49,4.531338912133891
23390,DOLLY GIRL MINI BACKPACK,163,747,3025.59,4.389759036144579
23391,I LOVE LONDON MINI BACKPACK,87,389,1628.17,4.611363636363636
23392,SPACEBOY ROCKET LOLLY MAKERS,113,662,1475.03,2.7042982456140354
23393,HOME SWEET HOME CUSHION COVER,229,801,3207.91,4.481428571428571
23394,POSTE FRANCE CUSHION COVER,150,435,1877.65,4.954210526315789
23395,BELLE JARDINIERE CUSHION COVER,210,748,3257.08,4.915592417061611
23396,LE JARDIN BOTANIQUE CUSHION COVER,196,654,2750.5299999999997,4.802587064676617
23397,FOOT STOOL HOME SWEET HOME,217,489,5097.65,11.573870967741934
23398,HANGING HEART BONHEUR,69,606,535.35,1.0450666666666666
23399,HOME SWEET HOME HANGING HEART,225,1914,1745.55,1.1070085470085471
23400,SHELF WITH 4 HOOKS HOME SWEET HOME,107,461,2409.34,6.854074074074074
23401,RUSTIC MIRROR WITH LACE HEART,83,459,2354.87,7.090361445783133
23402,HOME SWEET HOME 3 PEG HANGER,68,296,1147.28,4.4525
23403,LETTER HOLDER HOME SWEET HOME,134,625,2204.11,4.374
23404,HOME SWEET HOME BLACKBOARD,169,1011,4561.76,6.0208875739644965
23405,HOME SWEET HOME 2 DRAWER CABINET,70,252,1311.48,5.985492957746479
23406,HOME SWEET HOME KEY HOLDER,111,456,2422.6600000000003,7.10990990990991
23407,SET OF 2 TRAYS HOME SWEET HOME,133,265,2709.43,10.68142857142857
23408,PHOTO FRAME LINEN AND LACE SMALL,59,310,644.8000000000001,2.08
23409,PHOTO FRAME LINEN AND LACE LARGE,43,215,801.6800000000001,3.8148837209302324
23410,CURIO CABINET LINEN AND LACE,18,36,290.1,8.027777777777779
23411,TRELLIS COAT RACK,56,227,1118.6100000000001,5.844035087719298
23412,HEART MIRROR ANTIQUE WHITE,76,358,2354.8,7.724415584415584
23413,VINTAGE COFFEE GRINDER BOX,58,173,909.3100000000001,6.318275862068965
23414,ZINC BOX SIGN HOME,64,141,1378.75,10.073749999999999
23415,HOME SWEET HOME HOOK,47,328,412.17999999999995,1.4517021276595745
23416,CHAMBRE HOOK,25,132,184.67999999999998,1.7564
23417,BATHROOM HOOK,27,146,157.5,1.5964285714285713
23418,LAVENDER TOILETTE BOTTLE,79,557,1166.0,2.562025316455696
23419,HOME SWEET HOME BOTTLE,86,473,1043.72,2.6725581395348836
23420,PANTRY HOOK TEA STRAINER,32,164,351.37,2.33625
23421,PANTRY HOOK SPATULA,33,160,349.2,2.5148484848484847
23422,PANTRY HOOK BALLOON WHISK,47,213,477.89,2.777872340425532
23423,PANTRY 3 HOOK ROLLING PIN HANGER,66,219,876.9,4.536969696969697
23424,GINGHAM RECIPE BOOK BOX,135,462,2509.62,6.186740740740741
23425,STORAGE TIN HOME SWEET HOME,56,275,621.44,3.0989285714285715
23426,METAL SIGN DROP YOUR PANTS,206,1275,3444.4300000000003,3.3344711538461542
23427,STOOL HOME SWEET HOME,114,237,2860.58,12.967478260869566
23428,IVORY RETRO KITCHEN WALL CLOCK,33,77,675.91,9.915454545454546
23429,RED RETRO KITCHEN WALL CLOCK,23,47,400.01,8.887391304347826
23430,BLUE RETRO KITCHEN WALL CLOCK,18,36,301.88,8.621111111111112
23431,NATURAL HANGING QUILTED HEARTS,72,1449,1171.23,1.363918918918919
23432,PRETTY HANGING QUILTED HEARTS,74,1276,1088.36,1.3654054054054052
23433,HANGING QUILTED PATCHWORK APPLES,89,1258,1108.58,1.5002247191011233
23434,3 RAFFIA RIBBONS 50'S CHRISTMAS,199,2095,1884.17,0.8802
23435,3 RAFFIA RIBBONS VINTAGE CHRISTMAS,99,824,732.4200000000001,0.8976767676767677
23436,VINTAGE CHRISTMAS GIFT BAG LARGE,114,1979,2367.39,1.4442982456140352
23437,50'S CHRISTMAS GIFT BAG LARGE,131,1939,2373.63,1.4238931297709925
23438,RED SPOT GIFT BAG LARGE,109,1809,2209.92,1.370183486238532
23439,HAND WARMER RED LOVE HEART,397,3986,8855.51,2.2266262135922332
23440,PAINT YOUR OWN EGGS IN CRATE,5,164,299.36,2.022
23441,HAND PAINTED HANGING EASTER EGG,3,22,9.24,0.42
23442,12 HANGING EGGS HAND PAINTED,7,40,83.2,2.08
23444,Next Day Carriage,79,79,1200.0,15.189873417721518
23445,ICE CREAM BUBBLES,101,2668,2161.24,0.8659803921568627
23446,BLUE BUNNY EASTER EGG BASKET,3,157,230.24999999999997,1.5833333333333333
23447,PINK BUNNY EASTER EGG BASKET,4,158,231.89999999999998,1.5999999999999999
23448,CREAM BUNNY EASTER EGG BASKET,3,25,41.24999999999999,1.6499999999999997
23449,SET OF 6 EASTER RAINBOW CHICKS,1,12,15.0,1.25
23451,SQUARE MINI PORTRAIT FRAME,52,277,556.17,2.273396226415094
23452,HEART MINI PORTRAIT FRAME,87,518,1021.76,2.07183908045977
23453,OVAL  MINI PORTRAIT FRAME,47,316,615.98,1.9883673469387753
23454,THREE MINI HANGING FRAMES,52,174,733.2,4.5190909090909095
23455,SMALL PARLOUR PICTURE FRAME,35,207,569.4300000000001,2.867777777777778
23456,MEDIUM PARLOUR PICTURE FRAME,36,158,634.1,4.116666666666667
23457,LARGE PARLOUR PICTURE FRAME,31,112,549.88,5.109354838709678
23458,DOLLY CABINET 3 DRAWERS,30,51,762.4499999999999,14.95
23459,DOLLY CABINET 2 DRAWERS,19,33,412.5,12.5
23460,SWEETHEART WALL TIDY,43,108,1007.0799999999999,9.900930232558139
23461,SWEETHEART BIRD HOUSE,94,847,3041.21,4.551500000000001
23462,ROCOCO WALL MIRROR WHITE,46,80,1607.04,20.69695652173913
23463,VINTAGE ZINC WATERING CAN,8,13,139.39999999999998,11.206249999999999
23464,VINTAGE ZINC WATERING CAN SMALL,8,18,99.2,6.2125
23465,TUSCAN VILLA BIRD FEEDER,16,29,247.63,8.77375
23466,TUSCAN VILLA DOVECOTE BIRD FEEDER,27,55,498.03,10.084444444444443
23467,VINTAGE ZINC PLANTER,11,32,120.08000000000001,4.366363636363636
23468,TUSCAN VILLA BIRD TABLE,11,19,156.75,8.25
23469,CARD HOLDER LOVE BIRD SMALL,72,332,1355.24,4.643611111111111
23470,CARD HOLDER LOVE BIRD LARGE,84,232,1460.5,6.810714285714286
23471,SIX DRAWER OFFICE TIDY,27,65,616.79,10.162592592592592
23472,NINE DRAWER OFFICE TIDY,33,58,894.42,16.09060606060606
23473,WOODLAND SMALL RED FELT HEART,51,678,552.02,0.9533333333333333
23474,WOODLAND SMALL BLUE FELT HEART,37,312,270.96,1.0405263157894737
23475,WOODLAND SMALL PINK FELT HEART,31,286,242.17999999999998,0.959032258064516
23476,WOODLAND LARGE RED FELT HEART,22,205,264.72,1.4700000000000002
23477,WOODLAND LARGE BLUE FELT HEART,13,92,123.47,1.7153846153846155
23478,WOODLAND LARGE PINK FELT HEART,13,285,324.40000000000003,1.5130769230769232
23479,WIRE EGG BASKET,44,113,872.38,8.26659090909091
23480,MINI LIGHTS WOODLAND MUSHROOMS,215,1798,6719.14,4.428761467889909
23481,PEARLISED IVORY HEART SMALL,29,228,281.17,1.28125
23482,PEARLISED IVORY HEART LARGE,39,418,661.02,1.765897435897436
23483,HANGING  BUTTERFLY T-LIGHT HOLDER,73,1328,1636.36,2.409054054054054
23484,HEART TRELLIS TRIPLE T-LIGHT HOLDER,35,185,547.35,3.673333333333334
23485,BOTANICAL GARDENS WALL CLOCK,83,262,5843.92,24.791807228915662
23486,ANTIQUE HEART SHELF UNIT,74,275,4145.47,17.8127027027027
23487,SWEET HEART CAKE CARRIER,44,80,795.5799999999999,10.365454545454545
23489,VINTAGE BELLS GARLAND,159,913,2709.23,3.221454545454545
23490,T-LIGHT HOLDER HANGING LOVE BIRD,101,542,2032.77,3.961287128712871
23491,VINTAGE JINGLE BELLS HEART,78,228,1897.76,8.462151898734177
23492,VINTAGE JINGLE BELLS WREATH,28,76,635.38,8.549285714285714
23493,VINTAGE DOILY TRAVEL SEWING KIT,415,3964,8497.98,2.156320754716981
23494,VINTAGE DOILY DELUXE SEWING KIT,205,809,5354.01,6.812864077669903
23495,SET OF 3 PANTRY WOODEN SPOONS,41,225,306.66,1.7221951219512195
23496,PANTRY KITCHEN THERMOMETER,31,112,154.52,1.562258064516129
23497,CLASSIC CHROME BICYCLE BELL,195,2558,3656.02,1.62365
23498,CLASSIC BICYCLE CLIPS,99,1640,2372.68,1.657941176470588
23499,SET 12 VINTAGE DOILY CHALK,110,1312,586.23,0.4831858407079646
23500,KEY RING BASEBALL BOOT ASSORTED,98,1626,2038.33,1.3861764705882351
23501,KEY RING BASEBALL BOOT UNION JACK,112,1821,2217.87,1.4955263157894738
23502,PLAYING CARDS VINTAGE DOILY,94,714,896.41,1.3016842105263158
23503,PLAYING CARDS KEEP CALM & CARRY ON,335,3643,4860.55,1.279298245614035
23504,PLAYING CARDS JUBILEE UNION JACK,208,1927,2848.89,1.3483410138248846
23505,PLAYING CARDS I LOVE LONDON,115,1200,1651.29,1.3546153846153848
23506,MINI PLAYING CARDS SPACEBOY,146,2723,1129.1200000000001,0.46264900662251657
23507,MINI PLAYING CARDS BUFFALO BILL,119,2882,1155.67,0.4734645669291338
23508,MINI PLAYING CARDS DOLLY GIRL,120,2627,1163.45,0.4665625
23509,MINI PLAYING CARDS FUN FAIR,65,1062,451.46000000000004,0.4865151515151515
23510,MINI PLAYING CARDS GYMKHANA,120,2521,1118.8,0.4972
23511,EMBROIDERED RIBBON REEL EMILY,98,571,1252.01,2.3309090909090906
23512,EMBROIDERED RIBBON REEL ROSIE,57,500,975.24,2.3164912280701753
23513,EMBROIDERED RIBBON REEL SUSIE,70,566,1114.26,2.306
23514,EMBROIDERED RIBBON REEL SALLY,74,478,977.39,2.349189189189189
23515,EMBROIDERED RIBBON REEL DAISY,71,579,1164.98,2.3925
23516,EMBROIDERED RIBBON REEL SOPHIE,42,296,1058.6,3.848181818181818
23517,EMBROIDERED RIBBON REEL REBECCA,63,334,996.38,3.4480952380952385
23518,EMBROIDERED RIBBON REEL RACHEL,44,361,980.41,3.0959090909090907
23519,EMBROIDERED RIBBON REEL CLAIRE,24,224,792.31,4.484583333333333
23520,EMBROIDERED RIBBON REEL RUBY,32,167,600.55,3.9675
23521,WALL ART CAT AND BIRD,44,413,793.37,4.204090909090909
23522,WALL ART DOG AND BALL,32,354,727.4399999999999,3.680625
23523,WALL ART TREASURE AHOY,41,360,1173.8100000000002,3.9346341463414634
23524,WALL ART HORSE & PONY,63,481,1557.63,4.323968253968254
23525,WALL ART BUFFALO BILL,53,582,1863.8200000000002,4.1639622641509435
23526,WALL ART DOG LICENCE,143,1012,6021.4,8.24888888888889
23527,WALL ART ANIMALS AND NATURE,48,420,1428.56,3.998125
23528,WALL ART SPACEBOY,50,479,1504.49,4.7792
23529,WALL ART DOLLY GIRL,37,637,2011.9900000000002,4.338648648648649
23530,WALL ART ONLY ONE PERSON,87,1056,4436.27,5.577586206896552
23531,WALL ART BIG LOVE,112,976,5538.26,7.661681415929204
23532,WALL ART WORK REST AND PLAY,31,210,901.58,5.301612903225807
23533,WALL ART GARDEN HAVEN,36,215,998.64,6.166944444444445
23534,WALL ART STOP FOR TEA,260,1387,8608.9,7.53896551724138
23535,WALL ART BICYCLE SAFETY,215,1324,8440.24,7.446898148148148
23536,WALL ART VILLAGE SHOW,85,626,3442.13,6.794705882352942
23537,WALL ART I LOVE LONDON,34,111,581.13,6.9405882352941175
23538,WALL ART VINTAGE HEART,32,331,1329.54,5.7790625
23539,WALL ART LOVES' SECRET,41,247,1227.95,6.594047619047619
23540,WALL ART THE MAGIC FOREST,14,150,947.0600000000001,8.424285714285714
23541,WALL ART CLASSIC PUDDINGS,152,872,6823.91,9.71203947368421
23542,WALL ART 70'S ALPHABET,89,506,3800.16,9.784157303370787
23543,WALL ART KEEP CALM,103,1236,7010.76,8.530952380952382
23544,WALL ART MID CENTURY MODERN,20,164,1015.78,7.523000000000001
23545,WRAP RED VINTAGE DOILY,84,2480,1025.6,0.41905882352941176
23546,WRAP PAISLEY PARK,120,3250,1365.0,0.42
23547,WRAP FLOWER SHOP,62,1575,661.5,0.42
23548,WRAP MAGIC FOREST,43,1075,451.5,0.42
23549,WRAP BIRD GARDEN,52,1305,548.1,0.42
23550,WRAP ALPHABET POSTER,64,1855,763.1,0.41875
23551,PACK OF 12 PAISLEY PARK TISSUES,136,1840,839.8399999999999,0.5168115942028985
23552,BICYCLE PUNCTURE REPAIR KIT,116,1863,3881.91,2.2640650406504066
23553,LANDMARK FRAME CAMDEN TOWN,68,568,6444.65,13.30220588235294
23554,LANDMARK FRAME OXFORD STREET,57,422,4805.53,13.047017543859647
23555,LANDMARK FRAME NOTTING HILL,50,421,4780.57,12.897450980392156
23556,LANDMARK FRAME COVENT GARDEN,53,436,4937.01,12.61811320754717
23557,LANDMARK FRAME BAKER STREET,32,350,3930.27,13.181875
23558,LANDMARK FRAME LONDON BRIDGE,52,415,4703.87,13.125384615384615
23559,WOODLAND BUNNIES LOLLY MAKERS,124,649,1482.41,2.8688709677419357
23560,SET OF 6 RIBBONS COUNTRY STYLE,26,172,499.18,3.543846153846154
23561,SET OF 6 RIBBONS PARTY,16,170,476.0,3.40875
23562,SET OF 6 RIBBONS PERFECTLY PRETTY,43,251,724.59,3.2853488372093027
23564,EGG CUP MILKMAID INGRID,76,644,841.31,1.7567105263157894
23565,EGG CUP MILKMAID HELGA,63,410,586.31,1.8453968253968254
23566,EGG CUP MILKMAID HEIDI,83,881,1156.93,1.769759036144578
23567,EGG CUP HENRIETTA HEN PINK,37,211,291.58,1.823157894736842
23568,EGG CUP HENRIETTA HEN CREAM,48,630,787.52,1.7454166666666666
23569,TRADTIONAL ALPHABET STAMP SET,192,954,4717.66,5.3034693877551025
23570,TRADITIONAL PICK UP STICKS GAME,276,2772,4931.87,1.431118881118881
23571,TRADITIONAL NAUGHTS & CROSSES,257,2841,6406.91,1.8921374045801527
23574,PACKING CHARGE,14,14,105.0,7.5
23575,SNACK TRAY PAISLEY PARK,32,179,367.34999999999997,2.5823529411764703
23576,SNACK TRAY RED VINTAGE DOILY,37,198,400.03999999999996,2.4010526315789473
23578,SNACK TRAY RED GINGHAM,14,60,125.72,2.417142857142857
23579,SNACK TRAY I LOVE LONDON,35,169,358.75,2.6265714285714283
23580,SNACK TRAY HAPPY FOREST,25,116,234.92,2.2116
23581,JUMBO BAG PAISLEY PARK,338,5020,11581.83,2.256289855072464
23582,VINTAGE DOILY JUMBO BAG RED,259,4802,10206.41,2.2147709923664123
23583,LUNCH BAG PAISLEY PARK,325,3385,5497.33,1.8020481927710843
23597,PAPER BUNTING PAISLEY PARK,31,249,679.07,3.186129032258065
23598,PAPER BUNTING VINTAGE PARTY,47,427,1215.53,3.2351063829787234
23601,SET 10 CARDS SNOWY SNOWDROPS  17100,4,8,19.92,2.49
23602,SET 10 CARDS 3 WISE MEN 17107,1,1,2.91,2.91
23603,SET 10 CARD KRAFT REINDEER 17084,14,20,49.800000000000004,2.4899999999999998
23604,SET 10 MINI SANTA & SNOWMAN  17087,2,4,6.64,1.66
23605,SET 10 CARDS 12 DAYS OF XMAS 17059,1,4,11.64,2.91
23607,SET 10 CARDS HATS & STOCKINGS 17081,7,8,13.28,1.66
23608,SET 10 CARDS RUDOLPHS NOSE 17097,3,4,11.64,2.91
23609,SET 10 CARDS SNOWY ROBIN 17099,1,1,2.91,2.91
23610,SET 10 CARDS CHRISTMAS ROBIN 17095,3,3,6.24,2.08
23611,SET 10 CARDS RED RIDING HOOD 17214,16,40,99.60000000000001,2.49
23612,SET 10 MINICARDS CUTE SNOWMAN 17071,2,5,8.299999999999999,1.66
23613,SET 10 XMAS CARDS & BADGES 17070,6,11,27.39,2.49
23614,SET 10 CARDS 12 DAYS WRAP  17058,11,26,86.58000000000001,3.33
23615,SET 10 CARDS PRINTED GRAPHIC 17219,4,4,9.96,2.49
23616,SET 10 CARDS JINGLE BELLS 17217,7,8,19.92,2.4899999999999998
23617,SET 10 CARDS SWIRLY XMAS TREE 17104,1,2,5.82,2.91
23619,SET 10 CARDS POINSETTIA 17093,2,4,9.96,2.49
23620,SET 10 CARDS PERFECT POST 17090,7,10,24.900000000000002,2.4899999999999998
23621,SET 10 CARDS DAVID'S MADONNA 17074,4,6,14.940000000000001,2.49
23623,SET 10 CARD CHRISTMAS WELCOME 17112,6,8,23.28,2.91
23624,SET 10 CARD PERFECT NATIVITY 17089,4,4,9.96,2.49
23625,SET 6 CARDS SPARKLY REINDEER 17262,4,9,44.910000000000004,4.99
23626,SET 10 CARDS DINKY TREE 17076,16,43,107.07000000000001,2.49
23627,SET 10 CARDS XMAS GRAPHIC  17218,2,7,17.43,2.49
23628,SET 10 CARDS TRIANGLE ICONS  17220,1,1,2.91,2.91
23629,SET 10 CARDS DRESSING UP 17077,10,24,59.760000000000005,2.49
23630,SET 10 CARDS HANGING BAUBLES 17080,2,2,5.48,2.74
23632,SET 10 CARDS CHEERFUL ROBIN 17065,10,15,31.200000000000003,2.08
23633,SET 10 CARDS WORLD CHILDREN 17067,3,3,7.470000000000001,2.49
23634,SET 10 CARDS XMAS CHOIR 17068,5,5,14.55,2.91
23635,SET 10 CARDS CHRISTMAS HOLLY  17259,3,3,12.48,4.16
23636,SET 10 CARDS WISHING TREE 17116,7,9,26.19,2.91
23637,SET 10 CARDS OUT OF ORDER 17216,9,11,27.39,2.49
23638,SET 10 CARDS ROBIN WATERPUMP  17096,2,2,5.82,2.91
23639,SET 10 CARDS MAGICAL TREE 17086,4,4,13.32,3.33
23640,SET 10 CARDS SCOTTIE DOG 17211,8,9,22.410000000000004,2.49
23643,SET 10 CARDS CHRISTMAS BAUBLE 16954,1,1,3.33,3.33
23644,SET 10 CARDS CHRISTMAS TREE 16955,5,5,16.65,3.3299999999999996
23645,SET 10 CHRISTMAS CARDS HOHOHO 16956,4,9,22.410000000000004,2.49
23646,SET 10 CARDS JINGLE BELLS 16957,5,8,19.92,2.49
23649,SET 10 CARDS DECK THE HALLS 16960,2,2,4.98,2.49
23650,SET 10 CARDS FILIGREE BAUBLE 16961,4,4,9.96,2.49
23652,SET 10 CARD CHRISTMAS STAMPS 16963,1,2,5.82,2.91
23654,SET 10 CARD SNOWMAN 16965,4,5,12.450000000000001,2.49
23660,HENRIETTA HEN MUG,42,306,534.66,2.2404761904761905
23661,MILK MAIDS MUG,33,219,393.59,2.2335294117647058
23664,FLOWER SHOP DESIGN MUG,1,1,1.65,1.65
23681,LUNCH BAG RED VINTAGE DOILY,132,1576,2525.04,1.8662406015037591
23691,WRAP KEEP CALM BIRTHDAY,38,1175,481.5,0.4184210526315789
23692,WRAP A PRETTY THANK YOU,2,50,21.0,0.42
23694,PAISLEY PARK CARD,41,376,165.07999999999998,0.5885365853658536
23695,DOILY THANK YOU CARD,57,741,313.24,0.5042105263157894
23697,A PRETTY THANK YOU CARD,35,456,194.58,0.5208333333333334
23702,High Resolution Image,3,4,27.0,8.5
23843,"PAPER CRAFT , LITTLE BIRDIE",1,80995,168469.6,2.08
30086C,ASSORTED FRUIT STRAWS,1,1,1.7,1.7
35001B,HAND OPEN SHAPE BLACK,6,17,59.330000000000005,3.49
35001G,HAND OPEN SHAPE GOLD,103,758,2406.1,4.1976635514018685
35001P,HAND OPEN SHAPE PINK,2,2,6.98,3.49
35001W,HAND OPEN SHAPE DECO.WHITE,190,969,3064.71,4.070612244897959
35004B,SET OF 3 BLACK FLYING DUCKS,275,1500,6932.150000000001,6.717428571428572
35004C,SET OF 3 COLOURED  FLYING DUCKS,355,3280,17027.23,7.684438356164384
35004G,SET OF 3 GOLD FLYING DUCKS,76,363,1444.9099999999999,6.251025641025641
35004P,SET OF 3 PINK FLYING DUCKS,43,120,638.97,6.8058139534883715
35004S,SET OF 3 SILVER FLYING DUCKS,24,145,505.4,7.283333333333332
35004c,SET OF 3 COLOURED  FLYING DUCKS,25,27,343.72,12.731200000000001
35004p,SET OF 3 PINK FLYING DUCKS,1,1,12.72,12.72
35004s,SET OF 3 SILVER FLYING DUCKS,1,1,13.0,13.0
35015,JACOBS LADDER SMALL,39,2072,134.08,0.09128205128205129
35051B,PINK BEADED CONE CHRISTMAS,2,14,5.88,0.42
35071,ASSORTED SANTA CHRISTMAS DECORATION,7,50,51.13999999999999,2.084285714285714
35085E,IVORY ROSE LAMPSHADE,9,39,44.25,1.1666666666666667
35095A,BLUE VICTORIAN FABRIC OVAL BOX,166,1813,728.92,0.6407692307692308
35095B,RED VICTORIAN FABRIC OVAL BOX,177,1957,770.84,0.6211602209944751
35096A,BLUE VICTORIAN FABRIC HEART BOX,50,765,272.45,0.6742
35096B,RED VICTORIAN FABRIC HEART BOX,25,293,106.49000000000001,0.46759999999999996
35160,BUDDHA INCENSE HOLDER ASSORTED,56,2180,1590.6399999999999,0.8171428571428571
35233,PASTA ENAMEL/BRASS CONTAINER,8,10,37.5,3.75
35240,ENAMEL BLUE RIM OVAL TRAY SET/2,39,49,416.01,8.49
35241,ENAMEL BLUE RIM BISCUIT BIN,130,312,1651.49,6.076691729323309
35265,COLOURFUL FLOWER FRUIT BOWL,16,21,80.0,3.453125
35271S,GOLD PRINT PAPER BAG,20,439,89.58,0.23
35400,WOODEN BOX ADVENT CALENDAR,419,1435,13999.1,10.473995271867611
35443,RASTA IN BATH W SPLIFF ASHTRAY,10,16,13.6,0.85
35471A,SET OF 3 BIRD L.BLUE FEATHER,83,421,499.31,1.6135294117647059
35471D,SET OF 3 BIRD LIGHT PINK FEATHER,348,2251,1611.9199999999998,1.2463085399449034
35537,CANDLE RING W/CLEAR BEADS,3,13,5.46,0.42
35591T,TURQUOISE CHRISTMAS TREE,9,19,23.75,1.25
35594,WOODEN CHRISTMAS TREE 3 HANGING,39,165,103.06,0.9984615384615384
35596,WOOD XMAS TREE 9 FIG SHELVES,4,29,24.65,0.85
35597A,DUSTY PINK CHRISTMAS TREE 30CM,4,11,13.75,1.25
35597B,BLACKCHRISTMAS TREE 30CM,7,79,225.35,1.51375
35597D,PINK/WHITE CHRISTMAS TREE 30CM,7,58,25.28,0.5825
35598A,DUSTY PINK CHRISTMAS TREE 60CM,3,10,29.500000000000004,2.9500000000000006
35598B,BLACK CHRISTMAS TREE 60CM,57,958,902.9200000000001,2.6050819672131147
35598C,WHITE CHRISTMAS TREE 60CM,3,3,8.850000000000001,2.9500000000000006
35598D,PINK/WHITE CHRISTMAS TREE 60CM,103,1764,1359.17,1.6804464285714285
35599B,BLACK CHRISTMAS TREE 120CM,51,276,1022.09,5.797454545454546
35599D,PINK AND WHITE CHRISTMAS TREE 120CM,103,409,1384.21,4.768867924528302
35600D,PINK AND WHITE CHRISTMAS TREE 180CM,13,141,497.70000000000005,7.084615384615384
35603B,S/16 BLACK SHINY/MAT BAUBLES,2,50,21.0,0.42
35603C,SET/16 WHITE SHINY & MATT BAUBLES,24,83,48.3,0.6888
35607A,PINK FLUFFY CHRISTMAS DECORATION,31,554,118.43,0.33129032258064517
35607B,BLACK FEATHER CHRISTMAS DECORATION,17,312,62.3,0.2788235294117647
35609A,PINK FEATHER CHRISTMAS DECORATION,24,447,133.23,0.8216666666666667
35610A,PINK CHRISTMAS FLOCK DROPLET,12,144,107.94,1.6115384615384616
35610B,BLACK CHRISTMAS FLOCK DROPLET,13,179,144.07,1.1314285714285715
35610C,WHITE CHRISTMAS FLOCK DROPLET,8,94,81.56,1.46875
35611B,BLACK ASSORTED DROPLET DECORATION,3,62,45.760000000000005,2.23
35633B,BLUE TINSEL GARLAND,12,130,24.7,0.19000000000000003
35637A,IVORY STRING CURTAIN WITH POLE,53,552,1464.58,6.413333333333333
35637C,PINK STRING CURTAIN WITH POLE,19,100,331.14,6.51
35638A,PINK AND BLACK STRING CURTAIN,6,39,88.04999999999998,3.9499999999999997
35638B,PINK/BLUE STRING CURTAIN,11,118,313.28999999999996,6.6036363636363635
35644,PAIR PINK/BLACK COATHANGERS,7,21,40.95,1.95
35645,VINTAGE BEAD PINK JEWEL BOX,34,61,301.81,5.501764705882353
35646,VINTAGE BEAD PINK EVENING BAG,104,647,1068.91,2.3989814814814814
35647,VINTAGE BEAD PINK SHADE,74,563,748.24,1.7655999999999998
35648,VINTAGE BEAD PINK PURSE,143,1055,1318.1499999999999,1.829261744966443
35649,VINTAGE BEAD COSMETIC BAG,53,1826,1362.8999999999999,3.0605555555555557
35650,VINTAGE BEAD PINK JEWEL STAND,3,3,14.850000000000001,4.95
35651,VINTAGE BEAD PINK SCARF,63,460,1073.75,3.6178461538461537
35652,VINTAGE BEAD CHAISE LONG JEWEL BOX,2,18,21.5,3.625
35653,VINTAGE BEAD NOTEBOOK,113,320,1020.9200000000001,3.7797457627118645
35654,VINTAGE BEAD FILLED PINK CUSHION,5,12,59.400000000000006,4.95
35751C,PURPLE CURRENT CANDLE RING,2,31,12.61,0.47
35751D,PINK CURRENT CANDLE RING,1,28,5.32,0.19
35793,S/3 PUPPIES CHRISTMAS DECORATIONS,15,108,216.33,3.776875
35809A,ENAMEL PINK TEA CONTAINER,177,1138,1670.99,2.4905027932960895
35809B,ENAMEL BLUE RIM TEA CONTAINER,33,104,227.54000000000002,2.5727272727272728
35809a,ENAMEL PINK TEA CONTAINER,10,11,45.75,4.159090909090909
35810A,ENAMEL PINK COFFEE CONTAINER,171,1205,1604.74,2.3456976744186044
35810B,ENAMEL BLUE RIM COFFEE CONTAINER,68,326,519.8100000000001,2.278695652173913
35811A,ENAMEL PINK SUGAR CONTAINER,84,434,762.97,2.913809523809524
35815B,"ACRYLIC JEWEL SNOWFLAKE,BLUE",3,95,43.940000000000005,1.6866666666666665
35815P,"ACRYLIC JEWEL SNOWFLAKE, PINK",7,168,75.88000000000001,1.1171428571428572
35816B,"ACRYLIC JEWEL ANGEL,BLUE",3,139,58.07,1.4000000000000001
35816P,"ACRYLIC JEWEL ANGEL,PINK",9,297,137.43,1.1433333333333333
35817B,"ACRYLIC JEWEL SNOWFLAKE,BLUE",3,143,61.3,2.6999999999999997
35817P,"ACRYLIC JEWEL SNOWFLAKE,PINK",11,420,216.7,1.5945454545454545
35818B,"ACRYLIC JEWEL ICICLE, BLUE",11,408,180.05,1.1527272727272726
35818C,"ACRYLIC JEWEL ICICLE, CLEAR",1,1,3.43,3.43
35818P,"ACRYLIC JEWEL ICICLE, PINK",25,560,245.51,1.065
35819B,"ACRYLIC HANGING JEWEL,BLUE",32,385,192.3,0.712
35819P,"ACRYLIC HANGING JEWEL,PINK",7,95,66.55,0.5042857142857143
35821B,"JEWELLED DECORATION,BLUE",3,150,57.0,0.38000000000000006
35821P,"JEWELLED DECORATION,PINK",2,2,5.9,2.95
35822B,"ACRYLIC BEAD CHAIN, BLUE",1,229,87.02,0.38
35822P,"ACRYLIC BEAD CHAIN, PINK",1,114,43.32,0.38
35823P,"ACRYLIC BEAD GARLAND,PINK",2,2,5.9,2.95
35824B,"HANGING FLOWERS+MIRROR,BLUE",6,528,203.24,0.8133333333333334
35824C,"HANGING FLOWERS+MIRROR,CLEAR",8,235,117.05,0.935
35824P,"HANGING FLOWERS+MIRROR,PINK",3,324,136.44,0.75
35832,WOOLLY HAT SOCK GLOVE ADVENT STRING,188,1737,5341.85,3.7067368421052636
35833G,4 GOLD FLOCK CHRISTMAS BALLS,34,136,227.38,1.7057142857142857
35833P,4 PINK FLOCK CHRISTMAS BALLS,64,188,350.14,2.3501492537313435
35837,SET OF SIX SILVER+RED FLOCK BAUBLES,1,2,1.7,0.85
35838A,S/6 MULTICOLOUR ORNAMENETAL CANDLE,20,180,184.4,1.175
35838B,S/6 SILVER ORNAMENETAL CANDLE,23,100,85.0,0.85
35840,FLAT GLASS  BAUBLE WHITE FLOCK,11,45,107.13,3.7590909090909093
35909A,RABBIT EASTER DECORATION,5,20,59.00000000000001,2.95
35909B,PINK FLOWERS RABBIT EASTER,6,16,47.2,2.95
35910A,MULTICOLOUR EASTER RABBIT,13,53,103.35,1.9499999999999997
35910B,PINK FLOWERS RABBIT EASTER,8,29,61.07,2.515
35911A,MULTICOLOUR RABBIT EGG WARMER,96,388,466.69,1.5051546391752577
35911B,PINK/FLOWER RABBIT EGG WARMER,24,159,184.76000000000002,1.50125
35912B,WHITE/PINK CHICK DECORATION,30,288,355.58000000000004,1.8506666666666667
35913B,WHITE/PINK CHICK EASTER DECORATION,21,100,92.39,1.065217391304348
35914,PINK CHICK EGG WARMER + EGG CUP,56,245,345.0,1.68135593220339
35915A,CREAM KNITTED HEN,1,288,365.76,1.27
35915B,BLUE KNITTED HEN,67,563,713.7299999999999,1.2102941176470587
35915C,PEACH KNITTED HEN,82,662,793.3199999999999,1.3530487804878046
35916A,YELLOW FELT HANGING HEART W FLOWER,44,135,122.0,1.043695652173913
35916B,BLUE FELT HANGING HEART WITH FLOWER,46,133,121.33,0.981063829787234
35916C,PINK FELT HANGING HEART W FLOWER,42,159,170.87,1.240909090909091
35918B,BLUE FLORIBUNDA EGG WARMER,5,10,12.5,1.25
35920,FOUR RABBIT EASTER DECORATIONS,24,1070,296.34,1.6679166666666667
35921,EASTER BUNNY HANGING GARLAND,49,183,330.32,2.8282
35922,EASTER BUNNY WREATH,36,97,575.99,7.111666666666666
35923,CANDY HEART HANGING DECORATION,112,1545,1023.77,1.2692920353982302
35924,HANGING FAIRY CAKE DECORATION,188,2168,4062.02,2.768051282051282
35930,PINK HEART CHRISTMAS DECORATION,1,1,0.38,0.38
35931,PINK STAR CHRISTMAS DECORATION,15,156,78.12,0.48466666666666663
35932,PINK CHRISTMAS TREE DECORATION,10,37,15.63,0.537
35933,PINK STOCKING CHRISTMAS DECORATION,28,319,131.38,0.6982142857142858
35936,CERISE+GOLD CHRISTMAS TREE DEC,9,36,13.68,0.38
35937,CERISE+GOLD CHRISTMAS STOCKING DEC,17,188,71.44,0.38
35945,GOLD CHRISTMAS STOCKING DECORATION,1,1,1.95,1.95
35950,FOLKART HEART CHRISTMAS DECORATIONS,1,1,1.25,1.25
35951,FOLKART BAUBLE CHRISTMAS DECORATION,46,1352,717.99,1.1871739130434782
35953,FOLKART STAR CHRISTMAS DECORATIONS,155,3917,2068.47,0.7912422360248447
35954,SMALL FOLKART STAR CHRISTMAS DEC,111,2325,931.5500000000001,1.2579338842975207
35955,SMALL FOLKART CHRISTMAS TREE DEC,4,135,34.620000000000005,0.374
35957,SMALLFOLKART BAUBLE CHRISTMAS DEC,148,3775,1387.74,1.239254658385093
35958,FOLKART ZINC STAR CHRISTMAS DEC,82,1143,994.8299999999999,0.9653488372093023
35961,FOLKART ZINC HEART CHRISTMAS DEC,637,11521,9632.63,1.1482930513595166
35962,12 ASS ZINC CHRISTMAS DECORATIONS,92,581,1351.7800000000002,2.8220833333333335
35963,FOLKART ZINC CLIP ON ANGEL WINGS,11,101,38.38,0.38
35964,FOLKART CLIP ON STARS,132,1189,693.08,1.123970588235294
35965,FOLKART HEART NAPKIN RINGS,174,643,1470.26,3.2987845303867407
35966,FOLKART CHRISTMAS TREE T-LIGHT HOLD,26,255,111.34,0.6815384615384615
35967,FOLK ART METAL STAR T-LIGHT HOLDER,112,966,507.59000000000003,0.7929059829059829
35968,FOLK ART METAL HEART T-LIGHT HOLDER,75,785,372.46000000000004,0.6911538461538461
35969,FOLKART CROWN TABLE DECORATIONS,76,523,542.47,1.9160526315789475
35970,ZINC FOLKART SLEIGH BELLS,692,8400,15177.83,2.2645007032348805
35971,ROSE FOLKART HEART DECORATIONS,217,1997,1994.02,1.789047619047619
35972,DAISY FOLKART HEART DECORATION,87,440,611.38,1.7579545454545453
35973,GERANIUM FOLKART HEART DECORATION,13,49,61.25,1.25
35974,S/6 CHRISTMAS TREE PLACE SETTING,1,1,3.75,3.75
35976B,WHITE SCANDINAVIAN HEART CHRISTMAS,1,1,1.25,1.25
35979,SIX STRING SCANDINAVIAN HEART DECS,27,94,311.03000000000003,3.823571428571429
35980B,RED TOP SCANDINAVIAN HEART,2,4,1.52,0.38
35980C,REDWHITE STRIPE SCANDINAVIAN HEART,29,377,147.64000000000001,0.4555172413793103
35981C,WHITE SNOW SCANDINAVIAN STOCKING,67,589,297.62,0.6566666666666667
35991,SET/6 BLACK SNOWFLAKE T-LIGHTS,54,402,232.08,0.8748214285714286
35995,SET/6 BLACK GLITTER REINDEER CANDLE,5,5,3.7800000000000002,0.756
35999,S/6 SCANDINAVIAN HEART T-LIGHT,1,1,2.55,2.55
37112,YELLOW BIRDS FELT DES FOODCOVER,5,10,37.5,3.75
37326,FAIRY DESIGN MUGS,2,2,4.609999999999999,2.3049999999999997
37327,ASSTD MULTICOLOUR CIRCLES MUG,88,1745,1061.83,1.6427173913043478
37330,SPOTS MUG,28,517,927.4599999999999,2.306785714285714
37333,"RETRO ""TEA FOR ONE""",58,147,815.0,6.8568333333333324
37340,MULTICOLOUR SPRING FLOWER MUG,204,13674,3927.08,3.4581516587677723
37342,POLKADOT COFFEE CUP & SAUCER PINK,131,1629,1731.4,2.103712121212121
37343,SPOTS DESIGN MUG W PINK INSIDE,104,1123,1782.1999999999998,2.088317757009346
37345,ASSTD HEARTS DESIGN MUGS,9,321,561.05,4.038888888888889
37348,SET OF 4 PASTEL STACKING MUGS,7,14,35.7,2.55
37351,ORANGE FLOWER MUG,11,5404,612.5099999999999,3.7536363636363634
37352,BIRD IN TREE MUG,8,4643,504.55,1.10625
37370,RETRO COFFEE MUGS ASSORTED,492,7478,11549.06,5.642822878228782
37379A,PINK CHERRY BLOSSOM CUP & SAUCER,16,41,159.2,7.996874999999999
37379B,BLUE CHERRY BLOSSOM CUP & SAUCER,3,1122,181.5,0.8833333333333333
37399,"ASS RETROSPOOF MUGS,SPORTS",6,143,75.0,0.9733333333333333
37408,ASSORTED DESIGN GEISHA GIRL MUGS,1,5,6.25,1.25
37409,ASSORTED DESIGN FLOWER MUGS,3,7,5.949999999999999,0.85
37410,BLACK AND WHITE PAISLEY FLOWER MUG,33,25707,3288.65,7.556969696969697
37413,ICON MUG REVOLUTIONARY,81,703,284.49,0.4107228915662651
37422,WHITE WITH BLACK CATS BOWL,73,434,292.08,1.3546575342465754
37423,WHITE WITH BLACK CATS PLATE,70,6168,843.88,1.330285714285714
37424,WHITE WITH BLACK CATS MUG,108,5249,1134.68,1.2837037037037036
37432,MUG PINK AND PURPLE ARABIC DESIGN,1,6,3.9000000000000004,0.65
37438,FUNKY FLOWER COFFEE POT,1,1,3.75,3.75
37441,ASSORTED WHITE EMBOSSED CHINA MUGS,54,700,1639.8000000000002,5.037777777777778
37444A,YELLOW BREAKFAST CUP AND SAUCER,43,2714,587.06,3.3044680851063832
37444B,BLUE BREAKFAST CUP AND SAUCER,28,2012,415.5,3.785172413793104
37444C,PINK BREAKFAST CUP AND SAUCER,54,1657,688.49,4.649122807017544
37446,MINI CAKE STAND WITH HANGING CAKES,410,3800,5483.23,1.8790117647058824
37447,CERAMIC CAKE DESIGN SPOTTED PLATE,364,2930,4619.53,1.9989276139410188
37448,CERAMIC CAKE DESIGN SPOTTED MUG,528,4619,6931.509999999999,1.8015454545454546
37449,CERAMIC CAKE STAND + HANGING CAKES,477,2415,22672.61,11.190977596741343
37450,CERAMIC CAKE BOWL + HANGING CAKES,391,2467,7105.79,3.4656188118811886
37451,CERAMIC CAKE TEAPOT WITH CHERRY,1,1,4.95,4.95
37461,FUNKY MONKEY MUG,95,743,779.89,1.6062886597938144
37462B,"PET MUG, BUDGIE",32,170,87.28,0.754375
37462E,"PET MUG, GOLDFISH",28,110,49.64,0.6613333333333333
37464,ROBOT MUG IN DISPLAY BOX,82,317,432.43,1.7619047619047619
37467,PIG MUG IN TWO COLOUR DESIGNS,64,275,336.93,2.6380303030303027
37468,HARDMAN MUG 3 ASSORTED,14,65,39.81,1.422857142857143
37471,MULTICOLOUR DOTS PLATE,10,1405,197.85,3.6599999999999993
37474,SET/4 2 TONE EGG SHAPE MIXING BOWLS,44,64,661.0,10.793478260869565
37475,SET/4 COLOURFUL MIXING BOWLS,72,116,1160.56,10.565833333333332
37476,CONDIMENT TRAY 4 BOWLS AND 4 SPOONS,77,212,2066.64,11.435185185185185
37477B,"FLOWER FAIRY MUG+COASTER,LAVENDER",8,11,41.25,3.75
37477C,"FLOWER FAIRY MUG+COASTER,ROSE",1,6,22.5,3.75
37479B,CUBIC MUG FLOCK BLUE ON BROWN,32,1256,1103.5,3.0776470588235294
37479P,CUBIC MUG FLOCK PINK ON BROWN,34,172,165.18,2.26
37481,CUBIC MUG TEATIME CAKES,1,6,15.299999999999999,2.55
37482B,CUBIC MUG BLUE POLKA DOT,9,1251,1127.9099999999999,5.19
37482P,CUBIC MUG PINK POLKADOT,83,668,908.86,4.02364705882353
37482b,CUBIC MUG BLUE POLKA DOT,1,1,17.35,17.35
37482p,CUBIC MUG PINK POLKA DOT,2,2,34.7,17.35
37483,ENGLISH ROSE MUG IN GIFT BOX,10,143,232.89,2.46
37484,ENGLISH ROSE TEA FOR ONE GIFT BOX,1,1,6.75,6.75
37485,ENGLISH ROSE TEA SET IN GIFT BOX,15,49,207.69,4.5975
37487B,YELLOW/ORANGE FLOWER DESIGN PLATE,2,68,19.72,0.29
37488A,YELLOW PINK FLOWER DESIGN BIG BOWL,5,31,19.770000000000003,1.4140000000000001
37489A,YELLOW/PINK FLOWER DESIGN BIG MUG,23,47,48.51,1.2572
37489B,BLUE/YELLOW FLOWER DESIGN BIG MUG,17,39,32.37,1.0833333333333333
37489C,GREEN/BLUE FLOWER DESIGN BIG MUG,12,28,28.009999999999998,1.5846153846153848
37489D,PINK/GREEN FLOWER DESIGN BIG MUG,20,47,30.81,0.8154545454545455
37491A,YELLOW/PINK CERAMIC CANDLE HOLDER,13,19,51.66,2.7392857142857143
37491B,BLUE/YELLOW CERAMIC CANDLE HOLDER,8,14,30.08,2.3
37491C,GREEN/BLUE CERAMIC CANDLE HOLDER,10,58,167.52,2.163
37491D,PURPLE/BLUE CERAMIC CANDLE HOLDER,13,26,63.28,2.696923076923077
37492A,YELLOW RED FLOWER PIGGY BANK,11,108,216.07,4.274545454545454
37492B,BLUE YELLOW FLOWER PIGGY BANK,44,489,946.7199999999999,3.6697727272727274
37492C,GREEN BLUE FLOWER PIGGY BANK,24,242,477.29999999999995,3.81
37492D,PURPLE GREEN FLOWER PIGGY BANK,26,361,682.9899999999999,4.201538461538462
37494A,FAIRY CAKE CERAMIC BUTTER DISH,51,237,793.44,4.476274509803922
37494a,FAIRY CAKE CERAMIC BUTTER DISH,3,4,24.16,6.04
37495,FAIRY CAKE BIRTHDAY CANDLE SET,330,1580,5807.6,4.140833333333333
37500,TEA TIME TEAPOT IN GIFT BOX,263,887,6869.719999999999,9.24141791044776
37501,TEA TIME TEA SET IN GIFT BOX,177,487,3457.81,7.3357222222222225
37502,TEA TIME MUG IN GIFT BOX,171,868,2599.79,3.311387283236994
37503,TEA TIME CAKE STAND IN GIFT BOX,522,2465,25428.329999999998,11.723193116634798
37506,NEW ENGLAND MILK JUG W GIFT BOX,26,32,190.4,5.950000000000001
37508,NEW ENGLAND CERAMIC CAKE SERVER,46,89,229.57,2.60695652173913
37509,NEW ENGLAND MUG W GIFT BOX,14,30,76.5,2.55
40001,WHITE BAMBOO RIBS LAMPSHADE,121,2492,1920.8799999999999,1.07024
40002,WHITE BAMBOO RIBS LAMPSHADE,1,78,66.3,0.85
40003,WHITE BAMBOO RIBS LAMPSHADE,60,1151,1258.27,1.519672131147541
40005B,BLUE ORGANDY ROUND LAMPSHADE W BEA,13,34,28.9,0.85
40016,CHINESE DRAGON PAPER LANTERNS,244,15682,5599.1,1.9008764940239045
40018E,TEA TIME PAPER LANTERNS,81,384,837.02,2.8451851851851853
40018F,CHERRY DESIGN PAPERLANTERNS,117,1092,2100.33,2.2838655462184874
40046A,RED DAISY PAPER LAMPSHADE,62,355,472.07,1.7974193548387096
40046C,PINK BUTTERFLY PAPER LAMPSHADE,3,3,3.75,1.25
44089A,PINK GAUZE BUTTERFLY LAMPSHADE,13,40,16.8,0.42
44089C,LILAC GAUZE BUTTERFLY LAMPSHADE,18,68,28.56,0.42
44091A,BLUE CRUSOE CHECK LAMPSHADE,6,18,7.56,0.42
44091C,MULTICOLOUR CRUSOE CHECK LAMPSHADE,17,61,30.66,0.5682352941176471
44092B,BLUE WHITE PLASTIC RINGS LAMPSHADE,6,15,12.75,0.85
44092C,PURPLE/COPPER HANGING LAMPSHADE,10,23,19.55,0.85
44217M,MULTICOLOUR FEATHERS CURTAIN,3,72,236.40000000000003,3.616666666666667
44228,CANNABIS LEAF BEAD CURTAIN,3,48,40.8,0.85
44230,SQUARE MIRROR CURTAIN,53,347,3381.6200000000003,9.157547169811322
44234,ASSORTED CIRCULAR MOBILE,56,1220,264.76,0.39650793650793653
44235,ASS COL CIRCLE MOBILE,22,821,305.94,0.41519999999999996
44236,PINK/PURPLE CIRCLE CURTAIN,12,64,112.32000000000001,2.868461538461539
44241C,BLUE BUTTERFLY ON SPRING,8,70,59.5,0.85
44242A,LILAC FEATHERS CURTAIN,2,14,11.98,1.02
44242B,PINK FEATHERS CURTAIN,9,109,121.53,1.1477777777777778
44265,M/COLOUR POM-POM CURTAIN,4,8,34.0,4.25
45008C,DECORATIVE NET CANOPY CREAM,34,83,792.0699999999999,12.162647058823529
45013,FOLDING SHOE TIDY,8,48,132.0,2.9000000000000004
45014,FOLDING SHIRT TIDY,1,1,4.65,4.65
45016,DECORATIVE NET CANOPY LEOPARD,25,101,423.73,5.946923076923077
46000M,POLYESTER FILLER PAD 45x45cm,353,2537,3932.3500000000004,1.55
46000P,POLYESTER FILLER PAD 65CMx65CM,49,215,913.75,4.25
46000R,POLYESTER FILLER PAD 45x30cm,61,249,361.05,1.45
46000S,POLYESTER FILLER PAD 40x40cm,380,3486,5054.7,1.45
46000U,POLYESTER FILLER PAD 30CMx30CM,51,251,313.75,1.25
46037A,PINK CANVAS DES CUSHION COVER,2,6,7.5,1.25
46115B,GREEN POP ART MAO CUSHION COVER,22,292,55.480000000000004,0.19
46118,FUNKY MONKEY CUSHION COVER,72,374,522.05,3.101486486486486
46126A,ELVIS WALLHANGING / CURTAIN,48,317,419.99,1.5891666666666666
46137D,GREEN CHENILLE SHAGGY RUG,4,45,132.75,2.95
46138B,BLUE CHENILLE SHAGGY CUSHION COVER,25,71,156.29,2.678
46138D,GREEN CHENILLE SHAGGY C/COVER,1,1,1.95,1.95
46307,ROSES BLUE BASE CUSHION COVER,33,51,246.03,5.2645454545454555
46775A,BUBBLE GUM CHUNKY KNITTED THROW,32,83,1044.23,14.045
46775B,BERRIES CHUNKY KNITTED THROW,4,5,84.75,16.95
46775D,SUNSET COLOUR CHUNKY KNITTED THROW,95,154,1949.2099999999998,12.656770833333333
46775E,CANDY POP CHUNKY KNITTED THROW,51,101,1282.9,13.26686274509804
46776A,WOVEN BUBBLE GUM CUSHION COVER,121,408,1291.65,4.3602459016393444
46776B,WOVEN BERRIES CUSHION COVER,153,432,1386.07,4.261346153846154
46776C,WOVEN FROST CUSHION COVER,96,260,913.52,4.322424242424242
46776D,WOVEN SUNSET CUSHION COVER,76,153,658.07,4.279605263157895
46776E,WOVEN CANDY CUSHION COVER,77,207,670.52,4.192405063291139
46776F,WOVEN ROSE GARDEN CUSHION COVER,157,487,1675.73,4.206687898089172
46776a,WOVEN BUBBLE GUM CUSHION COVER,1,5,20.65,4.13
46776b,WOVEN BERRIES CUSHION COVER,1,1,4.13,4.13
46776e,WOVEN CANDY CUSHION COVER,1,1,4.13,4.13
46776f,WOVEN ROSE GARDEN CUSHION COVER,1,7,28.91,4.13
47013A,WINE BOTTLE DRESSING LT.BLUE,25,141,39.87,0.2764
47013C,WINE BOTTLE DRESSING DARK BLUE,27,147,40.519999999999996,0.35
47016,LIGHT DECORATION BATTERY OPERATED,5,31,65.10000000000001,2.1
47021G,SET/6 BEAD COASTERS GAUZE BAG GOLD,70,716,549.52,2.225753424657534
47310M,SMALL POP BOX FUNKY MONKEY,172,747,1006.19,1.6622988505747127
47341A,FUSCHIA TABLE RUN FLOWER,7,29,46.25,2.3214285714285716
47341B,BLUE TABLE RUN FLOWER,14,48,67.5,1.7857142857142858
47343A,FUSCHIA FLOWER PURSE WITH BEADS,23,206,215.2,1.2107692307692308
47344B,BLUE FLOWER DES PURSE,10,54,56.16,1.082
47347B,BLUE FLOWER T-LIGHT HOLDER,11,240,179.88,1.64
47348A,FUSCHIA VOILE POINTY SHOE DEC,16,104,63.96,0.8488235294117646
47351B,BLUE  VOILE LAMPSHADE,14,98,269.90000000000003,2.9214285714285717
47367B,PAIR PADDED HANGERS PINK CHECK,95,246,849.1700000000001,3.527676767676768
47369A,PINK GREEN EMBROIDERY COSMETIC BAG,25,52,155.16,3.1471428571428572
47369B,BLUE GREEN EMBROIDERY COSMETIC BAG,29,55,156.13,3.179333333333333
47420,ASSORTED COLOUR SUCTION CUP HOOK,31,360,68.4,0.19
47421,ASSORTED COLOUR LIZARD SUCTION HOOK,74,1487,582.78,0.41487804878048773
47422,ASSORTED MONKEY SUCTION CUP HOOK,66,1178,458.76,0.4141666666666667
47469,ASSORTED SHAPES PHOTO CLIP SILVER,29,1220,594.28,0.6308333333333334
47471,RAINBOW PEGS PHOTO CLIP STRING,63,431,298.51,0.959090909090909
47480,HANGING PHOTO CLIP ROPE LADDER,150,1735,2854.83,2.2753947368421055
47481,50CM METAL STRING WITH  7 CLIPS,44,327,267.53,1.1302222222222222
47502,POLKADOT CUTLERY 24 PCS IN TRAY,79,640,6855.75,14.809113924050632
47503A,ASS FLORAL PRINT MULTI SCREWDRIVER,195,2853,1405.51,0.63315
47503E,ASS FLORAL PRINT SCISSORS,25,6842,1186.9,1.206
47503F,ASS FLORAL PRINT TORCH,11,2567,729.9499999999999,1.5227272727272727
47503G,ASS FLORAL PRINT TAPE MEASURE,35,284,367.36,1.5697222222222222
47503H,ASS FLORAL PRINT SPIRIT LEVEL,60,162,252.28,1.9536923076923076
47503J,SET/3 FLORAL GARDEN TOOLS IN BAG,75,347,2743.23,10.893116883116884
47503K,ASSORTED FLORAL SECATEURS,42,3177,1389.44,2.262325581395349
47504E,ENGLISH ROSE SCISSORS,48,4387,931.86,1.849375
47504F,ENGLISH ROSE TORCH,14,527,196.45999999999998,1.6721428571428572
47504G,ENGLISH ROSE TAPE MEASURE,57,266,366.81,1.92859649122807
47504H,ENGLISH ROSE SPIRIT LEVEL,140,1031,1118.92,2.125104895104895
47504J,ENGLISH ROSE SET/3 GARDEN TOOLS,4,5,67.25,14.825
47504K,ENGLISH ROSE GARDEN SECATEURS,312,2671,3135.75,1.8940993788819875
47505,MINATURE COLOURED GARDENING SET,178,737,3527.42,5.334722222222222
47518F,ICON PLACEMAT POP ART ELVIS,34,903,153.14,0.4135294117647059
47518f,ICON PLACEMAT POP ART ELVIS,9,9,37.75,4.194444444444445
47552A,DOTS IRONING BOARD COVER,11,12,23.4,1.95
47554,S/3 COLOURS FLOCK TEA TOWELS,1,1,2.55,2.55
47556,SET/2 SPOTTY + ROSE TEA TOWELS,1,1,2.55,2.55
47556B,TEA TIME TEA TOWELS,449,5201,13691.02,3.198761061946903
47556b,TEA TIME TEA TOWELS,4,4,23.64,5.91
47559B,TEA TIME OVEN GLOVE,701,5221,6455.54,1.4109327846364883
47559b,TEA TIME OVEN GLOVE,44,171,568.58,3.292608695652174
47562,ENGLISH ROSE IRONING BOARD COVER,41,104,390.0,3.75
47563A,RETRO LONGBOARD IRONING BOARD COVER,151,346,852.19,3.379805194805195
47563B,WAVELINE SURF IRONING BOARD COVER,6,8,30.0,3.75
47566,PARTY BUNTING,2674,28362,149109.35,5.727101502381825
47566B,TEA TIME PARTY BUNTING,761,5831,25954.45,5.29936936936937
47566b,TEA TIME PARTY BUNTING,113,217,1803.61,8.32103448275862
47567B,TEA TIME KITCHEN APRON,348,2187,11814.990000000002,6.2233608815427
47567b,TEA TIME KITCHEN APRON,3,3,38.72,12.906666666666666
47568,ENGLISH ROSE DESIGN PEG BAG,410,2384,4983.02,2.543430656934307
47569,ENGLISH ROSE DESIGN SHOPPING BAG,1,1,2.55,2.55
47570,ENGLISH ROSE TABLE CLOTH,78,220,2373.01,12.235696202531646
47570B,TEA TIME TABLE CLOTH,224,977,9664.87,11.793624454148473
47570b,TEA TIME TABLE CLOTH,8,9,190.63,21.18111111111111
47574A,ENGLISH ROSE SCENTED HANGING FLOWER,129,576,805.48,2.3170992366412215
47574B,ENGLISH ROSE SCENTED HANGING HEART,27,49,208.25,4.25
47578A,ENGLISH ROSE SMALL SCENTED FLOWER,69,315,286.68,1.0485333333333333
47579,TEA TIME BREAKFAST BASKET,55,186,422.97,2.5521052631578947
47580,TEA TIME DES TEA COSY,344,1693,4395.26,3.1532033426183843
47581B,FAIRY CAKE WICKER PICNIC BASKET,36,46,753.77,16.319444444444443
47583A,SET OF 3 WICKER BASKET ROSE,6,71,612.8199999999999,26.30333333333333
47583B,SET OF 3 WICKER BASKET TEA AND CAKE,6,27,332.6,21.958333333333332
47585A,PINK FAIRY CAKE CUSHION COVER,148,1084,2612.88,4.460067567567568
47586A,PINK FAIRY CAKE CUSHION COVER,29,202,275.53,2.3276666666666666
47587A,PINK FAIRY CAKE COASTER,26,2706,1099.88,1.231153846153846
47589,CONGRATULATIONS BUNTING,76,183,1008.73,5.597792207792208
47590A,BLUE HAPPY BIRTHDAY BUNTING,689,4826,24542.88,5.790916905444126
47590B,PINK HAPPY BIRTHDAY BUNTING,872,5768,29532.93,5.74025988700565
47590a,BLUE HAPPY BIRTHDAY BUNTING,1,1,11.02,11.02
47590b,PINK HAPPY BIRTHDAY BUNTING,10,13,140.5,10.812999999999999
47591A,CAROUSEL DES CHILD'S APRON,70,163,269.53999999999996,1.6547142857142856
47591B,SCOTTIES CHILDRENS APRON,281,1109,1787.25,1.6691836734693877
47591C,BLUE FAIRY CAKE CHILD'S APRON,159,1051,2012.43,2.091446540880503
47591D,PINK FAIRY CAKE CHILDRENS APRON,1140,9513,17685.22,2.1218104184457727
47591b,SCOTTIES CHILDRENS APRON,4,8,33.6,4.1899999999999995
47591c,BLUE FAIRY CAKE CHILD'S APRON,3,4,16.84,4.21
47591d,PINK FAIRY CAKE CHILDRENS APRON,72,290,1461.6,4.991081081081081
47592A,CAROUSEL DES CHILD'S OVERALL,101,331,637.37,1.8420792079207922
47592B,SCOTTIES DESIGN CHILD'S OVERALL,29,67,131.9,1.9331034482758622
47593A,CAROUSEL DESIGN BABY BIB,97,303,306.67,0.9405050505050505
47593B,SCOTTIE DOGS BABY BIB,356,2366,1342.6399999999999,0.7941734417344174
47593a,CAROUSEL DESIGN BABY BIB,1,1,2.51,2.51
47593b,SCOTTIE DOGS BABY BIB,1,6,4.9799999999999995,0.83
47594A,CAROUSEL DESIGN WASHBAG,105,346,684.4599999999999,2.102336448598131
47594B,SCOTTIES DESIGN WASHBAG,122,408,808.39,2.1536065573770493
47594a,CAROUSEL DESIGN WASHBAG,1,1,4.21,4.21
47597,NEW ENGLAND TEATOWELS,124,322,644.88,1.9637301587301585
47598,NEW ENGLAND EGG WARMER,32,138,89.12,0.7571875
47599A,PINK PARTY BAGS,369,6043,11342.28,2.291084656084656
47599B,BLUE PARTY BAGS,286,3567,6820.04,2.2218027210884355
48103,DOOR MAT KISS MY.......,10,35,201.73,7.051
48111,DOORMAT 3 SMILEY CATS,720,4301,26483.99,8.818355795148248
48116,DOORMAT MULTICOLOUR STRIPE,496,3459,20787.72,8.814650698602795
48129,DOORMAT TOPIARY,543,3145,19752.97,8.23130198915009
48138,DOORMAT UNION FLAG,1664,10157,67629.75,8.042381796690307
48173A,DOOR MAT BLUE FLOCK,1,1,6.75,6.75
48173C,DOORMAT BLACK FLOCK,500,4099,23295.82,7.9067647058823525
48173c,DOORMAT BLACK FLOCK,37,78,1259.39,15.737435897435898
48175,DOOR MAT CAMOUFLAGE,2,39,158.04,5.02
48179,DOOR MAT SWEET HOME,11,34,214.47,9.736363636363636
48184,DOORMAT ENGLISH ROSE,851,4770,31551.32,8.24324449594438
48185,DOORMAT FAIRY CAKE,983,6855,46050.99,9.18843625498008
48187,DOORMAT NEW ENGLAND,1282,7395,47026.85,8.093711656441718
48188,DOORMAT WELCOME PUPPIES,698,4889,28775.21,8.513323863636364
48189,DOOR MAT FRIENDSHIP,274,1322,8487.26,9.079345454545455
48194,DOORMAT HEARTS,1349,7835,49542.47,8.601800291545189
48195,DOOR MAT GREEN PAISLEY,87,269,1627.99,8.18344827586207
48197,DOOR MAT BIRD ON THE WIRE,225,898,5905.64,9.610977777777777
51008,AFGHAN SLIPPER SOCK PAIR,80,2865,9179.25,3.3964285714285714
51012C,"FEATHER DUSTER, COAL BLACK",27,171,213.75,1.25
51012L,"FEATHER DUSTER, LIGHT PINK",6,10,12.5,1.25
51014A,"FEATHER PEN,HOT PINK",376,6700,4585.2,0.8311023622047243
51014C,"FEATHER PEN,COAL BLACK",265,4366,2836.42,0.8349450549450549
51014L,"FEATHER PEN,LIGHT PINK",226,3457,2232.5499999999997,0.7762719298245614
51014c,"FEATHER PEN,COAL BLACK",1,1,0.83,0.83
51020A,SUMMER FUN DESIGN SHOWER CAP,50,1304,464.55999999999995,0.8358823529411765
51020B,STRIPY DESIGN SHOWER CAP,60,1087,491.86999999999995,0.9712903225806452
62018,SOMBRERO,127,9570,12456.7,1.7992307692307692
62043B,BLUE CHECK BAG W HANDLE 34X20CM,10,54,75.15999999999998,1.2399999999999998
62074B,ELEPHANT CLIP W SUCTION CUP,12,38,15.96,0.42
62086A,PINK RETRO BIG FLOWER BAG,24,113,220.35,1.95
62094B,TURQ ICE CREAM BUM BAG,67,306,683.05,3.9523529411764704
62095B,TURQOISE ICE CREAM SUNHAT,21,292,310.83,1.558095238095238
62096A,PINK/YELLOW FLOWERS HANDBAG,89,395,607.79,2.227311827956989
62096B,PURPLE/TURQ FLOWERS HANDBAG,82,257,441.99,2.315542168674699
62097A,PINK STRIPES SHOULDER BAG,3,3,8.850000000000001,2.9500000000000006
62097B,BLUE STRIPES SHOULDER BAG,4,11,13.37,1.36
70006,LOVE HEART POCKET WARMER,290,4476,4229.62,1.9986407766990288
70007,HI TEC ALPINE HAND WARMER,205,1365,1848.62,2.174380530973451
71028B,SILVER BLUE EGG T-LIGHT HOLDER,13,494,227.48000000000002,1.8407692307692307
71038,WHITE HANGING BEADS CANDLE HOLDER,144,723,3821.9500000000003,5.411904761904762
71050,SMALL SINGLE FLAME CANDLE HOLDER,8,51,17.849999999999998,0.35
71053,WHITE METAL LANTERN,727,4976,19654.86,4.504113110539845
71101A,ANGEL ON KNEES METAL POLE 100CM H,1,6,5.1,0.85
71101E,STANDING FAIRY POLE SUPPORT,47,777,626.13,0.8364583333333333
71143,SILVER BOOK MARK WITH BEADS,99,356,532.02,2.001165048543689
71215,METAL BASE FOR CANDLES,12,178,68.52,0.41000000000000003
71270,PHOTO CLIP LINE,81,375,531.65,1.6551764705882352
71279,PINK GLASS CANDLEHOLDER,78,300,995.7200000000001,3.8896296296296295
71403,"PINK/WHITE ""KEEP CLEAN"" BULLET BIN",69,178,661.95,4.590704225352113
71406C,BLACK ORANGE SQUEEZER,35,223,95.38,0.46648648648648644
71434B,"BLACK RND BULLET""KEEP CLEAN"" BIN",2,2,5.1,2.55
71459,HANGING JAM JAR T-LIGHT HOLDER,1017,33457,27090.51,1.1172780487804879
71477,COLOUR GLASS. STAR T-LIGHT HOLDER,809,15719,46519.13,3.7440163934426227
71495A,CD WALL TIDY BLUE OFFICE,20,225,87.96000000000001,0.6395
71495B,CD WALL TIDY RED FLOWERS,18,306,116.61000000000001,0.538421052631579
71496A,A4 WALL TIDY BLUE OFFICE,17,260,161.77,1.0745
71496B,A4 WALL TIDY RED FLOWERS,6,15,8.67,0.59
71510,SQUARE METAL CANDLEHOLDER BASE,17,177,112.05,0.7935294117647059
72008,FROSTED BOX 9 WHITE T-LIGHT CANDLES,215,3819,1531.3999999999999,0.441
72023F,RED ORGANIC CANDLE IN GLASS,49,640,669.62,1.3499999999999999
72024U,LILAC VOTIVE CANDLE,11,220,46.2,0.21
72038P,PRICE'S CANDLE PEACH,9,1050,116.5,0.15222222222222223
72045D,ROSES ON BLUE TEACUP CANDLE,6,539,918.65,2.98
72051S,BAG OF SILVER STONES,54,305,193.41,0.6707017543859649
72083A,STRAWBERY SWIRL FLARE CANDLE,7,24,50.400000000000006,2.1
72084B,CHOCOLATE ICE CREAM CANDLE,1,2,3.9,1.95
72122,COFFEE SCENT PILLAR CANDLE,120,587,594.28,1.1312
72127,COLUMBIAN CANDLE ROUND,65,393,479.69,1.3102816901408452
72128,COLUMBIAN CANDLE ROUND,88,724,450.74,0.8884946236559139
72129,COLUMBIAN CANDLE ROUND,18,74,49.11000000000001,0.7061111111111111
72130,COLUMBIAN CANDLE ROUND,57,814,341.68,0.6803125
72131,COLUMBIAN CANDLE RECTANGLE,56,761,717.63,1.6680327868852458
72132,COLUMBIAN CUBE CANDLE,28,561,485.55,1.7106666666666668
72133,COLUMBIAN CANDLE RECTANGLE,31,115,130.13,1.3311764705882352
72134,COLUMBIAN  CUBE CANDLE,29,340,136.51,0.9229032258064516
72140E,BEST DAD CANDLE LETTERS,29,218,156.72,0.8927586206896552
72140F,HAPPY ANNIVERSARY CANDLE LETTERS,14,175,69.17999999999999,0.41600000000000004
72225C,LAVENDER SCENT CAKE CANDLE,38,1926,466.38,0.2689473684210526
72225D,VANILLA SCENT CAKE CANDLE,11,962,219.45999999999998,0.26818181818181813
72232,FENG SHUI PILLAR CANDLE,118,6378,1211.8200000000002,0.19
72267,PREMIUM CHURCH CANDLE,45,265,530.16,2.175869565217391
72349B,SET/6 PURPLE BUTTERFLY T-LIGHTS,287,2021,4117.2,2.4339864864864866
72349b,SET/6 PURPLE BUTTERFLY T-LIGHTS,112,218,907.35,4.168677685950413
72351A,SET/6 TURQUOISE BUTTERFLY T-LIGHTS,399,3746,7408.59,2.301764705882353
72351B,SET/6 PINK  BUTTERFLY T-LIGHTS,499,5816,11260.54,2.375252918287938
72351a,SET/6 TURQUOISE BUTTERFLY T-LIGHTS,28,40,167.52,4.186
72369A,PINK CLEAR GLASS CANDLE PLATE,14,67,101.28999999999999,1.7473333333333334
72484,ROSES IN WHITE HEART CANDLE,64,1818,991.3800000000001,1.21
72487,ROSES WHITE ROUND CANDLE,14,827,355.05,1.1528571428571428
72529W,WHITE ADVENT CANDLE,47,464,918.75,2.4578723404255323
72529w,WHITE ADVENT CANDLE,1,1,4.3,4.3
72586,SET OF 6 HALLOWEEN GHOST T-LIGHTS,183,2307,1013.5,0.5922994652406417
72598,SET/12 TAPER CANDLES,158,1270,1175.1499999999999,1.1875147928994083
72606A,BROWN ANTIQUE CUBE CANDLE,18,226,94.92,0.42
72708,SCULPTED ROUND IVORY CANDLE,5,44,9.24,0.21000000000000002
72709,IVORY SCULPTED RND CANDLE,13,92,78.19999999999999,0.85
72715,SPHERICAL IVORY CANDLE,13,88,36.96,0.42
72724,SET/6 CHRISTMAS ICICLE T-LIGHTS,10,36,45.0,1.25
72728,ROSE SCENT CANDLES IN GLASS,54,643,523.15,0.8452727272727273
72739B,WHITE CHOCOLATE SCENT CANDLE,28,394,328.39000000000004,1.835357142857143
72739C,DARK CHOCOLATE SCENTCANDLE,23,326,279.08,1.6782608695652175
72740A,LARGE STRAWBERRY CHOCOLATE CANDLE,12,65,141.23,3.8616666666666664
72740B,LARGE WHITE CHOCOLATE CANDLE,1,1,5.06,5.06
72741,GRAND CHOCOLATECANDLE,920,20113,27820.879999999997,1.7375949367088608
72750A,"F.FAIRY S/3 CANDLE/GLASS,LILY/VALLY",16,383,766.85,2.45
72750B,FLOWER FAIRY SET 3 CANDLES LAVENDER,39,496,1047.2,3.078205128205128
72750C,"F.FAIRY S/3 CANDLE/GLASS, ROSE",15,232,476.4,2.75
72750D,F.FAIRY S/3 CANDLE/GLASS,11,110,226.5,2.6772727272727272
72751A,"F.FAIRY S/3 SML CANDLE,LILY/VALLEY",1,1,5.95,5.95
72751B,"F.FAIRY S/3 SML CANDLE, LAVENDER",1,1,5.95,5.95
72751C,"F.FAIRY S/3 SML CANDLE, ROSE",1,1,5.95,5.95
72752A,"F.FAIRY,CANDLE IN GLASS,LILY/VALLEY",1,1,4.25,4.25
72752B,"F.FAIRY,CANDLE IN GLASS,LAVENDER",2,3,12.75,4.25
72753A,S/3 FLWR FAIRY LILLY CANDLES,14,315,690.24,3.735
72753B,S/3 FLWR FAIRY LAVENDER CANDLES,14,445,957.73,3.3414285714285716
72753C,S/3 FLWR FAIRY ROSE CANDLES,6,43,107.68,4.021666666666667
72753D,S/3 FLWR FAIRY SUMMER CANDLES,9,144,302.40000000000003,2.1
72754A,FLOWER FAIRY POTPOURRI CUSHION LILY,5,292,201.24,1.066
72754B,F FAIRY POTPOURRI CUSHIONS LAVENDER,8,170,137.54000000000002,1.17
72754D,F FAIRY POTPOURRI CUSHIONS SUMMER,1,1,1.69,1.69
72755C,FLOWER FAIRY OIL BURNER SET ROSE,14,592,767.0,1.8928571428571428
72755D,FLOWER FAIRY OIL BURNER SET SUMMER,13,533,693.25,1.9423076923076923
72756,FAIRY CAKE CANDLES,129,4012,5459.48,1.46953488372093
72760B,VINTAGE CREAM 3 BASKET CAKE STAND,494,1714,16569.55,10.832485089463221
72771B,BURG FLOCK GOLD CUP/CANDLE,8,117,56.9,1.2822222222222222
72771C,BLACK FLOCK GOLD CANDLE,6,54,42.08,1.7133333333333332
72772,SET/4 SCENTED CANDLES IN RAMEKINS,9,457,615.84,2.531111111111111
72779,SET/6 BLACK ROSE T-LIGHT CANDLES,15,48,81.12,1.69
72780,BLACK SILOUETTE CANDLE PLATE,44,514,418.18,0.8411363636363636
72781,BLACK SILOUETTE CANDLE PLATE,15,121,229.5,2.0453333333333332
72783,BLACK SIL'T SQU CANDLE PLATE,9,43,90.30000000000001,2.1
72785A,S/4 CONTEMPORY PINK ROSEBUD CANDLES,4,8,16.8,2.1
72785B,S/4 CONTEMPORY RED ROSEBUD CANDLES,3,9,10.9,1.5666666666666667
72789,BASKET/8 SCENTED LOVE TOKEN CANDLES,45,122,461.53,3.837608695652174
72793,BLACK BOX MIRROR LANTERN,10,55,268.75,5.5600000000000005
72796A,S/3 ENGLISH LAVENDER SQU CANDLE,5,11,18.15,1.6499999999999997
72796B,S/3 FRENCH VANILLA SQU CANDLE,12,27,44.55,1.65
72796C,S/3 ROSE GARDEN SCENT SQU CANDLE,1,1,1.65,1.65
72798C,SET/4 GARDEN ROSE DINNER CANDLE,15,29,54.76,2.081875
72799A,BLACK PILLAR CANDLE SILVER FLOCK,18,612,877.8000000000001,2.4555555555555557
72799B,PURPLE PILLAR CANDLE BLACK FLOCK,16,322,467.71000000000004,3.664375
72799C,PINK PILLAR CANDLE SILVER FLOCK,48,471,783.1,3.06625
72799D,BLUE PILLAR CANDLE SILVER FLOCK,18,78,260.67,3.742105263157895
72799E,IVORY PILLAR CANDLE SILVER FLOCK,178,1258,2678.57,2.94620320855615
72799F,IVORY PILLAR CANDLE GOLD FLOCK,102,1134,2110.11,3.1072072072072077
72800A,S/4 BLACK DINNER CANDLE SILVER FLOC,46,674,743.26,2.9821739130434786
72800B,4 PURPLE FLOCK DINNER CANDLES,91,999,1312.48,2.6197916666666665
72800C,4 PINK DINNER CANDLE SILVER FLOCK,78,660,924.84,2.6556249999999997
72800D,4 BLUE DINNER CANDLES SILVER FLOCK,86,643,1050.81,2.7077011494252874
72800E,4 IVORY DINNER CANDLES SILVER FLOCK,286,1436,2734.87,2.4999013157894736
72800F,4 IVORY DINNER CANDLES GOLD FLOCK,67,822,1060.19,2.497391304347826
72801C,4 ROSE PINK DINNER CANDLES,56,720,546.36,1.3659649122807018
72801D,S/4 SKY BLUE DINNER CANDLES,61,565,461.17,1.4474193548387095
72801E,S/4 FESTIVE GREEN DINNER CANDLES,24,769,404.75,1.19875
72801F,S/4 FESTIVE RED DINNER CANDLES,25,234,292.5,1.25
72801G,4 BURGUNDY WINE DINNER CANDLES,64,1325,798.62,1.352121212121212
72801c,4 ROSE PINK DINNER CANDLES,36,62,153.67,2.475277777777778
72801d,4 SKY BLUE DINNER CANDLES,61,103,254.98,2.476393442622951
72801e,S/4 FESTIVE GREEN DINNER CANDLES,4,7,17.57,2.51
72801g,S/4 BURGUNDY WINE DINNER CANDLES,3,10,25.099999999999998,2.51
72802A,ROSE SCENT CANDLE IN JEWELLED BOX,182,941,3904.65,4.4944444444444445
72802B,OCEAN SCENT CANDLE IN JEWELLED BOX,212,1589,4390.69,4.424841628959276
72802C,VANILLA SCENT CANDLE JEWELLED BOX,269,2226,6242.94,4.586701754385965
72802a,ROSE SCENT CANDLE IN JEWELLED BOX,4,9,74.97,8.379999999999999
72802c,VANILLA SCENT CANDLE JEWELLED BOX,1,1,8.29,8.29
72803A,ROSE SCENT CANDLE JEWELLED DRAWER,97,729,1574.75,4.38
72803B,OCEAN SCENT CANDLE JEWELLED DRAWER,36,92,407.88,4.472105263157895
72803b,OCEAN SCENT CANDLE JEWELLED DRAWER,1,2,16.94,8.47
72805,VANILLA CANDLE IN EMBOSSED ZINC POT,3,10,16.9,1.6900000000000002
72807A,SET/3 ROSE CANDLE IN JEWELLED BOX,216,971,4472.37,5.758965517241379
72807B,SET/3 OCEAN SCENT CANDLE JEWEL BOX,225,1090,4790.28,5.278823529411764
72807C,SET/3 VANILLA SCENTED CANDLE IN BOX,345,2018,8663.24,5.375333333333334
72807a,SET/3 ROSE CANDLE IN JEWELLED BOX,6,9,74.78999999999999,8.319999999999999
72807b,SET/3 OCEAN SCENT CANDLE JEWEL BOX,19,26,220.94000000000003,8.488947368421051
72807c,SET/3 VANILLA SCENTED CANDLE IN BOX,44,60,511.98,8.494545454545454
72811,SMALL ZINC/GLASS CANDLEHOLDER,22,445,340.45,1.4468181818181818
72812,LARGE ZINC GLASS CANDLEHOLDER,31,105,288.46000000000004,3.236774193548387
72814,SET OF 3 CHRISTMAS BRIAR CANDLES,54,266,967.9200000000001,3.8874545454545455
72815,3 WICK CHRISTMAS BRIAR CANDLE,70,283,1091.83,4.061944444444444
72816,SET/3 CHRISTMAS DECOUPAGE CANDLES,136,1454,1823.84,1.9540397350993377
72817,SET OF 2 CHRISTMAS DECOUPAGE CANDLE,214,1590,1729.1,1.3115720524017467
72818,CHRISTMAS DECOUPAGE CANDLE,127,2439,1323.0,0.8429285714285714
72819,CUPID DESIGN SCENTED CANDLES,92,709,1217.28,3.0025252525252526
72821,CUPID SCENTED CANDLE IN GLASS,14,61,100.64999999999999,1.65
75011,BLUE DAISY MOBILE,15,181,172.51,1.3900000000000001
75013B,"STRING OF 8 BUTTERFLIES,PINK",76,395,677.8699999999999,2.013658536585366
75049L,LARGE CIRCULAR MIRROR MOBILE,344,13969,13156.31,1.556827195467422
75131,METAL TUBE CHIME ON BAMBOO,68,1220,1549.77,1.7238028169014084
75149N,STRING CRYSTALS NATURAL,25,272,340.0,1.25
75172,PAINTED SEA SHELL METAL WINDCHIME,11,97,100.31,2.1354545454545457
75178,ASSTD COL BUTTERFLY/CRYSTAL W/CHIME,25,497,273.93,1.4991999999999999
77079,DOLPHIN WINDMILL,12,64,135.68,2.12
77081,FLOWER WINDMILL,33,242,308.38,1.7766666666666666
77101A,UNION FLAG WINDSOCK,88,1086,1260.97,1.4984444444444442
78026,SEAGRASS S/3 SQU LAUNDRY BOX,2,12,139.95,19.975
78027,SEAGRASS S/2 CORNER LAUNDRY,5,6,100.15,18.03
78033,FLAG OF ST GEORGE CHAIR,16,76,370.6,5.525
78034B,BLUE NETTING STORAGE HANGER,9,16,31.2,1.95
78056,CAMOUFLAGE BACKPACK ON WHEELS,2,3,29.849999999999998,9.95
78124,MAGAZINE RACK GEBRA ASSORTED,31,736,986.11,1.9096875
79000,MOROCCAN TEA GLASS,436,12174,9909.52,1.3722398190045249
79026B,"S/4 ICON COASTER,ELVIS LIVES",37,69,89.25,1.595945945945946
79029,GLASS HONEYPOT WASP CATCHER,343,2944,5473.82,2.2632378223495704
79030A,"TUMBLER, ENGLISH ROSE",33,171,438.25,5.692424242424242
79030D,TUMBLER BAROQUE,61,1016,734.26,2.2034920634920634
79030G,"TUMBLER, NEW ENGLAND",121,1754,1478.9699999999998,3.035284552845529
79051A,SMOKEY GREY COLOUR D.O.F. GLASS,54,942,382.94,0.7286440677966102
79051a,SMOKEY GREY COLOUR D.O.F. GLASS,1,1,6.04,6.04
79062D,"RETRO TIN ASHTRAY,REVOLUTIONARY",4,52,19.4,0.38
79063C,"RETRO PILL BOX KEY CHAIN,THE KING",14,235,43.65,0.18928571428571428
79063D,"RETRO PILL BOX , REVOLUTIONARY",11,189,35.14,0.21
79065A,TEATIME ROUND CAKE TINS,1,4,39.8,9.95
79066K,RETRO MOD TRAY,240,1422,1240.12,1.0829032258064517
79066k,RETRO MOD TRAY,16,27,44.37,1.6458823529411764
79067,CORONA MEXICAN TRAY,396,1661,6590.08,4.976489104116222
79070b,ENGLISH ROSE SQUARE CAKE TINS,1,1,11.26,11.26
79071B,ENGLISH ROSE METAL WASTE BIN,66,142,433.70000000000005,3.1742424242424243
79072,TEATIME CAKE TIN WITH HANDLE,107,284,3083.2,12.714485981308412
79140,ASS WINDPROOF MARIJUANA LIGHTERS,2,15,6.3,0.42
79144B,PAINTED LIGHTBULB STAR+ MOON,91,358,186.07,0.6473958333333333
79144C,PAINTED LIGHTBULB RAINBOW DESIGN,97,311,184.34,0.7347
79149B,SILICON STAR BULB  BLUE,12,30,12.6,0.42
79151B,"SILICON CUBE 25W, BLUE",2,12,5.04,0.42
79157B,UBO-LIGHT TRIOBASE BLUE,3,5,4.25,0.85
79157V,UBO-LIGHT TRIOBASE PURPLE,3,5,4.25,0.85
79160,HEART SHAPE WIRELESS DOORBELL,210,959,2004.5700000000002,2.50447963800905
79161A,ST GEORGE SET OF 10 PARTY LIGHTS,16,51,150.45000000000002,2.95
79163,BLACK CHAMPAGNE GLASS,64,1845,1260.6299999999999,2.5193939393939395
79164,BLACK WINE GLASS,91,3677,3235.61,6.455957446808511
79172D,PURPLE TINT ACRYLIC FLOWER VASE,4,24,20.4,0.85
79190A,RETRO PLASTIC 70'S TRAY,119,808,372.67,0.5776229508196721
79190B,RETRO PLASTIC POLKA TRAY,136,1503,611.93,0.5406521739130434
79190D,RETRO PLASTIC DAISY TRAY,112,657,303.3,0.5611403508771929
79191B,RETRO PLASTIC POLKA TRAY,70,485,403.28,1.0384722222222222
79191C,RETRO PLASTIC ELEPHANT TRAY,157,1621,1295.46,0.9803749999999999
79191D,RETRO PLASTIC DAISY TRAY,56,138,143.87,1.2092857142857143
79192A,RETRO PLASTIC 70'S TRAY,35,114,152.64,1.4317142857142857
79301,FEATHER HEART LIGHTS,1,1,2.95,2.95
79302M,"ART LIGHTS,FUNK MONKEY",107,654,1860.6000000000001,3.7073684210526316
79302m,"ART LIGHTS,FUNK MONKEY",4,4,23.77,5.9425
79303A,WHITE ROHMBIC BLOCK TABLE LAMP,1,2,5.9,2.95
79303B,BLUE STAR BLOCK TABLE LAMP,10,109,339.57,4.752000000000001
79303D,LILAC FLOWER BLOCK TABLE LAMP,19,78,272.45,4.860526315789474
79308B,MOSAIC CANDLE DISH BLUE PURPLE,2,144,122.39999999999999,0.85
79315W,FLYING SAUCER TABLE LIGHT IN WHITE,13,199,611.5100000000001,4.3561538461538465
79320,FLAMINGO LIGHTS,150,904,4357.38,5.884066666666667
79321,CHILLI LIGHTS,1135,16763,85157.56,6.271212892281595
79323B,BLACK CHERRY LIGHTS,58,242,1565.7,7.727241379310345
79323G,GOLD  CHERRY LIGHTS,61,314,2007.88,7.712295081967213
79323GR,GREEN CHERRY LIGHTS,83,532,3209.36,7.097469879518073
79323LP,LIGHT PINK CHERRY LIGHTS,170,1433,8481.19,6.871764705882353
79323P,PINK CHERRY LIGHTS,265,2281,13787.93,7.28390977443609
79323S,SILVER CHERRY LIGHTS,56,334,2084.32,7.9071428571428575
79323W,WHITE CHERRY LIGHTS,349,3004,18048.72,7.03
79328,BLUE FLOCK GLASS CANDLEHOLDER,17,594,260.76,1.4888235294117647
79329,PINK FLOCK GLASS CANDLEHOLDER,7,100,65.94,1.2871428571428571
79331,PINK FLOCK GLASS CANDLEHOLDER,9,60,73.6,1.3677777777777775
79336,LIGHT PINK FLOCK GLASS CANDLEHOLDER,21,840,369.78000000000003,1.4557142857142857
79337,BLUE FLOCK GLASS CANDLEHOLDER,21,1200,511.93,1.055
79338,DARK PINK FLOCK GLASS CANDLEHOLDER,13,553,252.29000000000002,1.4692307692307693
79341,WILLOW BRANCH LIGHTS.,79,725,4423.6900000000005,8.0465
79342B,BROWN FLOWER LIGHTS,34,119,824.95,8.726470588235294
79342b,BROWN FLOWER LIGHTS,1,1,13.57,13.57
79403,FROSTED WHITE BASE,36,217,200.67999999999998,1.1570270270270269
79406,FROSTED WHITE BASE,21,259,65.62,0.3961904761904762
79413,GLASS WINE GLASS DECORATIONS,9,30,37.5,1.25
79532,MOSAIC GLASS BALL CANDLEHOLDER,18,97,121.25,1.25
79534,MULTICOLOUR GLASS PLATE,16,116,63.800000000000004,0.55
81950B,FLOWER BLUE CLOCK W/SUCKER,34,216,126.74,0.9374285714285715
81950V,FLOWER PURPLE CLOCK W/SUCKER,10,32,18.799999999999997,0.6972727272727273
81952B,ROUND BLUE CLOCK W/SUCKER,20,254,84.56,0.7045
81952V,ROUND PURPLE CLOCK WITH SUCKER,46,464,159.87,0.7021276595744681
81953B,ROUND BLUE CLOCK WITH SUCKER,6,14,4.64,0.4375
81953P,ROUND ARTICULATED PINK CLOCK W/SUCK,6,33,9.57,0.52
81985A,"ICON ALARM CLOCK,FUSCHIA  PIN UP",7,23,58.64999999999999,2.55
82001S,VINYL RECORD FRAME SILVER,230,2956,10646.87,4.292911392405063
82001s,SILVER RECORD COVER FRAME,29,125,932.98,7.47103448275862
82011A,"BATHROOM SCALES, TROPICAL BEACH",34,59,246.58,4.359705882352941
82011B,BATHROOM SCALES RUBBER DUCKS,48,94,352.55,4.240816326530613
82011C,BATHROOM SCALES FOOTPRINTS IN SAND,71,133,602.6800000000001,5.197123287671233
82011E,"BATHROOM SCALES, FAG BREAK",2,2,7.5,3.75
82069,BEECH WOOD P/FRAME,11,17,109.85,6.275454545454545
82072,WHITE WOOD SINGLE P/FRAME,3,5,6.25,1.25
82076,BEECH WOOD PHOTO FRAME,19,290,403.64,2.726842105263158
82081,PINK HEARTS PHOTO ALBUM,23,174,451.35,5.259130434782609
82093,HEART SHAPE BUTTON FRAME,28,139,283.49,3.1478571428571427
82095,HEART BUTTONS JEWELLERY BOX,48,100,600.91,6.192916666666666
82482,WOODEN PICTURE FRAME WHITE FINISH,2006,17141,42396.03,2.92
82483,WOOD 2 DRAWER CABINET WHITE FINISH,1123,5072,30014.440000000002,6.484000000000001
82484,WOOD BLACK BOARD ANT WHITE FINISH,1176,11046,62778.72,7.80191225165563
82486,WOOD S/3 CABINET ANT WHITE FINISH,1274,4853,39004.8,8.622571644042234
82494L,WOODEN FRAME ANTIQUE WHITE,1973,15601,44667.100000000006,3.196767430521697
82494l,WOODEN FRAME ANTIQUE WHITE,86,424,3545.55,8.224318181818182
82545A,COGNAC AUX OEUFS METAL 1 HOOK,11,31,38.75,1.25
82551,LAUNDRY 15C METAL SIGN,751,5689,8162.4,1.675064935064935
82552,WASHROOM METAL SIGN,794,7036,9645.67,1.5467610837438424
82553,POP'S GREASY SPOON METAL SIGN,42,114,237.73,2.5773809523809526
82567,"AIRLINE LOUNGE,METAL SIGN",489,1228,2553.63,2.192072434607646
82578,KITCHEN METAL SIGN,704,5635,3154.8900000000003,0.7146473029045644
82580,BATHROOM METAL SIGN,1336,13376,7545.160000000001,0.7681250000000001
82581,TOILET METAL SIGN,913,8463,4687.85,0.6923126338329765
82582,AREA PATROLLED METAL SIGN,796,7620,15426.070000000002,2.3619053398058254
82583,HOT BATHS METAL SIGN,1176,13008,28324.61,2.7702124183006536
82585,SWEET VALENCIA CANDLE+CUP,47,164,235.9,1.8791836734693876
82587,TEXRIO TOMATOES CANDLE+CUP,40,128,166.78,1.4558536585365853
82597,BOMBS AWAY METAL SIGN,215,1210,2569.6600000000003,2.577926267281106
82599,FANNY'S REST STOPMETAL SIGN,506,2571,5677.120000000001,2.7381682242990655
82600,NO SINGING METAL SIGN,1201,12887,26168.760000000002,2.4134063260340635
82605,OLD DOC RUSSEL METAL SIGN,125,268,595.07,2.3973809523809524
82607A,GLASS BONBON JAR PARFUME AUX FLEURE,159,663,923.72,1.8113207547169812
82607C,GLASS BONBON JAR. SUPERFINES,43,115,175.60999999999999,1.901627906976744
82607E,GLASS BONBON JAR. D'AMANDES,25,101,126.25,1.25
82613A,"METAL SIGN,CUPCAKE SINGLE HOOK",116,492,667.47,1.6133620689655173
82613B,"METAL SIGN,CUPCAKE SINGLE HOOK",223,904,1004.39,1.7459307359307359
82613C,"METAL SIGN,CUPCAKE SINGLE HOOK",187,775,832.56,1.7590104166666665
82613D,METAL SIGN CUPCAKE SINGLE HOOK,271,1196,1306.96,1.7091366906474819
82613a,"METAL SIGN,CUPCAKE SINGLE HOOK",3,3,7.4799999999999995,2.493333333333333
82613b,"METAL SIGN,CUPCAKE SINGLE HOOK",11,14,35.04,2.5009090909090905
82613c,"METAL SIGN,CUPCAKE SINGLE HOOK",12,13,32.48,2.5016666666666665
82615,PINK MARSHMALLOW SCARF KNITTING KIT,90,618,1695.77,3.26945054945055
82616A,BUBBLE GUM SCARF KNITTING KIT,52,316,624.21,2.9890384615384615
82616B,FRAPPUCINO SCARF KNITTING KIT,126,611,991.4200000000001,2.232932330827068
82616C,MIDNIGHT GLAMOUR SCARF KNITTING KIT,142,638,1040.04,2.213061224489796
84006,MAGIC TREE -PAPER FLOWERS,212,1962,1842.7499999999998,1.1160714285714286
84007,MAGIC GARDEN MOUNT FUJI,39,157,413.12,2.6815384615384614
84012,MAGIC SHEEP WOOL GROWING FROM PAPER,179,1839,2633.5299999999997,1.7437569060773481
84016,FLAG OF ST GEORGE CAR FLAG,62,1004,3791.67,53.19758064516129
84029C,BROWN FURRY HOT WATER BOTTLE,48,204,766.19,4.5562499999999995
84029D,LEOPARD PRINT HOT WATER BOTTLE,15,51,183.98000000000002,4.223333333333334
84029E,RED WOOLLY HOTTIE WHITE HEART.,1145,11757,47479.83,4.448028731045491
84029G,KNITTED UNION FLAG HOT WATER BOTTLE,1009,7307,31927.13,4.797742520398912
84029c,BROWN FURRY HOT WATER BOTTLE,1,1,7.78,7.78
84030B,KNITTED POM POM HOT WATER BOTTLE,3,5,18.75,3.75
84030C,KNITTED RAINBOW HOT WATER BOTTLE,6,21,82.78,4.421666666666667
84030E,ENGLISH ROSE HOT WATER BOTTLE,485,2238,9566.01,4.881608527131783
84030b,KNITTED POM POM HOT WATER BOTTLE,1,1,8.46,8.46
84030c,KNITTED RAINBOW HOT WATER BOTTLE,13,32,248.0,7.718461538461539
84030e,ENGLISH ROSE HOT WATER BOTTLE,46,128,1047.16,8.485686274509803
84031A,CHARLIE+LOLA RED HOT WATER BOTTLE,314,1151,4700.62,4.712235649546828
84031B,CHARLIE LOLA BLUE HOT WATER BOTTLE,271,867,3423.9900000000002,4.718993055555555
84031a,CHARLIE+LOLA RED HOT WATER BOTTLE,1,1,16.63,16.63
84031b,CHARLIE LOLA BLUE HOT WATER BOTTLE,1,1,16.63,16.63
84032A,CHARLIE+LOLA PINK HOT WATER BOTTLE,662,3420,9406.970000000001,3.328536231884058
84032B,CHARLIE + LOLA RED HOT WATER BOTTLE,601,3424,8210.390000000001,3.098301282051282
84033,FLAG OF ST GEORGE,49,392,735.38,3.4215999999999998
84050,PINK HEART SHAPE EGG FRYING PAN,715,10514,15419.17,2.163010752688172
84051,ASS COLOUR GLOWING TIARAS,60,750,611.38,0.8956451612903226
84077,WORLD WAR 2 GLIDERS ASSTD DESIGNS,1019,109898,25197.98,0.2835899903753609
84078A,SET/4 WHITE RETRO STORAGE CUBES,328,1129,43921.51,45.95018237082067
84081,WHITE CERAMIC PARTY SET (5PCS),20,100,389.3,5.212000000000001
84086B,YELLOW/BLUE RETRO RADIO,12,24,70.80000000000001,2.95
84086C,PINK/PURPLE RETRO RADIO,88,301,901.59,3.280760869565217
84192,ASSORTED COLOUR METAL CAT,38,238,286.1,1.2405
84199,GLOW IN DARK DOLPHINS,69,554,121.08,0.22138888888888889
84201B,HAPPY BIRTHDAY CARD STRIPEY TEDDY,8,39,7.41,0.19
84201C,HAPPY BIRTHDAY CARD TEDDY/CAKE,3,10,1.9,0.19000000000000003
84205C,HAPPY BIRTHDAY GINGER CAT CARD,1,2,0.38,0.19
84206A,3 BLACK CATS W HEARTS BLANK CARD,9,79,15.010000000000002,0.19
84206B,CAT W SUNGLASSES BLANK CARD,2,9,1.71,0.19
84206C,CHAMPAGNE TRAY BLANK CARD,4,10,1.9,0.19
84212,"ASSORTED FLOWER COLOUR ""LEIS""",277,24795,11962.14,0.8424014336917562
84218,BOX/12 CHICK & EGG IN BASKET,96,261,503.51,2.0510204081632653
84219,BOX/12 MOTHER & CHICK IN BASKET/BOW,28,137,303.86,2.5967857142857143
84226,HEN HOUSE W FAMILY IN BARN & NEST,18,77,58.31,0.8383333333333334
84227,HEN HOUSE W CHICK IN NEST,13,112,47.04,0.42
84228,HEN HOUSE W CHICK STANDING,46,356,157.75,0.6372916666666667
84231,EASTER BUNNY WITH BASKET ON BACK,50,230,166.21,0.8629411764705882
84247C,PACK/12 BLUE REINDEER CARD,22,72,212.40000000000003,2.95
84247E,PACK/12 XMAS FUN CARD,96,379,1072.9,2.857070707070707
84247G,"DECOUPAGE,GREETING CARD,",107,1487,633.76,0.4879279279279279
84247H,PACK/12 DECOUPAGE CARD,20,42,109.13000000000001,2.317
84247J,PACK/12 RUSSIAN DOLL CARDS,9,10,12.780000000000001,1.3244444444444445
84247K,"FOLK ART GREETING CARD,pack/12",28,76,236.43000000000004,3.2651724137931035
84247L,FAWN AND MUSHROOM GREETING CARD,110,1149,503.25,0.5268468468468468
84247N,PACK/12 BLUE FOLKART CARDS,53,115,303.38000000000005,2.412909090909091
84249A,"GREETING CARD,SQUARE, DOUGHNUTS",34,252,113.22,0.6129411764705882
84249D,FAIRY CAKE GREETINGS CARD,64,823,347.3,0.4790625
84250M,"GREETING CARD, BLACKPOOL ROCK",13,28,15.9,0.7992307692307693
84251B,"GREETING CARD, STICKY GORDON",61,321,86.54,0.4141269841269841
84251C,"GREETING CARD, TWO SISTERS.",53,247,76.68,0.43830188679245285
84251F,"GREETING CARD, RITA",50,341,83.97,0.4414
84251G,"GREETING CARD, OVERCROWDED POOL.",91,473,128.41,0.45608695652173914
84251J,"GREETING CARD, THE BLACK CAT",17,74,37.04,0.7458823529411764
84255A,PINK GLASS COCKTAIL LAMP,2,2,4.2,2.1
84255B,ORANGE COCKTAIL GLASS LAMP,18,65,190.16,4.4911111111111115
84270,ASSTD DESIGN BUBBLE GUM RING,476,22953,4827.87,0.24752083333333333
84279B,CHERRY BLOSSOM DECORATIVE FLASK,215,808,3076.92,4.296511627906977
84279P,CHERRY BLOSSOM  DECORATIVE FLASK,299,1153,4525.55,4.65255737704918
84288B,SET/2 BLUE  NOODLE BASKETS,24,61,118.95,1.95
84292,ROSE PINK METAL FOLDING CHAIR,14,44,385.98,10.534285714285714
84292B,BLUE COL METAL FOLDING CHAIR,5,8,51.8,7.359999999999999
84306,S/3 PINK SQUARE PLANTERS ROSES,31,48,557.4799999999999,12.064193548387097
84311,CAMOFLAGE CUSHION COVER,1,11,18.15,1.65
84313A,PINK TV TRAY TABLE,19,38,212.42,6.26
84313B,BLUE TV TRAY TABLE,83,229,1198.0,7.2016470588235295
84313C,ORANGE TV TRAY TABLE,73,548,1442.3899999999999,5.152739726027397
84327A,PINK JUMPER LARRY THE LAMB,123,959,1820.2700000000002,2.0976422764227642
84340,LARGE FIBRE OPTIC CHRISTMAS TREE,11,21,65.76,4.346363636363637
84341B,SMALL PINK MAGIC CHRISTMAS TREE,121,1786,950.0699999999999,0.9017293233082706
84347,ROTATING SILVER ANGELS T-LIGHT HLDR,756,32498,74380.06999999999,3.350985401459854
84352,SILVER CHRISTMAS TREE BAUBLE STAND,126,216,3684.1299999999997,17.904360902255636
84356,POMPOM CURTAIN,133,751,3777.9900000000002,6.547985074626866
84358,FLOOR LAMP SHADE WOOD BASE,29,122,1107.43,12.552666666666665
84360,TABLE LAMP WHITE SHADE WOOD BASE,40,217,1136.19,6.196511627906976
84366,VENDETTA CANVAS PICTURE,3,3,11.25,3.75
84367,LA STREGA CANVAS PICTURE,8,74,126.29999999999998,2.175
84371,BIG PINK POODLE,6,30,257.1,17.375
84375,SET OF 20 KIDS COOKIE CUTTERS,796,7889,16463.22,2.5191616766467066
84378,SET OF 3 HEART COOKIE CUTTERS,1248,11761,15567.38,1.598049535603715
84380,SET OF 3 BUTTERFLY COOKIE CUTTERS,1114,10533,14329.03,1.673542757417103
84387A,BIRD ON BRANCH CANVAS SCREEN,1,11,21.45,1.95
84388,WISE MAN STAR SHAPE EGG PAN,22,71,90.69,1.4925
84396,6 HOOK JEWELLERY STAND BLACK DRESS,49,552,1380.52,5.774400000000001
84402B,PURPLE DRESS JEWELLERY STAND,4,62,51.14,1.33
84402D,PINK DRESS JEWELLERY STAND,13,373,358.92999999999995,2.2946153846153847
84405A,S/3 PINK COL METAL BASKET W HANDLE,50,129,1042.16,11.7106
84406B,CREAM CUPID HEARTS COAT HANGER,841,7383,23816.65,3.71548532731377
84406b,CREAM CUPID HEARTS COAT HANGER,2,2,13.82,6.91
84414B,FUSCHIA/GREEN STRIPE WOOLLY BLANKET,9,78,536.24,13.965555555555556
84415A,PINK FLOCK SUEDE CUSHION COVER,6,27,71.25,2.9166666666666665
84415B,BLUE FLOCK CUSHION COVER,7,26,87.5,3.4375
84422,PINK/BLUE DISC/MIRROR STRING,38,783,429.61,1.0292307692307692
84424A,FOUR PICTURE WHITE GLASS FRAME,10,23,86.25,3.75
84425A,WHITE GLASS TV TRIPLE FRAME,9,18,76.6,4.2555555555555555
84427B,BLACK GLASS TV DOUBLE P/FRAME 15X10,5,17,72.25,4.25
84429A,MEDIUM PINK BUDDHA HEAD,42,111,383.6,4.049302325581396
84437A,S/6 PINK EASTER DECS IN BOX,18,106,90.94999999999999,0.8924999999999998
84447,6 RABBIT CHAIN EASTER,19,69,72.42,1.361578947368421
84450A,PINK RABBIT SITTING EASTER,5,52,24.18,0.49799999999999994
84450B,PINK/YELLOW RABBIT SAT EASTER,35,139,84.55,0.722
84452,METAL RABBIT LADDER EASTER,44,198,186.16,1.1748888888888889
84454,WOBBLING METAL CHICKEN EASTER,18,93,85.53,1.075
84455,SET OF 3 RABBIT CARROTS EASTER,20,85,77.96,1.014
84456,SET OF 3 RABBIT EGG EASTER,16,37,33.15,0.9562499999999999
84457,SET/3 RABBITS FLOWER SKIPPPING ROPE,64,291,278.72999999999996,1.1467692307692305
84458,S/3 RABBIT FLOWER/EGG/CARROT ROPE,20,124,105.39999999999999,0.85
84459A,PINK METAL CHICKEN HEART,201,1269,2061.85,2.3590384615384616
84459B,YELLOW METAL CHICKEN HEART,213,1480,2358.5699999999997,2.1383710407239818
84461,12 PINK HEN+CHICKS IN BASKET,40,99,253.79,2.60775
84462,3 PINK HEN+CHICKS IN BASKET,14,100,114.86,1.3264285714285715
84464,S/60 PINK FLUFFY CHICKS IN BOX,11,82,179.1,2.4954545454545456
84465,15 PINK FLUFFY CHICKS IN BOX,23,32,96.51,3.041739130434783
84466,TOP SECRET PEN SET,73,1256,1348.36,1.6404109589041096
84467,ENGLISH ROSE DESIGN QUILTED THROW,83,816,17477.66,24.040602409638552
84469,ROSE DES PADDED FLOOR CUSHION,44,664,2249.41,5.513863636363637
84472,PINK AND LILAC QUILTED THROW,30,87,3402.32,46.424
84482,BUTTONS DESIGN JEWELLERY BOX,32,75,293.02,4.106666666666667
84493,BLUE/PINK NEST STRIPE BOX,5,1142,111.11999999999999,1.5619999999999998
84497,BUTTONS AND STRIPES NOTEBOOK,37,100,398.38,4.131463414634146
84499,BLACK FLOWER CANDLE PLATE,41,326,272.16999999999996,1.238780487804878
84507B,STRIPES DESIGN MONKEY DOLL,115,1349,1764.03,2.9207758620689654
84507C,BLUE CIRCLES DESIGN MONKEY DOLL,70,435,639.74,2.708767123287671
84508A,CAMOUFLAGE DESIGN TEDDY,108,3811,8096.580000000001,2.5124324324324325
84508B,STRIPES DESIGN TEDDY,74,176,471.60999999999996,2.8088461538461535
84508C,BLUE CIRCLES DESIGN TEDDY,43,108,295.08,2.987333333333333
84509A,SET OF 4 ENGLISH ROSE PLACEMATS,404,1534,5958.39,4.580562347188264
84509B,SET OF 4 FAIRY CAKE PLACEMATS,196,657,2486.54,4.271881188118812
84509C,SET OF 4 POLKADOT PLACEMATS,96,278,1093.5800000000002,4.425360824742268
84509E,SET OF 4 CAROUSEL PLACEMATS,32,161,323.36,4.1315625
84509F,SET OF 4 NEW ENGLAND PLACEMATS,46,2781,2456.1,3.9371739130434786
84509G,SET OF 4 FAIRY CAKE PLACEMATS,159,806,2060.45,3.773167701863354
84509a,SET OF 4 ENGLISH ROSE PLACEMATS,75,113,844.74,7.4770666666666665
84509b,SET OF 4 FAIRY CAKE PLACEMATS,4,5,37.3,7.46
84509c,SET OF 4 POLKADOT PLACEMATS,44,73,550.98,7.553333333333334
84509e,SET OF 4 CAROUSEL PLACEMATS,1,2,15.24,7.62
84509g,SET OF 4 FAIRY CAKE PLACEMATS,2,2,14.92,7.46
84510A,SET OF 4 ENGLISH ROSE COASTERS,474,2431,3299.21,1.6845548654244307
84510B,SET OF 4 FAIRY CAKES COASTERS,147,1171,1481.05,1.673157894736842
84510C,SET OF 4 POLKADOT COASTERS,101,275,404.1,1.6847058823529413
84510E,SET OF 4 GREEN CAROUSEL COASTERS,28,148,117.77,1.8128571428571427
84510F,SET OF 4 NEW ENGLAND COASTERS,38,1099,432.75,1.4618421052631578
84510a,SET OF 4 ENGLISH ROSE COASTERS,58,76,188.20999999999998,2.4777966101694915
84510b,SET OF 4 FAIRY CAKES COASTERS,1,1,2.15,2.15
84510c,SET OF 4 POLKADOT COASTERS,34,59,146.39,2.483611111111111
84510e,SET OF 4 GREEN CAROUSEL COASTERS,6,14,35.089999999999996,2.5016666666666665
84519A,TOMATO CHARLIE+LOLA COASTER SET,203,1207,2812.06,2.983804878048781
84519B,CARROT CHARLIE+LOLA COASTER SET,214,869,1901.27,2.9006018518518517
84520B,PACK 20 ENGLISH ROSE PAPER NAPKINS,722,7452,6378.37,1.0398118279569892
84520D,PACK OF 20 FAIRY CAKE PAPER NAPKINS,94,699,639.4699999999999,1.1359574468085107
84520b,PACK 20 ENGLISH ROSE PAPER NAPKINS,10,110,257.4,2.085
84522,PINK PARTY SUNGLASSES,26,187,313.81,1.862962962962963
84526,GIANT BLACK SUNGLASSES,34,538,1503.6399999999999,2.112058823529412
84527,FLAMES SUNGLASSES PINK LENSES,22,77,146.10999999999999,2.1160869565217393
84529A,PINK KNITTED KIDS RUCKSACK,19,50,290.78,6.563684210526316
84529B,BLUE KNITTED KID'S RUCKSACK,5,13,62.35,5.226
84529C,YELLOW KNITTED KIDS RUCKSACK,37,78,414.74,5.033783783783784
84531A,PINK KNITTED EGG COSY,45,197,181.06,1.3337999999999999
84531B,BLUE KNITTED EGG COSY,42,198,171.81,1.2079545454545455
84532B,FAIRY CAKES RECTANGLUAR BOXES,31,54,417.58,7.502903225806452
84533B,FAIRY CAKES ROUND NESTING BOXES,24,59,377.93,7.096666666666667
84534B,FAIRY CAKE NOTEBOOK A5 SIZE,187,870,824.5799999999999,1.2043367346938774
84534b,FAIRY CAKE NOTEBOOK A5 SIZE,4,6,9.959999999999999,1.6599999999999997
84535A,ENGLISH ROSE NOTEBOOK A6 SIZE,64,607,346.93,0.8453846153846154
84535B,FAIRY CAKES NOTEBOOK A6 SIZE,327,2711,1766.53,0.8517302052785923
84536A,ENGLISH ROSE NOTEBOOK A7 SIZE,613,5190,2346.22,0.53725
84536B,FAIRY CAKES NOTEBOOK A7 SIZE,399,3541,1583.91,0.5790361445783132
84536a,ENGLISH ROSE NOTEBOOK A7 SIZE,12,25,19.970000000000002,0.8033333333333333
84536b,FAIRY CAKES NOTEBOOK A7 SIZE,4,13,10.530000000000001,0.8100000000000002
84537B,FAIRY CAKES GIFT BAG,11,117,49.14,0.42
84539,KNITTED RABBIT DOLL,11,65,107.25,1.65
84546,CROCHET POODLE KEYRING,3,21,34.64999999999999,1.6499999999999997
84548,CROCHET BEAR RED/BLUE  KEYRING,13,48,79.19999999999999,1.65
84549,CROCHET WHITE RABBIT KEYRING,16,75,137.26999999999998,2.368125
84550,CROCHET LILAC/RED BEAR KEYRING,5,15,24.749999999999996,1.65
84551,CROCHET DOG KEYRING,8,39,64.35,1.65
84555A,YELLOW VW BEETLE CERAMIC MONEY BOX,16,47,133.85000000000002,2.926470588235294
84558A,3D DOG PICTURE PLAYING CARDS,199,1311,3787.4300000000003,3.152616822429907
84558a,3D DOG PICTURE PLAYING CARDS,19,23,136.99,5.948095238095238
84559A,3D SHEET OF DOG STICKERS,230,1356,1224.96,1.0774476987447699
84559B,3D SHEET OF CAT STICKERS,195,1234,1102.02,1.0397560975609756
84559D,3D SHEET OF SEA WORLD STICKERS,31,147,126.71,0.9067741935483871
84559a,3D SHEET OF DOG STICKERS,40,59,99.08,1.6792857142857143
84559b,3D SHEET OF CAT STICKERS,25,33,55.23,1.6715384615384616
84559d,3D SHEET OF SEA WORLD STICKERS,1,2,3.38,1.69
84562A,PINK/WHITE RIBBED MELAMINE JUG,78,170,1386.21,9.337875
84562B,BLUE/WHITE RIBBED MELAMINE JUG,7,10,106.59,10.530000000000001
84563A,PINK & WHITE BREAKFAST TRAY,62,142,703.0,6.019375
84563B,BLUE & WHITE BREAKFAST TRAY,59,129,595.99,5.218666666666667
84564,6 SEGMENT COLOURED SNACK BOWL,11,21,175.48000000000002,8.725454545454546
84567,FROSTED GLASS WITH SILVER SURROUND,1,9,14.85,1.65
84568,GIRLS ALPHABET IRON ON PATCHES,310,37134,7817.91,0.37392971246006385
84569A,PACK 3 IRON ON DOG PATCHES,112,576,722.4399999999999,1.3756410256410256
84569B,PACK 3 FIRE ENGINE/CAR PATCHES,76,458,588.43,1.4210126582278482
84569C,PACK 4 FLOWER/BUTTERFLY PATCHES,89,415,584.93,1.792696629213483
84569D,PACK 6 HEART/ICE-CREAM PATCHES,179,1044,1316.31,1.459247311827957
84570B,WHITE SATIN DRESS JEWEL STAND,2,4,19.8,4.95
84572,6 HOOK JEWEL STAND LILAC DRESS,1,1,8.49,8.49
84575A,PINK DOG CANNISTER,13,24,98.8,5.334615384615385
84575B,BROWN DOG CANNISTER W BONE,3,4,23.8,5.95
84576,BLUE CAT BISCUIT BARREL PINK HEART,32,96,337.04,4.8925
84578,ELEPHANT TOY WITH BLUE T-SHIRT,112,222,854.91,3.86859649122807
84580,MOUSE TOY WITH PINK T-SHIRT,442,1082,4148.45,3.877207792207792
84581,DOG TOY WITH PINK CROCHET SKIRT,234,511,1940.15,3.85195020746888
84582,PINK CROCHET CAT WITH SCARF,11,14,59.5,4.25
84584,PINK GINGHAM CAT WITH SCARF,75,282,696.75,2.8196
84586L,"PINK ROSES/GINGHAM PATCH RABBIT 8""",9,15,44.25000000000001,2.95
84592,CROCHET ROSE PURSE WITH SUEDE BACK,47,173,536.4000000000001,3.443829787234043
84593,CROCHET ROSE DES CLOTHES HANGER,7,25,73.75,2.95
84595B,LARGE TRIFLE DESIGN L BLUE BOWL,16,230,408.9,3.09375
84595E,LARGE TORTILLA DESIGN RED BOWL,43,367,723.5699999999999,3.282093023255814
84596B,SMALL DOLLY MIX DESIGN ORANGE BOWL,725,6244,4105.94,0.8549932157394844
84596E,SMALL LICORICE DES PINK BOWL,201,1132,1145.35,1.2488942307692308
84596F,SMALL MARSHMALLOWS PINK BOWL,600,4726,3208.97,0.8590701468189234
84596G,SMALL CHOCOLATES PINK BOWL,348,2231,1447.83,0.8700280112044817
84596I,WRAP SWEETS LIGHT PINK SMALL BOWL,10,72,80.62,1.3472727272727274
84596J,MIXED NUTS LIGHT GREEN BOWL,138,813,628.01,1.2029078014184396
84596K,JELLY BABIES YELLOW SMALL BOWL,93,428,543.41,1.4280645161290322
84596L,BISCUITS SMALL BOWL LIGHT BLUE,255,1540,1020.2199999999999,0.9748262548262547
84596b,SMALL DOLLY MIX DESIGN ORANGE BOWL,8,13,32.629999999999995,2.51
84596e,SMALL LICORICE DES PINK BOWL,17,35,87.85,2.51
84596f,SMALL MARSHMALLOWS PINK BOWL,14,19,46.89,2.467142857142857
84596g,SMALL CHOCOLATES PINK BOWL,2,5,12.399999999999999,2.485
84596j,MIXED NUTS LIGHT GREEN BOWL,2,2,5.02,2.51
84596l,BISCUITS SMALL BOWL LIGHT BLUE,1,1,2.46,2.46
84597B,RETRO BROWN BALL ASHTRAY,27,205,259.37,1.612962962962963
84597C,RETRO PINK BALL ASHTRAY,44,365,452.23,1.4575555555555557
84598,BOYS ALPHABET IRON ON PATCHES,217,20799,4360.46,0.372262443438914
84599,CANDY STRIPE ROSE FLOOR CUSHION,6,15,160.15,12.04
84600,NEW BAROQUE JEWELLERY BOX,52,108,918.27,9.616730769230768
84601A,NEW BAROQUE IVORY CUSHION COVER,15,260,638.34,3.6726666666666667
84608,ORNATE EDWARDIAN CANDLE HOLDER,4,6,47.7,7.95
84609,TALL ROCOCO CANDLE HOLDER,38,144,1306.22,11.045641025641027
84611B,BLACK NEW BAROQUE FLOCK BOX,4,7,41.65,5.95
84612B,SET/4 BLACK  BAROQUE FLOCK COASTER,4,20,51.0,2.55
84613A,PINK NEW BAROQUE FLOCK CANDLESTICK,10,22,102.30000000000001,4.65
84613C,BLUE NEW BAROQUE FLOCK CANDLESTICK,12,63,262.71,4.585384615384616
84614A,PINK BAROQUE FLOCK CANDLE HOLDER,10,19,136.73,7.564545454545454
84614C,BLUE BAROQUE FLOCK CANDLE HOLDER,1,3,17.85,5.95
84615,PINK ROUND BUTTERFLY MIRROR,21,240,748.48,5.614285714285714
84616,SILVER ROCCOCO CHANDELIER,25,72,1472.62,27.726799999999997
84617,NEW BAROQUE BLACK BOXES,7,11,140.25,12.75
84619,BLUE GINGHAM ROSE QUILT,29,72,1622.96,35.91413793103448
84620,BLUE GINGHAM ROSE CUSHION COVER,50,121,746.61,6.5352
84621,BLUE GINGHAM ROSE FLOOR CUSHION,15,29,247.26,9.064
84622,PINK GINGHAM ROSE CUSHION COVER,9,23,152.6,7.699999999999999
84623,PINK GINGHAM ROSE FLOOR CUSHION,14,56,310.44,8.072142857142858
84625A,PINK NEW BAROQUECANDLESTICK CANDLE,81,861,1287.49,2.9517977528089894
84625B,BLCK NEW BAROQUE CANDLESTICK CANDLE,17,180,279.0,2.3323529411764707
84625C,BLUE NEW BAROQUE CANDLESTICK CANDLE,71,804,1130.37,2.723076923076923
84625D,WHITE NEWBAROQUE CANDLESTICK CANDLE,51,650,793.34,2.3296153846153844
84626,CANDY STRIPE ROSE QUILT,1,1,45.95,45.95
84627,CANDY STRIPE ROSE C/COVER,19,50,297.5,5.95
84629,WHITE 3 FRAME BIRDS AND TREE,13,24,237.8,12.796153846153846
84630,FLOWERS AND BIRDS WALL PLAQUE,1,2,15.9,7.95
84631,FRUIT TREE AND BIRDS WALL PLAQUE,50,288,1106.16,9.515999999999998
84632,DECORATIVE HANGING SHELVING UNIT,11,15,859.25,59.040909090909096
84637,KITCHEN FLOWER POTS WALL PLAQUE,114,586,1467.21,5.864260869565217
84638,SMALL KITCHEN FLOWER POTS PLAQUE,69,400,1101.55,7.495652173913044
84648,NEW BAROQUE WALL MIRROR,1,1,12.75,12.75
84653,GREEN ROSE QUILT,12,14,750.48,54.88166666666667
84656,WHITE ROSE C/COVER,13,22,130.9,5.950000000000001
84657,GREEN ROSE CUSHION COVER,20,246,517.48,4.4990000000000006
84658,WHITE STITCHED CUSHION COVER,64,225,1276.11,6.966470588235294
84659A,WHITE TRAVEL ALARM CLOCK,224,609,1522.2199999999998,2.562103004291845
84660A,WHITE STITCHED WALL CLOCK,51,860,855.26,2.2080392156862745
84660B,BLACK STITCHED WALL CLOCK,61,745,899.48,3.0591803278688525
84660C,PINK STITCHED WALL CLOCK,85,726,995.6,3.683720930232558
84660a,WHITE STITCHED WALL CLOCK,5,7,52.699999999999996,7.556
84660b,BLACK STITCHED WALL CLOCK,6,8,60.800000000000004,7.597142857142857
84660c,PINK STITCHED WALL CLOCK,28,34,256.84,7.558064516129033
84661A,WHITE SQUARE TABLE CLOCK,43,222,308.99,2.9223255813953486
84661B,BLACK SQUARE TABLE CLOCK,51,244,535.28,3.268653846153846
84661C,PINK SQUARE TABLE CLOCK,25,150,179.75,2.8407999999999998
84661a,WHITE SQUARE TABLE CLOCK,2,2,10.02,5.01
84661b,BLACK SQUARE TABLE CLOCK,1,1,4.96,4.96
84661c,PINK SQUARE TABLE CLOCK,2,2,10.12,5.06
84663A,GRASS HOPPER WOODEN WALL CLOCK,64,375,758.21,4.46030303030303
84664,CHERRY BLOSSOM BATHROOM CABINET,51,193,955.35,4.95
84665,SQUARE CHERRY BLOSSOM CABINET,47,230,1388.5,6.366666666666667
84666,SQUARE CHERRY BLOSSOM CABINET,33,226,892.7,3.9499999999999997
84670,JAPANESE CROCHETED ANIMAL,182,5196,2128.72,0.4957671957671958
84671B,CROCHET BEAR WITH BLUE STRIPES,32,109,306.77,3.185151515151515
84673A,PINK FLY SWAT,99,500,314.84000000000003,0.740990099009901
84673B,BLUE FLY SWAT,133,507,396.43,0.9322627737226278
84674,FLYING PIG WATERING CAN,106,467,1199.5400000000002,3.2311009174311924
84675,FROG KING WATERING CAN,62,206,571.71,3.6961290322580647
84676,BATH DUCK WATERING CAN,110,848,2102.46,3.1355454545454546
84678,CLASSICAL ROSE SMALL VASE,81,620,1188.6399999999999,2.8888505747126434
84679,CLASSICAL ROSE TABLE LAMP,4,14,103.3,8.95
84680,CLASSICAL ROSE URN,17,94,372.3,7.06764705882353
84682,CLASSICAL ROSE DISH,49,295,596.94,3.3329411764705887
84683,CLASSICAL ROSE CANDLESTAND,46,562,549.36,1.6470588235294117
84684,BEACH HUT PHOTO FRAME,40,609,720.6999999999999,3.28775
84685,BEACH HUT KEY CABINET,125,438,1385.16,5.746015625
84686,BEACH HUT MIRROR,76,389,1027.79,5.956842105263158
84687,BEACH HUT SHELF W 3 DRAWERS,73,314,1208.06,6.919315068493151
84688,BEACH HUT DESIGN BLACKBOARD,81,422,1313.52,5.835432098765432
84689,S/2 BEACH HUT TREASURE CHESTS,40,312,742.9,5.3012500000000005
84690,S/2 BEACH HUT STOOLS,14,27,214.65,7.95
84691,PACK 20 DOLLY PEGS,235,2747,2225.5,1.0269491525423728
84692,BOX OF 24 COCKTAIL PARASOLS,1122,19430,9514.94,0.6295209580838323
84705A,ENGLISH ROSE PHOTO FRAME,7,14,65.10000000000001,4.65
84705B,FAIRY CAKES PHOTO FRAME,3,84,113.27,4.006666666666667
84705C,PINK FLOCK PHOTO FRAME,8,162,227.33,3.92875
84705D,CHERRY BLOSSOM PHOTO FRAME,14,22,97.9,4.386
84705F,RED PEONY PHOTO FRAME,5,8,37.2,4.65
84705b,FAIRY CAKES PHOTO FRAME,2,2,6.86,3.43
84706A,ENGLISH ROSE TABLE CLOCK,7,137,325.88,7.339999999999999
84706B,FAIRY CAKES TABLE CLOCK,9,20,188.73,10.03111111111111
84706C,PINK FLOCK TABLE CLOCK,4,84,170.8,3.6999999999999997
84706D,CHERRY BLOSSOM TABLE CLOCK,16,221,518.0899999999999,5.017058823529411
84706F,RED PEONY TABLE CLOCK,17,34,208.3,5.616666666666666
84707A,SILVER JEWELLED MIRROR TRINKET TRAY,64,129,1085.68,10.479384615384616
84707B,PINK JEWELLED MIRROR TRINKET TRAY,51,81,636.94,8.65622641509434
84708B,PINK JEWELLED PHOTO FRAME,53,142,732.7900000000001,5.391851851851852
84709A,SILVER OVAL JEWELLED MIRROR,13,23,136.85,5.95
84709B,PINK OVAL JEWELLED MIRROR,86,178,1026.38,5.925842696629213
84711A,SILVER OVAL SHAPE TRINKET BOX,24,44,410.84999999999997,9.0384
84711B,PINK OVAL SHAPE TRINKET BOX,30,39,357.71,8.988
84712B,PINK JEWELLED PHOTO FRAME,60,101,791.01,7.799508196721312
84715,SET OF 6 ICE CREAM SKITTLES,47,241,734.8900000000001,3.393617021276596
84720,DOT MATRIX CANVAS ART PICTURE,3,35,147.05,6.883333333333333
84721,MANHATTAN CANVAS ART PICTURE,2,20,87.8,8.35
84723,CHERRY BLOSSOM CANVAS ART PICTURE,12,54,201.3,5.95
84725,FREESTYLE CANVAS ART PICTURE,29,135,220.74999999999997,2.1866666666666665
84726,LILLIES CANVAS PICTURE,5,233,394.84999999999997,2.17
84731,3 BIRDS CANVAS SCREEN,3,3,3.69,1.23
84732B,CUTE BIRD CEATURE SCREEN,6,28,18.48,1.23
84732D,CUTE RABBIT CEATURE SCREEN,6,15,10.89,1.23
84741C,CITRUS GARLAND FELT FLOWERS,51,185,372.14,2.125576923076923
84743C,ORANGE FELT VASE + FLOWERS,5,9,11.25,1.25
84744,S/6 SEW ON CROCHET FLOWERS,31,168,213.78,1.346923076923077
84745A,PINK HANGING GINGHAM EASTER HEN,15,72,30.240000000000002,0.42
84745B,BLUE HANGING GINGHAM EASTER HEN,17,83,34.86,0.42
84746,PINK EASTER HENS+FLOWER,16,23,72.06,3.105
84748,FOLK FELT HANGING MULTICOL GARLAND,93,1170,1781.12,3.4468085106382977
84750A,PINK SMALL GLASS CAKE STAND,105,544,1189.23,3.0715238095238093
84750B,BLACK SMALL GLASS CAKE STAND,78,609,1142.02,2.445128205128205
84751B,BLACK MEDIUM GLASS CAKE STAND,19,38,115.86,3.0100000000000002
84753A,PINK EAU DE COLOGNE BOTTLE,24,97,92.16999999999999,1.1537499999999998
84754,S/15 SILVER GLASS BAUBLES IN BAG,218,2211,2808.45,1.5600836820083683
84755,COLOUR GLASS T-LIGHT HOLDER HANGING,1259,40703,25386.65,0.8274863813229572
84757,ENCHANTED GARDEN WROUGHT IRON TABLE,4,5,74.75,14.95
84760L,LARGE HANGING GLASS+ZINC LANTERN,1,560,896.0,1.6
84760S,SMALL HANGING GLASS+ZINC LANTERN,36,234,377.60999999999996,1.934736842105263
84761,IVORY HANGING BIRD PLANTER,61,276,768.8499999999999,3.122295081967213
84762A,WHITE PICNIC BARBECUE BUCKET,29,59,517.4300000000001,9.866551724137931
84762B,PINK PICNIC BARBECUE BUCKET,48,113,837.77,8.7825
84762C,GREEN PICNIC BARBECUE BUCKET,43,105,761.25,8.556511627906977
84763,ZINC FINISH 15CM PLANTER POTS,170,1638,2039.79,1.4164204545454544
84765,SILVER ROCOCO CANDELABRA,6,9,140.23,16.996666666666666
84766,SILVER ROCOCO CANDLE STICK,27,200,638.0,4.57962962962963
84767,ZINC POLICE BOX LANTERN,6,195,806.22,7.395
84770,ROUND GEORGIAN SILVER MIRROR,16,135,419.25000000000006,3.825
84773,RED ROSE AND LACE C/COVER,48,193,569.35,2.95
84782A,PINK 3 TIER GLASS PLATE STAND,26,119,840.45,9.903846153846153
84782B,BLACK 3 TIER GLASS PLATE STAND,6,10,127.5,12.75
84782C,GREEN 3 TIER GLASS PLATE STAND,18,74,509.9,9.616666666666667
84789,ENCHANTED BIRD PLANT CAGE,124,446,1566.01,4.046
84791,GINGHAM HEART DECORATION,106,334,1086.13,3.791320754716981
84792,ENCHANTED BIRD COATHANGER 5 HOOK,519,2325,10259.050000000001,5.262556390977444
84795A,PASTEL STRIPE HAMMOCK,70,208,1696.02,9.646056338028169
84795B,SUNSET CHECK HAMMOCK,96,306,2442.69,8.94265306122449
84795C,OCEAN STRIPE HAMMOCK,131,325,2752.59,9.477954545454544
84795D,SEASIDE STRIPE HAMMOCK,83,189,1538.79,8.78421686746988
84795E,RIO PINK STRIPE HAMMOCK,5,10,79.5,7.95
84795b,SUNSET CHECK HAMMOCK,17,19,317.71999999999997,16.712352941176473
84796A,PINK HAWAIIAN PICNIC HAMPER FOR 2,111,284,2072.9500000000003,9.56162162162162
84796B,BLUE SAVANNAH PICNIC HAMPER FOR 2,180,600,4999.79,9.24565934065934
84796a,PINK HAWAIIAN PICNIC HAMPER FOR 2,20,28,234.28,8.370999999999999
84796b,BLUE SAVANNAH PICNIC HAMPER FOR 2,2,2,17.12,8.56
84797A,PINK HAWAIIAN PICNIC HAMPER FOR 4,44,481,3361.25,11.095227272727273
84797B,BLUE SAVANNAH PICNIC HAMPER FOR 4,33,323,1845.2,10.58848484848485
84797a,PINK HAWAIIAN PICNIC HAMPER FOR 4,17,18,198.84,11.048235294117646
84797b,BLUE SAVANNAH PICNIC HAMPER FOR 4,19,21,232.62,11.083157894736841
84798A,PINK FOXGLOVE ARTIIFCIAL FLOWER,10,195,432.45000000000005,2.505
84798B,PURPLE FOXGLOVE ARTIIFCIAL FLOWER,10,326,492.90000000000003,2.125
84798C,WHITE FOXGLOVE ARTIIFCIAL FLOWER,3,16,40.8,2.55
84799,SPRIG LAVENDER ARTIFICIAL FLOWER,31,678,528.78,1.0358064516129033
84800L,LARGE WHITE/PINK ROSE ART FLOWER,38,650,970.7900000000001,1.861842105263158
84800M,MEDIUM WHITE/PINK ROSE ART FLOWER,27,250,357.22,1.5892592592592591
84800S,SMALL WHITE/PINK ROSE ART FLOWER,19,388,292.04,1.0989473684210527
84801A,PINK HYDRANGEA ART FLOWER,15,272,427.44000000000005,1.976
84801B,WHITE HYDRANGEA ART FLOWER,18,214,345.00000000000006,2.0194444444444444
84802A,WHITE ANEMONE ARTIFICIAL FLOWER,24,185,312.65000000000003,1.6900000000000002
84802B,PURPLE ANEMONE ARTIFICIAL FLOWER,17,411,389.79,1.5405882352941176
84803A,PINK ALLIUM  ARTIFICIAL FLOWER,17,112,189.28,1.69
84803B,WHITE ALLIUM  ARTIFICIAL FLOWER,11,42,70.98,1.69
84804A,CREAM DELPHINIUM ARTIFICIAL FLOWER,18,218,396.38000000000005,2.7022222222222223
84804B,BLUE DELPHINIUM ARTIFICIAL FLOWER,19,355,501.9700000000001,2.5040000000000004
84805A,CREAM CLIMBING HYDRANGA ART FLOWER,8,147,212.85,2.7625
84805B,BLUE CLIMBING HYDRANGA ART FLOWER,9,340,551.4000000000001,2.461111111111111
84806A,PINK CANDYSTUFT ARTIFICIAL FLOWER,20,319,261.90999999999997,1.135
84806B,WHITE CANDYSTUFT ARTIFICIAL FLOWER,32,450,568.02,1.3784375
84807,RED POPPY ARTIFICIAL FLOWER,7,233,215.93,1.5414285714285714
84809A,WHITE CHRYSANTHEMUMS ART FLOWER,21,288,500.04,2.0278260869565217
84809B,PINK CHRYSANTHEMUMS ART FLOWER,8,296,351.6,1.7875
84813,SET OF 4 DIAMOND NAPKIN RINGS,99,426,3364.5,11.753564356435643
84814A,HEXAGONAL CRYSTAL PERFUME BOTTLE,1,1,1.95,1.95
84814B,RHOMBUS CRYSTAL PERFUME BOTTLE,3,7,13.65,1.95
84815,SET OF 3 DANISH ROSE PLANTERS,53,926,1183.8200000000002,5.385094339622642
84816,DANISH ROSE BEDSIDE CABINET,20,33,1278.3500000000001,39.45
84817,DANISH ROSE DECORATIVE PLATE,79,1059,937.44,1.6346250000000002
84818,DANISH ROSE PHOTO FRAME,214,1789,2384.7999999999997,2.043162790697674
84819,DANISH ROSE ROUND SEWING BOX,95,913,1389.51,2.9957731958762883
84820,DANISH ROSE TRINKET TRAYS,54,323,899.37,5.308518518518519
84821,DANISH ROSE DELUXE COASTER,74,1318,742.5,0.7973333333333333
84823,DANISH ROSE FOLDING CHAIR,29,120,1210.0,12.363793103448277
84824,DANISH ROSE UMBRELLA STAND,32,38,676.4499999999999,18.4484375
84826,ASSTD DESIGN 3D PAPER STICKERS,51,1794,920.08,0.6594444444444444
84827,ASS DES PHONE SPONGE CRAFT STICKER,29,1089,530.09,0.5629411764705883
84828,JUNGLE POPSICLES ICE LOLLY HOLDERS,353,2516,3346.55,1.6344198895027624
84830,LARGE ENGLISH ARBORETUM,7,113,1195.15,15.357142857142858
84832,ZINC WILLIE WINKIE  CANDLE STICK,630,6883,6228.98,1.087576219512195
84836,ZINC METAL HEART DECORATION,1408,20057,24563.170000000002,1.3791331058020477
84837,WHITE SWEETHEARTS CABINET 4 DRAWERS,143,251,3210.04,13.428888888888888
84838,ANT WHITE HIGH RISE BIRD BOX,4,50,312.5,7.875
84839,SWEETHEART KEY CABINET,393,1523,8747.05,7.216472081218274
84840,SWEETHEART CARRY-ALL BASKET,140,285,2481.76,9.17
84842,HELLO SAILOR BATHROOM SET,35,1505,744.1500000000001,4.434571428571429
84843,WHITE SOAP RACK WITH 2 BOTTLES,110,282,1742.96,7.069642857142857
84845A,HOLLYHOCK SQUARE HANDY TIN,1,1,1.25,1.25
84845C,CARNATION SQUARE HANDY TIN,14,42,52.5,1.25
84845D,GERANIUM SQUARE HANDY TIN,11,41,51.25,1.25
84846A,SCENTED CANDLE IN DIGITALIS TIN,54,263,596.97,2.585964912280702
84847,FLORAL BATHROOM SET,49,2330,1149.73,4.466122448979592
84849A,HELLO SAILOR BLUE SOAP HOLDER,103,483,855.54,2.223679245283019
84849B,FAIRY SOAP SOAP HOLDER,293,1972,3309.99,2.0274750830564785
84849D,HOT BATHS SOAP HOLDER,260,1572,2641.93,1.893371212121212
84854,GIRLY PINK TOOL SET,110,386,2104.2200000000003,6.55375
84855,BLOKEY SILVER TOOL SET,15,36,196.70000000000002,5.875
84856L,LARGE TAHITI BEACH BAG,81,239,1504.15,7.798536585365854
84856S,SMALL TAHITI BEACH BAG,33,467,1877.21,4.978787878787879
84857A,SILVER MONTE CARLO HANDBAG,3,8,68.0,8.5
84857B,BLUE MONTE CARLO HANDBAG,1,24,46.8,1.95
84857C,PINK MONTE CARLO HANDBAG,17,197,445.03,4.375294117647059
84858A,NATURAL RIVIERA HANDBAG,8,53,128.83,6.135
84858B,BLUE RIVIERA HANDBAG,9,326,431.0,2.816666666666667
84858C,PINK RIVIERA HANDBAG,30,347,611.0699999999999,5.593999999999999
84859A,SILVER DISCO HANDBAG,58,293,613.53,3.3916666666666666
84859B,BLUE DISCO HANDBAG,18,282,433.46,2.8922222222222222
84859C,PINK DISCO HANDBAG,39,304,552.72,3.041
84864A,PINK PAISLEY PHOTO ALBUM,4,7,67.71000000000001,8.455
84865,NEW BAROQUE BLACK PHOTO ALBUM,48,81,681.9,9.49076923076923
84867A,PINK BABY GIRLS PHOTO ALBUM,4,16,105.82000000000001,8.355
84867a,PINK BABY GIRLS PHOTO ALBUM,1,1,13.57,13.57
84867b,BLUE BABY BOY'S PHOTO ALBUM,1,2,27.14,13.57
84868A,PINK BABY GIRL'S MEMORY BOX,2,2,13.9,6.95
84868B,BLUE BABY BOY'S MEMORY BOX,4,5,34.75,6.95
84869,CANDY BUTTON PHOTO ALBUM,26,302,703.54,5.044615384615384
84870B,BLUE GEISHA GIRL,40,96,345.11,3.6644186046511624
84870C,GREEN GEISHA GIRL,41,99,352.86,3.4670454545454548
84872A,TEATIME FUNKY FLOWER BACKPACK FOR 2,102,177,1983.54,11.30343137254902
84872a,TEATIME FUNKY FLOWER BACKPACK FOR 2,45,64,702.5899999999999,10.979800000000001
84873A,FUNKY FLOWER PICNIC BAG FOR 4,16,32,394.15,13.243749999999999
84873a,FUNKY FLOWER PICNIC BAG FOR 4,59,88,973.36,11.064745762711864
84874B,BLUE TRAVEL FIRST AID KIT,36,87,143.41,1.6463157894736842
84875A,PINK SQUARE COMPACT MIRROR,12,16,60.0,3.75
84875B,GREEN SQUARE COMPACT MIRROR,40,377,526.01,2.0073170731707317
84875D,BLUE SQUARE COMPACT MIRROR,37,371,483.75,1.722972972972973
84876B,GREEN HEART COMPACT MIRROR,40,344,488.31,2.4007317073170733
84876C,SILVER HEART COMPACT MIRROR,4,7,26.25,3.75
84876D,BLUE HEART COMPACT MIRROR,35,335,615.52,3.5908333333333338
84877A,PINK ROUND COMPACT MIRROR,17,74,185.66,3.401764705882353
84877B,GREEN ROUND COMPACT MIRROR,43,291,504.43,2.682093023255814
84877D,BLUE ROUND COMPACT MIRROR,43,166,393.96,3.015
84879,ASSORTED COLOUR BIRD ORNAMENT,2807,81590,131817.81,1.8572724149776707
84880,WHITE WIRE EGG HOLDER,375,1802,10275.26,6.722610966057442
84881,BLUE WIRE SPIRAL CANDLE HOLDER,24,54,355.64,6.8595999999999995
84882,GREEN WIRE STANDING CANDLE HOLDER,36,66,289.43,4.704166666666667
84884A,ANT WHITE WIRE HEART SPIRAL,312,1722,6312.62,4.542031746031746
84884a,ANT WHITE WIRE HEART SPIRAL,35,56,470.18,8.386923076923077
84886,BLUE METAL WALL SHELF,9,12,119.39999999999999,9.95
84891B,GREEN WIRE GOBLET CANDLEHOLDER,6,11,87.45,7.95
84893,ANT WHITE IRON BASKET,15,33,186.35000000000002,5.883333333333334
84898F,YELLOW FLOWERS FELT HANDBAG KIT,52,172,367.45000000000005,2.1739285714285717
84899E,YELLOW + BROWN BEAR FELT PURSE KIT,21,53,73.93,1.6157142857142857
84899F,YELLOW PURPLE DAISY FELT PURSE KIT,53,121,192.17,1.899811320754717
84901,BLACK FACE LAMB WITH PANTS,74,123,471.13,3.8594594594594596
84902,PINK KNITTED COW STUFFED TOY,53,84,326.33,3.930377358490566
84905,PINK BUTTERFLY CUSHION COVER,105,269,1007.91,5.029047619047619
84906,PINK B'FLY C/COVER W BOBBLES,21,67,313.42,5.348636363636364
84907,PINK YELLOW PATCH CUSHION COVER,36,391,999.17,6.622222222222223
84908A,PINK 5 PATCH FLOWER CUSHION COVER,36,432,1045.16,5.822222222222222
84908B,BLUE 5 PATCH FLOWER CUSHION COVER,35,435,1052.29,5.516857142857143
84909A,PINK PAISLEY QUILT,30,209,2797.55,17.176666666666666
84910A,PINK PAISLEY CUSHION COVER,53,434,1242.29,6.479444444444444
84912A,PINK ROSE WASHBAG,231,1097,3007.69,3.621914893617021
84912B,GREEN ROSE WASHBAG,259,1145,3141.4,3.504275092936803
84912a,PINK ROSE WASHBAG,1,2,15.56,7.78
84913A,SOFT PINK ROSE TOWEL,266,629,2287.26,3.607773722627737
84913B,MINT GREEN ROSE TOWEL,200,442,1672.3700000000001,3.687
84914A,PINK ROSE PICNIC RUG,5,6,155.7,25.95
84915,HAND TOWEL PINK FLOWER AND DAISY,37,241,507.83,4.557317073170732
84916,HAND TOWEL PALE BLUE W FLOWERS,58,267,676.91,4.503650793650794
84917,WHITE HAND TOWEL WITH BUTTERFLY,53,232,698.66,4.3275
84918,CREAM CUSHION COVER WITH FLOWERS,63,208,995.12,6.064920634920635
84919,BLUE CUSHION COVER WITH FLOWER,43,291,1619.84,6.965581395348837
84920,PINK FLOWER FABRIC PONY,88,206,824.13,4.431111111111111
84921,CREAM AND PINK FLOWERS PONY,14,28,105.0,3.75
84922,PINK BUTTERFLY WASHBAG,17,342,808.22,5.865882352941177
84923,PINK BUTTERFLY HANDBAG W BOBBLES,150,247,1072.37,4.333417721518987
84924A,WAKE UP COCKEREL CALENDAR SIGN,62,139,593.5,4.804461538461538
84924D,LA PALMIERA METAL SIGN CALENDAR,15,764,272.61,3.7993333333333337
84924F,PSYCHEDELIC METAL SIGN CALENDAR,10,975,274.55,2.952
84925A,WAKE UP COCKEREL WALL THERMOMETER,17,179,339.28999999999996,2.808235294117647
84925C,FAIRY CAKES  WALL THERMOMETER,10,28,71.39999999999999,2.55
84925D,LA PALMIERA WALL THERMOMETER,26,453,680.0,2.3296296296296295
84925E,FLOWERS WALL THERMOMETER,3,75,130.04999999999998,2.2666666666666666
84925F,PSYCHEDELIC WALL THERMOMETER,34,715,875.66,2.2465714285714284
84926A,WAKE UP COCKEREL TILE COASTER,51,673,305.59,1.0137037037037036
84926B,SCOTTS ROSES TILE COASTER,10,54,67.5,1.25
84926C,FAIRY CAKES TILE COASTER,31,138,189.6,1.7590322580645161
84926D,LA PALMIERA TILE COASTER,47,777,370.34999999999997,1.0917999999999999
84926E,FLOWERS TILE COASTER,52,1081,471.57,0.7690384615384616
84926F,PSYCHEDELIC TILE COASTER,42,484,277.9,1.4188095238095237
84927A,WAKE UP COCKEREL TILE HOOK,33,227,161.82000000000002,2.2811764705882354
84927D,LA PALMIERA TILE HOOK,28,954,215.5,1.8472413793103448
84927E,FLOWERS TILE HOOK,29,494,224.31,2.0863333333333336
84927F,PSYCHEDELIC TILE HOOK,62,336,277.53000000000003,1.644
84929,ASSTD FRUIT+FLOWERS FRIDGE MAGNETS,93,3096,1007.5200000000001,0.3666666666666667
84931A,PINK SCOTTIE DOG W FLOWER PATTERN,82,204,513.6899999999999,2.7070731707317073
84931B,BLUE SCOTTIE DOG W FLOWER PATTERN,83,274,688.7299999999999,2.6616867469879515
84932A,SMALL GREEN PEONY FOLDING STOOL,24,262,602.6,3.860416666666667
84932B,SMALL PINK PEONY FOLDING STOOL,17,189,401.3,3.105882352941176
84932C,SMALL ORIENTAL BLUE FOLDING STOOL,34,282,615.4,3.105882352941176
84932D,SMALL ORIENTAL RED FOLDING STOOL,21,239,574.71,4.629047619047619
84933A,LARGE GREEN PEONY FOLDING STOOL,6,131,314.35,4.716666666666666
84933B,LARGE PINK PEONY FOLDING STOOL,6,136,309.15000000000003,3.408333333333333
84933C,LARGE BLUE ORIENTAL FOLDING STOOL,6,136,317.0,4.716666666666667
84934,ASSTD DESIGN POP ART SLIM PEN,13,687,586.5,0.9153846153846155
84937,KASHMIR FOLKART TUMBLERS,124,2542,5394.54,4.990161290322581
84942,KASHMIR FOLKART HEART DISHES,3,3,5.07,1.6900000000000002
84944,SET OF 6 KASHMIR FOLKART BAUBLES,194,1154,3234.63,3.8720197044334976
84945,MULTI COLOUR SILVER T-LIGHT HOLDER,653,22637,18596.55,1.0794032023289664
84946,ANTIQUE SILVER TEA GLASS ETCHED,1769,37919,51148.47,1.5346153846153845
84947,ANTIQUE SILVER TEA GLASS ENGRAVED,680,16065,19055.54,1.4445238095238098
84948,SILVER HANGING T-LIGHT HOLDER DOME,36,273,459.2099999999999,1.7905405405405406
84949,SILVER HANGING T-LIGHT HOLDER,693,12232,19479.359999999997,1.831426592797784
84950,ASSORTED COLOUR T-LIGHT HOLDER,274,7919,5251.85,0.9102846975088967
84951A,SET OF 4 PISTACHIO LOVEBIRD COASTER,135,622,848.76,2.1285925925925926
84951B,SET OF 4 BLACK LOVEBIRD COASTERS,120,565,802.73,2.0461157024793386
84951b,S/4 BLACK LOVEBIRD COASTERS,5,10,51.26,5.104
84952A,CLEAR LOVE BIRD T-LIGHT HOLDER,39,167,467.65,3.260243902439024
84952B,BLACK LOVE BIRD T-LIGHT HOLDER,44,427,701.74,3.043125
84952C,MIRROR LOVE BIRD T-LIGHT HOLDER,42,413,765.13,3.411063829787234
84962,SET/3 COLOUR PAINTED KASHMIRI STOOL,2,3,179.85000000000002,59.95
84963A,PINK PAINTED KASHMIRI CHAIR,9,27,935.1500000000001,41.86
84963B,BLUE PAINTED KASHMIRI CHAIR,6,18,591.5,42.958333333333336
84964A,PINK PAINTED KASHMIRI TABLE,2,11,630.0,45.0
84964B,BLUE PAINTED KASHMIRI TABLE,2,17,990.0,45.0
84965A,PINK KASHMIRI COFFEE TABLE,3,20,1050.0,40.0
84965B,BLUE KASHMIRI COFFEE TABLE,4,27,1359.95,62.4875
84966A,PINK KASHMIRI BOXED MIRROR,4,13,225.95,25.4875
84966B,BLUE KASHMIRI BOXED MIRROR,4,33,428.0,16.0
84966C,GREEN KASHMIRI BOXED MIRROR,2,23,276.0,12.0
84967A,PINK KASHMIRI OCCASIONAL TABLE,3,3,174.9,58.300000000000004
84967B,BLUE KASHMIRI OCCASIONAL TABLE,11,24,1249.45,65.87272727272727
84967C,GREEN KASHMIRI OCCASIONAL TABLE,4,9,419.85,67.4625
84968A,SET OF 16 VINTAGE ROSE CUTLERY,204,533,6589.08,14.10625
84968B,S/16 VINTAGE IVORY CUTLERY,135,428,5681.41,14.866148148148147
84968C,SET OF 16 VINTAGE PISTACHIO CUTLERY,191,644,7731.24,14.967244897959183
84968D,SET OF 16 VINTAGE RED CUTLERY,106,474,5419.21,13.317407407407407
84968E,SET OF 16 VINTAGE BLACK CUTLERY,98,387,4490.48,12.587448979591835
84968F,SET OF 16 VINTAGE SKY BLUE CUTLERY,131,301,3622.7599999999998,13.399925373134328
84968a,SET OF 16 VINTAGE ROSE CUTLERY,4,7,176.31,25.278
84968b,S/16 VINTAGE IVORY CUTLERY,2,2,50.98,25.49
84968d,SET OF 16 VINTAGE RED CUTLERY,4,4,100.37,25.0925
84968e,SET OF 16 VINTAGE BLACK CUTLERY,13,17,429.62,25.300714285714285
84968f,SET OF 16 VINTAGE SKY BLUE CUTLERY,2,2,50.98,25.49
84969,BOX OF 6 ASSORTED COLOUR TEASPOONS,341,998,4445.38,4.903011363636363
84970L,SINGLE HEART ZINC T-LIGHT HOLDER,1080,17561,17359.489999999998,1.2471906052393855
84970S,HANGING HEART ZINC T-LIGHT HOLDER,1425,26756,22057.379999999997,1.0939133425034389
84970l,SINGLE HEART ZINC T-LIGHT HOLDER,65,247,516.96,2.1011267605633805
84970s,HANGING HEART ZINC T-LIGHT HOLDER,98,387,813.86,2.1028155339805825
84971L,LARGE HEART FLOWERS HOOK,58,585,723.51,1.5720338983050848
84971S,SMALL HEART FLOWERS HOOK,459,6587,5585.5199999999995,1.08
84971l,LARGE HEART FLOWERS HOOK,1,2,4.92,2.46
84971s,SMALL HEART FLOWERS HOOK,3,6,9.959999999999999,1.66
84972L,GIANT PINK HEART MEMO HOLDER,46,117,462.15000000000003,3.95
84974,S/2 ZINC HEART DESIGN PLANTERS,57,89,879.55,9.932758620689654
84975,HEART SHAPED MIRROR,212,1995,3274.85,2.0277777777777777
84976,RECTANGULAR SHAPED MIRROR,56,675,726.12,1.723157894736842
84977,WIRE FLOWER T-LIGHT HOLDER,44,223,281.33,1.3086363636363636
84978,HANGING HEART JAR T-LIGHT HOLDER,1425,21819,28629.82,1.512344827586207
84984A,GREEN PEONY CUSHION COVER,17,266,462.12,4.474705882352942
84984B,RED PEONY CUSHION COVER,16,322,541.3,4.2
84984C,ORIENTAL BLUE C/COVER,16,232,401.16,5.83375
84984D,ORIENTAL RED C/COVER,21,159,404.91,6.063333333333334
84985A,SET OF 72 GREEN PAPER DOILIES,153,652,1029.73,1.7571249999999998
84985B,SET OF 72 BLACK PAPER DOILIES,24,128,194.95999999999998,1.77625
84985a,SET OF 72 GREEN PAPER DOILIES,8,10,29.8,2.98
84985b,SET OF 72 BLACK PAPER DOILIES,1,1,2.98,2.98
84986B,SET OF 36 SILVER PAPER DOILIES,75,432,639.06,1.5328947368421053
84986b,SET OF 36 SILVER PAPER DOILIES,5,6,17.88,2.98
84987,SET OF 36 TEATIME PAPER DOILIES,812,8150,11890.9,1.8135515151515151
84988,SET OF 72 PINK HEART PAPER DOILIES,1019,8393,13059.199999999999,2.097220077220077
84989A,75 GREEN FAIRY CAKE CASES,152,2120,1093.42,0.6855483870967742
84989B,75 BLACK FAIRY CAKE CASES,57,1009,510.15000000000003,0.6828070175438596
84989a,75 GREEN FAIRY CAKE CASES,41,75,152.7,2.0228571428571427
84989b,75 BLACK FAIRY CAKE CASES,6,10,12.8,1.28
84990,60 GOLD AND SILVER FAIRY CAKE CASES,193,4248,2062.19,0.6447738693467336
84991,60 TEATIME FAIRY CAKE CASES,2127,54537,27321.370000000003,0.6662003610108304
84992,72 SWEETHEART FAIRY CAKE CASES,1460,35109,17440.21,0.6881164159581427
84993A,75 GREEN PETIT FOUR CASES,177,1498,660.79,0.53292817679558
84993B,75 BLACK PETIT FOUR CASES,86,564,249.12,0.4588636363636363
84993a,75 GREEN PETIT FOUR CASES,30,51,42.71,0.8373333333333333
84993b,75 BLACK PETIT FOUR CASES,13,20,16.99,0.8492307692307691
84997A,GREEN 3 PIECE MINI DOTS CUTLERY SET,589,5262,19693.32,4.131295081967213
84997B,RED 3 PIECE MINI DOTS CUTLERY SET,1019,9378,34949.56,4.0797716460513795
84997C,BLUE 3 PIECE MINI DOTS CUTLERY SET,951,8852,32942.86,4.0242564102564105
84997D,PINK 3 PIECE MINI DOTS CUTLERY SET,1085,10746,40250.98,4.150854092526691
84997a,CHILDRENS CUTLERY POLKADOT GREEN,81,178,1481.78,8.262592592592592
84997b,CHILDRENS CUTLERY RETROSPOT RED,85,539,4534.32,8.547666666666666
84997c,CHILDRENS CUTLERY POLKADOT BLUE,75,356,2984.2799999999997,8.568
84997d,CHILDRENS CUTLERY POLKADOT PINK,82,390,3258.31,8.421976744186047
85006,SET 4 NURSERY DES ROUND BOXES,37,3049,1289.31,2.546756756756757
85007,SET OF 3 VINTAGE TEA TIME BOXES,21,143,399.62,4.180454545454546
85008,SET OF 3 CONEY ISLAND OVAL BOXES,99,273,1083.74,5.270490196078431
85014A,BLACK/BLUE POLKADOT UMBRELLA,684,4660,22024.5,6.3242532005689895
85014B,RED RETROSPOT UMBRELLA,900,6196,31088.230000000003,6.706324972737186
85014C,BLUE/BROWN DOTS RUFFLED UMBRELLA,72,547,2270.73,6.527916666666666
85014D,PINK/BROWN DOTS RUFFLED UMBRELLA,90,1918,6664.45,6.064444444444446
85014a,BLACK/BLUE POLKADOT UMBRELLA,28,37,467.0,12.627741935483872
85014b,RED RETROSPOT UMBRELLA,35,45,567.74,12.60051282051282
85015,SET OF 12  VINTAGE POSTCARD SET,254,2923,2787.89,1.8537164750957855
85016,SET OF 6 VINTAGE NOTELETS KIT,167,1688,2056.16,2.3628823529411767
85017A,ENVELOPE 50 ROMANTIC IMAGES,174,1166,799.8,0.8275555555555556
85017B,ENVELOPE 50 BLOSSOM IMAGES,317,2251,1407.3899999999999,0.7544036697247707
85017C,ENVELOPE 50 CURIOUS IMAGES,119,1092,723.92,0.8073770491803278
85018A,S/6 PAPER BOXES ROMANTIC IMAGES,10,15,63.75,4.25
85018B,S/6 PAPER BOXES BLOSSOM IMAGES,10,15,63.75,4.25
85018C,S/6 PAPER BOXES CURIOUS IMAGES,4,36,127.2,4.035
85018D,YULETIDE IMAGES S/6 PAPER BOXES,80,796,992.8499999999999,2.2120238095238096
85019A,ROMANTIC IMAGES NOTEBOOK SET,49,651,932.04,2.7157999999999998
85019B,BLOSSOM  IMAGES NOTEBOOK SET,47,718,982.47,2.304255319148936
85019C,CURIOUS  IMAGES NOTEBOOK SET,25,426,663.94,3.420769230769231
85020,ROUND PINK HEART MIRROR,58,251,558.69,2.58327868852459
85023A,CRYSTAL LARGE JEWELLED PHOTO FRAME,10,22,56.099999999999994,2.55
85023B,EAU DE NILE JEWELLED PHOTOFRAME,38,293,682.35,2.526315789473684
85023C,PINK LARGE JEWELED PHOTOFRAME,11,23,58.65,2.55
85024A,CRYSTAL SMALL JEWELLED PHOTOFRAME,1,1,1.65,1.65
85024B,EAU DE NILE JEWELLED PHOTOFRAME,20,218,330.9,1.6404761904761902
85024C,PINK SMALL JEWELLED PHOTOFRAME,42,100,165.0,1.65
85025B,EAU DE NILE HEART SHAPE PHOTO FRAME,95,571,988.7599999999999,2.156262626262626
85025C,PINK HEART SHAPE PHOTO FRAME,125,728,1302.53,2.0603787878787876
85026B,EAU DE NILE JEWELLED T-LIGHT HOLDER,29,310,376.05,1.0936666666666668
85027L,FRENCH CHATEAU LARGE PLATTER,40,191,546.45,4.730487804878049
85028L,FRENCH CHATEAU LARGE FRUIT BOWL,27,271,654.01,5.863333333333333
85028S,FRENCH CHATEAU SMALL FRUITBOWL,33,430,656.82,3.327058823529412
85030,FRENCH CHATEAU OVAL PLATTER,29,211,531.4499999999999,5.05344827586207
85031A,ROMANTIC IMAGES SCRAP BOOK SET,102,477,943.44,3.543627450980392
85031B,BLOSSOM IMAGES SCRAP BOOK SET,85,496,896.09,3.3798823529411766
85031C,CURIOUS IMAGES SCRAP BOOK SET,106,481,1017.48,3.508317757009346
85032A,ROMANTIC IMAGES GIFT WRAP SET,161,1447,1336.1100000000001,1.278827160493827
85032B,BLOSSOM IMAGES GIFT WRAP SET,152,982,953.34,1.265657894736842
85032C,CURIOUS IMAGES GIFT WRAP SET,161,892,959.19,1.3707361963190186
85032D,YULETIDE IMAGES GIFT WRAP SET,133,1190,1411.48,1.4382191780821918
85033G,SET/6 GOLD REINDEER T-LIGHT CANDLES,32,236,376.05,2.742424242424242
85033S,SET/6 SILVER REINDEER T-LIGHTS,49,258,317.35,1.567
85034A,3 GARDENIA MORRIS BOXED CANDLES,135,856,2407.32,3.906027397260274
85034B,3 WHITE CHOC MORRIS BOXED CANDLES,152,1191,2640.64,3.3076923076923075
85034C,3 ROSE MORRIS BOXED CANDLES,197,1321,2638.12,2.9547115384615386
85034a,3 GARDENIA MORRIS BOXED CANDLES,3,3,24.869999999999997,8.29
85034b,3 WHITE CHOC MORRIS BOXED CANDLES,1,1,8.29,8.29
85035A,GARDENIA 3 WICK MORRIS BOXED CANDLE,178,659,2412.81,4.363789473684211
85035B,CHOCOLATE 3 WICK MORRIS BOX CANDLE,131,996,2586.01,3.936934306569343
85035C,ROSE 3 WICK MORRIS BOX CANDLE,197,1365,2740.54,3.2742105263157892
85035a,GARDENIA 3 WICK MORRIS BOXED CANDLE,3,4,33.88,8.47
85035b,CHOCOLATE 3 WICK MORRIS BOX CANDLE,6,6,50.82000000000001,8.47
85035c,ROSE 3 WICK MORRIS BOX CANDLE,2,3,25.410000000000004,8.47
85036A,GARDENIA 1 WICK MORRIS BOXED CANDLE,165,622,2401.96,4.131502890173411
85036B,CHOCOLATE 1 WICK MORRIS BOX CANDLE,87,604,1555.6599999999999,3.0873863636363637
85036C,ROSE 1 WICK MORRIS BOXED CANDLE,128,881,1641.77,3.06
85036a,GARDENIA 1 WICK MORRIS BOXED CANDLE,1,2,16.58,8.29
85036b,CHOCOLATE 1 WICK MORRIS BOX CANDLE,2,3,25.410000000000004,8.47
85038,6 CHOCOLATE LOVE HEART T-LIGHTS,382,2897,6040.84,2.5034313725490196
85039A,SET/4 RED MINI ROSE CANDLE IN BOWL,251,1464,1687.9299999999998,1.636550387596899
85039B,S/4 IVORY MINI ROSE CANDLE IN BOWL,266,1666,2200.0499999999997,1.662846715328467
85039C,S/4 BLACK MINI ROSE CANDLE IN BOWL,114,545,531.2099999999999,1.7115
85039a,SET/4 RED MINI ROSE CANDLE IN BOWL,44,67,222.53,3.321276595744681
85039b,S/4 IVORY MINI ROSE CANDLE IN BOWL,1,4,13.44,3.36
85040A,S/4 PINK FLOWER CANDLES IN BOWL,400,2067,3646.6099999999997,1.9812740384615384
85040B,SET/4 BLUE FLOWER CANDLES IN BOWL,252,2465,3840.2999999999997,1.7459073359073358
85040a,S/4 PINK FLOWER CANDLES IN BOWL,34,51,169.75,3.3249999999999997
85040b,SET/4 BLUE FLOWER CANDLES IN BOWL,3,7,23.519999999999996,3.36
85041,SET/4 PINK ORCHID CANDLES IN BOWL,92,1853,2489.87,1.7864210526315787
85042,ANTIQUE LILY FAIRY LIGHTS,292,2685,12234.56,4.9809797297297305
85043,RED HEART CANDY POP LIGHTS,1,1,4.95,4.95
85044,RED REINDEER STRING OF 20 LIGHTS,40,149,801.4,6.930249999999999
85045,GREEN CHRISTMAS TREE STRING 20LIGHT,83,476,2264.09,5.607701149425288
85047,WHITE BEADED GARLAND STRING 20LIGHT,236,1051,6664.329999999999,7.060333333333333
85048,15CM CHRISTMAS GLASS BALL 20 LIGHTS,517,2749,21779.2,9.235522935779816
85049A,TRADITIONAL CHRISTMAS RIBBONS,667,6328,8351.15,1.4553286713286713
85049B,LUSH GREENS RIBBONS,338,2132,2660.8,1.3159064327485381
85049C,ROMANTIC PINKS RIBBONS,500,3018,3793.8,1.3429206963249516
85049D,BRIGHT BLUES RIBBONS,400,2372,2975.46,1.3200485436893203
85049E,SCANDINAVIAN REDS RIBBONS,830,6511,8733.76,1.4826417233560092
85049F,BABY BOOM RIBBONS,314,2133,2662.75,1.3115432098765432
85049G,CHOCOLATE BOX RIBBONS,510,3890,4798.65,1.3751119402985073
85049H,URBAN BLACK RIBBONS,334,2075,2079.69,1.1588888888888889
85049a,TRADITIONAL CHRISTMAS RIBBONS,51,499,1669.6399999999999,3.317735849056604
85049b,LUSH GREENS RIBBONS,3,4,9.94,2.4766666666666666
85049c,ROMANTIC PINKS RIBBONS,1,1,2.46,2.46
85049d,BRIGHT BLUES RIBBONS,2,2,4.92,2.46
85049e,SCANDINAVIAN REDS RIBBONS,61,297,990.69,3.303174603174603
85049g,CHOCOLATE BOX RIBBONS,52,115,281.44,2.43
85050,FRENCH ENAMEL SOAP DISH WITH LID,1,48,100.80000000000001,2.1
85053,FRENCH ENAMEL CANDLEHOLDER,378,2037,4382.22,2.629020618556701
85054,FRENCH ENAMEL POT W LID,204,919,2506.8300000000004,3.500095238095238
85055,FRENCH ENAMEL UTENSIL HOLDER,107,369,1484.31,4.680877192982456
85059,FRENCH ENAMEL WATER BASIN,211,702,2403.64,4.291355140186916
85060,WOOD FAN WITH FLOWER DESIGN,87,1448,1745.62,1.405909090909091
85061W,WHITE JEWELLED HEART DECORATION,469,6380,5516.009999999999,1.0807407407407408
85062,PEARL CRYSTAL PUMPKIN T-LIGHT HLDR,342,3971,6509.549999999999,1.8002840909090907
85063,CREAM SWEETHEART MAGAZINE RACK,180,308,5426.74,18.89911111111111
85064,CREAM SWEETHEART LETTER RACK,279,1785,8305.210000000001,6.198775510204082
85065,CREAM SWEETHEART TRAYS,256,620,7524.44,13.5696875
85066,CREAM SWEETHEART MINI CHEST,929,3128,39173.65,14.14219537815126
85067,CREAM SWEETHEART WALL CABINET,175,502,8309.69,20.285777777777778
85068,CREAM SWEETHEART SHELF + HOOKS,197,960,6647.24,8.65251256281407
85069,CREAM SWEETHEART DOUBLE SHELF,1,3,50.849999999999994,16.95
85070,ANT WHITE SWEETHEART TABLE W 3 DRAW,3,3,320.0,106.66666666666667
85071A,BLUE CHARLIE+LOLA PERSONAL DOORSIGN,147,1913,1433.39,1.2739333333333334
85071B,RED CHARLIE+LOLA PERSONAL DOORSIGN,165,2436,1352.96,1.2971428571428572
85071C,"CHARLIE+LOLA""EXTREMELY BUSY"" SIGN",141,1291,852.53,1.6817482517482516
85071D,CHARLIE+LOLA MY ROOM DOOR SIGN,112,890,564.16,1.293391304347826
85072,OCCASIONS GIFT CARD ASSORTMENT,1,120,66.0,0.55
85077,KISSING REINDEER TABLE RUNNER,1,1,5.95,5.95
85078,SCANDINAVIAN 3 HEARTS NAPKIN RING,162,2284,1079.44,1.5183734939759037
85079,EMBROIDERED REINDEER DECORATION,8,23,32.25,1.4144444444444444
85080,PADDED RED HEART DECORATION,22,113,55.76,0.5331818181818182
85081,PADDED HOLLY CHRISTMAS DECORATION,21,104,46.17,0.45772727272727276
85083,KISS REINDEER SCANDINAVIAN STOCKING,2,5,12.75,2.55
85084,HOLLY TOP CHRISTMAS STOCKING,84,682,681.4,1.0668965517241378
85086A,CANDY SPOT HEART DECORATION,152,587,568.73,1.1639869281045752
85087,CANDY SPOT CUSHION COVER,146,421,1401.1100000000001,3.6622448979591837
85088,CANDY SPOT HAND BAG,78,347,723.85,2.3424050632911393
85089,CANDY SPOT BUNNY,29,99,317.54,3.9010000000000002
85090,CANDY SPOT APRON,53,106,559.2800000000001,5.87925925925926
85091,CANDY SPOT BREAD BASKETS,20,343,548.81,5.513
85092,CANDY SPOT TEA COSY,24,391,622.57,4.058333333333333
85093,CANDY SPOT EGG WARMER HARE,152,1362,1093.72,1.201103896103896
85094,CANDY SPOT EGG WARMER RABBIT,108,761,363.5,0.8520183486238532
85095,THREE CANVAS LUGGAGE TAGS,49,175,261.04,1.7990000000000002
85096,HILDA CANDY SPOT RABBIT,66,166,692.16,4.591304347826087
85097B,BLUE ROCKING SINGING CANARY,40,106,417.17,4.135365853658537
85098B,BLUE FLYING SINGING CANARY,114,366,1456.94,4.695043478260869
85099B,JUMBO BAG RED RETROSPOT,3989,98175,183136.14,2.333436359211487
85099C,JUMBO  BAG BAROQUE BLACK WHITE,1868,31153,60103.56,2.4097338204592904
85099F,JUMBO BAG STRAWBERRY,1830,37072,68382.73,2.2961324786324786
85099b,JUMBO BAG RED RETROSPOT,25,419,2111.64,4.89
85099c,JUMBO  BAG BAROQUE BLACK WHITE,10,17,85.17,4.975
85099f,JUMBO BAG STRAWBERRY,25,213,1077.08,5.056296296296296
85103,SILVER T-LIGHT SETTING,87,317,2153.43,7.735057471264368
85104,SILVER GLASS T-LIGHT SET,56,359,1048.0900000000001,3.1273333333333335
85106,CUT GLASS HEXAGON T-LIGHT HOLDER,59,1202,2318.44,2.4529032258064514
85107,CUT GLASS T-LIGHT HOLDER OCTAGON,70,1215,2305.39,2.4286301369863015
85109,PINK BOUDOIR T-LIGHT HOLDER,20,4211,475.43,0.787
85110,BLACK SILVER FLOWER T-LIGHT HOLDER,23,11520,1138.04,0.6665217391304348
85111,SILVER GLITTER FLOWER VOTIVE HOLDER,77,2919,969.15,0.7621518987341771
85112,S/3 TEAR DROP CUT GLASS DECORATION,34,465,412.77,1.6549999999999998
85113,POLKA DOT PISTACHIO PAIL,48,285,591.6600000000001,2.310612244897959
85114A,BLACK ENCHANTED FOREST PLACEMAT,103,1410,2341.8399999999997,1.9615887850467288
85114B,IVORY ENCHANTED FOREST PLACEMAT,223,2066,3731.39,2.138051948051948
85114C,RED ENCHANTED FOREST PLACEMAT,161,1221,2335.7799999999997,1.9716666666666667
85114a,BLACK ENCHANTED FOREST PLACEMAT,17,56,185.64000000000001,3.3105882352941176
85114b,IVORY ENCHANTED FOREST PLACEMAT,19,56,186.76000000000002,3.3194736842105264
85114c,RED ENCHANTED FOREST PLACEMAT,42,188,622.72,3.3144186046511632
85115B,S/4 BLACK DISCO PARTITION PANEL,2,6,37.62,6.27
85116,BLACK CANDELABRA T-LIGHT HOLDER,181,2040,2480.9,1.5695431472081218
85117,NIGHTINGALE COATHOOK WHITE,61,347,594.3199999999999,2.2267213114754094
85118,HEART T-LIGHT HOLDER,81,2124,1179.42,1.2364285714285714
85119,WATERING CAN SINGLE HOOK PISTACHIO,39,414,570.84,1.757073170731707
85121B,RETRO LAUNDRY TUB PINK,48,86,936.74,12.071875
85121C,RETRO LAUNDRY TUB PISTACHIO,53,98,918.91,9.960943396226416
85123A,WHITE HANGING HEART T-LIGHT HOLDER,5365,96027,262768.47000000003,3.0762526652452027
85123a,WHITE HANGING HEART T-LIGHT HOLDER,99,597,3992.39,6.547821782178218
85123b,ZINC HANGING HEART T-LITE HLDR,1,1,6.04,6.04
85124A,PINK JUICY FRUIT PHOTO FRAME,95,377,1037.1299999999999,3.2044210526315786
85124B,BLUE JUICY FRUIT PHOTO FRAME,102,366,971.6199999999999,2.970285714285714
85124C,GREEN JUICY FRUIT PHOTO FRAME,121,449,1185.05,3.015748031496063
85124a,PINK JUICY FRUIT PHOTO FRAME,9,10,50.599999999999994,5.06
85124b,BLUE JUICY FRUIT PHOTO FRAME,2,2,10.23,5.115
85124c,GREEN JUICY FRUIT PHOTO FRAME,2,3,15.18,5.06
85125,SMALL ROUND CUT GLASS CANDLESTICK,62,313,1520.19,5.46546875
85126,LARGE ROUND CUTGLASS CANDLESTICK,34,156,1069.16,7.093999999999999
85127,SMALL SQUARE CUT GLASS CANDLESTICK,81,289,1785.46,6.918275862068965
85128,PLANTPOT SINGLE HOOK PISTACHIO,4,167,188.95000000000002,2.4125
85129A,"WHITE PEARL BEADED HEART, SMALL",75,444,569.16,1.427
85129B,BEADED CRYSTAL HEART GREEN SMALL,56,254,342.62,1.7149999999999999
85129C,BEADED CRYSTAL HEART BLUE SMALL,65,417,545.24,1.6097101449275362
85129D,BEADED CRYSTAL HEART PINK SMALL,168,796,1199.83,1.8998245614035087
85130A,BEADED PEARL HEART WHITE LARGE,86,712,1220.84,1.8583516483516482
85130B,BEADED CRYSTAL HEART GREEN LARGE,83,912,921.69,1.718214285714286
85130C,BEADED CRYSTAL HEART BLUE  LARGE,68,659,737.89,1.3602898550724638
85130D,BEADED CRYSTAL HEART PINK LARGE,107,793,967.0999999999999,1.7803603603603604
85131A,BEADED PEARL HEART WHITE ON STICK,199,2082,1686.8799999999999,0.9774019607843136
85131B,BEADED CRYSTAL HEART GREEN ON STICK,216,979,757.0899999999999,0.8599555555555555
85131C,BEADED CRYSTAL HEART BLUE ON STICK,72,446,326.1,0.9381081081081082
85131D,BEADED CRYSTAL HEART PINK ON STICK,267,1465,1111.4099999999999,0.8726811594202898
85132A,CHARLIE + LOLA BISCUITS TINS,250,1359,5249.68,6.671945525291829
85132B,CHARLIE AND LOLA TABLE TINS,123,922,2795.9,5.05015873015873
85132C,CHARLIE AND LOLA FIGURES TINS,302,2069,5881.19,5.052806451612903
85132a,CHARLIE + LOLA BISCUITS TINS,10,12,177.59,14.799166666666666
85132b,CHARLIE AND LOLA TABLE TINS,10,10,95.83999999999999,9.584
85132c,CHARLIE AND LOLA FIGURES TINS,4,4,46.099999999999994,11.524999999999999
85135A,YELLOW DRAGONFLY HELICOPTER,63,94,754.59,8.032380952380953
85135B,BLUE DRAGONFLY HELICOPTER,115,174,1413.0,8.114626865671642
85135C,RED DRAGONFLY HELICOPTER,111,179,1459.8300000000002,8.172926829268292
85136A,YELLOW SHARK HELICOPTER,106,155,1261.1100000000001,8.13271186440678
85136B,BLUE SHARK HELICOPTER,47,59,473.77000000000004,8.020638297872342
85136C,RED SHARK HELICOPTER,122,189,1533.27,8.1315503875969
85141,JARDIN ETCHED GLASS FRUITBOWL,71,182,1286.44,8.083424657534247
85142,JARDIN ETCHED GLASS GINGER JAR,34,57,502.58,9.403823529411765
85144,JARDIN ETCHED GLASS CHEESE DISH,70,288,1054.1,5.337671232876712
85145,JARDIN ETCHED GLASS LARGE BELL JAR,30,91,809.05,9.403333333333334
85146,JARDIN ETCHED GLASS SMALL BELL JAR,29,118,599.38,5.614516129032259
85147,JARDIN ETCHED GLASS CANDLEHLDR LONG,16,61,301.95,4.95
85150,LADIES & GENTLEMEN METAL SIGN,1110,8512,20650.38,3.008575174825175
85151,WELCOME METAL SIGN,8,44,55.0,1.25
85152,HAND OVER THE CHOCOLATE   SIGN,1460,16603,31976.56,2.3120425815036594
85157,SET OF 2 CHESTS CHOCOLAT AU LAIT,1,1,12.72,12.72
85159A,"BLACK TEA,COFFEE,SUGAR JARS",82,494,1261.68,6.344457831325301
85159B,"WHITE TEA,COFFEE,SUGAR JARS",88,659,1503.5,4.945227272727273
85159b,"WHITE TEA,COFFEE,SUGAR JARS",1,1,13.0,13.0
85160A,WHITE BIRD GARDEN DESIGN MUG,32,8816,1493.75,5.4087499999999995
85160B,BLACK BIRD GARDEN DESIGN MUG,36,6155,1032.7,3.282162162162162
85160a,WHITE BIRD GARDEN DESIGN MUG,3,8,129.04,16.13
85160b,BLACK BIRD GARDEN DESIGN MUG,1,1,16.13,16.13
85161,ACRYLIC GEOMETRIC LAMP,32,51,863.85,18.25212121212121
85162A,SILVER RETRODISC LAMPSHADE,20,607,1234.27,3.6155
85162B,BLACK RETRODISC LAMPSHADE,13,977,1905.15,1.9499999999999997
85162C,WHITE RETRODISC LAMPSHADE,46,904,1841.7,3.1149999999999998
85163A,WHITE BAROQUE WALL CLOCK,57,103,1058.17,12.29877192982456
85163B,BLACK BAROQUE WALL CLOCK,66,115,1268.6599999999999,14.094090909090909
85164B,BLACK BAROQUE CUCKOO CLOCK,65,140,1825.1799999999998,16.834
85164b,BLACK BAROQUE CUCKOO CLOCK,1,1,26.04,26.04
85165,CANDY PINK FRENCH BOUDOIR CLOCK,58,90,872.76,10.221379310344828
85166A,WHITE METAL BAROQUE PHOTO FRAME,12,77,158.9,4.676666666666667
85166B,BLACK METAL BAROQUE PHOTO FRAME,38,510,864.1,3.8473684210526313
85167A,WHITE GRAND BAROQUE PHOTO FRAME,14,176,396.8,4.235714285714286
85167B,BLACK GRAND BAROQUE PHOTO FRAME,59,727,1493.53,4.204375
85168A,WHITE BAROQUE CARRIAGE CLOCK,15,22,218.89999999999998,9.95
85168B,BLACK BAROQUE CARRIAGE CLOCK,52,72,652.17,9.157884615384615
85169A,IVORY LOVE BIRD CANDLE,151,1281,1423.33,1.3984999999999999
85169B,BLACK LOVE BIRD CANDLE,93,481,571.68,1.5204
85169C,EAU DE NIL LOVE BIRD CANDLE,71,506,569.33,1.388472222222222
85169D,PINK LOVE BIRD CANDLE,88,522,606.49,1.5106741573033706
85170A,SET/6 IVORY BIRD T-LIGHT CANDLES,84,849,1587.16,2.552941176470588
85170B,SET/6 BLACK BIRD T-LIGHT CANDLES,58,293,496.91,2.5824193548387098
85170C,SET/6 EAU DE NIL BIRD T-LIGHTS,107,549,1009.85,2.8061467889908256
85170D,SET/6 PINK BIRD T-LIGHT CANDLES,151,727,1311.09,2.8672903225806454
85171,S/2 HYACINTH BULB CANDLES,1,1,2.55,2.55
85172,HYACINTH BULB T-LIGHT CANDLES,150,4447,2348.48,1.1986075949367088
85173,SET/6 FROG PRINCE T-LIGHT CANDLES,150,1021,1841.25,2.9478571428571425
85174,S/4 CACTI CANDLES,357,1521,7491.04,6.631798941798942
85175,CACTI T-LIGHT CANDLES,442,15842,6774.78,1.1199778761061947
85176,SEWING SUSAN 21 NEEDLE SET,306,2776,2331.3799999999997,1.1518037974683544
85177,BASKET OF FLOWERS SEWING KIT,143,1837,1533.28,1.0074999999999998
85178,VICTORIAN SEWING KIT,313,5623,6212.07,1.373855421686747
85179A,GREEN BITTY LIGHT CHAIN,70,221,534.34,3.367123287671233
85179B,WHITE BITTY LIGHT CHAIN,45,246,1056.6,5.192666666666667
85179C,PINK BITTY LIGHT CHAIN,40,116,257.15,3.185
85179a,GREEN BITTY LIGHT CHAIN,2,2,11.780000000000001,5.890000000000001
85180A,RED HEARTS LIGHT CHAIN,99,629,1636.42,3.9513
85180B,PINK HEARTS LIGHT CHAIN,67,365,1031.48,4.240571428571429
85183A,CHARLIE & LOLA WASTEPAPER BIN BLUE,141,1512,2275.75,2.3574825174825174
85183B,CHARLIE & LOLA WASTEPAPER BIN FLORA,171,1775,2799.2599999999998,2.462342857142857
85184B,SET 4 EASTER DECOUPAGE OVAL BOXES,7,14,41.300000000000004,2.95
85184C,S/4 VALENTINE DECOUPAGE HEART BOX,345,2288,4930.06,3.3322857142857143
85184D,S/4 BLUE ROUND DECOUPAGE BOXES,66,8311,4546.78,3.496818181818182
85184c,S/4 VALENTINE DECOUPAGE HEART BOX,6,6,35.35,5.891666666666667
85184d,S/4 BLUE ROUND DECOUPAGE BOXES,1,1,5.91,5.91
85185B,PINK HORSE SOCK PUPPET,182,613,1917.2600000000002,3.5199489795918373
85185C,COW  SOCK PUPPET,27,58,171.10000000000002,2.95
85185D,FROG SOCK PUPPET,66,197,642.01,3.738970588235294
85185E,DUCK SOCK PUPPET,2,4,11.8,2.95
85185F,LION SOCK PUPPET,19,37,109.15,2.95
85186A,EASTER BUNNY GARLAND OF FLOWERS,159,1476,688.42,0.6184049079754601
85186B,BUNNY BUNCH OF FLOWERS,2,14,5.88,0.42
85186C,BUNNY EGG GARLAND,152,1400,658.19,0.6046794871794872
85187,S/12 MINI RABBIT EASTER,109,480,818.1299999999999,1.9429203539823008
85188A,GREEN METAL SWINGING BUNNY,105,944,824.9699999999999,1.0245714285714285
85188B,PINK METAL SWINGING BUNNY,74,748,660.88,1.0734210526315788
85189,HANGING BUTTERFLY  EGG,68,1176,967.9499999999999,0.9401449275362319
85190,PINK FLOWER HANGING HEART,17,138,122.46,1.153529411764706
85192S,HANGING SPRING FLOWER HEART SMALL,2,3,1.9500000000000002,0.65
85194L,HANGING SPRING FLOWER EGG LARGE,147,1818,1560.6299999999999,1.0477551020408162
85194S,HANGING SPRING FLOWER EGG SMALL,131,1760,889.46,0.783233082706767
85195,HANGING HEART BASKET,17,146,269.44000000000005,2.205294117647059
85196,EASTER BUNNIES ON A STICK,71,1564,831.0400000000001,0.875492957746479
85197,SET OF 12 MINI BUNNIES IN A BUCKET,74,1669,959.46,2.0594736842105266
85198,ASSORTED FARMYARD ANIMALS IN BUCKET,51,3859,1469.4999999999998,1.0133962264150944
85199L,LARGE HANGING IVORY & RED WOOD BIRD,272,3545,2344.15,0.834270462633452
85199S,SMALL HANGING IVORY/RED WOOD BIRD,486,6143,2849.99,0.585893909626719
85200,BUNNY EGG BOX,105,1045,1319.09,1.3532075471698113
85202,HANGING WOOD AND FELT HEART,208,1217,577.65,0.584027149321267
85203,HANGING WOOD AND FELT BUTTERFLY,224,1467,669.27,0.5685836909871245
85204,HANGING WOOD AND FELT FLOWER,154,2354,461.74,0.39968354430379743
85205A,IVORY FELT EASTER RABBIT GARLAND,21,66,168.29999999999998,2.55
85205B,PINK FELT EASTER RABBIT GARLAND,61,241,669.38,3.193064516129032
85206A,CREAM FELT EASTER EGG BASKET,318,2351,4022.5099999999998,1.8076160990712076
85206B,PINK FELT EASTER EGG BASKET,183,1538,2477.2999999999997,1.8157065217391304
85208,SET/12 FUNKY FELT FLOWER PEG IN BAG,87,424,845.34,2.1524444444444444
85211,S/4 GROOVY CAT MAGNETS,75,306,467.4,2.055128205128205
85212,MINI PAINTED GARDEN DECORATION,121,2835,1103.1999999999998,0.7381967213114754
85213,MINI  ZINC GARDEN DECORATIONS,80,1379,830.66,1.0585185185185184
85214,TUB 24 PINK FLOWER PEGS,169,531,914.2799999999999,1.8330113636363634
85215,ASSORTED CHEESE FRIDGE MAGNETS,66,838,648.44,1.657391304347826
85216,ASSORTED CAKES FRIDGE MAGNETS,187,2861,2162.02,2.0155555555555553
85217,ASSORTED ICE CREAM FRIDGE MAGNETS,164,2869,1981.8500000000001,1.7262424242424241
85218,S/5 MINI ICE CREAM FRIDGE MAGNETS,2,1992,625.1999999999999,0.875
85220,SMALL FAIRY CAKE FRIDGE MAGNETS,5,12236,6875.0,1.3
85221,ASSORTED COLOUR SILK COIN PURSE,47,3558,1685.46,1.0245833333333334
85222,ASSORTED COLOUR SILK COSMETIC PURSE,50,1406,1579.68,2.2184615384615385
85224,ASSORTED COLOUR SILK GLASSES CASE,61,2004,1120.96,1.9365625
85225,BLING KEY RING STAND,11,19,22.5,1.2045454545454546
85226A,WHITE/BLUE PULL BACK RACING CAR,144,1714,933.07,0.7360264900662251
85226C,BLUE PULL BACK RACING CAR,83,989,522.3100000000001,0.7651190476190476
85227,SET OF 6 3D KIT CARDS FOR KIDS,442,3520,3169.02,1.1165180467091296
85230A,OPIUM SCENTED VOTIVE CANDLE,48,1992,497.03999999999996,0.2683333333333333
85230B,CINNAMON SCENTED VOTIVE CANDLE,68,2192,581.92,0.2787323943661972
85230C,ROSE SCENTED VOTIVE CANDLE,1,24,6.959999999999999,0.29
85230D,VANILLA SCENTED VOTIVE CANDLE,1,24,6.959999999999999,0.29
85230E,STRAWBRY SCENTED VOTIVE CANDLE,66,2445,628.41,0.27545454545454545
85230F,JASMINE VOTIVE CANDLE,62,2970,732.66,0.27730158730158727
85230G,ORANGE VOTIVE CANDLE,46,1728,439.67999999999995,0.26999999999999996
85231B,CINAMMON SET OF 9 T-LIGHTS,384,2153,1977.3799999999999,1.0547921760391197
85231E,STRAWBERRY SCENTED SET/9 T-LIGHTS,106,835,695.23,0.9473831775700935
85231G,ORANGE SCENTED SET/9 T-LIGHTS,253,1496,1304.06,0.9940892193308549
85231L,LAVENDER SCENTED SET/9 T-LIGHTS,116,1039,838.3499999999999,0.914915254237288
85231b,CINAMMON SET OF 9 T-LIGHTS,4,4,6.58,1.645
85231e,STRAWBERRY SCENTED SET/9 T-LIGHTS,1,1,1.66,1.66
85231g,ORANGE SCENTED SET/9 T-LIGHTS,6,6,9.78,1.63
85232A,SET/3 POLKA DOT STACKING TINS,138,375,1889.88,5.423597122302159
85232B,SET/3 RUSSIAN DOLL STACKING TINS,539,3082,15436.480000000001,5.7597826086956525
85232C,RUSSIAN FOLKART STACKING TINS,1,1,4.95,4.95
85232D,SET/3 DECOUPAGE STACKING TINS,223,710,3696.8700000000003,6.000394736842106
85232a,SET/3 POLKA DOT STACKING TINS,2,2,20.34,10.17
85232b,SET/3 RUSSIAN DOLL STACKING TINS,22,25,254.47,10.18
85232d,SET/3 DECOUPAGE STACKING TINS,1,1,10.17,10.17
90000A,RASPBERRY ANT COPPER FLOWER NECKLAC,21,33,198.98000000000002,6.049047619047619
90000B,MIDNIGHT BLUE COPPER FLOWER NECKLAC,21,30,183.66,6.1463636363636365
90000C,OPAL WHITE/SILVER FLOWER NECKLACE,2,2,12.32,6.16
90000D,COPPER/OLIVE GREEN FLOWER NECKLACE,34,54,332.86,6.216666666666667
90001A,ANTIQUE RASPBERRY FLOWER EARRINGS,10,11,46.6,4.235
90001B,ANTIQUE MID BLUE FLOWER EARRINGS,10,13,55.120000000000005,4.237
90001C,ANTIQUE OPAL WHITE FLOWER EARRINGS,10,12,50.94,4.244545454545454
90001D,ANTIQUE OLIVE GREEN FLOWER EARRINGS,11,21,89.2,4.245833333333334
90002A,FLOWER BURST SILVER RING OPAL,14,36,135.0,3.75
90002B,FLOWER BURST SILVER RING ROSE,11,22,82.74,3.771818181818182
90002C,FLOWER BURST SILVER RING MIDN'T BLU,19,33,124.38,3.783157894736842
90002D,FLOWER BURST SILVER RING CRYSTAL,34,110,388.24,3.756486486486487
90002E,FLOWER BURST SILVER RING GREEN,11,18,67.77,3.774545454545455
90003B,ROSE COLOUR PAIR HEART HAIR SLIDES,25,45,169.62,3.7792592592592595
90003C,MIDNIGHT BLUE PAIR HEART HAIR SLIDE,35,53,199.16,3.7616216216216216
90003D,CRYSTAL PAIR HEART HAIR SLIDES,32,60,226.17,3.7734375
90003E,GREEN PAIR HEART HAIR SLIDES,22,33,124.12,3.7686956521739132
90004A,JADE GREEN PAIR ENAMEL HAIR SLIDES,1,1,3.75,3.75
90005A,JADE GREEN ENAMEL HAIR COMB,57,108,221.09,2.081864406779661
90010A,MIDNIGHT BLUE GLASS/SILVER BRACELET,30,50,452.79999999999995,9.06774193548387
90010B,BLACK/WHITE GLASS/SILVER BRACELET,34,65,596.74,9.34361111111111
90010E,AMBER GLASS/SILVER BRACELET,35,60,539.01,8.924166666666666
90011A,MIDNIGHT BLUE CRYSTAL DROP EARRINGS,15,15,44.28,2.952
90011B,BLACK CRYSTAL DROP EARRINGS,15,20,59.06,2.954
90011C,GREEN CRYSTAL DROP EARRINGS,7,12,35.33,2.94
90011D,PURPLE CRYSTAL DROP EARRINGS,5,5,14.75,2.95
90011E,AMBER CRYSTAL DROP EARRINGS,8,8,23.61,2.95125
90012A,MIDNIGHT BLUE DROP CRYSTAL NECKLACE,7,13,74.38,8.097142857142858
90012B,BLACK DROP CRYSTAL NECKLACE,6,17,85.9,7.699999999999999
90013A,MIDNIGHT BLUE VINTAGE EARRINGS,77,118,445.7,3.789493670886076
90013B,BLACK VINTAGE EARRINGS,79,108,445.88,4.188780487804879
90013C,GREEN VINTAGE EARRINGS,56,92,370.51,4.121
90013D,PURPLE VINTAGE EARRINGS,17,46,178.11,3.998823529411765
90013E,AMBER VINTAGE EARRINGS,2,2,8.57,4.285
90014A,SILVER/MOP ORBIT NECKLACE,40,55,502.01,9.677249999999999
90014B,GOLD M PEARL  ORBIT NECKLACE,28,35,344.33,9.760689655172413
90014C,SILVER/BLACK ORBIT NECKLACE,20,29,284.67999999999995,9.756499999999999
90016A,SILVER/M.O.P PENDANT ORBIT NECKLACE,16,29,207.86,8.21
90016B,GOLD/M.O.P PENDANT ORBIT NECKLACE,30,37,312.14,8.433333333333334
90016C,SILVER/BLACK PENDANT ORBIT NECKLACE,14,17,144.07,8.47
90018A,SILVER M.O.P ORBIT DROP EARRINGS,56,77,325.47,4.219655172413793
90018B,GOLD M.O.P ORBIT DROP EARRINGS,31,41,173.1,4.221212121212122
90018C,SILVER BLACK ORBIT DROP EARRINGS,20,28,118.51,4.226000000000001
90019A,SILVER M.O.P ORBIT BRACELET,51,70,365.61,5.287307692307692
90019B,GOLD M.O.P ORBIT BRACELET,28,33,174.13,5.321724137931035
90019C,SILVER BLACK ORBIT BRACELET,34,42,224.4,5.364722222222222
90020,FILIGREE DIAMANTE CHAIN,4,6,76.23,12.682500000000001
90021,LASER CUT MULTI STRAND NECKLACE,4,5,59.75,11.95
90022,EDWARDIAN DROP EARRINGS JET BLACK,32,40,151.1,3.781428571428571
90023,FILIGREE DIAMANTE EARRINGS,21,32,135.98,4.249090909090909
90024A,NEW BAROQUE B'FLY NECKLACE BLACK,4,5,42.5,8.5
90024B,NEW BAROQUE B'FLY NECKLACE RED,22,25,212.24,8.488181818181818
90024C,NEW BAROQUE B'FLY NECKLACE GREEN,10,12,101.97,8.497272727272728
90024D,NEW BAROQUE B'FLY NECKLACE PINK,13,15,127.5,8.5
90024E,NEW BAROQUE B'FLY NECKLACE MONTANA,11,16,135.98,8.498181818181818
90024F,NEW BAROQUE B'FLY NECKLACE CRYSTAL,6,8,67.61,8.436666666666667
90025A,BAROQUE BUTTERFLY EARRINGS BLACK,2,2,7.5,3.75
90025B,BAROQUE BUTTERFLY EARRINGS RED,3,3,11.29,3.763333333333333
90025C,BAROQUE BUTTERFLY EARRINGS GREEN,6,6,22.56,3.76
90025D,BAROQUE BUTTERFLY EARRINGS PINK,5,5,18.69,3.7380000000000004
90025E,BAROQUE BUTTERFLY EARRINGS MONTANA,7,7,26.5,3.7857142857142856
90025F,BAROQUE BUTTERFLY EARRINGS CRYSTAL,8,8,30.23,3.77875
90026A,GLASS BEAD HOOP NECKLACE BLACK,9,11,93.47,8.496666666666666
90026B,GLASS BEAD HOOP NECKLACE MONTANA,7,8,67.82,8.474285714285715
90026C,GLASS BEAD HOOP NECKLACE GREEN,6,8,67.82,8.47
90026D,GLASS BEAD HOOP NECKLACE AMETHYST,8,10,85.0,8.5
90027A,GLASS BEAD HOOP EARRINGS BLACK,6,10,29.48,2.947142857142857
90027B,GLASS BEAD HOOP EARRINGS MONTANA,10,13,38.28,2.943
90027C,GLASS BEAD HOOP EARRINGS GREEN,12,14,41.17,2.9391666666666665
90027D,GLASS BEAD HOOP EARRINGS AMETHYST,16,23,72.18,3.18875
90028,NEW BAROQUE LARGE NECKLACE BLK/WHIT,24,31,261.77,8.440384615384616
90029,NEW BAROQUE SMALL NECKLACE BLACK,12,23,195.14,8.47
90030A,SPOTTED WHITE NATURAL SEED NECKLACE,10,79,113.76,2.496
90030B,RED KUKUI COCONUT SEED NECKLACE,36,140,298.02,4.066756756756757
90030C,BROWN KUKUI COCONUT SEED NECKLACE,16,88,157.24,3.617058823529412
90031,BILI NUT AND WOOD NECKLACE,9,52,71.9,3.2111111111111112
90032,IVORY SHELL HEART NECKLACE,24,48,271.88,6.118333333333333
90033,IVORY SHELL HEART EARRINGS,18,23,58.43,2.5363157894736843
90034,WHITE SILVER NECKLACE SHELL GLASS,5,6,60.67,10.111666666666666
90035A,"PEARL & SHELL 42""NECKL. GREEN",16,24,257.55,10.721874999999999
90035B,"PEARL & SHELL 42""NECKL. PINK",4,43,380.89,10.185
90035C,"PEARL & SHELL 42""NECKL. IVORY",5,28,301.0,10.75
90036A,FLOWER GARLAND NECKLACE RED,20,27,215.76000000000002,8.005500000000001
90036B,"FLOWER GLASS GARLAND NECKL.36""GREEN",10,18,143.1,7.95
90036C,"FLOWER GLASS GARLAND NECKL.36""BLUE",15,31,246.83,7.975333333333334
90036D,"FLOWER GLASS GARLAND NECKL.36""BLACK",16,39,310.24,7.961176470588235
90036E,"FLOWER GLASS GARLD NECKL36""AMETHYST",28,45,358.87,7.991785714285714
90036F,"FLOWER GLASS GARLD NECKL36""TURQUOIS",15,26,208.31,8.044705882352941
90037A,TINY CRYSTAL BRACELET RED,12,26,66.31,2.5508333333333333
90037B,TINY CRYSTAL BRACELET GREEN,10,28,71.17,2.527
90037C,TINY CRYSTAL BRACELET BLUE,13,26,66.08,2.5330769230769232
90037D,TINY CRYSTALS BRACELET BLACK,8,14,35.87,2.56625
90038A,GLASS AND PAINTED BEADS BRACELET TO,22,36,135.8,3.786363636363636
90038B,GLASS AND PAINTED BEADS BRACELET OL,13,21,79.19,3.7838461538461536
90038C,GLASS AND BEADS BRACELET IVORY,9,19,71.46000000000001,3.7733333333333334
90039A,FIRE POLISHED GLASS BRACELET RED,5,10,37.61,3.772
90039B,FIRE POLISHED GLASS BRACELET MONTAN,11,22,82.8,3.775
90039C,FIRE POLISHED GLASS BRACELET BLACK,12,24,90.46000000000001,3.7853846153846153
90039D,FIRE POLISHED GLASS BRACELET GREEN,24,44,166.47,3.7968
90040A,MURANO STYLE GLASS BRACELET RED,34,53,207.05,4.013823529411765
90040B,MURANO STYLE GLASS BRACELET BLACK,36,73,263.59,3.6744736842105263
90040C,MURANO STYLE GLASS BRACELET GOLD,21,42,150.56,3.6513636363636364
90040D,MURANO STYLE GLASS BRACELET PINK,25,41,148.87,3.7148000000000003
90041,PEARL AND CHERRY QUARTZ BRACLET,6,7,25.67,3.6950000000000003
90042A,FRESHWATER PEARL BRACELET GOLD,33,63,160.79,2.554242424242424
90042B,FRESHWATER PEARL BRACELET PINK,6,17,43.349999999999994,2.55
90042C,FRESHWATER PEARL BRACELET IVORY,26,59,150.20999999999998,2.5430769230769235
90043,COPPER AND BRASS BAG CHARM,6,10,54.510000000000005,5.785
90046,WHITE WITH METAL BAG CHARM,7,13,64.35000000000001,4.95
90048,GREEN WITH METAL BAG CHARM,8,31,158.89000000000001,5.63
90049,IVORY GOLD METAL BAG CHARM,6,20,114.24,7.489999999999999
90050,CRACKED GLAZE NECKLACE IVORY,6,11,77.11,7.0442857142857145
90051,CRACKED GLAZE NECKLACE RED,11,17,119.89,7.063076923076922
90052,CRACKED GLAZE NECKLACE BROWN,5,7,49.58,7.136
90053,CRACKED GLAZE EARRINGS IVORY,10,11,27.78,2.5254545454545454
90054,CRACKED GLAZE EARRINGS RED,17,19,48.11,2.5321052631578946
90055,CRACKED GLAZE EARRINGS BROWN,10,10,25.28,2.528
90056,CHUNKY CRACKED GLAZE NECKLACE IVORY,14,20,218.99,11.016
90057,DIAMANTE RING ASSORTED IN BOX.,37,1804,2675.88,1.7997297297297299
90058A,CRYSTAL STUD EARRINGS CLEAR DISPLAY,13,576,218.88,0.38
90058B,CRYSTAL STUD EARRINGS ASSORTED COL,29,1082,509.08000000000004,0.47379310344827585
90059A,DIAMANTE HAIR GRIP PACK/2 CRYSTAL,48,96,160.35999999999999,1.6734
90059B,DIAMANTE HAIR GRIP PACK/2 BLACK DIA,16,31,51.55,1.6710526315789473
90059C,DIAMANTE HAIR GRIP PACK/2 MONTANA,23,42,69.83,1.6704166666666664
90059D,DIAMANTE HAIR GRIP PACK/2 PERIDOT,40,65,108.42999999999999,1.6760975609756097
90059E,DIAMANTE HAIR GRIP PACK/2 RUBY,33,57,94.94999999999999,1.671142857142857
90059F,DIAMANTE HAIR GRIP PACK/2 LT ROSE,27,48,79.86999999999999,1.6688888888888886
90060B,FIRE POLISHED GLASS NECKL GOLD,4,6,35.7,5.95
90060C,FIRE POLISHED GLASS NECKL SILVER,3,7,41.65,5.95
90060D,FIRE POLISHED GLASS NECKL BRONZE,8,13,77.35,5.95
90060F,FIRE POLISHED GLASS NECKL GREEN,18,29,172.08,5.9252631578947375
90062,CARNIVAL BRACELET,109,207,2629.67,12.662566371681415
90063A,WHITE VINT ART DECO CRYSTAL NECKLAC,13,21,178.48,8.49846153846154
90063B,BLACK VINT ART DEC CRYSTAL NECKLACE,14,20,170.17000000000002,8.512142857142857
90064A,WHITE VINTAGE CRYSTAL EARRINGS,12,20,79.14,4.054166666666667
90064B,BLACK VINTAGE  CRYSTAL EARRINGS,12,21,78.75,3.75
90065A,WHITE VINTAGE CRYSTAL BRACELET,16,26,180.46,7.0600000000000005
90065B,BLACK VINT ART DEC CRYSTAL BRACELET,16,22,154.87,7.0025
90066A,PINK VINTAGE VICTORIAN CHOKER,2,5,33.75,6.75
90067A,PINK VINTAGE VICTORIAN EARRINGS,16,33,97.24000000000001,2.943125
90067B,BROWN VINTAGE VICTORIAN EARRINGS,6,16,47.120000000000005,2.936666666666667
90068,"RUBY GLASS NECKLACE 42""",2,2,15.0,7.5
90069,RUBY GLASS CLUSTER NECKLACE,5,11,82.5,7.5
90070,RUBY GLASS CLUSTER BRACELET,35,63,385.15000000000003,6.216571428571429
90071,RUBY GLASS CLUSTER EARRINGS,73,92,115.29,1.2532894736842106
90072,RUBY DROP CHANDELIER EARRINGS,30,44,176.31,4.110666666666667
90073,VINTAGE ENAMEL & CRYSTAL EARRINGS,34,52,260.52,5.032777777777778
90074,BLACK DIAMOND CLUSTER NECKLACE,6,8,73.86,9.272857142857143
90075,MONTANA DIAMOND CLUSTER NECKLACE,8,10,92.17999999999999,9.2075
90076,MONTANA DIAMOND CLUSTER EARRINGS,7,12,33.0,2.892857142857143
90077,BLACK DIAMOND CLUSTER EARRINGS,5,6,17.36,2.893333333333333
90078,PINK/WHITE GLASS DEMI CHOKER,5,9,67.64,7.5280000000000005
90079,VINTAGE ENAMEL & CRYSTAL NECKLACE,13,21,104.77000000000001,5.006153846153846
90081A,LILY BROOCH AMETHYST COLOUR,24,50,247.75000000000003,4.96
90081B,LILY BROOCH WHITE/SILVER COLOUR,3,7,34.650000000000006,4.95
90081C,LILY BROOCH OLIVE COLOUR,36,51,255.56,5.034054054054054
90082A,DIAMANTE BOW BROOCH GREEN COLOUR,32,60,385.46,6.4760606060606065
90082B,DIAMANTE BOW BROOCH RED COLOUR,25,64,406.4,6.35
90082C,DIAMANTE BOW BROOCH WHITE COLOUR,3,3,19.93,6.6433333333333335
90082D,DIAMANTE BOW BROOCH BLACK COLOUR,51,108,696.0999999999999,6.505471698113207
90083,CRYSTAL CZECH CROSS PHONE CHARM,15,52,48.08,1.3326666666666667
90084,PINK CRYSTAL GUITAR PHONE CHARM,9,64,54.4,0.85
90085,CRYSTAL STILETTO PHONE CHARM,29,313,278.84999999999997,1.2125806451612902
90086,CRYSTAL FROG PHONE CHARM,46,219,186.95999999999998,1.42
90087,CRYSTAL SEA HORSE PHONE CHARM,53,313,252.88,1.3914545454545455
90088,CRYSTAL KEY+LOCK PHONE CHARM,14,101,86.69999999999999,0.9107142857142857
90089,PINK CRYSTAL SKULL PHONE CHARM,26,105,93.55999999999999,1.2485185185185186
90090,PINK CRYSTAL HEART PHONE CHARM,22,263,227.72,1.0168
90091,CRYSTAL DRAGONFLY PHONE CHARM,2,3,2.55,0.85
90092,BLUE CRYSTAL BOOT PHONE CHARM,10,102,87.50999999999999,0.9175
90093,CLEAR CRYSTAL STAR PHONE CHARM,25,210,167.0,1.1065384615384615
90094,NECKLACE+BRACELET SET FRUIT SALAD,38,75,190.17,2.536
90095,NECKLACE+BRACELET SET PINK BLOSSOM,3,8,22.909999999999997,3.3866666666666667
90096,NECKLACE+BRACELET SET BLUE BLOSSOM,49,113,266.44,2.475185185185185
90098,NECKLACE+BRACELET PINK BUTTERFLY,55,137,301.28,2.3189090909090906
90099,NECKLACE+BRACELET SET BLUE HIBISCUS,25,49,155.07,3.356785714285714
90100,NECKLACE+BRACELET SET PINK DAISY,12,30,76.5,2.55
90101,WHITE FRANGIPANI NECKLACE,29,53,133.7,2.5253333333333337
90102,WHITE FRANGIPANI HAIR CLIP,4,19,16.11,0.845
90103,PURPLE FRANGIPANI NECKLACE,30,44,110.85,2.521333333333333
90104,PURPLE FRANGIPANI HAIRCLIP,49,133,111.42999999999999,0.8340384615384615
90108,BLUE BLOSSOM HAIR CLIP,21,109,125.83000000000001,1.591904761904762
90111,BLUE HIBISCUS  HAIR CLIP,6,7,7.35,1.05
90112,PINK DOLLY HAIR CLIPS,20,84,91.25,1.108095238095238
90114,SUMMER DAISIES BAG CHARM,111,207,519.1999999999999,2.4900884955752214
90115,SUMMER BUTTERFLIES BAG CHARM,60,115,296.53,2.626349206349206
90116,FRUIT SALAD BAG CHARM,63,108,230.54,2.3309230769230767
90118,PINK DAISY BAG CHARM,29,42,107.39,2.576206896551724
90119,METALIC LEAVES BAG CHARMS,42,97,243.07,2.5385714285714283
90120A,PINK MURANO TWIST BRACELET,41,94,399.92,4.258095238095239
90120B,BLUE MURANO TWIST BRACELET,42,108,455.68,4.193720930232558
90120C,GREEN MURANO TWIST BRACELET,58,111,470.8,4.241333333333333
90120D,WHITE MURANO TWIST BRACELET,40,134,554.13,4.20025
90121B,VINTAGE ROSE BEAD BRACELET BLUE,9,19,80.75,4.25
90122A,PINK CRYSTAL+GLASS BRACELET,31,55,273.89,5.000967741935484
90122B,JADE CRYSTAL+GLASS BRACELET,26,46,228.99,4.999615384615385
90122C,TURQUOISE CRYSTAL+GLASS BRACELET,30,54,269.1,5.009
90123A,PINK HEART OF GLASS BRACELET,19,36,214.07,5.943157894736842
90123B,TURQUOISE HEART OF GLASS BRACELET,13,26,154.69,5.94923076923077
90123C,GREEN HEART OF GLASS BRACELET,12,27,160.75,5.958333333333333
90123D,WHITE HEART OF GLASS BRACELET,14,29,172.39,5.938571428571429
90124A,PINK MURANO TWIST NECKLACE,20,30,299.28,9.989
90124B,BLUE MURANO TWIST NECKLACE,30,40,401.34999999999997,10.058064516129033
90124C,GREEN MURANO TWIST NECKLACE,16,22,220.20999999999998,10.031875
90125A,PINK BERTIE GLASS BEAD BAG CHARM,18,149,183.97,2.0233333333333334
90125B,AQUA BERTIE GLASS BEAD BAG CHARM,17,44,79.57,2.2058823529411766
90125C,TURQUOISE BERTIE GLASS BEAD CHARM,10,92,101.35,1.6649999999999998
90125D,PURPLE BERTIE GLASS BEAD BAG CHARM,36,136,223.74,2.7491666666666665
90125E,AMBER BERTIE GLASS BEAD BAG CHARM,17,18,44.19,2.5035294117647062
90126A,PINK BERTIE MOBILE PHONE CHARM,5,20,37.14,2.2466666666666666
90126B,BLUE BERTIE MOBILE PHONE CHARM,3,3,8.48,2.8266666666666667
90126C,AMBER BERTIE MOBILE PHONE CHARM,5,21,42.1,2.692
90127A,PINK BEADS+HAND PHONE CHARM,2,14,19.92,1.855
90127B,BLUE BEADS+HAND PHONE CHARM,2,2,2.5,1.25
90128A,PINK LEAVES AND BEADS PHONE CHARM,10,32,48.72,1.8181818181818181
90128B,BLUE LEAVES AND BEADS PHONE CHARM,6,20,27.52,1.565
90128C,GREEN LEAVES AND BEADS PHONE CHARM,6,18,27.55,1.9714285714285713
90128D,PURPLE LEAVES AND BEADS PHONE CHAR,7,14,23.75,2.03125
90129A,PINK GLASS TASSLE BAG CHARM,73,156,303.68,1.9298684210526313
90129B,TURQUOISE GLASS TASSLE BAG CHARM,62,150,336.59000000000003,2.061875
90129C,GREEN GLASS TASSLE BAG CHARM,51,110,248.36,2.1040384615384613
90129D,AMBER GLASS TASSLE BAG CHARM,34,68,163.23000000000002,2.137714285714286
90129E,PURPLE GLASS TASSLE BAG CHARM,59,133,269.78000000000003,1.9126229508196722
90129F,RED GLASS TASSLE BAG CHARM,41,87,194.51000000000002,2.145111111111111
90130A,WHITE STONE/CRYSTAL EARRINGS,16,28,82.51,2.944375
90130B,TURQ STONE/CRYSTAL EARRINGS,49,66,194.01,2.938235294117647
90130C,GREEN STONE/CRYSTAL EARRINGS,24,26,76.58,2.9448000000000003
90130D,RED STONE/CRYSTAL EARRINGS,8,13,38.31,2.945
90131,PINK/AMETHYST/GOLD NECKLACE,5,10,69.62,6.974000000000001
90132,LIGHT TOPAZ TEAL/AQUA COL NECKLACE,7,8,40.72,5.09
90133,TEAL/FUSCHIA COL BEAD NECKLACE,36,47,236.46,5.055833333333333
90134,OLD ROSE COMBO BEAD NECKLACE,96,127,373.88,2.941134020618557
90135,ORANGE/WHT/FUSCHIA STONES NECKLACE,3,9,44.75,5.006666666666667
90135A,ORANGE/FUSCHIA STONES NECKLACE,4,11,54.620000000000005,4.9925
90136,PALE PINK/AMETHYST STONE NECKLACE,3,4,40.47,10.173333333333332
90137,PINK COMBO MINI CRYSTALS NECKLACE,15,26,132.52,5.204666666666667
90138,WHITE/PINK MINI CRYSTALS NECKLACE,17,25,131.15,5.33
90139,FLOWER BROOCH 4 ASSORTED COLOURS,18,23,118.24000000000001,5.152222222222223
90140,PINK SWEETIE NECKLACE,7,10,75.54,7.5675
90141A,GREEN PENDANT TRIPLE SHELL NECKLACE,17,21,110.46000000000001,5.3116666666666665
90141B,IVORY PENDANT TRIPLE SHELL NECKLACE,9,14,70.03,5.023000000000001
90141C,TURQ PENDANT TRIPLE SHELL NECKLACE,13,16,83.69,5.295384615384616
90141D,ROSE PENDANT TRIPLE SHELL NECKLACE,5,7,36.33,5.286
90141E,ORANGE PENDANT TRIPLE SHELL NECKLAC,5,10,50.06,5.062
90142A,GREEN PENDANT SHELL NECKLACE,4,5,25.45,5.09
90142B,IVORY PENDANT SHELL NECKLACE,1,1,5.09,5.09
90142C,ROSE PINK PENDANT SHELL NECKLACE,1,1,5.09,5.09
90142D,MOP PENDANT SHELL NECKLACE,5,11,54.59,4.978
90143,SILVER BRACELET W PASTEL FLOWER,41,81,614.7,7.64093023255814
90144,SILVER DROP EARRINGS WITH FLOWER,33,53,199.45,3.7712121212121215
90145,SILVER HOOP EARRINGS WITH FLOWER,45,76,461.81,6.1286956521739135
90146,FINE SILVER NECKLACE W PASTEL FLOWE,19,41,276.49,7.4495000000000005
90147,CHUNKY SILVER NECKLACE PASTEL FLOWE,58,93,937.4499999999999,10.15508474576271
90148,LONG SILVER NECKLACE PASTEL FLOWER,18,27,343.98,12.735
90149,SILVER FLOWR PINK SHELL NECKLACE,9,62,410.26000000000005,7.371111111111111
90150,BLUE SHELL+SILVER NECKLACE,8,13,97.5,7.5
90151,SILVER/NATURAL SHELL NECKLACE,9,21,178.67000000000002,8.515454545454546
90152A,SILVER/NAT SHELL NECKLACE W PENDANT,7,7,40.34,5.762857142857143
90152B,BLUE/GREEN SHELL NECKLACE W PENDANT,5,7,41.21,5.876666666666666
90152C,BLUE/NAT SHELL NECKLACE W PENDANT,4,7,41.650000000000006,5.95
90154,LAZER CUT NECKLACE W PASTEL BEADS,7,59,439.65,8.707142857142857
90155,RESIN NECKLACE W PASTEL BEADS,21,30,226.16,7.555238095238095
90156,RESIN BRACELET W PASTEL BEADS,14,25,137.37,5.922857142857143
90157,RIVIERA NECKLACE,24,53,263.28000000000003,4.982916666666667
90158,ST TROPEZ NECKLACE,63,79,396.5,5.030769230769231
90159,COTE D'AZURE NECKLACE,20,38,188.58,4.974
90160A,PURPLE BOUDICCA LARGE BRACELET,25,52,362.51,6.98
90160B,RED BOUDICCA LARGE BRACELET,29,71,490.92,6.8420689655172415
90160C,TURQ+RED BOUDICCA LARGE BRACELET,45,98,684.22,7.01
90160D,PINK BOUDICCA LARGE BRACELET,25,76,529.22,6.9764
90161A,ANT COPPER RED BOUDICCA BRACELET,43,73,365.23,5.028260869565218
90161B,ANT COPPER TURQ BOUDICCA BRACELET,76,150,749.4300000000001,5.023333333333333
90161C,ANT COPPER LIME BOUDICCA BRACELET,100,170,849.0,5.021980198019802
90161D,ANT COPPER PINK BOUDICCA BRACELET,75,141,702.7900000000001,4.994545454545454
90162A,ANT SILVER TURQUOISE BOUDICCA RING,11,30,88.5,2.95
90162B,ANT SILVER LIME GREEN BOUDICCA RING,20,56,165.20000000000002,2.95
90162C,ANT SILVER FUSCHIA BOUDICCA RING,16,42,123.90000000000002,2.95
90162D,ANT SILVER PURPLE BOUDICCA RING,14,30,88.50000000000001,2.95
90163A,PINK ROSEBUD & PEARL NECKLACE,24,37,280.71,7.605416666666667
90163B,WHITE ROSEBUD & PEARL NECKLACE,9,13,98.45,7.5744444444444445
90164A,PINK ROSEBUD PEARL BRACELET,25,40,230.39,6.93
90164B,WHITE  ROSEBUD PEARL BRACELET,35,67,362.94,6.648571428571429
90165A,PINK ROSEBUD PEARL EARRINGS,27,42,106.49,2.524074074074074
90165B,WHITE ROSEBUD  PEARL EARRINGS,35,52,131.65,2.5237142857142856
90166,PINK & WHITE ROSEBUD RING,31,41,173.18,4.2171875000000005
90167,BEADED LOVE HEART JEWELLERY SET,111,2207,1809.6699999999998,1.0860714285714286
90168,2 DAISIES HAIR COMB,24,43,126.72000000000001,2.9432
90169,DAISY HAIR COMB,23,42,106.49,2.5284
90170,DAISY HAIR BAND,73,151,251.26999999999998,1.6717567567567566
90171,DAISY RING,27,47,59.650000000000006,1.2725925925925925
90173,PAIR BUTTERFLY HAIR CLIPS,51,89,336.88,3.796071428571429
90174,BUTTERFLY HAIR BAND,32,51,128.66,2.5184848484848485
90175A,WHITE GLASS CHUNKY CHARM BRACELET,62,108,973.4,9.029523809523809
90175B,PINK GLASS CHUNKY CHARM BRACELET,27,37,332.19,8.98
90175C,BLUE GLASS CHUNKY CHARM BRACELET,20,39,350.84999999999997,9.031818181818181
90175D,TIGRIS EYE CHUNKY CHARM BRACELET,41,60,545.72,9.12452380952381
90176A,CLASSIC DIAMANTE NECKLACE JET,7,10,75.88,7.581428571428572
90176B,DIAMANTE NECKLACE BLACK,4,5,37.620000000000005,7.53
90176C,DIAMANTE NECKLACE,6,10,77.0,7.833333333333333
90176D,DIAMANTE NECKLACE PURPLE,7,11,82.81,7.5442857142857145
90176E,DIAMANTE NECKLACE GREEN,3,4,29.98,7.493333333333333
90177A,CLASSIC DIAMANTE EARRINGS JET,14,19,55.690000000000005,2.924285714285714
90177B,DROP DIAMANTE EARRINGS BLACK DIAMON,19,31,91.38000000000001,2.951578947368421
90177C,DROP DIAMANTE EARRINGS CRYSTAL,24,40,117.9,2.947037037037037
90177D,DROP DIAMANTE EARRINGS PURPLE,25,48,141.68,2.952962962962963
90177E,DROP DIAMANTE EARRINGS GREEN,22,29,85.67,2.954782608695652
90178A,AMBER CHUNKY GLASS+BEAD NECKLACE,21,29,346.31,11.939565217391305
90178B,PURPLE CHUNKY GLASS+BEAD NECKLACE,11,16,191.40999999999997,11.969090909090909
90179A,AMBER FINE BEAD NECKLACE W TASSEL,9,12,71.0,5.905555555555556
90179B,PURPLE FINE BEAD NECKLACE W TASSEL,9,11,65.31,5.934444444444445
90179C,BLACK FINE BEAD NECKLACE W TASSEL,16,20,118.73,5.934117647058824
90180A,BLACK+WHITE NECKLACE W TASSEL,28,45,406.59,9.737586206896552
90180B,PURPLE AMETHYST NECKLACE W TASSEL,14,18,179.88,10.005714285714285
90181A,AMBER GLASS/SHELL/PEARL NECKLACE,14,14,128.64,9.188571428571427
90181B,AMETHYST GLASS/SHELL/PEARL NECKLACE,24,27,249.95000000000002,9.261538461538462
90181C,BLACK GLASS/SHELL/PEARL NECKLACE,5,5,46.93,9.386
90182A,AMBER 3 BEAD DROP EARRINGS,9,9,26.16,2.9066666666666667
90182B,AMETHYST 3 BEAD DROP EARRINGS,6,6,17.53,2.921666666666667
90182C,BLACK 3 BEAD DROP EARRINGS,13,19,55.74,2.926153846153846
90183A,AMBER DROP EARRINGS W LONG BEADS,31,54,158.61,2.9315625
90183B,AMETHYST DROP EARRINGS W LONG BEADS,24,29,84.89,2.9315999999999995
90183C,BLACK DROP EARRINGS W LONG BEADS,13,13,38.12,2.9323076923076923
90183c,BLACK DROP EARRINGS W LONG BEADS,1,1,2.9,2.9
90184A,AMBER CHUNKY BEAD BRACELET W STRAP,25,47,425.57,9.13923076923077
90184B,AMETHYST CHUNKY BEAD BRACELET W STR,47,74,670.23,9.106875
90184C,BLACK CHUNKY BEAD BRACELET W STRAP,49,73,661.23,9.1076
90184c,BLACK CHUNKY BEAD BRACELET W STRAP,1,1,9.15,9.15
90185A,AMBER DIAMANTE EXPANDABLE RING,26,56,237.53,4.233333333333333
90185B,AMETHYST DIAMANTE EXPANDABLE RING,34,68,288.68,4.238857142857143
90185C,BLACK DIAMANTE EXPANDABLE RING,32,68,288.95,4.248571428571428
90185D,CRYSTAL DIAMANTE EXPANDABLE RING,35,72,306.08,4.252432432432433
90186A,AMETHYST HOOP EARRING FLORAL LEAF,33,70,206.68,2.9520000000000004
90186B,CRYSTAL HOOP EARRING FLORAL LEAF,31,58,171.22000000000003,2.9503125
90187A,BLUE DROP EARRINGS W BEAD CLUSTER,7,8,27.04,3.3842857142857143
90187B,GREEN DROP EARRINGS W BEAD CLUSTER,15,22,73.99,3.3675
90188,DROP EARRINGS W FLOWER & LEAF,20,24,61.04,2.547142857142857
90189A,SILVER 2 STRAND NECKLACE-LEAF CHARM,8,11,82.64,7.5175
90189B,GOLD 2 STRAND NECKLACE-LEAF CHARMS,2,3,22.5,7.5
90190A,SILVER/CRYSTAL DROP EARRINGS W LEAF,31,44,129.59,2.944516129032258
90190B,GOLD/AMBER DROP EARRINGS W LEAF,15,45,132.58,2.938
90190C,SILVER/AMETHYST DROP EARRINGS LEAF,36,58,170.70000000000002,2.93974358974359
90191,SILVER LARIAT 40CM,21,40,342.6,11.324761904761905
90192,JADE DROP EARRINGS W FILIGREE,53,97,484.31,5.023214285714286
90194,SILVER LARIAT BLACK STONE EARRINGS,21,33,140.08,4.242272727272727
90195A,PURPLE GEMSTONE BRACELET,44,75,629.9499999999999,8.704347826086956
90195B,BLACK GEMSTONE BRACELET,26,54,478.59,8.781785714285714
90196A,PURPLE GEMSTONE NECKLACE 45CM,11,24,306.0,12.75
90196B,BLACK GEMSTONE NECKLACE 45CM,14,20,254.73,12.732
90197B,BLACK GLASS BRACELET W HEART CHARMS,51,64,322.52000000000004,5.046666666666667
90197D,AMBER GLASS BRACELET HEART CHARMS,4,9,44.550000000000004,4.95
90198A,VINTAGE ROSE BEAD BRACELET RASPBERR,84,145,613.6700000000001,4.224117647058824
90198B,VINTAGE ROSE BEAD BRACELET BLACK,49,105,446.15,4.244800000000001
90199A,5 STRAND GLASS NECKLACE BLACK,16,25,158.57,6.34
90199B,5 STRAND GLASS NECKLACE AMETHYST,31,37,234.98,6.3509375
90199C,5 STRAND GLASS NECKLACE CRYSTAL,31,105,623.39,6.316111111111111
90199D,5 STRAND GLASS NECKLACE AMBER,16,22,139.28,6.3237499999999995
90200A,PURPLE SWEETHEART BRACELET,99,182,770.91,4.227980769230769
90200B,BLACK SWEETHEART BRACELET,84,185,783.95,4.226470588235294
90200C,BLUE SWEETHEART BRACELET,98,211,895.84,4.244271844660195
90200D,PINK SWEETHEART BRACELET,150,335,1406.22,4.22258064516129
90200E,GREEN SWEETHEART BRACELET,91,213,890.95,4.221276595744681
90201A,PURPLE ENAMEL FLOWER RING,54,130,382.84000000000003,2.9424074074074076
90201B,BLACK ENAMEL FLOWER RING,54,156,460.23,2.9569642857142857
90201C,RED ENAMEL FLOWER RING,46,119,350.94000000000005,2.9495652173913043
90201D,GREEN ENAMEL FLOWER RING,57,134,394.33000000000004,2.9400000000000004
90202A,PURPLE ENAMEL FLOWER HAIR TIE,23,31,90.9,2.93
90202B,WHITE ENAMEL FLOWER HAIR TIE,16,24,70.49,2.936875
90202C,GREEN ENAMEL FLOWER HAIR TIE,25,32,94.42,2.9526923076923075
90202D,PINK ENAMEL FLOWER HAIR TIE,24,48,141.49,2.94375
90203,SILVER CHARM NECKLACE 70CM,34,71,534.27,7.547941176470588
90204,PAIR OF ENAMEL BUTTERFLY HAIRCLIP,37,51,171.81,3.3728947368421047
90205A,LARGE MINT DIAMANTE HAIRSLIDE,22,42,70.22,1.6754166666666668
90205C,LARGE CRYSTAL DIAMANTE HAIRSLIDE,24,78,122.31,1.6591666666666667
90206A,GOLD DIAMANTE STAR BROOCH,12,16,79.60000000000001,4.983333333333333
90206C,CRYSTAL DIAMANTE STAR BROOCH,57,81,407.70000000000005,5.044482758620689
90208,PAIR OF PINK FLOWER CLUSTER SLIDE,68,161,391.90999999999997,2.516142857142857
90209A,PURPLE ENAMEL+GLASS HAIR COMB,10,173,325.5,1.9949999999999999
90209B,GREEN ENAMEL+GLASS HAIR COMB,97,389,749.65,2.0876699029126216
90209C,PINK ENAMEL+GLASS HAIR COMB,66,402,760.79,2.085
90210A,GREY ACRYLIC FACETED BANGLE,21,88,207.34,2.6804761904761905
90210B,CLEAR ACRYLIC FACETED BANGLE,24,105,240.9,2.7333333333333334
90210C,RED   ACRYLIC FACETED BANGLE,14,119,189.52,2.4546666666666668
90210D,PURPLE ACRYLIC FACETED BANGLE,23,142,235.73000000000002,2.4991304347826087
90211A,DIAMOND LAS VEGAS NECKLACE 45CM,21,31,184.39000000000001,5.954347826086957
90211B,JET BLACK LAS VEGAS NECKLACE 45CM,26,39,231.99,5.948571428571428
90212B,JET BLACK LAS VEGAS BRACELET ROUND,28,41,155.13,3.796
90212C,PURPLE LAS VEGAS BRACELET ROUND,7,18,67.5,3.75
90214A,"LETTER ""A"" BLING KEY RING",104,219,218.75,1.0486915887850468
90214B,"LETTER ""B"" BLING KEY RING",40,80,76.98,1.0169767441860464
90214C,"LETTER ""C"" BLING KEY RING",69,176,172.28,1.0164864864864864
90214D,"LETTER ""D"" BLING KEY RING",50,103,93.37,1.0126415094339623
90214E,"LETTER ""E"" BLING KEY RING",67,148,144.38,1.0612676056338028
90214F,"LETTER ""F"" BLING KEY RING",27,46,37.98,0.9555172413793104
90214G,"LETTER ""G"" BLING KEY RING",48,104,96.58,1.0162745098039216
90214H,"LETTER ""H"" BLING KEY RING",53,88,81.96,0.9696551724137932
90214I,"LETTER ""I"" BLING KEY RING",27,64,62.699999999999996,1.0610344827586207
90214J,"LETTER ""J"" BLING KEY RING",88,162,166.52,1.051978021978022
90214K,"LETTER ""K"" BLING KEY RING",83,157,161.35,1.1183720930232557
90214L,"LETTER ""L"" BLING KEY RING",68,179,168.60999999999999,1.0114285714285713
90214M,"LETTER ""M"" BLING KEY RING",64,145,146.17,1.0853731343283581
90214N,"LETTER ""N"" BLING KEY RING",43,81,78.95,1.0395652173913044
90214O,"LETTER ""O"" BLING KEY RING",18,37,32.269999999999996,1.0699999999999998
90214P,"LETTER ""P"" BLING KEY RING",33,80,69.14,1.0288571428571427
90214R,"LETTER ""R"" BLING KEY RING",50,96,97.97999999999999,1.0779245283018868
90214S,"LETTER ""S"" BLING KEY RING",86,190,187.64,1.0348351648351648
90214T,"LETTER ""T"" BLING KEY RING",24,57,55.57,1.0716666666666665
90214U,"LETTER ""U"" BLING KEY RING",2,13,4.7299999999999995,0.77
90214V,"LETTER ""V"" BLING KEY RING",24,40,31.08,0.9600000000000001
90214W,"LETTER ""W"" BLING KEY RING",8,19,10.17,0.8724999999999999
90214Y,"LETTER ""Y"" BLING KEY RING",10,69,26.189999999999998,0.8518181818181817
90214Z,"LETTER ""Z"" BLING KEY RING",18,32,22.34,0.898421052631579
ADJUST,Adjustment by john on 26/01/2010 16,36,36,8897.929999999998,247.16472222222217
ADJUST2,Adjustment by Peter on Jun 25 2010,3,3,731.0500000000001,243.68333333333337
C2,CARRIAGE,267,273,13676.0,50.213235294117645
DCGS0003,BOXED GLASS ASHTRAY,13,13,32.589999999999996,2.506923076923077
DCGS0004,HAYNES CAMPER SHOULDER BAG,4,4,67.94,16.985
DCGS0037,KEY-RING CORKSCREW,1,1,12.72,12.72
DCGS0041,HAYNES MINI-COOPER PLAYING CARDS,1,1,5.06,5.06
DCGS0044,HANDZ-OFF CAR FRESHENER,1,1,2.57,2.57
DCGS0058,MISO PRETTY  GUM,30,42,34.82,0.8286666666666667
DCGS0062,ROAD-RAGE CAR FRESHENER,1,1,2.51,2.51
DCGS0066N,NAVY CUDDLES DOG HOODIE,2,2,17.3,8.65
DCGS0068,DOGS NIGHT COLLAR,2,2,17.12,8.56
DCGS0069,OOH LA LA DOGS COLLAR,5,5,80.31,16.062
DCGS0070,CAMOUFLAGE DOG COLLAR,2,2,25.44,12.72
DCGS0072,CAT CAMOUFLAGUE COLLAR,3,4,20.68,5.17
DCGS0075,CAMOUFLAGUE DOG LEAD,1,1,12.72,12.72
DCGS0076,SUNJAR LED NIGHT NIGHT LIGHT,14,18,292.09,16.246666666666666
DCGSSBOY,BOYS PARTY BAG,21,77,251.35,3.2261904761904763
DCGSSGIRL,GIRLS PARTY BAG,23,92,295.63,3.2317391304347827
S,SAMPLES,3,3,136.85,45.61666666666667
SP1002,KID'S CHALKBOARD/EASEL,2,5,14.75,2.95
TEST001,This is a test product.,9,50,225.0,4.5
TEST002,This is a test product.,1,1,1.0,1.0
gift_0001_10,Dotcomgiftshop Gift Voucher £10.00,14,15,126.21,8.42
gift_0001_20,Dotcomgiftshop Gift Voucher £20.00,26,28,471.06,16.807692307692307
gift_0001_30,Dotcomgiftshop Gift Voucher £30.00,24,24,610.09,25.420416666666668
gift_0001_40,Dotcomgiftshop Gift Voucher £40.00,5,5,166.09,33.218
gift_0001_50,Dotcomgiftshop Gift Voucher £50.00,6,6,253.59,42.265
gift_0001_70,Dotcomgiftshop Gift Voucher £70.00,1,1,59.57,59.57
gift_0001_80,Dotcomgiftshop Gift Voucher £80.00,1,1,69.56,69.56
m,Manual,4,5,15.049999999999999,3.01
