CustomerKey,RecencyDays,Frequency,Monetary,AvgOrderValue,AvgBasketSize,TenureDays,LastPurchase,FirstPurchase,Churned90,IsRepeat,CustomerID,Country,Cluster,Segment
1,325,12,77556.46,6463.038333333334,2184.8529411764707,400,2011-01-18 10:01:00,2009-12-14 08:34:00,1,1,12346,United Kingdom,0,Champions
2,1,8,5633.32,704.165,12.98814229249012,402,2011-12-07 15:52:00,2010-10-31 14:20:00,0,1,12347,Iceland,0,Champions
3,74,5,1658.4,331.67999999999995,58.78260869565217,362,2011-09-25 13:13:00,2010-09-27 14:59:00,0,1,12348,Finland,2,Loyal Customers
4,18,3,3678.69,1226.23,9.424418604651162,570,2011-11-21 09:51:00,2010-04-29 13:20:00,0,1,12349,Italy,2,Loyal Customers
5,309,1,294.4,294.4,12.25,0,2011-02-02 16:01:00,2011-02-02 16:01:00,1,0,12350,Norway,3,At Risk / Lapsed
6,374,1,300.93,300.93,12.428571428571429,0,2010-11-29 15:23:00,2010-11-29 15:23:00,1,0,12351,Unspecified,3,At Risk / Lapsed
7,35,9,1729.54,192.17111111111112,7.515789473684211,356,2011-11-03 14:37:00,2010-11-12 10:20:00,0,1,12352,Norway,2,Loyal Customers
8,203,2,406.76,203.38,8.833333333333334,204,2011-05-19 17:47:00,2010-10-27 12:44:00,1,1,12353,Bahrain,1,Promising
9,231,1,1079.4,1079.4,9.137931034482758,0,2011-04-21 13:11:00,2011-04-21 13:11:00,1,0,12354,Spain,1,Promising
10,213,2,947.61,473.805,15.514285714285714,353,2011-05-09 13:49:00,2010-05-21 11:59:00,1,1,12355,Bahrain,1,Promising
11,22,6,5611.73,935.2883333333332,24.287769784172664,401,2011-11-17 08:40:00,2010-10-11 09:42:00,0,1,12356,Portugal,2,Loyal Customers
12,32,2,17437.66,8718.83,22.32542372881356,355,2011-11-06 16:07:00,2010-11-16 10:05:00,0,1,12357,Switzerland,2,Loyal Customers
13,1,5,3447.07,689.414,14.432432432432432,730,2011-12-08 10:26:00,2009-12-08 07:59:00,0,1,12358,Austria,2,Loyal Customers
14,57,10,8873.39,887.3389999999999,7.566298342541437,676,2011-10-13 12:47:00,2009-12-05 13:32:00,0,1,12359,Cyprus,0,Champions
15,51,6,3612.89,602.1483333333333,11.5781990521327,603,2011-10-18 15:22:00,2010-02-22 09:32:00,0,1,12360,Austria,2,Loyal Customers
16,286,4,451.25,112.8125,9.24,394,2011-02-25 13:51:00,2010-01-26 14:37:00,1,1,12361,Belgium,1,Promising
17,2,10,4737.23,473.723,8.58203125,292,2011-12-06 15:40:00,2011-02-17 10:30:00,0,1,12362,Belgium,0,Champions
18,109,2,552.0,276.0,17.73913043478261,132,2011-08-22 10:18:00,2011-04-11 13:29:00,1,1,12363,Unspecified,1,Promising
19,7,4,1208.1,302.025,18.50617283950617,104,2011-12-02 10:22:00,2011-08-19 15:24:00,0,1,12364,Belgium,2,Loyal Customers
20,290,1,320.69,320.69,8.238095238095237,0,2011-02-21 13:51:00,2011-02-21 13:51:00,1,0,12365,Cyprus,1,Promising
21,633,1,500.24,500.24,98.66666666666669,0,2010-03-16 10:28:00,2010-03-16 10:28:00,1,0,12366,Cyprus,3,At Risk / Lapsed
22,3,1,150.9,150.9,17.2,0,2011-12-05 16:48:00,2011-12-05 16:48:00,0,0,12367,Denmark,1,Promising
23,627,1,917.7,917.7,18.33333333333333,0,2010-03-21 15:56:00,2010-03-21 15:56:00,1,0,12368,Cyprus,3,At Risk / Lapsed
24,412,3,1511.15,503.7166666666667,13.71111111111111,228,2010-10-22 13:13:00,2010-03-08 08:09:00,1,1,12369,Austria,3,At Risk / Lapsed
25,50,7,3956.56,565.2228571428572,13.17258883248731,617,2011-10-19 14:51:00,2010-02-09 09:41:00,0,1,12370,Cyprus,2,Loyal Customers
26,59,4,3347.38,836.845,8.699386503067485,585,2011-10-11 10:43:00,2010-03-04 18:23:00,0,1,12371,Switzerland,2,Loyal Customers
27,71,3,1196.04,398.68,16.081632653061224,224,2011-09-29 12:12:00,2011-02-16 12:46:00,0,1,12372,Denmark,2,Loyal Customers
28,310,3,927.65,309.2166666666667,10.645833333333334,362,2011-02-01 13:10:00,2010-02-04 12:08:00,1,1,12373,Austria,2,Loyal Customers
29,24,3,2669.22,889.7399999999999,16.71604938271605,563,2011-11-14 15:37:00,2010-04-30 14:01:00,0,1,12374,Austria,2,Loyal Customers
30,10,2,377.5,188.75,11.733333333333333,87,2011-11-29 10:36:00,2011-09-02 14:23:00,0,1,12375,Finland,1,Promising
31,389,2,383.15,191.575,21.545454545454547,28,2010-11-15 12:15:00,2010-10-18 08:42:00,1,1,12376,Switzerland,3,At Risk / Lapsed
32,314,4,3266.32,816.58,14.006666666666666,274,2011-01-28 15:45:00,2010-04-29 15:34:00,1,1,12377,Switzerland,2,Loyal Customers
33,129,2,5416.32,2708.16,11.016611295681065,432,2011-08-02 10:34:00,2010-05-26 14:07:00,1,1,12378,Switzerland,2,Loyal Customers
34,81,4,1470.22,367.555,10.454545454545457,452,2011-09-19 10:09:00,2010-06-23 12:49:00,0,1,12379,Belgium,2,Loyal Customers
35,21,8,7210.65,901.33125,12.411985018726591,640,2011-11-18 11:27:00,2010-02-15 12:05:00,0,1,12380,Belgium,0,Champions
36,4,3,1474.81,491.6033333333333,9.71951219512195,115,2011-12-05 12:44:00,2011-08-12 09:57:00,0,1,12381,Norway,2,Loyal Customers
37,184,5,1628.56,325.712,16.148936170212767,167,2011-06-08 08:02:00,2010-12-22 14:28:00,1,1,12383,Belgium,2,Loyal Customers
38,28,2,425.27,212.635,4.88,92,2011-11-11 08:39:00,2011-08-10 11:23:00,0,1,12384,Switzerland,1,Promising
39,378,1,1668.4,1668.4,9.28125,0,2010-11-25 15:14:00,2010-11-25 15:14:00,1,0,12385,Belgium,3,At Risk / Lapsed
40,337,2,660.8,330.4,31.55555555555556,29,2011-01-06 12:37:00,2010-12-08 09:53:00,1,1,12386,Australia,3,At Risk / Lapsed
41,414,1,143.94,143.94,14.88888888888889,0,2010-10-20 16:27:00,2010-10-20 16:27:00,1,0,12387,Australia,3,At Risk / Lapsed
42,15,8,3901.11,487.63875,13.705479452054794,566,2011-11-24 12:30:00,2010-05-06 12:54:00,0,1,12388,Australia,2,Loyal Customers
43,402,3,1433.33,477.7766666666666,12.53061224489796,253,2010-11-02 11:52:00,2010-02-22 10:15:00,1,1,12389,Australia,3,At Risk / Lapsed
44,79,1,504.84,504.84,11.290322580645162,0,2011-09-21 09:33:00,2011-09-21 09:33:00,0,0,12390,Belgium,1,Promising
45,21,6,2724.84,454.14,4.50936329588015,641,2011-11-18 12:07:00,2010-02-15 10:12:00,0,1,12391,Cyprus,2,Loyal Customers
46,590,1,234.75000000000003,234.75000000000003,10.428571428571429,0,2010-04-27 14:04:00,2010-04-27 14:04:00,1,0,12392,Australia,3,At Risk / Lapsed
47,71,6,2399.4500000000003,399.90833333333336,12.25233644859813,356,2011-09-28 15:41:00,2010-10-07 13:49:00,0,1,12393,Australia,2,Loyal Customers
48,63,2,1080.48,540.24,32.32,153,2011-10-07 08:08:00,2011-05-06 14:01:00,0,1,12394,Belgium,1,Promising
49,18,15,4551.27,303.418,15.550420168067228,583,2011-11-20 15:21:00,2010-04-16 10:16:00,0,1,12395,Belgium,0,Champions
50,673,1,931.43,931.43,9.092307692307692,0,2010-02-03 13:22:00,2010-02-03 13:22:00,1,0,12396,RSA,3,At Risk / Lapsed
51,35,2,2214.9,1107.45,10.080645161290322,99,2011-11-04 09:52:00,2011-07-27 14:21:00,0,1,12397,Belgium,2,Loyal Customers
52,45,1,1435.66,1435.66,16.535714285714285,0,2011-10-25 10:27:00,2011-10-25 10:27:00,0,0,12398,Switzerland,1,Promising
53,118,7,1842.3,263.18571428571425,21.262135922330096,525,2011-08-12 13:15:00,2010-03-05 08:45:00,1,1,12399,Belgium,2,Loyal Customers
54,413,1,205.25,205.25,8.272727272727273,0,2010-10-21 13:45:00,2010-10-21 13:45:00,1,0,12400,Australia,3,At Risk / Lapsed
55,302,1,69.3,69.3,2.5,0,2011-02-09 13:50:00,2011-02-09 13:50:00,1,0,12401,Belgium,3,At Risk / Lapsed
56,322,6,1136.9,189.48333333333332,9.0,347,2011-01-20 13:49:00,2010-02-07 12:41:00,1,1,12402,Belgium,2,Loyal Customers
57,49,2,947.36,473.68,36.57142857142857,471,2011-10-21 10:51:00,2010-07-06 11:39:00,0,1,12403,Denmark,1,Promising
58,681,1,63.24,63.24,1.0,0,2010-01-26 16:25:00,2010-01-26 16:25:00,1,0,12404,Finland,3,At Risk / Lapsed
59,148,1,1390.39,1390.39,16.0188679245283,0,2011-07-14 08:52:00,2011-07-14 08:52:00,1,0,12405,Finland,1,Promising
60,21,5,6390.36,1278.072,20.57831325301205,675,2011-11-17 19:22:00,2010-01-11 14:04:00,0,1,12406,Denmark,2,Loyal Customers
61,49,5,1507.12,301.42400000000004,19.48611111111111,214,2011-10-21 10:11:00,2011-03-20 13:21:00,0,1,12407,Belgium,2,Loyal Customers
62,32,8,3905.77,488.22125,14.473684210526317,465,2011-11-07 12:27:00,2010-07-29 13:27:00,0,1,12408,Belgium,2,Loyal Customers
63,78,7,23419.29,3345.612857142857,49.78409090909091,486,2011-09-22 10:38:00,2010-05-23 15:21:00,0,1,12409,Switzerland,0,Champions
64,308,3,773.71,257.90333333333336,8.81578947368421,193,2011-02-04 10:39:00,2010-07-25 13:26:00,1,1,12410,Switzerland,3,At Risk / Lapsed
65,409,1,346.9,346.9,6.2727272727272725,0,2010-10-26 09:25:00,2010-10-26 09:25:00,1,0,12411,Australia,3,At Risk / Lapsed
66,74,6,2404.93,400.82166666666666,16.41322314049587,464,2011-09-26 10:16:00,2010-06-18 13:22:00,0,1,12412,Denmark,2,Loyal Customers
67,66,4,871.45,217.8625,6.520833333333333,335,2011-10-04 09:00:00,2010-11-02 13:26:00,0,1,12413,France,2,Loyal Customers
68,216,4,532.41,133.1025,22.227272727272727,246,2011-05-06 14:51:00,2010-09-02 12:22:00,1,1,12414,Austria,2,Loyal Customers
69,23,24,144033.37,6001.390416666666,99.17895878524946,503,2011-11-15 14:22:00,2010-06-30 08:30:00,0,1,12415,Australia,0,Champions
70,656,1,202.56,202.56,12.0,0,2010-02-21 10:19:00,2010-02-21 10:19:00,1,0,12416,Australia,3,At Risk / Lapsed
71,2,20,5998.41,299.9205,8.1,730,2011-12-06 14:52:00,2009-12-06 10:30:00,0,1,12417,Belgium,0,Champions
72,112,4,2021.2,505.3,10.666666666666666,517,2011-08-19 11:08:00,2010-03-19 14:47:00,1,1,12418,Switzerland,2,Loyal Customers
73,385,2,391.01,195.505,9.869565217391305,27,2010-11-19 10:04:00,2010-10-22 10:40:00,1,1,12419,Spain,3,At Risk / Lapsed
74,63,1,600.39,600.39,11.89655172413793,0,2011-10-07 08:55:00,2011-10-07 08:55:00,0,0,12420,Cyprus,1,Promising
75,15,6,874.6,145.76666666666668,10.915254237288137,489,2011-11-24 09:07:00,2010-07-22 13:57:00,0,1,12421,Spain,2,Loyal Customers
76,95,12,3639.35,303.27916666666664,15.919753086419751,625,2011-09-05 09:48:00,2009-12-18 12:44:00,1,1,12422,Switzerland,0,Champions
77,0,10,2301.39,230.139,11.432258064516128,465,2011-12-09 10:10:00,2010-08-31 09:31:00,0,1,12423,Belgium,2,Loyal Customers
78,162,4,3340.03,835.0075,22.01086956521739,385,2011-06-30 12:06:00,2010-06-09 15:15:00,1,1,12424,Australia,2,Loyal Customers
79,77,2,1741.41,870.705,12.604395604395604,370,2011-09-22 17:31:00,2010-09-17 14:10:00,0,1,12425,Portugal,2,Loyal Customers
80,194,2,1201.21,600.605,7.68,468,2011-05-29 12:26:00,2010-02-15 08:41:00,1,1,12426,Germany,2,Loyal Customers
81,21,3,949.3,316.43333333333334,16.27027027027027,349,2011-11-18 08:56:00,2010-12-03 10:44:00,0,1,12427,Germany,2,Loyal Customers
82,25,8,6405.26,800.6575,12.226480836236934,257,2011-11-14 08:22:00,2011-03-01 09:33:00,0,1,12428,Finland,0,Champions
83,8,8,6979.91,872.48875,19.62721893491124,537,2011-11-30 17:22:00,2010-06-11 13:28:00,0,1,12429,Denmark,0,Champions
84,42,1,216.4,216.4,11.6,0,2011-10-27 15:09:00,2011-10-27 15:09:00,0,0,12430,Norway,1,Promising
85,35,25,10460.47,418.4188,11.741854636591478,658,2011-11-04 11:55:00,2010-01-15 09:04:00,0,1,12431,Australia,0,Champions
86,42,4,4359.32,1089.83,16.822429906542055,129,2011-10-28 11:43:00,2011-06-20 13:27:00,0,1,12432,Norway,2,Loyal Customers
87,0,10,20581.26,2058.126,24.243626062322942,476,2011-12-09 10:02:00,2010-08-20 09:23:00,0,1,12433,Norway,0,Champions
88,84,3,1103.43,367.81,7.6,296,2011-09-16 12:38:00,2010-11-23 13:38:00,0,1,12434,Australia,2,Loyal Customers
89,79,6,13925.93,2320.988333333333,44.267857142857146,657,2011-09-21 09:06:00,2009-12-02 13:58:00,0,1,12435,Denmark,0,Champions
90,99,1,429.0100000000001,429.0100000000001,13.933333333333334,0,2011-09-01 12:09:00,2011-09-01 12:09:00,1,0,12436,Norway,1,Promising
91,1,38,11282.4,296.90526315789475,14.975425330812854,735,2011-12-08 11:35:00,2009-12-02 16:24:00,0,1,12437,France,0,Champions
92,13,2,2466.85,1233.425,12.177083333333334,125,2011-11-25 13:28:00,2011-07-22 13:29:00,0,1,12438,Norway,2,Loyal Customers
93,682,2,1142.88,571.44,6.732394366197183,43,2010-01-26 12:11:00,2009-12-14 08:40:00,1,1,12439,Cyprus,3,At Risk / Lapsed
94,461,2,739.2,369.6,10.933333333333334,255,2010-09-03 13:11:00,2009-12-22 12:03:00,1,1,12440,Austria,3,At Risk / Lapsed
95,366,1,311.1,311.1,12.0,0,2010-12-08 10:45:00,2010-12-08 10:45:00,1,0,12441,France,3,At Risk / Lapsed
96,2,1,144.06,144.06,16.454545454545453,0,2011-12-06 14:22:00,2011-12-06 14:22:00,0,0,12442,Spain,1,Promising
97,731,1,365.31,365.31,8.95,0,2009-12-07 15:42:00,2009-12-07 15:42:00,1,0,12443,Norway,3,At Risk / Lapsed
98,20,5,4085.46,817.092,6.569767441860465,149,2011-11-18 13:23:00,2011-06-21 14:00:00,0,1,12444,Norway,2,Loyal Customers
99,21,2,378.98,189.49,8.869565217391305,398,2011-11-17 18:43:00,2010-10-15 12:28:00,0,1,12445,Spain,1,Promising
100,57,1,1002.31,1002.31,6.157894736842105,0,2011-10-13 12:50:00,2011-10-13 12:50:00,0,0,12446,RSA,1,Promising
101,242,1,431.49,431.49,7.48,0,2011-04-10 13:25:00,2011-04-10 13:25:00,1,0,12447,Belgium,1,Promising
102,43,1,365.45,365.45,11.428571428571429,0,2011-10-26 13:46:00,2011-10-26 13:46:00,0,0,12448,Spain,1,Promising
103,21,5,4274.89,854.9780000000001,11.464285714285714,416,2011-11-17 13:46:00,2010-09-27 09:37:00,0,1,12449,Belgium,2,Loyal Customers
104,155,5,688.2,137.64,11.945945945945946,318,2011-07-06 14:41:00,2010-08-22 13:11:00,1,1,12450,Spain,2,Loyal Customers
105,10,8,12629.88,1578.735,18.349019607843136,518,2011-11-29 08:40:00,2010-06-28 12:58:00,0,1,12451,Switzerland,0,Champions
106,16,1,348.57,348.57,9.05,0,2011-11-23 08:05:00,2011-11-23 08:05:00,0,0,12452,Switzerland,1,Promising
107,133,1,707.09,707.09,11.0,0,2011-07-28 14:08:00,2011-07-28 14:08:00,1,0,12453,Austria,1,Promising
108,55,4,16459.78,4114.945,197.48717948717947,364,2011-10-14 17:13:00,2010-10-14 17:33:00,0,1,12454,Spain,0,Champions
109,72,9,5722.95,635.8833333333333,14.977272727272728,648,2011-09-27 15:31:00,2009-12-18 12:33:00,0,1,12455,Cyprus,0,Champions
110,43,3,2581.04,860.3466666666667,13.262295081967212,210,2011-10-26 14:41:00,2011-03-30 09:12:00,0,1,12456,Switzerland,2,Loyal Customers
111,65,7,2555.91,365.13,13.5375,368,2011-10-04 13:13:00,2010-09-30 17:59:00,0,1,12457,Switzerland,2,Loyal Customers
112,70,4,1502.49,375.6225,12.2375,416,2011-09-29 15:25:00,2010-08-09 10:33:00,0,1,12458,Switzerland,2,Loyal Customers
113,604,1,398.36,398.36,11.636363636363637,0,2010-04-13 14:53:00,2010-04-13 14:53:00,1,0,12459,Spain,3,At Risk / Lapsed
114,455,1,296.65,296.65,9.882352941176473,0,2010-09-09 13:51:00,2010-09-09 13:51:00,1,0,12460,Belgium,3,At Risk / Lapsed
115,154,1,626.88,626.88,8.294117647058824,0,2011-07-08 10:23:00,2011-07-08 10:23:00,1,0,12461,Switzerland,1,Promising
116,18,2,937.59,468.795,8.783333333333333,284,2011-11-21 09:11:00,2011-02-09 14:44:00,0,1,12462,Spain,1,Promising
117,52,4,1200.78,300.195,9.721518987341772,188,2011-10-17 13:44:00,2011-04-12 12:47:00,0,1,12463,Belgium,2,Loyal Customers
118,9,8,957.05,119.63125,4.318181818181818,299,2011-11-29 13:33:00,2011-02-03 13:30:00,0,1,12464,Belgium,2,Loyal Customers
119,16,2,682.1899999999999,341.095,10.555555555555555,152,2011-11-22 16:34:00,2011-06-23 13:37:00,0,1,12465,Belgium,1,Promising
120,681,1,56.73,56.73,1.0,0,2010-01-26 16:26:00,2010-01-26 16:26:00,1,0,12466,France,3,At Risk / Lapsed
121,422,1,132.8,132.8,14.333333333333334,0,2010-10-12 15:41:00,2010-10-12 15:41:00,1,0,12467,USA,3,At Risk / Lapsed
122,187,5,3238.74,647.7479999999999,15.013793103448275,495,2011-06-05 11:36:00,2010-01-26 10:09:00,1,1,12468,Germany,2,Loyal Customers
123,522,2,3070.54,1535.27,33.578947368421055,14,2010-07-05 12:40:00,2010-06-21 10:30:00,1,1,12469,Thailand,3,At Risk / Lapsed
124,689,1,211.95,211.95,4.130434782608695,0,2010-01-19 11:01:00,2010-01-19 11:01:00,1,0,12470,Unspecified,3,At Risk / Lapsed
125,1,72,35140.99,488.0693055555555,15.269301470588236,730,2011-12-07 15:43:00,2009-12-07 10:41:00,0,1,12471,Germany,0,Champions
126,31,19,16494.59,868.1363157894737,12.652076318742983,693,2011-11-07 14:01:00,2009-12-14 10:49:00,0,1,12472,Germany,0,Champions
127,53,3,2585.73,861.91,14.9625,138,2011-10-17 11:27:00,2011-06-01 10:15:00,0,1,12473,Germany,2,Loyal Customers
128,16,29,11310.75,390.0258620689655,11.572687224669604,649,2011-11-22 14:39:00,2010-02-11 09:41:00,0,1,12474,Germany,0,Champions
129,53,2,1065.64,532.82,12.983050847457626,356,2011-10-17 10:10:00,2010-10-26 08:49:00,0,1,12475,Germany,1,Promising
130,15,18,12319.91,684.4394444444445,11.110441767068274,486,2011-11-24 12:40:00,2010-07-26 09:04:00,0,1,12476,Germany,0,Champions
131,22,9,20276.37,2252.93,10.849290780141844,600,2011-11-17 09:51:00,2010-03-26 14:01:00,0,1,12477,Germany,0,Champions
132,3,1,545.99,545.99,6.6571428571428575,0,2011-12-06 09:56:00,2011-12-06 09:56:00,0,0,12478,Greece,1,Promising
133,10,1,473.2,473.2,12.733333333333333,0,2011-11-28 13:26:00,2011-11-28 13:26:00,0,0,12479,Germany,1,Promising
134,27,7,4834.85,690.6928571428572,12.412765957446808,479,2011-11-11 14:52:00,2010-07-20 13:21:00,0,1,12480,Germany,2,Loyal Customers
135,22,14,11174.89,798.2064285714285,19.08222811671088,584,2011-11-17 08:29:00,2010-04-11 13:10:00,0,1,12481,Germany,0,Champions
136,575,27,21941.72,812.6562962962963,133.86138613861385,77,2010-05-12 16:51:00,2010-02-24 10:24:00,1,1,12482,Sweden,0,Champions
137,16,19,4069.18,214.16736842105263,17.4672131147541,660,2011-11-22 17:02:00,2010-01-31 13:28:00,0,1,12483,Sweden,0,Champions
138,34,9,5557.1,617.4555555555556,6.961290322580645,645,2011-11-04 15:18:00,2010-01-27 16:41:00,0,1,12484,Spain,0,Champions
139,528,1,708.1,708.1,12.176470588235292,0,2010-06-28 15:22:00,2010-06-28 15:22:00,1,0,12485,Sweden,3,At Risk / Lapsed
140,431,1,917.28,917.28,10.833333333333334,0,2010-10-04 12:14:00,2010-10-04 12:14:00,1,0,12486,Sweden,3,At Risk / Lapsed
141,730,1,285.29999999999995,285.29999999999995,87.0,0,2009-12-09 11:36:00,2009-12-09 11:36:00,1,0,12487,Sweden,3,At Risk / Lapsed
142,9,3,1244.66,414.8866666666667,9.74074074074074,65,2011-11-30 08:50:00,2011-09-25 10:34:00,0,1,12488,France,2,Loyal Customers
143,335,1,298.93,298.93,7.357142857142857,0,2011-01-07 13:13:00,2011-01-07 13:13:00,1,0,12489,France,3,At Risk / Lapsed
144,4,20,8764.64,438.232,13.263038548752837,733,2011-12-04 16:07:00,2009-12-01 12:52:00,0,1,12490,France,0,Champions
145,38,1,424.4,424.4,10.32,0,2011-11-01 12:18:00,2011-11-01 12:18:00,0,0,12491,France,1,Promising
146,62,3,607.21,202.4033333333333,11.23076923076923,340,2011-10-07 15:15:00,2010-11-01 14:58:00,0,1,12492,Germany,1,Promising
147,165,2,415.74,207.87,9.80952380952381,31,2011-06-27 10:17:00,2011-05-26 14:53:00,1,1,12493,France,1,Promising
148,15,9,1602.87,178.0966666666667,9.53921568627451,560,2011-11-24 09:34:00,2010-05-12 13:52:00,0,1,12494,France,2,Loyal Customers
149,640,1,277.4,277.4,8.0,0,2010-03-09 10:53:00,2010-03-09 10:53:00,1,0,12495,Sweden,3,At Risk / Lapsed
150,619,2,45.34,22.67,3.0,0,2010-03-29 14:06:00,2010-03-29 13:57:00,1,1,12496,Spain,3,At Risk / Lapsed
151,81,3,5996.5,1998.8333333333333,103.10909090909092,563,2011-09-19 12:29:00,2010-03-05 09:39:00,0,1,12497,Germany,2,Loyal Customers
152,20,3,349.70000000000005,116.56666666666668,7.428571428571429,36,2011-11-18 12:53:00,2011-10-13 09:30:00,0,1,12498,Germany,1,Promising
153,559,1,357.72,357.72,11.538461538461538,0,2010-05-28 15:12:00,2010-05-28 15:12:00,1,0,12499,Germany,3,At Risk / Lapsed
154,22,18,5559.21,308.845,25.807692307692307,650,2011-11-16 16:20:00,2010-02-04 15:05:00,0,1,12500,Germany,0,Champions
155,336,1,2025.39,2025.39,11.993243243243244,0,2011-01-07 12:28:00,2011-01-07 12:28:00,1,0,12501,Germany,3,At Risk / Lapsed
156,95,5,2995.87,599.174,5.591549295774648,214,2011-09-05 11:52:00,2011-02-03 10:41:00,1,1,12502,Spain,2,Loyal Customers
157,583,1,896.0,896.0,560.0,0,2010-05-04 13:59:00,2010-05-04 13:59:00,1,0,12503,Spain,3,At Risk / Lapsed
158,17,4,689.05,172.2625,26.647058823529413,578,2011-11-21 16:02:00,2010-04-22 10:24:00,0,1,12504,Germany,2,Loyal Customers
159,408,1,787.2,787.2,7.7560975609756095,0,2010-10-27 09:18:00,2010-10-27 09:18:00,1,0,12505,Italy,3,At Risk / Lapsed
160,232,1,73.5,73.5,1.0,0,2011-04-21 08:54:00,2011-04-21 08:54:00,1,0,12506,France,1,Promising
161,133,4,1508.06,377.015,27.043478260869566,450,2011-07-28 17:09:00,2010-05-04 09:23:00,1,1,12507,Spain,2,Loyal Customers
162,25,2,397.88,198.94,3.985294117647059,2,2011-11-13 15:37:00,2011-11-10 16:27:00,0,1,12508,France,1,Promising
163,283,1,158.5,158.5,9.0,0,2011-02-28 14:45:00,2011-02-28 14:45:00,1,0,12509,France,1,Promising
164,142,7,3039.03,434.1471428571429,14.751824817518248,592,2011-07-20 10:15:00,2009-12-04 13:47:00,1,1,12510,Spain,2,Loyal Customers
165,428,1,3084.02,3084.02,9.226315789473684,0,2010-10-07 10:39:00,2010-10-07 10:39:00,1,0,12511,Greece,3,At Risk / Lapsed
166,65,2,132.18,66.09,3.096774193548387,0,2011-10-04 14:55:00,2011-10-04 14:53:00,0,1,12512,Israel,1,Promising
167,112,1,558.29,558.29,13.5,0,2011-08-19 10:51:00,2011-08-19 10:51:00,1,0,12513,France,1,Promising
168,266,2,1597.76,798.88,10.0,374,2011-03-17 16:38:00,2010-03-08 12:18:00,1,1,12514,Italy,2,Loyal Customers
169,352,1,278.7,278.7,8.533333333333333,0,2010-12-21 15:43:00,2010-12-21 15:43:00,1,0,12515,Italy,3,At Risk / Lapsed
170,77,4,2288.62,572.155,27.6,521,2011-09-23 09:13:00,2010-04-19 14:14:00,0,1,12516,Germany,2,Loyal Customers
171,27,4,2301.6,575.4,4.894927536231884,161,2011-11-11 13:57:00,2011-06-02 15:13:00,0,1,12517,Germany,2,Loyal Customers
172,0,5,1840.89,368.178,10.974789915966388,109,2011-12-09 10:13:00,2011-08-21 13:18:00,0,1,12518,Germany,2,Loyal Customers
173,63,2,626.54,313.27,10.324324324324325,413,2011-10-07 09:26:00,2010-08-20 08:21:00,0,1,12519,Germany,1,Promising
174,78,5,2346.26,469.252,9.680272108843536,194,2011-09-21 15:23:00,2011-03-11 11:35:00,0,1,12520,Germany,2,Loyal Customers
175,142,1,545.68,545.68,8.27027027027027,0,2011-07-20 10:51:00,2011-07-20 10:51:00,1,0,12521,Germany,1,Promising
176,38,2,156.72,78.36,19.2,12,2011-10-31 15:30:00,2011-10-19 14:41:00,0,1,12522,Germany,1,Promising
177,18,23,4010.35,174.36304347826086,9.428571428571429,712,2011-11-20 12:55:00,2009-12-07 13:46:00,0,1,12523,France,0,Champions
178,8,17,9794.11,576.1241176470588,31.714285714285715,660,2011-11-30 15:31:00,2010-02-08 14:41:00,0,1,12524,Germany,0,Champions
179,497,3,883.73,294.57666666666665,8.542372881355933,149,2010-07-29 16:08:00,2010-03-02 14:01:00,1,1,12525,France,3,At Risk / Lapsed
180,0,3,1172.66,390.8866666666667,9.176470588235292,93,2011-12-09 12:09:00,2011-09-06 14:19:00,0,1,12526,Germany,2,Loyal Customers
181,81,5,717.51,143.502,16.93548387096774,447,2011-09-19 11:55:00,2010-06-28 15:37:00,0,1,12527,Germany,2,Loyal Customers
182,8,6,1645.48,274.24666666666667,8.604651162790697,303,2011-11-30 14:40:00,2011-01-31 09:05:00,0,1,12528,Germany,2,Loyal Customers
183,527,1,316.48,316.48,9.142857142857142,0,2010-06-29 13:10:00,2010-06-29 13:10:00,1,0,12529,France,3,At Risk / Lapsed
184,59,9,3381.26,375.6955555555556,18.06711409395973,582,2011-10-11 12:34:00,2010-03-07 14:37:00,0,1,12530,Germany,2,Loyal Customers
185,14,2,1771.2,885.6,8.80952380952381,671,2011-11-25 11:12:00,2010-01-22 14:17:00,0,1,12531,Germany,2,Loyal Customers
186,29,1,313.83000000000004,313.83000000000004,10.066666666666666,0,2011-11-09 13:47:00,2011-11-09 13:47:00,0,0,12532,France,1,Promising
187,627,2,1223.89,611.945,9.942857142857145,110,2010-03-22 10:56:00,2009-12-01 11:50:00,1,1,12533,Germany,3,At Risk / Lapsed
188,130,1,981.18,981.18,10.403225806451612,0,2011-08-01 10:26:00,2011-08-01 10:26:00,1,0,12534,Germany,1,Promising
189,91,2,716.35,358.175,6.441176470588236,94,2011-09-09 08:48:00,2011-06-06 12:47:00,1,1,12535,France,1,Promising
190,58,1,4279.71,4279.71,10.814671814671817,0,2011-10-11 14:52:00,2011-10-11 14:52:00,0,0,12536,France,2,Loyal Customers
191,408,1,612.94,612.94,10.61904761904762,0,2010-10-27 08:36:00,2010-10-27 08:36:00,1,0,12537,Sweden,3,At Risk / Lapsed
192,28,2,640.45,320.225,9.882352941176473,349,2011-11-10 17:16:00,2010-11-26 13:02:00,0,1,12538,Spain,1,Promising
193,21,7,11186.75,1598.107142857143,9.013916500994036,694,2011-11-17 13:30:00,2009-12-23 13:00:00,0,1,12539,Spain,0,Champions
194,19,32,19250.49,601.5778125,14.764546684709066,712,2011-11-20 11:31:00,2009-12-07 16:56:00,0,1,12540,Spain,0,Champions
195,29,3,841.18,280.3933333333333,13.775510204081632,251,2011-11-10 10:40:00,2011-03-04 09:32:00,0,1,12541,Spain,2,Loyal Customers
196,483,2,481.88,240.94,13.384615384615383,156,2010-08-12 19:12:00,2010-03-09 16:26:00,1,1,12542,Spain,3,At Risk / Lapsed
197,447,1,840.25,840.25,16.261904761904763,0,2010-09-17 15:51:00,2010-09-17 15:51:00,1,0,12543,Spain,3,At Risk / Lapsed
198,35,1,316.7,316.7,7.444444444444445,0,2011-11-03 16:15:00,2011-11-03 16:15:00,0,0,12544,Spain,1,Promising
199,74,2,832.39,416.195,10.770833333333334,184,2011-09-25 13:39:00,2011-03-25 12:04:00,0,1,12545,Spain,1,Promising
200,46,2,1021.5,510.75,9.373134328358208,31,2011-10-24 12:09:00,2011-09-23 09:44:00,0,1,12546,Spain,1,Promising
201,197,3,299.58,99.86,17.0,302,2011-05-26 12:38:00,2010-07-27 13:55:00,1,1,12547,Spain,1,Promising
202,165,1,67.19999999999999,67.19999999999999,12.0,0,2011-06-26 15:35:00,2011-06-26 15:35:00,1,0,12548,Spain,1,Promising
203,575,5,1570.68,314.136,28.4375,121,2010-05-13 12:05:00,2010-01-11 12:29:00,1,1,12549,USA,3,At Risk / Lapsed
204,78,1,824.83,824.83,10.071428571428571,0,2011-09-21 14:35:00,2011-09-21 14:35:00,0,0,12550,Spain,1,Promising
205,357,1,168.0,168.0,10.0,0,2010-12-17 11:23:00,2010-12-17 11:23:00,1,0,12551,Spain,3,At Risk / Lapsed
206,39,1,317.82,317.82,4.473684210526316,0,2011-10-31 12:11:00,2011-10-31 12:11:00,0,0,12552,Italy,1,Promising
207,7,12,4104.75,342.0625,10.118942731277532,415,2011-12-01 16:38:00,2010-10-12 13:35:00,0,1,12553,France,0,Champions
208,448,1,384.5,384.5,9.48,0,2010-09-17 12:29:00,2010-09-17 12:29:00,1,0,12554,Spain,3,At Risk / Lapsed
209,681,1,129.23,129.23,1.0,0,2010-01-26 16:26:00,2010-01-26 16:26:00,1,0,12555,Spain,3,At Risk / Lapsed
210,49,2,599.56,299.78,2.9831932773109244,100,2011-10-20 13:06:00,2011-07-11 13:35:00,0,1,12556,Spain,1,Promising
211,15,8,18716.14,2339.5175,116.93103448275862,706,2011-11-23 16:59:00,2009-12-17 10:39:00,0,1,12557,Spain,0,Champions
212,7,1,269.96,269.96,17.818181818181817,0,2011-12-02 10:41:00,2011-12-02 10:41:00,0,0,12558,USA,1,Promising
213,310,2,525.71,262.855,14.05,8,2011-02-02 09:49:00,2011-01-24 10:12:00,1,1,12559,Germany,3,At Risk / Lapsed
214,4,2,1918.01,959.005,10.66019417475728,137,2011-12-04 13:54:00,2011-07-19 15:55:00,0,1,12560,Germany,2,Loyal Customers
215,302,1,238.85,238.85,11.0625,0,2011-02-10 11:39:00,2011-02-10 11:39:00,1,0,12561,Germany,3,At Risk / Lapsed
216,7,9,4426.92,491.88,11.6010101010101,427,2011-12-01 17:20:00,2010-09-30 13:13:00,0,1,12562,France,0,Champions
217,408,1,221.24,221.24,9.333333333333334,0,2010-10-27 09:52:00,2010-10-27 09:52:00,1,0,12563,Italy,3,At Risk / Lapsed
218,260,1,402.9,402.9,6.5,0,2011-03-23 14:55:00,2011-03-23 14:55:00,1,0,12564,France,1,Promising
219,288,1,145.92,145.92,8.88888888888889,0,2011-02-24 10:34:00,2011-02-24 10:34:00,1,0,12565,Saudi Arabia,1,Promising
220,85,1,297.65,297.65,14.555555555555555,0,2011-09-14 14:30:00,2011-09-14 14:30:00,0,0,12566,Germany,1,Promising
221,22,15,12467.86,831.1906666666667,9.642628205128204,644,2011-11-17 11:02:00,2010-02-11 10:30:00,0,1,12567,France,0,Champions
222,644,1,52.0,52.0,11.75,0,2010-03-05 09:15:00,2010-03-05 09:15:00,1,0,12568,Germany,3,At Risk / Lapsed
223,1,32,3152.69,98.5215625,11.127388535031848,250,2011-12-07 16:24:00,2011-04-01 13:47:00,0,1,12569,Germany,0,Champions
224,681,1,77.52,77.52,1.0,0,2010-01-26 17:28:00,2010-01-26 17:28:00,1,0,12570,Spain,3,At Risk / Lapsed
225,39,2,519.61,259.805,15.382352941176473,81,2011-10-31 10:19:00,2011-08-10 12:35:00,0,1,12571,France,1,Promising
226,8,2,912.42,456.21,7.689655172413793,43,2011-12-01 09:20:00,2011-10-19 08:20:00,0,1,12572,Germany,1,Promising
227,226,5,717.41,143.482,4.025210084033613,237,2011-04-26 15:52:00,2010-08-31 17:25:00,1,1,12573,France,2,Loyal Customers
228,315,1,182.45,182.45,5.9,0,2011-01-28 09:20:00,2011-01-28 09:20:00,1,0,12574,France,3,At Risk / Lapsed
229,456,2,568.8199999999999,284.41,8.666666666666666,69,2010-09-08 13:09:00,2010-07-01 09:15:00,1,1,12575,France,3,At Risk / Lapsed
230,35,8,2062.72,257.84,10.581560283687944,490,2011-11-04 10:11:00,2010-07-01 13:46:00,0,1,12576,Poland,2,Loyal Customers
231,34,8,1613.15,201.64375,4.006734006734007,700,2011-11-04 13:24:00,2009-12-03 19:31:00,0,1,12577,France,2,Loyal Customers
232,20,4,4026.45,1006.6125,14.035714285714286,422,2011-11-18 13:30:00,2010-09-22 11:19:00,0,1,12578,Italy,2,Loyal Customers
233,77,1,386.42,386.42,10.071428571428571,0,2011-09-22 17:15:00,2011-09-22 17:15:00,0,0,12579,France,1,Promising
234,246,2,962.9,481.45,10.071428571428571,329,2011-04-07 10:24:00,2010-05-12 11:45:00,1,1,12580,Germany,1,Promising
235,39,1,179.71,179.71,11.428571428571429,0,2011-10-31 08:56:00,2011-10-31 08:56:00,0,0,12581,Germany,1,Promising
236,238,4,1820.4,455.1,9.712871287128714,338,2011-04-15 08:45:00,2010-05-11 09:55:00,1,1,12582,Finland,2,Loyal Customers
237,2,27,13295.44,492.4237037037037,20.365296803652967,730,2011-12-07 08:07:00,2009-12-06 11:57:00,0,1,12583,France,0,Champions
238,3,9,2254.15,250.4611111111111,4.347368421052631,276,2011-12-06 09:35:00,2011-03-04 15:15:00,0,1,12584,Italy,2,Loyal Customers
239,233,2,1824.1,912.05,14.905882352941177,117,2011-04-19 13:39:00,2010-12-23 12:58:00,1,1,12585,Germany,2,Loyal Customers
240,16,4,2062.67,515.6675,7.308510638297872,706,2011-11-22 16:24:00,2009-12-16 13:15:00,0,1,12586,Italy,2,Loyal Customers
241,7,1,104.0,104.0,16.666666666666668,0,2011-12-02 12:47:00,2011-12-02 12:47:00,0,0,12587,Finland,1,Promising
242,38,3,718.78,239.59333333333333,10.285714285714286,558,2011-10-31 15:01:00,2010-04-21 12:22:00,0,1,12588,Finland,2,Loyal Customers
243,28,6,3294.91,549.1516666666666,10.063583815028904,660,2011-11-11 10:19:00,2010-01-19 12:26:00,0,1,12589,France,2,Loyal Customers
244,210,1,9341.26,9341.26,63.91044776119403,0,2011-05-12 14:46:00,2011-05-12 14:46:00,1,0,12590,Germany,2,Loyal Customers
245,316,3,1114.95,371.65,9.923076923076923,91,2011-01-26 14:35:00,2010-10-27 10:42:00,1,1,12591,Italy,2,Loyal Customers
246,91,4,1723.64,430.91,24.55263157894737,427,2011-09-08 15:04:00,2010-07-08 14:06:00,1,1,12592,Germany,2,Loyal Customers
247,108,3,382.1,127.36666666666666,10.2,110,2011-08-23 12:43:00,2011-05-05 09:29:00,1,1,12593,France,1,Promising
248,37,14,4890.110000000001,349.29357142857145,14.305699481865284,608,2011-11-02 12:20:00,2010-03-03 13:51:00,0,1,12594,Italy,0,Champions
249,504,1,281.02,281.02,15.0,0,2010-07-23 09:10:00,2010-07-23 09:10:00,1,0,12595,Germany,3,At Risk / Lapsed
250,50,2,450.27,225.135,18.72,190,2011-10-19 13:02:00,2011-04-11 13:22:00,0,1,12596,Spain,1,Promising
251,18,4,3195.22,798.805,10.96039603960396,248,2011-11-20 13:33:00,2011-03-16 14:00:00,0,1,12597,Spain,2,Loyal Customers
252,9,10,4192.09,419.209,14.507537688442213,639,2011-11-30 12:18:00,2010-03-01 09:58:00,0,1,12598,France,0,Champions
253,28,13,2026.72,155.90153846153845,18.116666666666667,548,2011-11-10 13:34:00,2010-05-11 10:42:00,0,1,12599,France,0,Champions
254,28,21,4448.92,211.85333333333327,12.432432432432432,703,2011-11-11 10:29:00,2009-12-07 13:37:00,0,1,12600,Germany,0,Champions
255,189,6,573.26,95.54333333333334,10.142857142857142,214,2011-06-03 10:17:00,2010-10-31 10:57:00,1,1,12601,Germany,2,Loyal Customers
256,58,1,153.12,153.12,13.5,0,2011-10-12 11:22:00,2011-10-12 11:22:00,0,0,12602,France,1,Promising
257,21,1,613.1999999999999,613.1999999999999,56.0,0,2011-11-18 10:42:00,2011-11-18 10:42:00,0,0,12603,Germany,1,Promising
258,78,2,236.18,118.09,13.333333333333334,182,2011-09-21 14:08:00,2011-03-23 12:06:00,0,1,12604,France,1,Promising
259,375,3,1124.95,374.98333333333335,12.791666666666666,81,2010-11-28 14:18:00,2010-09-07 14:21:00,1,1,12605,Germany,3,At Risk / Lapsed
260,681,1,21.0,21.0,1.0,0,2010-01-26 16:23:00,2010-01-26 16:23:00,1,0,12606,Spain,3,At Risk / Lapsed
261,59,1,1579.51,1579.51,12.15841584158416,0,2011-10-10 16:06:00,2011-10-10 16:06:00,0,0,12607,USA,1,Promising
262,404,1,415.79,415.79,20.1875,0,2010-10-31 10:49:00,2010-10-31 10:49:00,1,0,12608,United Kingdom,3,At Risk / Lapsed
263,77,9,3021.86,335.76222222222225,9.216867469879515,641,2011-09-22 16:34:00,2009-12-20 13:30:00,0,1,12609,Germany,2,Loyal Customers
264,22,4,1747.54,436.885,10.18627450980392,103,2011-11-17 09:34:00,2011-08-05 13:52:00,0,1,12610,Italy,2,Loyal Customers
265,51,1,1193.32,1193.32,13.015384615384615,0,2011-10-18 13:12:00,2011-10-18 13:12:00,0,0,12611,Italy,1,Promising
266,73,1,668.0400000000001,668.0400000000001,14.444444444444445,0,2011-09-26 15:35:00,2011-09-26 15:35:00,0,0,12612,Germany,1,Promising
267,56,9,6277.37,697.4855555555555,13.018927444794953,668,2011-10-13 14:59:00,2009-12-14 13:10:00,0,1,12613,Germany,0,Champions
268,277,1,315.6,315.6,3.8,0,2011-03-07 10:22:00,2011-03-07 10:22:00,1,0,12614,Germany,1,Promising
269,1,8,5362.98,670.3725,12.484848484848484,629,2011-12-07 15:02:00,2010-03-18 14:09:00,0,1,12615,France,0,Champions
270,94,3,1023.1,341.03333333333336,9.647058823529411,293,2011-09-05 15:17:00,2010-11-16 11:38:00,1,1,12616,France,2,Loyal Customers
271,28,1,352.98,352.98,5.121951219512195,0,2011-11-10 14:39:00,2011-11-10 14:39:00,0,0,12617,France,1,Promising
272,21,1,137.31,137.31,9.5,0,2011-11-18 11:10:00,2011-11-18 11:10:00,0,0,12618,Italy,1,Promising
273,15,9,3085.7,342.85555555555555,38.04347826086956,544,2011-11-23 14:52:00,2010-05-28 12:52:00,0,1,12619,Germany,2,Loyal Customers
274,14,3,1303.41,434.47,12.956043956043956,189,2011-11-25 10:20:00,2011-05-19 12:10:00,0,1,12620,France,2,Loyal Customers
275,1,35,22525.81,643.5945714285715,18.735413839891454,666,2011-12-08 11:25:00,2010-02-09 12:01:00,0,1,12621,Germany,0,Champions
276,231,1,162.1,162.1,6.8,0,2011-04-21 16:39:00,2011-04-21 16:39:00,1,0,12622,Germany,1,Promising
277,275,7,3315.84,473.6914285714286,11.728915662650602,420,2011-03-08 13:50:00,2010-01-12 11:45:00,1,1,12623,Germany,2,Loyal Customers
278,105,2,569.13,284.565,9.75,71,2011-08-25 15:04:00,2011-06-15 12:34:00,1,1,12624,France,1,Promising
279,211,4,4678.88,1169.72,18.335195530726256,384,2011-05-12 09:54:00,2010-04-22 11:33:00,1,1,12625,Germany,2,Loyal Customers
280,22,9,5954.48,661.6088888888888,11.985964912280702,303,2011-11-16 16:06:00,2011-01-17 11:01:00,0,1,12626,Germany,0,Champions
281,10,6,4082.53,680.4216666666667,12.1875,129,2011-11-29 12:07:00,2011-07-22 13:59:00,0,1,12627,Germany,2,Loyal Customers
282,3,3,732.46,244.1533333333333,11.710526315789474,60,2011-12-05 13:15:00,2011-10-06 09:28:00,0,1,12628,Germany,2,Loyal Customers
283,385,2,1198.22,599.11,16.58139534883721,37,2010-11-19 09:18:00,2010-10-12 16:40:00,1,1,12629,Sweden,3,At Risk / Lapsed
284,9,2,1030.88,515.44,8.741935483870968,34,2011-11-30 10:48:00,2011-10-27 10:41:00,0,1,12630,Finland,1,Promising
285,56,6,3321.57,553.595,8.807692307692308,635,2011-10-13 13:53:00,2010-01-15 14:50:00,0,1,12631,Finland,2,Loyal Customers
286,520,2,714.88,357.44,20.87878787878788,44,2010-07-07 09:39:00,2010-05-24 09:07:00,1,1,12632,Germany,3,At Risk / Lapsed
287,58,7,5156.16,736.5942857142857,10.732441471571908,466,2011-10-12 11:40:00,2010-07-02 11:44:00,0,1,12633,Germany,2,Loyal Customers
288,547,1,360.0,360.0,17.68421052631579,0,2010-06-09 15:41:00,2010-06-09 15:41:00,1,0,12634,USA,3,At Risk / Lapsed
289,89,4,2624.41,656.1025,11.04,367,2011-09-11 11:04:00,2010-09-09 10:50:00,0,1,12635,Germany,2,Loyal Customers
290,66,12,8085.809999999999,673.8175,6.949263502454992,476,2011-10-03 13:46:00,2010-06-14 13:36:00,0,1,12637,France,0,Champions
291,32,2,681.49,340.745,14.282608695652174,606,2011-11-06 13:11:00,2010-03-10 10:30:00,0,1,12638,Sweden,1,Promising
292,238,3,1072.37,357.45666666666665,10.245901639344265,389,2011-04-15 12:48:00,2010-03-22 09:05:00,1,1,12639,Sweden,2,Loyal Customers
293,23,3,994.58,331.5266666666667,6.02,57,2011-11-16 11:52:00,2011-09-19 12:01:00,0,1,12640,France,2,Loyal Customers
294,114,1,145.9,145.9,7.888888888888889,0,2011-08-16 13:26:00,2011-08-16 13:26:00,1,0,12641,Sweden,1,Promising
295,24,3,905.26,301.75333333333333,12.409090909090908,82,2011-11-14 15:03:00,2011-08-24 09:23:00,0,1,12642,Germany,2,Loyal Customers
296,127,11,7803.82,709.4381818181818,110.52380952380952,482,2011-08-03 12:56:00,2010-04-07 14:16:00,1,1,12643,France,0,Champions
297,129,4,1900.49,475.1225,9.372727272727271,564,2011-08-02 10:33:00,2010-01-14 13:02:00,1,1,12644,Germany,2,Loyal Customers
298,33,8,3215.3,401.9125,13.861842105263158,635,2011-11-06 12:38:00,2010-02-09 10:49:00,0,1,12645,Germany,2,Loyal Customers
299,4,2,1346.97,673.485,19.933333333333334,44,2011-12-05 10:14:00,2011-10-21 12:52:00,0,1,12646,USA,2,Loyal Customers
300,21,35,14916.35,426.18142857142857,13.034883720930232,672,2011-11-17 12:56:00,2010-01-13 15:06:00,0,1,12647,Germany,0,Champions
301,154,4,1039.0,259.75,8.40983606557377,546,2011-07-08 11:55:00,2010-01-07 18:38:00,1,1,12648,Germany,2,Loyal Customers
302,106,8,2096.65,262.08125,17.392857142857142,588,2011-08-24 14:41:00,2010-01-12 17:24:00,1,1,12649,Germany,2,Loyal Customers
303,2,1,242.44000000000003,242.44000000000003,13.157894736842104,0,2011-12-06 16:34:00,2011-12-06 16:34:00,0,0,12650,France,1,Promising
304,334,4,377.75,94.4375,8.833333333333334,130,2011-01-09 12:46:00,2010-08-31 15:21:00,1,1,12651,France,3,At Risk / Lapsed
305,330,2,891.03,445.515,10.58,102,2011-01-12 15:00:00,2010-10-01 15:16:00,1,1,12652,France,3,At Risk / Lapsed
306,148,3,4160.83,1386.9433333333334,19.546511627906977,378,2011-07-14 10:41:00,2010-07-01 09:56:00,1,1,12653,Israel,2,Loyal Customers
307,10,5,529.98,105.996,7.647058823529412,284,2011-11-29 10:10:00,2011-02-17 13:16:00,0,1,12654,Germany,2,Loyal Customers
308,423,1,243.35,243.35,5.266666666666667,0,2010-10-12 09:17:00,2010-10-12 09:17:00,1,0,12655,France,3,At Risk / Lapsed
309,16,8,5723.83,715.47875,11.807531380753138,545,2011-11-22 13:42:00,2010-05-26 09:00:00,0,1,12656,France,0,Champions
310,10,4,1427.18,356.795,23.454545454545453,67,2011-11-28 15:47:00,2011-09-22 11:40:00,0,1,12657,France,2,Loyal Customers
311,18,1,632.05,632.05,9.057142857142855,0,2011-11-21 10:22:00,2011-11-21 10:22:00,0,0,12658,Germany,1,Promising
312,29,1,73.68,73.68,26.0,0,2011-11-10 11:53:00,2011-11-10 11:53:00,0,0,12659,France,1,Promising
313,10,1,227.1,227.1,10.5,0,2011-11-28 13:26:00,2011-11-28 13:26:00,0,0,12660,France,1,Promising
314,435,1,162.0,162.0,19.63636363636364,0,2010-09-29 16:46:00,2010-09-29 16:46:00,1,0,12661,Sweden,3,At Risk / Lapsed
315,0,20,6374.02,318.701,9.183937823834198,617,2011-12-09 11:59:00,2010-04-01 09:50:00,0,1,12662,Germany,0,Champions
316,624,2,185.4,92.7,22.25,43,2010-03-25 09:40:00,2010-02-09 14:28:00,1,1,12663,Germany,3,At Risk / Lapsed
317,7,11,5420.04,492.7309090909091,43.41176470588236,718,2011-12-01 17:07:00,2009-12-13 10:28:00,0,1,12664,Finland,0,Champions
318,324,3,259.6,86.53333333333335,11.571428571428571,344,2011-01-19 08:34:00,2010-02-08 15:11:00,1,1,12665,Germany,3,At Risk / Lapsed
319,393,1,1248.42,1248.42,11.935483870967742,0,2010-11-10 16:40:00,2010-11-10 16:40:00,1,0,12666,Israel,3,At Risk / Lapsed
320,57,1,460.13,460.13,12.21875,0,2011-10-12 17:00:00,2011-10-12 17:00:00,0,0,12667,Finland,1,Promising
321,11,9,9906.03,1100.67,9.438330170777988,665,2011-11-28 10:56:00,2010-01-31 15:45:00,0,1,12668,Germany,0,Champions
322,150,2,1427.73,713.865,11.26530612244898,105,2011-07-12 09:54:00,2011-03-28 10:15:00,1,1,12669,France,2,Loyal Customers
323,9,7,3436.29,490.8985714285714,14.898148148148149,656,2011-11-29 15:23:00,2010-02-11 10:13:00,0,1,12670,France,2,Loyal Customers
324,605,1,2622.48,2622.48,33.15909090909091,0,2010-04-12 16:30:00,2010-04-12 16:30:00,1,0,12671,Germany,3,At Risk / Lapsed
325,329,2,407.05,203.525,6.476190476190476,265,2011-01-14 09:20:00,2010-04-23 09:57:00,1,1,12672,France,3,At Risk / Lapsed
326,4,3,1140.02,380.00666666666666,9.65277777777778,396,2011-12-04 13:55:00,2010-11-03 10:46:00,0,1,12673,Germany,2,Loyal Customers
327,38,4,1844.6,461.15,14.253164556962023,169,2011-11-01 12:12:00,2011-05-16 09:10:00,0,1,12674,France,2,Loyal Customers
328,553,2,873.25,436.625,3.0,24,2010-06-04 09:49:00,2010-05-10 16:44:00,1,1,12675,Italy,3,At Risk / Lapsed
329,24,10,2333.09,233.30900000000003,19.11340206185567,458,2011-11-15 12:25:00,2010-08-13 13:29:00,0,1,12676,Sweden,2,Loyal Customers
330,554,2,359.1,179.55,9.157894736842104,111,2010-06-02 14:30:00,2010-02-11 13:55:00,1,1,12677,France,3,At Risk / Lapsed
331,41,17,32855.18,1932.657647058824,61.060109289617486,658,2011-10-28 13:04:00,2010-01-07 16:46:00,0,1,12678,France,0,Champions
332,58,4,951.02,237.755,12.386363636363637,225,2011-10-12 12:30:00,2011-03-01 12:26:00,0,1,12679,France,2,Loyal Customers
333,0,4,790.81,197.7025,8.959183673469388,112,2011-12-09 12:50:00,2011-08-18 15:44:00,0,1,12680,France,2,Loyal Customers
334,14,44,27898.28,634.0518181818181,12.282593375616631,711,2011-11-25 11:33:00,2009-12-13 13:31:00,0,1,12681,France,0,Champions
335,3,51,21685.51,425.2060784313725,11.0,735,2011-12-06 10:00:00,2009-12-01 09:28:00,0,1,12682,France,0,Champions
336,3,20,11400.78,570.039,14.626923076923076,722,2011-12-05 16:28:00,2009-12-13 15:01:00,0,1,12683,France,0,Champions
337,7,6,2073.63,345.605,20.132653061224488,205,2011-12-02 09:53:00,2011-05-10 12:55:00,0,1,12684,France,2,Loyal Customers
338,27,6,2575.08,429.18,9.980132450331126,65,2011-11-11 13:46:00,2011-09-07 10:28:00,0,1,12685,France,2,Loyal Customers
339,371,1,142.28,142.28,17.666666666666668,0,2010-12-03 09:51:00,2010-12-03 09:51:00,1,0,12686,France,3,At Risk / Lapsed
340,480,1,1858.91,1858.91,11.216,0,2010-08-16 12:12:00,2010-08-16 12:12:00,1,0,12687,Sweden,3,At Risk / Lapsed
341,113,1,4873.81,4873.81,17.707602339181285,0,2011-08-18 08:49:00,2011-08-18 08:49:00,1,0,12688,Israel,2,Loyal Customers
342,25,2,1139.61,569.805,8.885714285714286,101,2011-11-14 08:31:00,2011-08-04 10:04:00,0,1,12689,France,2,Loyal Customers
343,205,1,335.01,335.01,6.866666666666666,0,2011-05-18 09:09:00,2011-05-18 09:09:00,1,0,12690,France,1,Promising
344,27,6,1044.4,174.0666666666667,13.272727272727272,392,2011-11-11 16:49:00,2010-10-15 12:00:00,0,1,12691,France,2,Loyal Customers
345,636,1,110.95,110.95,2.769230769230769,0,2010-03-12 14:02:00,2010-03-12 14:02:00,1,0,12692,France,3,At Risk / Lapsed
346,126,7,1415.02,202.1457142857143,7.222222222222222,395,2011-08-04 17:51:00,2010-07-05 13:56:00,1,1,12693,Germany,2,Loyal Customers
347,69,3,1663.35,554.4499999999999,16.8125,350,2011-09-30 13:06:00,2010-10-14 19:39:00,0,1,12694,France,2,Loyal Customers
348,6,7,1371.12,195.8742857142857,7.793103448275862,658,2011-12-02 13:22:00,2010-02-12 13:22:00,0,1,12695,France,2,Loyal Customers
349,434,2,731.91,365.955,11.936170212765957,74,2010-10-01 10:43:00,2010-07-19 10:02:00,1,1,12696,Finland,3,At Risk / Lapsed
350,28,3,757.59,252.53,13.236842105263158,140,2011-11-11 08:47:00,2011-06-23 15:44:00,0,1,12697,Sweden,2,Loyal Customers
351,589,1,285.75,285.75,7.2,0,2010-04-28 15:51:00,2010-04-28 15:51:00,1,0,12698,Germany,3,At Risk / Lapsed
352,417,1,566.11,566.11,9.225,0,2010-10-18 12:07:00,2010-10-18 12:07:00,1,0,12699,Germany,3,At Risk / Lapsed
353,7,4,4525.99,1131.4975,11.151515151515152,207,2011-12-02 10:47:00,2011-05-08 16:10:00,0,1,12700,France,2,Loyal Customers
354,79,6,2248.41,374.735,12.170212765957446,553,2011-09-21 10:47:00,2010-03-16 13:23:00,0,1,12701,Germany,2,Loyal Customers
355,19,1,201.0,201.0,4.727272727272728,0,2011-11-20 10:36:00,2011-11-20 10:36:00,0,0,12702,Germany,1,Promising
356,70,4,898.53,224.6325,8.414285714285715,613,2011-09-29 17:52:00,2010-01-24 12:05:00,0,1,12703,Germany,2,Loyal Customers
357,6,8,1740.84,217.605,12.234567901234568,162,2011-12-02 13:15:00,2011-06-23 10:20:00,0,1,12704,Finland,2,Loyal Customers
358,14,13,11114.1,854.9307692307692,12.122033898305084,518,2011-11-24 13:17:00,2010-06-24 09:51:00,0,1,12705,Germany,0,Champions
359,291,1,603.42,603.42,7.757575757575758,0,2011-02-21 08:38:00,2011-02-21 08:38:00,1,0,12707,France,1,Promising
360,29,18,4738.1,263.2277777777778,8.553264604810996,691,2011-11-10 09:52:00,2009-12-18 10:25:00,0,1,12708,Germany,0,Champions
361,14,33,29968.46,908.1351515151516,28.49075975359343,715,2011-11-24 15:38:00,2009-12-09 13:49:00,0,1,12709,Germany,0,Champions
362,96,3,1023.02,341.00666666666666,11.405405405405403,104,2011-09-04 12:00:00,2011-05-22 14:05:00,1,1,12710,Germany,2,Loyal Customers
363,611,2,1213.05,606.525,13.155172413793103,65,2010-04-07 11:59:00,2010-02-01 11:30:00,1,1,12711,Germany,3,At Risk / Lapsed
364,28,21,6401.66,304.8409523809524,9.110671936758893,701,2011-11-11 08:19:00,2009-12-09 10:46:00,0,1,12712,Germany,0,Champions
365,0,1,794.55,794.55,13.64864864864865,0,2011-12-09 12:16:00,2011-12-09 12:16:00,0,0,12713,Germany,1,Promising
366,8,12,12815.71,1067.9758333333334,12.723684210526317,726,2011-11-30 15:43:00,2009-12-04 10:00:00,0,1,12714,France,0,Champions
367,105,1,263.36,263.36,10.0,0,2011-08-25 15:22:00,2011-08-25 15:22:00,1,0,12715,Sweden,1,Promising
368,3,2,963.49,481.745,10.492537313432836,129,2011-12-06 08:55:00,2011-07-29 13:28:00,0,1,12716,France,1,Promising
369,150,3,1058.91,352.97,8.75,439,2011-07-11 14:47:00,2010-04-28 14:34:00,1,1,12717,Greece,2,Loyal Customers
370,70,1,202.25,202.25,11.166666666666666,0,2011-09-29 16:38:00,2011-09-29 16:38:00,0,0,12718,France,1,Promising
371,4,2,572.95,286.475,10.0,59,2011-12-04 13:45:00,2011-10-05 14:50:00,0,1,12719,France,1,Promising
372,2,29,7306.67,251.9541379310345,12.705882352941176,503,2011-12-07 08:03:00,2010-07-21 09:46:00,0,1,12720,Germany,0,Champions
373,31,8,3635.08,454.385,11.402597402597404,440,2011-11-08 12:13:00,2010-08-25 11:07:00,0,1,12721,France,2,Loyal Customers
374,84,4,979.63,244.9075,10.865384615384617,65,2011-09-15 14:50:00,2011-07-12 11:55:00,0,1,12722,France,2,Loyal Customers
375,3,5,707.07,141.41400000000002,6.367647058823529,61,2011-12-06 10:19:00,2011-10-05 15:52:00,0,1,12723,France,2,Loyal Customers
376,4,7,2083.52,297.6457142857143,11.19672131147541,530,2011-12-04 16:02:00,2010-06-22 14:00:00,0,1,12724,France,2,Loyal Customers
377,370,3,2278.56,759.52,10.301587301587302,213,2010-12-03 15:45:00,2010-05-04 13:59:00,1,1,12725,Italy,2,Loyal Customers
378,27,11,3690.6,335.5090909090909,27.38095238095238,595,2011-11-11 13:35:00,2010-03-25 16:25:00,0,1,12726,France,0,Champions
379,10,10,4905.53,490.553,14.45077720207254,644,2011-11-29 11:46:00,2010-02-23 09:54:00,0,1,12727,France,0,Champions
380,70,5,926.17,185.234,9.553571428571429,312,2011-09-29 15:31:00,2010-11-21 11:34:00,0,1,12728,France,2,Loyal Customers
381,113,1,417.01,417.01,9.24,0,2011-08-18 11:40:00,2011-08-18 11:40:00,1,0,12729,France,1,Promising
382,521,1,703.25,703.25,4.934782608695652,0,2010-07-06 12:19:00,2010-07-06 12:19:00,1,0,12730,Germany,3,At Risk / Lapsed
383,23,17,25631.71,1507.7476470588235,29.676020408163264,624,2011-11-16 11:59:00,2010-03-02 09:23:00,0,1,12731,France,0,Champions
384,179,1,218.26,218.26,10.0,0,2011-06-13 11:33:00,2011-06-13 11:33:00,1,0,12732,France,1,Promising
385,233,4,2424.02,606.005,5.737179487179487,455,2011-04-19 16:19:00,2010-01-19 13:23:00,1,1,12733,USA,2,Loyal Customers
386,352,3,603.65,201.21666666666667,14.61111111111111,39,2010-12-22 12:47:00,2010-11-12 13:26:00,1,1,12734,France,3,At Risk / Lapsed
387,314,2,689.5699999999999,344.785,8.853658536585366,21,2011-01-28 13:37:00,2011-01-06 14:26:00,1,1,12735,France,3,At Risk / Lapsed
388,332,1,144.0,144.0,56.0,0,2011-01-11 07:57:00,2011-01-11 07:57:00,1,0,12736,France,3,At Risk / Lapsed
389,498,1,100.0,100.0,1.0,0,2010-07-29 12:27:00,2010-07-29 12:27:00,1,0,12737,France,3,At Risk / Lapsed
390,371,1,274.7,274.7,14.7,0,2010-12-02 18:27:00,2010-12-02 18:27:00,1,0,12738,Germany,3,At Risk / Lapsed
391,98,2,2421.23,1210.615,11.023255813953488,295,2011-09-01 17:45:00,2010-11-10 14:27:00,1,1,12739,United Arab Emirates,2,Loyal Customers
392,63,1,427.6,427.6,12.666666666666666,0,2011-10-07 10:44:00,2011-10-07 10:44:00,0,0,12740,France,1,Promising
393,532,1,236.07,236.07,14.2,0,2010-06-24 16:24:00,2010-06-24 16:24:00,1,0,12741,USA,3,At Risk / Lapsed
394,625,1,1201.52,1201.52,20.28358208955224,0,2010-03-24 12:43:00,2010-03-24 12:43:00,1,0,12742,United Arab Emirates,3,At Risk / Lapsed
395,133,2,540.13,270.065,2.404580152671756,0,2011-07-28 16:21:00,2011-07-28 16:06:00,1,1,12743,Unspecified,1,Promising
396,55,8,13158.16,1644.77,21.045180722891565,534,2011-10-14 14:54:00,2010-04-27 16:19:00,0,1,12744,Singapore,0,Champions
397,486,3,925.41,308.47,20.347826086956523,195,2010-08-10 10:14:00,2010-01-26 16:22:00,1,1,12745,United Kingdom,3,At Risk / Lapsed
398,540,1,254.55,254.55,5.705882352941177,0,2010-06-17 10:41:00,2010-06-17 10:41:00,1,0,12746,United Kingdom,3,At Risk / Lapsed
399,1,26,9257.04,356.04,10.734375,730,2011-12-07 14:34:00,2009-12-07 13:23:00,0,1,12747,United Kingdom,0,Champions
400,0,323,51493.5,159.42260061919504,5.514037626628075,734,2011-12-09 12:20:00,2009-12-04 17:31:00,0,1,12748,United Kingdom,0,Champions
401,3,9,6897.36,766.3733333333333,6.982248520710059,517,2011-12-06 09:56:00,2010-07-06 15:05:00,0,1,12749,United Kingdom,0,Champions
402,128,1,275.88,275.88,9.133333333333333,0,2011-08-03 09:13:00,2011-08-03 09:13:00,1,0,12750,Poland,1,Promising
403,444,1,268.27,268.27,3.048387096774193,0,2010-09-21 12:49:00,2010-09-21 12:49:00,1,0,12751,Brazil,3,At Risk / Lapsed
404,80,1,4366.78,4366.78,42.67924528301887,0,2011-09-19 13:32:00,2011-09-19 13:32:00,0,0,12752,Norway,2,Loyal Customers
405,22,6,21429.39,3571.565,57.9746192893401,339,2011-11-17 10:52:00,2010-12-12 11:44:00,0,1,12753,Japan,0,Champions
406,235,3,3010.74,1003.58,102.87301587301587,72,2011-04-18 09:00:00,2011-02-04 10:31:00,1,1,12754,Japan,2,Loyal Customers
407,280,11,9030.66,820.9690909090909,59.078125,413,2011-03-04 12:42:00,2010-01-15 11:57:00,1,1,12755,Japan,0,Champions
408,86,1,112.07999999999998,112.07999999999998,36.0,0,2011-09-14 09:31:00,2011-09-14 09:31:00,0,0,12756,Japan,1,Promising
409,15,9,4176.75,464.0833333333333,6.667597765363128,195,2011-11-24 12:30:00,2011-05-12 19:01:00,0,1,12757,Portugal,0,Champions
410,116,7,9903.24,1414.7485714285715,19.664536741214057,621,2011-08-15 10:22:00,2009-12-01 14:40:00,1,1,12758,Portugal,0,Champions
411,51,8,4618.74,577.3425,10.806122448979592,683,2011-10-18 14:49:00,2009-12-04 10:47:00,0,1,12759,Netherlands,0,Champions
412,455,1,317.8,317.8,9.8,0,2010-09-10 08:50:00,2010-09-10 08:50:00,1,0,12760,Netherlands,3,At Risk / Lapsed
413,464,1,712.95,712.95,11.08,0,2010-09-01 10:47:00,2010-09-01 10:47:00,1,0,12761,Netherlands,3,At Risk / Lapsed
414,7,2,1702.52,851.26,18.2089552238806,17,2011-12-02 10:23:00,2011-11-14 14:23:00,0,1,12762,Portugal,2,Loyal Customers
415,137,2,814.16,407.08,15.058823529411764,230,2011-07-24 14:12:00,2010-12-05 15:46:00,1,1,12763,Japan,1,Promising
416,316,1,1693.88,1693.88,8.577777777777778,0,2011-01-27 10:19:00,2011-01-27 10:19:00,1,0,12764,Lebanon,3,At Risk / Lapsed
417,471,6,1299.58,216.59666666666664,16.161290322580644,169,2010-08-24 13:51:00,2010-03-08 09:43:00,1,1,12765,Netherlands,3,At Risk / Lapsed
418,3,9,9116.28,1012.92,12.080357142857142,403,2011-12-06 08:46:00,2010-10-28 09:29:00,0,1,12766,Portugal,0,Champions
419,375,1,949.82,949.82,13.906976744186046,0,2010-11-29 09:38:00,2010-11-29 09:38:00,1,0,12767,Korea,3,At Risk / Lapsed
420,450,1,168.69000000000003,168.69000000000003,10.2,0,2010-09-15 12:08:00,2010-09-15 12:08:00,1,0,12768,Korea,3,At Risk / Lapsed
421,238,1,1143.6,1143.6,11.125,0,2011-04-15 10:25:00,2011-04-15 10:25:00,1,0,12769,Brazil,1,Promising
422,210,2,3246.45,1623.225,65.82142857142857,245,2011-05-13 09:33:00,2010-09-09 11:43:00,1,1,12770,Japan,2,Loyal Customers
423,485,1,226.3,226.3,7.285714285714286,0,2010-08-11 11:51:00,2010-08-11 11:51:00,1,0,12771,Portugal,3,At Risk / Lapsed
424,59,1,752.47,752.47,10.203703703703704,0,2011-10-11 09:19:00,2011-10-11 09:19:00,0,0,12772,Portugal,1,Promising
425,563,1,124.25,124.25,18.166666666666668,0,2010-05-24 17:30:00,2010-05-24 17:30:00,1,0,12773,Portugal,3,At Risk / Lapsed
426,535,1,83.7,83.7,10.4,0,2010-06-22 10:38:00,2010-06-22 10:38:00,1,0,12774,Netherlands,3,At Risk / Lapsed
427,16,7,1551.12,221.5885714285714,14.513513513513514,392,2011-11-22 16:33:00,2010-10-26 14:24:00,0,1,12775,Netherlands,2,Loyal Customers
428,667,1,27.5,27.5,15.0,0,2010-02-10 12:11:00,2010-02-10 12:11:00,1,0,12776,Portugal,3,At Risk / Lapsed
429,457,1,519.45,519.45,17.615384615384617,0,2010-09-08 11:35:00,2010-09-08 11:35:00,1,0,12777,United Kingdom,3,At Risk / Lapsed
430,19,9,1541.68,171.29777777777778,16.38095238095238,583,2011-11-20 11:30:00,2010-04-16 09:57:00,0,1,12778,Netherlands,2,Loyal Customers
431,37,14,6722.27,480.1621428571429,13.144404332129964,699,2011-11-02 11:43:00,2009-12-03 07:25:00,0,1,12779,Poland,0,Champions
432,598,1,322.4,322.4,14.947368421052632,0,2010-04-20 09:40:00,2010-04-20 09:40:00,1,0,12780,Netherlands,3,At Risk / Lapsed
433,63,2,786.74,393.37,27.916666666666668,221,2011-10-07 10:37:00,2011-02-28 08:43:00,0,1,12781,Czech Republic,1,Promising
434,4,11,3862.24,351.1127272727273,9.170506912442397,514,2011-12-05 09:16:00,2010-07-08 13:31:00,0,1,12782,Portugal,0,Champions
435,1,4,1295.87,323.9675,7.833333333333333,73,2011-12-07 15:56:00,2011-09-25 15:35:00,0,1,12783,Portugal,2,Loyal Customers
436,14,2,1511.15,755.575,6.716535433070866,513,2011-11-24 12:53:00,2010-06-28 13:06:00,0,1,12784,Portugal,2,Loyal Customers
437,363,3,904.4,301.46666666666664,8.415094339622641,366,2010-12-10 13:48:00,2009-12-08 13:56:00,1,1,12785,Portugal,3,At Risk / Lapsed
438,609,1,668.5,668.5,18.823529411764707,0,2010-04-09 12:12:00,2010-04-09 12:12:00,1,0,12786,Netherlands,3,At Risk / Lapsed
439,9,4,799.18,199.795,12.65,403,2011-11-30 08:44:00,2010-10-22 14:57:00,0,1,12787,Netherlands,2,Loyal Customers
440,462,4,384.9,96.225,8.636363636363637,65,2010-09-02 14:21:00,2010-06-29 13:05:00,1,1,12788,Netherlands,3,At Risk / Lapsed
441,64,3,225.35,75.11666666666666,6.6,628,2011-10-05 13:34:00,2010-01-15 12:06:00,0,1,12789,Netherlands,1,Promising
442,191,2,546.85,273.425,8.657142857142857,218,2011-05-31 14:14:00,2010-10-25 13:04:00,1,1,12790,Netherlands,1,Promising
443,373,5,834.4300000000001,166.88600000000002,19.26086956521739,250,2010-12-01 11:27:00,2010-03-25 17:29:00,1,1,12791,Netherlands,3,At Risk / Lapsed
444,256,2,715.01,357.505,8.666666666666666,278,2011-03-28 11:36:00,2010-06-23 10:49:00,1,1,12792,Portugal,1,Promising
445,334,3,849.33,283.11,11.063829787234043,66,2011-01-09 12:12:00,2010-11-03 13:05:00,1,1,12793,Portugal,3,At Risk / Lapsed
446,52,2,860.41,430.205,13.155555555555557,45,2011-10-17 14:54:00,2011-09-02 12:01:00,0,1,12794,Portugal,1,Promising
447,18,1,318.48,318.48,4.923076923076923,0,2011-11-21 10:27:00,2011-11-21 10:27:00,0,0,12795,Portugal,1,Promising
448,627,1,351.0,351.0,30.0,0,2010-03-21 15:49:00,2010-03-21 15:49:00,1,0,12796,Netherlands,3,At Risk / Lapsed
449,365,2,694.11,347.055,8.225,58,2010-12-09 10:55:00,2010-10-11 12:53:00,1,1,12797,Portugal,3,At Risk / Lapsed
450,9,4,8510.93,2127.7325,256.2121212121212,411,2011-11-29 15:52:00,2010-10-14 12:27:00,0,1,12798,Japan,2,Loyal Customers
451,528,1,219.35,219.35,9.133333333333333,0,2010-06-28 15:57:00,2010-06-28 15:57:00,1,0,12799,Japan,3,At Risk / Lapsed
452,469,2,500.25,250.125,8.78125,206,2010-08-26 14:11:00,2010-02-01 11:02:00,1,1,12800,Portugal,3,At Risk / Lapsed
453,500,1,871.82,871.82,10.20408163265306,0,2010-07-27 09:38:00,2010-07-27 09:38:00,1,0,12801,Sweden,3,At Risk / Lapsed
454,186,5,2186.42,437.284,14.931297709923664,377,2011-06-06 09:36:00,2010-05-25 09:34:00,1,1,12802,Netherlands,2,Loyal Customers
455,392,1,1017.81,1017.81,16.055555555555557,0,2010-11-11 14:57:00,2010-11-11 14:57:00,1,0,12803,Netherlands,3,At Risk / Lapsed
456,465,2,325.37,162.685,4.090909090909091,34,2010-08-31 11:58:00,2010-07-27 13:52:00,1,1,12804,Netherlands,3,At Risk / Lapsed
457,381,4,1230.95,307.7375,10.75925925925926,293,2010-11-23 12:27:00,2010-02-03 09:06:00,1,1,12805,Netherlands,3,At Risk / Lapsed
458,571,2,2558.96,1279.48,32.5625,16,2010-05-16 13:49:00,2010-04-30 10:44:00,1,1,12806,Netherlands,3,At Risk / Lapsed
459,382,1,250.35,250.35,9.533333333333331,0,2010-11-21 14:21:00,2010-11-21 14:21:00,1,0,12807,Sweden,3,At Risk / Lapsed
460,36,5,850.1,170.02,7.173076923076923,425,2011-11-03 10:05:00,2010-09-03 10:24:00,0,1,12808,Portugal,2,Loyal Customers
461,177,3,1384.34,461.4466666666667,6.512820512820513,469,2011-06-15 10:51:00,2010-03-02 14:19:00,1,1,12809,Portugal,2,Loyal Customers
462,534,2,534.99,267.495,12.15625,142,2010-06-23 10:53:00,2010-02-01 09:52:00,1,1,12810,Japan,3,At Risk / Lapsed
463,261,4,893.9,223.475,8.411764705882353,165,2011-03-23 10:55:00,2010-10-08 12:20:00,1,1,12811,Portugal,2,Loyal Customers
464,44,1,229.64,229.64,10.933333333333334,0,2011-10-26 09:54:00,2011-10-26 09:54:00,0,0,12812,Japan,1,Promising
465,501,3,1621.8,540.6,27.0,191,2010-07-26 09:50:00,2010-01-15 16:52:00,1,1,12813,Netherlands,3,At Risk / Lapsed
466,101,1,85.92,85.92,48.0,0,2011-08-30 12:11:00,2011-08-30 12:11:00,1,0,12814,Poland,1,Promising
467,147,2,863.46,431.73,8.311111111111112,50,2011-07-15 10:21:00,2011-05-25 13:34:00,1,1,12815,Poland,1,Promising
468,95,2,452.2000000000001,226.1,4.62962962962963,80,2011-09-05 12:41:00,2011-06-16 13:24:00,1,1,12816,Poland,1,Promising
469,280,3,570.98,190.32666666666668,9.818181818181818,153,2011-03-03 16:28:00,2010-10-01 08:57:00,1,1,12817,Austria,1,Promising
470,261,1,1182.0800000000002,1182.0800000000002,70.76923076923077,0,2011-03-23 12:06:00,2011-03-23 12:06:00,1,0,12818,Austria,1,Promising
471,457,1,540.52,540.52,18.105263157894736,0,2010-09-07 15:20:00,2010-09-07 15:20:00,1,0,12819,United Kingdom,3,At Risk / Lapsed
472,2,11,2689.52,244.50181818181815,12.352201257861635,731,2011-12-06 15:12:00,2009-12-05 13:37:00,0,1,12820,United Kingdom,0,Champions
473,213,2,220.8,110.4,12.461538461538462,397,2011-05-09 15:51:00,2010-04-07 15:14:00,1,1,12821,United Kingdom,1,Promising
474,70,2,948.88,474.44,11.956521739130435,16,2011-09-30 10:04:00,2011-09-13 13:46:00,0,1,12822,United Kingdom,1,Promising
475,74,18,6501.5,361.19444444444446,51.66666666666666,604,2011-09-26 07:35:00,2010-01-29 12:52:00,0,1,12823,United Kingdom,0,Champions
476,59,1,397.12,397.12,9.28,0,2011-10-11 12:49:00,2011-10-11 12:49:00,0,0,12824,United Kingdom,1,Promising
477,520,2,518.63,259.315,5.791666666666667,120,2010-07-06 13:56:00,2010-03-08 10:17:00,1,1,12825,United Kingdom,3,At Risk / Lapsed
478,2,12,2955.75,246.3125,12.018072289156626,718,2011-12-07 10:25:00,2009-12-18 10:43:00,0,1,12826,United Kingdom,0,Champions
479,5,3,430.15,143.38333333333335,7.88,38,2011-12-04 12:17:00,2011-10-26 15:44:00,0,1,12827,United Kingdom,1,Promising
480,2,6,1018.71,169.785,8.821428571428571,127,2011-12-07 08:45:00,2011-08-01 16:16:00,0,1,12828,United Kingdom,2,Loyal Customers
481,336,3,385.3,128.43333333333334,28.94736842105263,213,2011-01-07 11:13:00,2010-06-07 15:04:00,1,1,12829,United Kingdom,3,At Risk / Lapsed
482,37,6,6814.64,1135.7733333333333,259.1578947368421,134,2011-11-02 11:54:00,2011-06-21 10:53:00,0,1,12830,United Kingdom,2,Loyal Customers
483,261,3,451.11,150.37,13.772727272727272,200,2011-03-22 13:02:00,2010-09-02 15:58:00,1,1,12831,United Kingdom,1,Promising
484,31,2,383.03,191.515,7.222222222222222,65,2011-11-07 13:30:00,2011-09-02 13:48:00,0,1,12832,United Kingdom,1,Promising
485,144,1,417.38,417.38,6.5,0,2011-07-17 13:46:00,2011-07-17 13:46:00,1,0,12833,United Kingdom,1,Promising
486,282,1,312.38,312.38,6.111111111111111,0,2011-03-02 09:49:00,2011-03-02 09:49:00,1,0,12834,United Kingdom,1,Promising
487,427,41,5996.83,146.2641463414634,3.819512195121951,308,2010-10-08 10:59:00,2009-12-03 12:13:00,1,1,12835,United Kingdom,0,Champions
488,58,15,6559.7300000000005,437.3153333333333,5.428223844282239,679,2011-10-11 15:10:00,2009-12-01 14:19:00,0,1,12836,United Kingdom,0,Champions
489,172,2,662.66,331.33,2.2045454545454546,396,2011-06-19 16:07:00,2010-05-19 15:10:00,1,1,12837,United Kingdom,1,Promising
490,33,10,3366.7,336.67,4.419277108433735,559,2011-11-06 12:20:00,2010-04-26 09:59:00,0,1,12838,United Kingdom,0,Champions
491,2,26,10071.73,387.37423076923073,11.890625,730,2011-12-07 12:33:00,2009-12-07 09:18:00,0,1,12839,United Kingdom,0,Champions
492,143,7,4041.97,577.4242857142857,12.829545454545457,530,2011-07-19 09:29:00,2010-02-03 14:51:00,1,1,12840,United Kingdom,2,Loyal Customers
493,4,40,7464.19,186.60475,7.712011577424023,514,2011-12-05 11:13:00,2010-07-08 15:38:00,0,1,12841,United Kingdom,0,Champions
494,69,4,1917.99,479.4975,18.479166666666668,667,2011-09-30 15:33:00,2009-12-02 08:15:00,0,1,12842,United Kingdom,2,Loyal Customers
495,65,28,6461.87,230.78107142857144,14.00462962962963,661,2011-10-05 12:09:00,2009-12-13 11:41:00,0,1,12843,United Kingdom,0,Champions
496,28,4,648.6,162.15,2.1650485436893203,564,2011-11-10 13:31:00,2010-04-25 11:51:00,0,1,12844,United Kingdom,2,Loyal Customers
497,266,4,354.09,88.5225,7.555555555555555,22,2011-03-17 13:34:00,2011-02-22 14:10:00,1,1,12845,United Kingdom,1,Promising
498,681,1,15.58,15.58,1.0,0,2010-01-26 16:29:00,2010-01-26 16:29:00,1,0,12846,United Kingdom,3,At Risk / Lapsed
499,21,2,1609.0,804.5,12.579831932773107,365,2011-11-17 13:16:00,2010-11-17 12:44:00,0,1,12847,United Kingdom,2,Loyal Customers
500,675,1,208.0,208.0,3.625,0,2010-02-02 12:45:00,2010-02-02 12:45:00,1,0,12848,United Kingdom,3,At Risk / Lapsed
501,30,6,3015.98,502.66333333333336,13.1,559,2011-11-08 13:41:00,2010-04-27 13:44:00,0,1,12849,United Kingdom,2,Loyal Customers
502,445,1,330.0,330.0,100.0,0,2010-09-20 12:26:00,2010-09-20 12:26:00,1,0,12850,United Kingdom,3,At Risk / Lapsed
503,96,2,280.76,140.38,2.038961038961039,380,2011-09-04 12:41:00,2010-08-19 15:13:00,1,1,12851,United Kingdom,1,Promising
504,294,1,311.55,311.55,8.764705882352942,0,2011-02-18 08:47:00,2011-02-18 08:47:00,1,0,12852,United Kingdom,1,Promising
505,134,11,3907.5,355.22727272727275,11.27027027027027,537,2011-07-28 11:29:00,2010-02-05 11:57:00,1,1,12853,United Kingdom,0,Champions
506,78,7,2970.9700000000003,424.42428571428576,6.245210727969349,649,2011-09-22 12:15:00,2009-12-11 12:55:00,0,1,12854,United Kingdom,2,Loyal Customers
507,372,4,650.9399999999999,162.735,3.857142857142857,29,2010-12-02 09:37:00,2010-11-02 18:16:00,1,1,12855,United Kingdom,3,At Risk / Lapsed
508,7,6,2170.78,361.7966666666667,3.459807073954984,55,2011-12-02 10:52:00,2011-10-07 12:38:00,0,1,12856,United Kingdom,2,Loyal Customers
509,210,6,3688.0,614.6666666666666,11.735537190082646,472,2011-05-13 10:20:00,2010-01-25 15:37:00,1,1,12857,United Kingdom,2,Loyal Customers
510,382,1,147.27,147.27,1.3783783783783785,0,2010-11-21 12:55:00,2010-11-21 12:55:00,1,0,12858,United Kingdom,3,At Risk / Lapsed
511,458,1,575.1,575.1,13.904761904761903,0,2010-09-07 12:20:00,2010-09-07 12:20:00,1,0,12859,United Kingdom,3,At Risk / Lapsed
512,692,1,54.22,54.22,1.625,0,2010-01-15 15:22:00,2010-01-15 15:22:00,1,0,12860,United Kingdom,3,At Risk / Lapsed
513,619,1,68.25,68.25,6.75,0,2010-03-30 11:39:00,2010-03-30 11:39:00,1,0,12861,United Kingdom,3,At Risk / Lapsed
514,425,2,984.62,492.31,4.66412213740458,69,2010-10-10 11:47:00,2010-08-01 15:20:00,1,1,12862,United Kingdom,3,At Risk / Lapsed
515,51,6,2792.55,465.425,18.64583333333333,537,2011-10-18 14:15:00,2010-04-29 13:54:00,0,1,12863,United Kingdom,2,Loyal Customers
516,137,2,299.57,149.785,63.85714285714285,369,2011-07-24 13:03:00,2010-07-19 17:22:00,1,1,12864,United Kingdom,1,Promising
517,25,4,3323.47,830.8675,10.117948717948718,450,2011-11-13 14:31:00,2010-08-20 12:20:00,0,1,12865,Austria,2,Loyal Customers
518,282,3,1092.35,364.1166666666666,9.066666666666666,219,2011-03-01 14:11:00,2010-07-25 11:37:00,1,1,12866,Belgium,2,Loyal Customers
519,25,13,7829.26,602.2507692307693,7.500952380952381,696,2011-11-13 15:30:00,2009-12-16 16:25:00,0,1,12867,United Kingdom,0,Champions
520,185,8,2247.06,280.8825,8.780821917808218,207,2011-06-07 10:42:00,2010-11-12 10:05:00,1,1,12868,United Kingdom,2,Loyal Customers
521,681,1,337.67,337.67,3.891891891891892,0,2010-01-27 12:10:00,2010-01-27 12:10:00,1,0,12869,United Kingdom,3,At Risk / Lapsed
522,374,3,1676.95,558.9833333333333,9.741935483870968,248,2010-11-29 13:42:00,2010-03-25 14:32:00,1,1,12870,United Kingdom,3,At Risk / Lapsed
523,83,3,744.02,248.00666666666663,26.88888888888889,355,2011-09-16 15:07:00,2010-09-26 10:34:00,0,1,12871,United Kingdom,2,Loyal Customers
524,326,12,3662.49,305.20750000000004,4.270833333333333,409,2011-01-17 10:52:00,2009-12-03 20:03:00,1,1,12872,United Kingdom,0,Champions
525,281,3,2027.3,675.7666666666667,22.457142857142856,399,2011-03-02 14:58:00,2010-01-27 09:50:00,1,1,12873,United Kingdom,2,Loyal Customers
526,384,2,873.42,436.71,13.434782608695652,169,2010-11-19 15:23:00,2010-06-03 12:51:00,1,1,12874,Belgium,3,At Risk / Lapsed
527,142,5,1356.99,271.398,648.375,554,2011-07-19 15:30:00,2010-01-11 12:37:00,1,1,12875,United Kingdom,2,Loyal Customers
528,57,4,3751.79,937.9475,18.22289156626506,532,2011-10-13 12:26:00,2010-04-28 13:26:00,0,1,12876,Belgium,2,Loyal Customers
529,3,20,2942.14,147.107,8.164233576642335,687,2011-12-06 10:30:00,2010-01-18 10:23:00,0,1,12877,United Kingdom,0,Champions
530,235,2,854.99,427.495,11.638297872340424,29,2011-04-17 13:07:00,2011-03-18 14:02:00,1,1,12878,United Kingdom,1,Promising
531,44,3,573.22,191.07333333333332,37.0,47,2011-10-26 12:24:00,2011-09-09 12:11:00,0,1,12879,United Kingdom,1,Promising
532,381,2,640.13,320.065,7.75,192,2010-11-23 10:50:00,2010-05-14 11:57:00,1,1,12880,United Kingdom,3,At Risk / Lapsed
533,275,1,298.0,298.0,3.0,0,2011-03-09 11:44:00,2011-03-09 11:44:00,1,0,12881,United Kingdom,1,Promising
534,8,2,1463.04,731.52,18.923076923076923,24,2011-11-30 16:18:00,2011-11-06 11:22:00,0,1,12882,United Kingdom,2,Loyal Customers
535,24,4,703.47,175.8675,4.666666666666667,64,2011-11-15 09:32:00,2011-09-11 15:18:00,0,1,12883,United Kingdom,2,Loyal Customers
536,87,1,309.05,309.05,6.142857142857143,0,2011-09-12 13:10:00,2011-09-12 13:10:00,0,0,12884,United Kingdom,1,Promising
537,62,3,1175.22,391.74,9.225352112676056,60,2011-10-07 13:40:00,2011-08-08 11:45:00,0,1,12885,United Kingdom,2,Loyal Customers
538,67,2,1378.4,689.2,9.390243902439025,151,2011-10-03 10:09:00,2011-05-04 11:21:00,0,1,12886,United Kingdom,2,Loyal Customers
539,383,1,222.4,222.4,7.6923076923076925,0,2010-11-21 11:18:00,2010-11-21 11:18:00,1,0,12887,United Kingdom,3,At Risk / Lapsed
540,213,2,354.12,177.06,15.2,41,2011-05-09 16:02:00,2011-03-29 14:31:00,1,1,12888,United Kingdom,1,Promising
541,380,4,385.46,96.365,4.96,121,2010-11-23 16:08:00,2010-07-25 14:32:00,1,1,12889,United Kingdom,3,At Risk / Lapsed
542,23,2,706.02,353.01,3.3851851851851853,363,2011-11-15 17:26:00,2010-11-17 14:05:00,0,1,12890,United Kingdom,1,Promising
543,185,11,840.5,76.4090909090909,211.3636363636364,473,2011-06-07 12:31:00,2010-02-18 14:32:00,1,1,12891,United Kingdom,2,Loyal Customers
544,396,1,263.38,263.38,7.777777777777778,0,2010-11-08 09:51:00,2010-11-08 09:51:00,1,0,12892,United Kingdom,3,At Risk / Lapsed
545,30,1,176.55,176.55,2.903225806451613,0,2011-11-09 12:34:00,2011-11-09 12:34:00,0,0,12893,United Kingdom,1,Promising
546,574,1,157.35,157.35,1.5714285714285714,0,2010-05-13 14:47:00,2010-05-13 14:47:00,1,0,12894,United Kingdom,3,At Risk / Lapsed
547,41,2,372.8,186.4,9.545454545454543,44,2011-10-28 13:51:00,2011-09-14 08:35:00,0,1,12895,United Kingdom,1,Promising
548,204,4,514.25,128.5625,17.785714285714285,339,2011-05-19 12:13:00,2010-06-14 11:58:00,1,1,12897,United Kingdom,2,Loyal Customers
549,463,2,296.21000000000004,148.10500000000002,8.703703703703704,195,2010-09-02 08:08:00,2010-02-18 12:36:00,1,1,12898,United Kingdom,3,At Risk / Lapsed
550,413,1,366.4,366.4,6.352941176470588,0,2010-10-22 09:53:00,2010-10-22 09:53:00,1,0,12899,United Kingdom,3,At Risk / Lapsed
551,421,1,340.33,340.33,10.692307692307692,0,2010-10-13 15:17:00,2010-10-13 15:17:00,1,0,12900,United Kingdom,3,At Risk / Lapsed
552,8,28,17654.54,630.5192857142857,198.92241379310343,261,2011-12-01 10:07:00,2011-03-14 10:41:00,0,1,12901,United Kingdom,0,Champions
553,264,1,138.68,138.68,6.6,0,2011-03-20 12:06:00,2011-03-20 12:06:00,1,0,12902,United Kingdom,1,Promising
554,428,1,833.53,833.53,12.024390243902438,0,2010-10-07 12:39:00,2010-10-07 12:39:00,1,0,12903,United Kingdom,3,At Risk / Lapsed
555,17,2,496.06,248.03,4.140845070422535,154,2011-11-21 14:34:00,2011-06-20 13:18:00,0,1,12904,United Kingdom,1,Promising
556,576,2,1018.42,509.21,9.851851851851851,105,2010-05-12 10:05:00,2010-01-26 14:06:00,1,1,12905,United Kingdom,3,At Risk / Lapsed
557,11,5,2919.81,583.962,27.761904761904763,66,2011-11-28 09:55:00,2011-09-22 15:03:00,0,1,12906,United Kingdom,2,Loyal Customers
558,395,2,508.91,254.455,7.08,98,2010-11-09 12:08:00,2010-08-02 14:33:00,1,1,12907,United Kingdom,3,At Risk / Lapsed
559,175,5,1776.0,355.2,600.0,453,2011-06-16 15:39:00,2010-03-19 15:59:00,1,1,12908,United Kingdom,2,Loyal Customers
560,39,8,3103.19,387.89875,12.329113924050631,614,2011-10-31 12:43:00,2010-02-24 12:14:00,0,1,12909,United Kingdom,2,Loyal Customers
561,22,13,5796.52,445.8861538461539,26.51094890510949,598,2011-11-16 14:28:00,2010-03-28 13:10:00,0,1,12910,United Kingdom,0,Champions
562,551,1,1651.72,1651.72,3.419491525423729,0,2010-06-06 12:13:00,2010-06-06 12:13:00,1,0,12911,United Kingdom,3,At Risk / Lapsed
563,2,5,1662.3,332.46,27.916666666666668,37,2011-12-07 08:55:00,2011-10-30 11:35:00,0,1,12912,United Kingdom,2,Loyal Customers
564,4,13,6700.860000000001,515.4507692307693,33.666666666666664,733,2011-12-05 12:11:00,2009-12-01 12:18:00,0,1,12913,United Kingdom,0,Champions
565,400,1,223.98,223.98,37.333333333333336,0,2010-11-04 12:28:00,2010-11-04 12:28:00,1,0,12914,United Kingdom,3,At Risk / Lapsed
566,148,4,1174.75,293.6875,6.191780821917808,440,2011-07-14 11:34:00,2010-04-29 19:36:00,1,1,12915,United Kingdom,2,Loyal Customers
567,138,7,4479.73,639.9614285714285,9.773255813953488,545,2011-07-24 10:35:00,2010-01-24 11:26:00,1,1,12916,United Kingdom,2,Loyal Customers
568,127,6,4359.2,726.5333333333333,22.08,602,2011-08-03 16:42:00,2009-12-09 14:22:00,1,1,12917,United Kingdom,2,Loyal Customers
569,7,6,1335.19,222.53166666666667,13.46,161,2011-12-01 13:47:00,2011-06-23 09:22:00,0,1,12919,United Kingdom,2,Loyal Customers
570,16,4,486.64,121.66,7.11864406779661,707,2011-11-22 15:05:00,2009-12-14 15:58:00,0,1,12920,United Kingdom,1,Promising
571,8,74,35921.04,485.41945945945946,14.151238591916558,729,2011-11-30 16:22:00,2009-12-01 13:43:00,0,1,12921,United Kingdom,0,Champions
572,160,1,405.38,405.38,13.214285714285714,0,2011-07-01 15:35:00,2011-07-01 15:35:00,1,0,12922,United Kingdom,1,Promising
573,63,3,769.17,256.39,3.8813559322033897,511,2011-10-06 16:20:00,2010-05-13 14:55:00,0,1,12923,United Kingdom,2,Loyal Customers
574,87,12,2461.45,205.1208333333333,19.47945205479452,642,2011-09-12 13:55:00,2009-12-09 12:40:00,0,1,12924,United Kingdom,0,Champions
575,4,3,729.3299999999999,243.11,12.98,588,2011-12-05 11:11:00,2010-04-26 10:32:00,0,1,12925,United Kingdom,2,Loyal Customers
576,410,4,1523.59,380.8975,2.881226053639846,314,2010-10-24 15:57:00,2009-12-14 14:35:00,1,1,12926,United Kingdom,3,At Risk / Lapsed
577,394,1,197.31,197.31,13.181818181818182,0,2010-11-10 10:02:00,2010-11-10 10:02:00,1,0,12927,United Kingdom,3,At Risk / Lapsed
578,34,12,4304.89,358.74083333333334,16.195530726256983,514,2011-11-04 14:24:00,2010-06-08 10:16:00,0,1,12928,United Kingdom,0,Champions
579,311,1,117.85,117.85,4.625,0,2011-02-01 12:08:00,2011-02-01 12:08:00,1,0,12929,United Kingdom,3,At Risk / Lapsed
580,77,2,415.8,207.9,10.08,93,2011-09-22 15:18:00,2011-06-21 13:25:00,0,1,12930,United Kingdom,1,Promising
581,21,57,92347.34,1620.1287719298246,288.5596330275229,717,2011-11-18 12:39:00,2009-12-01 11:46:00,0,1,12931,United Kingdom,0,Champions
582,538,8,1698.56,212.32,16.936842105263157,128,2010-06-18 14:22:00,2010-02-10 08:46:00,1,1,12932,United Kingdom,3,At Risk / Lapsed
583,23,8,1636.63,204.57875,3.283737024221453,704,2011-11-15 16:38:00,2009-12-10 16:39:00,0,1,12933,United Kingdom,2,Loyal Customers
584,736,1,181.65,181.65,15.5,0,2009-12-03 10:51:00,2009-12-03 10:51:00,1,0,12934,United Kingdom,3,At Risk / Lapsed
585,1,15,4243.86,282.924,12.60236220472441,605,2011-12-07 17:25:00,2010-04-11 15:59:00,0,1,12935,United Kingdom,0,Champions
586,16,4,1063.9,265.975,9.016129032258064,61,2011-11-22 17:32:00,2011-09-22 13:51:00,0,1,12936,United Kingdom,2,Loyal Customers
587,14,9,3097.61,344.1788888888889,9.138248847926269,720,2011-11-24 15:05:00,2009-12-03 15:43:00,0,1,12937,United Kingdom,2,Loyal Customers
588,25,1,114.14,114.14,15.555555555555555,0,2011-11-14 11:21:00,2011-11-14 11:21:00,0,0,12938,United Kingdom,1,Promising
589,63,20,25264.8,1263.24,120.09302325581396,632,2011-10-06 14:33:00,2010-01-12 11:27:00,0,1,12939,United Kingdom,0,Champions
590,54,2,899.69,449.845,4.208333333333333,33,2011-10-16 12:09:00,2011-09-13 10:16:00,0,1,12940,United Kingdom,1,Promising
591,723,1,377.49,377.49,14.11111111111111,0,2009-12-15 13:12:00,2009-12-15 13:12:00,1,0,12941,United Kingdom,3,At Risk / Lapsed
592,130,3,934.35,311.45,3.104651162790698,234,2011-07-31 14:39:00,2010-12-09 09:34:00,1,1,12942,United Kingdom,2,Loyal Customers
593,557,2,496.5,248.25,8.88,47,2010-05-30 13:52:00,2010-04-13 11:03:00,1,1,12943,United Kingdom,3,At Risk / Lapsed
594,35,2,604.51,302.255,9.633333333333333,319,2011-11-04 11:04:00,2010-12-20 10:41:00,0,1,12944,United Kingdom,1,Promising
595,287,2,900.11,450.055,8.745098039215685,367,2011-02-24 14:15:00,2010-02-21 15:18:00,1,1,12945,United Kingdom,1,Promising
596,436,1,324.45,324.45,7.45,0,2010-09-29 10:14:00,2010-09-29 10:14:00,1,0,12946,United Kingdom,3,At Risk / Lapsed
597,143,6,1908.03,318.005,11.833333333333334,229,2011-07-19 10:06:00,2010-12-01 16:21:00,1,1,12947,United Kingdom,2,Loyal Customers
598,15,9,2317.43,257.4922222222222,10.432,721,2011-11-23 17:10:00,2009-12-02 12:28:00,0,1,12948,United Kingdom,2,Loyal Customers
599,30,22,15526.7,705.7590909090909,11.514685314685314,705,2011-11-09 11:25:00,2009-12-03 15:56:00,0,1,12949,United Kingdom,0,Champions
600,1,3,1843.0,614.3333333333334,60.0,21,2011-12-07 13:17:00,2011-11-15 13:48:00,0,1,12950,United Kingdom,2,Loyal Customers
601,8,15,3213.7200000000003,214.248,8.56701030927835,689,2011-12-01 12:14:00,2010-01-10 12:43:00,0,1,12951,United Kingdom,0,Champions
602,5,4,1387.79,346.9475,8.265822784810126,72,2011-12-04 10:35:00,2011-09-22 16:37:00,0,1,12952,United Kingdom,2,Loyal Customers
603,9,2,828.8100000000001,414.405,7.583333333333333,512,2011-11-30 09:24:00,2010-07-05 13:37:00,0,1,12953,United Kingdom,1,Promising
604,638,1,162.45,162.45,8.3,0,2010-03-11 10:16:00,2010-03-11 10:16:00,1,0,12954,United Kingdom,3,At Risk / Lapsed
605,0,11,4757.16,432.4690909090909,20.355555555555554,266,2011-12-08 16:29:00,2011-03-17 09:03:00,0,1,12955,United Kingdom,0,Champions
606,305,4,521.89,130.4725,8.095238095238095,417,2011-02-06 16:08:00,2009-12-15 19:03:00,1,1,12956,United Kingdom,3,At Risk / Lapsed
607,9,13,8706.97,669.766923076923,9.56326530612245,718,2011-11-30 09:53:00,2009-12-11 12:01:00,0,1,12957,United Kingdom,0,Champions
608,399,2,467.34,233.67,2.4081632653061225,182,2010-11-04 16:16:00,2010-05-05 16:22:00,1,1,12958,United Kingdom,3,At Risk / Lapsed
609,483,1,150.95,150.95,13.625,0,2010-08-12 17:20:00,2010-08-12 17:20:00,1,0,12959,United Kingdom,3,At Risk / Lapsed
610,413,4,1322.07,330.5175,19.7,247,2010-10-22 09:31:00,2010-02-16 13:32:00,1,1,12960,United Kingdom,3,At Risk / Lapsed
611,378,1,211.99,211.99,4.5,0,2010-11-25 16:44:00,2010-11-25 16:44:00,1,0,12961,United Kingdom,3,At Risk / Lapsed
612,6,2,266.39,133.195,8.0625,106,2011-12-02 15:55:00,2011-08-18 13:38:00,0,1,12962,United Kingdom,1,Promising
613,7,12,3601.59,300.1325,9.521052631578948,510,2011-12-01 12:55:00,2010-07-08 14:45:00,0,1,12963,United Kingdom,0,Champions
614,436,1,132.24,132.24,2.1538461538461537,0,2010-09-28 17:47:00,2010-09-28 17:47:00,1,0,12964,United Kingdom,3,At Risk / Lapsed
615,88,1,769.8100000000001,769.8100000000001,2.611111111111111,0,2011-09-11 15:31:00,2011-09-11 15:31:00,0,0,12965,United Kingdom,1,Promising
616,9,1,160.18,160.18,7.5,0,2011-11-30 12:38:00,2011-11-30 12:38:00,0,0,12966,United Kingdom,1,Promising
617,357,3,4306.92,1435.64,15.9,25,2010-12-16 19:10:00,2010-11-21 11:03:00,1,1,12967,United Kingdom,2,Loyal Customers
618,111,1,135.95,135.95,14.6,0,2011-08-19 15:44:00,2011-08-19 15:44:00,1,0,12968,United Kingdom,1,Promising
619,602,1,122.45,122.45,11.0,0,2010-04-16 10:50:00,2010-04-16 10:50:00,1,0,12969,United Kingdom,3,At Risk / Lapsed
620,6,10,1452.54,145.254,2.7755102040816326,728,2011-12-02 14:30:00,2009-12-04 14:19:00,0,1,12970,United Kingdom,2,Loyal Customers
621,3,116,15972.79,137.6964655172414,34.32235294117647,720,2011-12-06 12:20:00,2009-12-15 19:04:00,0,1,12971,United Kingdom,0,Champions
622,413,4,1161.2,290.3,10.96103896103896,247,2010-10-22 08:41:00,2010-02-16 14:30:00,1,1,12972,United Kingdom,3,At Risk / Lapsed
623,413,1,385.55,385.55,5.166666666666667,0,2010-10-22 10:14:00,2010-10-22 10:14:00,1,0,12973,United Kingdom,3,At Risk / Lapsed
624,197,2,408.95,204.475,3.25,367,2011-05-26 09:33:00,2010-05-23 11:45:00,1,1,12974,United Kingdom,1,Promising
625,436,6,2100.09,350.01500000000004,8.133928571428571,296,2010-09-29 09:46:00,2009-12-06 10:38:00,1,1,12975,United Kingdom,2,Loyal Customers
626,211,8,3156.38,394.5475,17.428571428571427,453,2011-05-12 09:55:00,2010-02-12 15:46:00,1,1,12976,United Kingdom,2,Loyal Customers
627,155,4,513.88,128.47,2.206896551724138,355,2011-07-06 16:40:00,2010-07-16 16:25:00,1,1,12977,United Kingdom,2,Loyal Customers
628,384,5,2502.82,500.564,8.552147239263803,344,2010-11-19 14:29:00,2009-12-10 12:10:00,1,1,12978,United Kingdom,2,Loyal Customers
629,728,1,517.7,517.7,9.285714285714286,0,2009-12-10 15:45:00,2009-12-10 15:45:00,1,0,12979,United Arab Emirates,3,At Risk / Lapsed
630,157,21,16245.78,773.6085714285715,36.73076923076923,579,2011-07-05 09:34:00,2009-12-02 11:26:00,1,1,12980,United Kingdom,0,Champions
631,29,2,372.22,186.11,12.1,103,2011-11-10 12:00:00,2011-07-29 14:14:00,0,1,12981,United Kingdom,1,Promising
632,242,8,2744.81,343.10125,9.713483146067416,363,2011-04-11 11:51:00,2010-04-12 13:50:00,1,1,12982,United Kingdom,2,Loyal Customers
633,597,1,490.08,490.08,21.266666666666666,0,2010-04-20 12:58:00,2010-04-20 12:58:00,1,0,12983,United Kingdom,3,At Risk / Lapsed
634,18,1,97.5,97.5,6.5,0,2011-11-21 12:37:00,2011-11-21 12:37:00,0,0,12984,United Kingdom,1,Promising
635,0,2,1239.38,619.69,20.17105263157895,27,2011-12-09 10:46:00,2011-11-11 12:44:00,0,1,12985,United Kingdom,2,Loyal Customers
636,428,10,2729.84,272.98400000000004,11.411764705882351,259,2010-10-07 11:57:00,2010-01-21 10:45:00,1,1,12986,United Kingdom,2,Loyal Customers
637,73,5,1312.21,262.442,8.863636363636363,615,2011-09-27 12:03:00,2010-01-20 09:57:00,0,1,12987,United Kingdom,2,Loyal Customers
638,291,1,505.82,505.82,1.5180722891566265,0,2011-02-20 14:31:00,2011-02-20 14:31:00,1,0,12988,United Kingdom,1,Promising
639,2,33,13551.75,410.6590909090909,71.49484536082474,726,2011-12-06 15:28:00,2009-12-10 13:27:00,0,1,12989,United Kingdom,0,Champions
640,30,7,955.5,136.5,17.77777777777778,588,2011-11-08 13:01:00,2010-03-30 11:36:00,0,1,12990,United Kingdom,2,Loyal Customers
641,22,3,764.82,254.94000000000003,10.733333333333333,366,2011-11-16 15:34:00,2010-11-15 13:43:00,0,1,12991,United Kingdom,2,Loyal Customers
642,724,1,93.35,93.35,3.5,0,2009-12-14 16:46:00,2009-12-14 16:46:00,1,0,12992,United Kingdom,3,At Risk / Lapsed
643,22,8,1259.63,157.45375,9.88157894736842,636,2011-11-16 15:49:00,2010-02-18 10:35:00,0,1,12993,United Kingdom,2,Loyal Customers
644,3,3,974.42,324.8066666666667,7.524590163934426,264,2011-12-05 15:43:00,2011-03-16 08:31:00,0,1,12994,United Kingdom,2,Loyal Customers
645,84,1,211.32,211.32,36.0,0,2011-09-15 15:44:00,2011-09-15 15:44:00,0,0,12995,United Kingdom,1,Promising
646,375,1,355.5,355.5,5.545454545454546,0,2010-11-29 09:27:00,2010-11-29 09:27:00,1,0,12996,United Kingdom,3,At Risk / Lapsed
647,21,8,2110.91,263.86375,11.08411214953271,590,2011-11-17 15:47:00,2010-04-06 11:06:00,0,1,12997,United Kingdom,2,Loyal Customers
648,492,3,920.08,306.6933333333333,19.379310344827587,160,2010-08-04 08:05:00,2010-02-24 11:55:00,1,1,12998,United Kingdom,3,At Risk / Lapsed
649,195,3,455.88,151.96,12.214285714285714,49,2011-05-27 13:24:00,2011-04-08 10:26:00,1,1,12999,United Kingdom,1,Promising
650,106,4,1032.5,258.125,8.838709677419354,618,2011-08-25 10:43:00,2009-12-14 17:03:00,1,1,13000,United Kingdom,2,Loyal Customers
651,3,33,24042.65,728.5651515151516,13.249261083743844,731,2011-12-05 14:51:00,2009-12-03 16:21:00,0,1,13001,United Kingdom,0,Champions
652,317,3,414.13,138.04333333333332,8.73913043478261,116,2011-01-25 15:18:00,2010-10-01 11:58:00,1,1,13002,United Kingdom,3,At Risk / Lapsed
653,105,3,149.05,49.68333333333334,17.166666666666668,109,2011-08-26 10:50:00,2011-05-09 08:23:00,1,1,13003,United Kingdom,1,Promising
654,11,36,11650.85,323.63472222222225,10.758282208588955,713,2011-11-28 11:27:00,2009-12-15 09:44:00,0,1,13004,United Kingdom,0,Champions
655,173,4,999.68,249.92,8.25,283,2011-06-19 10:53:00,2010-09-08 12:52:00,1,1,13005,United Kingdom,2,Loyal Customers
656,55,1,81.57,81.57,13.75,0,2011-10-14 13:49:00,2011-10-14 13:49:00,0,0,13006,United Kingdom,1,Promising
657,579,1,175.25,175.25,5.363636363636363,0,2010-05-09 10:38:00,2010-05-09 10:38:00,1,0,13007,United Kingdom,3,At Risk / Lapsed
658,322,3,612.13,204.0433333333333,10.82857142857143,399,2011-01-20 14:24:00,2009-12-16 16:07:00,1,1,13008,United Kingdom,3,At Risk / Lapsed
659,672,1,234.0,234.0,30.0,0,2010-02-05 12:22:00,2010-02-05 12:22:00,1,0,13009,United Kingdom,3,At Risk / Lapsed
660,373,2,330.12,165.06,26.916666666666668,274,2010-11-30 15:09:00,2010-03-01 11:28:00,1,1,13010,United Kingdom,3,At Risk / Lapsed
661,371,1,101.1,101.1,4.333333333333333,0,2010-12-02 17:22:00,2010-12-02 17:22:00,1,0,13011,United Kingdom,3,At Risk / Lapsed
662,8,11,2957.83,268.89363636363635,10.18954248366013,582,2011-11-30 13:05:00,2010-04-26 14:14:00,0,1,13012,United Kingdom,0,Champions
663,0,29,12625.77,435.3713793103448,11.66606498194946,724,2011-12-08 15:01:00,2009-12-14 10:34:00,0,1,13013,United Kingdom,0,Champions
664,10,11,5381.08,489.1890909090909,8.834821428571429,422,2011-11-29 12:27:00,2010-10-03 11:35:00,0,1,13014,United Kingdom,0,Champions
665,52,11,6579.78,598.1618181818181,10.135057471264368,549,2011-10-17 13:19:00,2010-04-15 16:35:00,0,1,13015,United Kingdom,0,Champions
666,72,3,789.89,263.2966666666667,11.212765957446807,49,2011-09-27 14:08:00,2011-08-08 15:00:00,0,1,13016,United Kingdom,2,Loyal Customers
667,6,1,204.0,204.0,48.0,0,2011-12-02 15:53:00,2011-12-02 15:53:00,0,0,13017,United Kingdom,1,Promising
668,15,35,9763.16,278.9474285714286,11.187396351575456,632,2011-11-23 13:28:00,2010-03-01 12:34:00,0,1,13018,United Kingdom,0,Champions
669,378,6,1229.95,204.99166666666667,7.218181818181818,353,2010-11-25 14:56:00,2009-12-06 15:40:00,1,1,13019,United Kingdom,2,Loyal Customers
670,562,2,618.96,309.48,7.128205128205129,97,2010-05-26 11:12:00,2010-02-18 10:35:00,1,1,13020,United Kingdom,3,At Risk / Lapsed
671,3,17,4887.24,287.48470588235296,9.906614785992218,730,2011-12-05 16:37:00,2009-12-05 12:02:00,0,1,13021,United Kingdom,0,Champions
672,429,1,50.3,50.3,8.5,0,2010-10-06 10:50:00,2010-10-06 10:50:00,1,0,13022,Belgium,3,At Risk / Lapsed
673,63,3,1251.03,417.01,7.8493150684931505,464,2011-10-06 16:27:00,2010-06-29 09:51:00,0,1,13023,United Kingdom,2,Loyal Customers
674,470,2,555.87,277.935,5.838709677419355,111,2010-08-26 09:42:00,2010-05-06 14:25:00,1,1,13024,United Kingdom,3,At Risk / Lapsed
675,731,1,323.39,323.39,18.53846153846154,0,2009-12-08 10:02:00,2009-12-08 10:02:00,1,0,13025,United Kingdom,3,At Risk / Lapsed
676,0,9,1733.08,192.56444444444443,30.07317073170732,725,2011-12-08 16:58:00,2009-12-13 11:34:00,0,1,13026,United Kingdom,2,Loyal Customers
677,113,19,17239.2,907.3263157894736,504.0,574,2011-08-18 09:39:00,2010-01-20 10:41:00,1,1,13027,United Kingdom,0,Champions
678,22,2,661.3199999999999,330.66,17.733333333333334,22,2011-11-17 11:10:00,2011-10-25 14:09:00,0,1,13028,United Kingdom,1,Promising
679,30,5,1927.3,385.46,11.411764705882351,492,2011-11-09 09:13:00,2010-07-04 13:46:00,0,1,13029,United Kingdom,2,Loyal Customers
680,10,2,1154.8,577.4,3.503355704697986,356,2011-11-28 14:30:00,2010-12-06 14:31:00,0,1,13030,United Kingdom,2,Loyal Customers
681,406,5,3292.84,658.568,5.673218673218673,147,2010-10-28 15:34:00,2010-06-03 14:57:00,1,1,13031,United Kingdom,2,Loyal Customers
682,51,9,2815.96,312.88444444444445,6.154589371980676,408,2011-10-18 15:54:00,2010-09-05 14:01:00,0,1,13032,United Kingdom,2,Loyal Customers
683,356,2,220.55,110.275,7.538461538461538,72,2010-12-17 14:23:00,2010-10-06 09:37:00,1,1,13033,United Kingdom,3,At Risk / Lapsed
684,54,3,922.68,307.56,9.49090909090909,346,2011-10-16 12:21:00,2010-11-03 15:22:00,0,1,13034,United Kingdom,2,Loyal Customers
685,73,3,1364.2,454.73333333333335,22.047619047619047,357,2011-09-27 08:57:00,2010-10-04 15:41:00,0,1,13035,United Kingdom,2,Loyal Customers
686,684,1,307.1,307.1,6.333333333333333,0,2010-01-24 11:35:00,2010-01-24 11:35:00,1,0,13036,United Kingdom,3,At Risk / Lapsed
687,137,12,3914.95,326.24583333333334,9.18103448275862,597,2011-07-24 15:46:00,2009-12-03 17:04:00,1,1,13037,United Kingdom,0,Champions
688,79,3,908.46,302.82,12.857142857142858,210,2011-09-20 14:37:00,2011-02-22 11:43:00,0,1,13038,United Kingdom,2,Loyal Customers
689,583,4,1010.73,252.6825,5.2727272727272725,138,2010-05-04 16:45:00,2009-12-17 16:43:00,1,1,13039,United Kingdom,3,At Risk / Lapsed
690,8,2,676.99,338.495,8.255813953488373,24,2011-12-01 10:38:00,2011-11-06 13:53:00,0,1,13040,United Kingdom,1,Promising
691,450,4,799.13,199.7825,9.571428571428571,139,2010-09-15 11:44:00,2010-04-29 08:43:00,1,1,13041,United Kingdom,3,At Risk / Lapsed
692,597,3,1488.59,496.19666666666666,4.413043478260869,133,2010-04-20 13:43:00,2009-12-07 15:42:00,1,1,13042,United Kingdom,3,At Risk / Lapsed
693,272,1,516.42,516.42,19.53846153846154,0,2011-03-11 14:52:00,2011-03-11 14:52:00,1,0,13043,United Kingdom,1,Promising
694,290,11,4848.05,440.7318181818182,6.125,409,2011-02-21 15:20:00,2010-01-08 14:46:00,1,1,13044,United Kingdom,0,Champions
695,98,3,808.92,269.64,9.0,387,2011-09-01 15:04:00,2010-08-10 13:02:00,1,1,13045,United Kingdom,2,Loyal Customers
696,30,3,949.25,316.4166666666667,9.017857142857142,425,2011-11-09 08:36:00,2010-09-09 13:09:00,0,1,13046,United Kingdom,2,Loyal Customers
697,56,23,8790.210000000001,382.1830434782609,8.700507614213198,666,2011-10-14 11:15:00,2009-12-16 11:43:00,0,1,13047,United Kingdom,0,Champions
698,13,9,4049.13,449.90333333333336,10.041509433962265,667,2011-11-25 13:23:00,2010-01-27 12:55:00,0,1,13048,United Kingdom,0,Champions
699,63,4,1408.24,352.06,23.846153846153847,336,2011-10-06 15:31:00,2010-11-03 15:39:00,0,1,13049,United Kingdom,2,Loyal Customers
700,14,34,12205.3,358.97941176470584,7.183366733466934,709,2011-11-25 09:18:00,2009-12-15 15:06:00,0,1,13050,United Kingdom,0,Champions
701,578,2,155.8,77.9,18.0,40,2010-05-10 09:14:00,2010-03-30 11:11:00,1,1,13051,United Kingdom,3,At Risk / Lapsed
702,211,7,3118.48,445.4971428571429,5.761133603238866,442,2011-05-11 14:12:00,2010-02-23 12:31:00,1,1,13052,United Kingdom,2,Loyal Customers
703,621,1,127.65,127.65,2.764705882352941,0,2010-03-28 11:28:00,2010-03-28 11:28:00,1,0,13053,United Kingdom,3,At Risk / Lapsed
704,77,4,2321.11,580.2775,11.824675324675324,351,2011-09-22 14:26:00,2010-10-06 08:17:00,0,1,13055,United Kingdom,2,Loyal Customers
705,550,1,209.48,209.48,8.31578947368421,0,2010-06-06 14:10:00,2010-06-06 14:10:00,1,0,13056,United Kingdom,3,At Risk / Lapsed
706,529,3,709.59,236.53,11.4,101,2010-06-27 15:44:00,2010-03-18 12:14:00,1,1,13057,United Kingdom,3,At Risk / Lapsed
707,24,3,271.40000000000003,90.46666666666668,6.5,127,2011-11-15 12:43:00,2011-07-11 12:01:00,0,1,13058,United Kingdom,1,Promising
708,249,10,2291.77,229.177,4.343434343434343,368,2011-04-04 10:40:00,2010-03-31 12:23:00,1,1,13059,United Kingdom,2,Loyal Customers
709,253,1,307.53,307.53,8.2,0,2011-03-31 11:37:00,2011-03-31 11:37:00,1,0,13060,United Kingdom,1,Promising
710,71,1,248.61,248.61,10.7,0,2011-09-28 16:04:00,2011-09-28 16:04:00,0,0,13061,United Kingdom,1,Promising
711,190,1,346.98,346.98,31.181818181818183,0,2011-06-01 15:12:00,2011-06-01 15:12:00,1,0,13062,United Kingdom,1,Promising
712,480,1,188.4,188.4,9.666666666666666,0,2010-08-16 12:27:00,2010-08-16 12:27:00,1,0,13063,United Kingdom,3,At Risk / Lapsed
713,12,6,1666.84,277.8066666666667,7.182795698924731,579,2011-11-27 12:31:00,2010-04-27 10:08:00,0,1,13064,United Kingdom,2,Loyal Customers
714,372,5,1260.91,252.182,5.9868421052631575,174,2010-12-01 16:52:00,2010-06-10 11:44:00,1,1,13065,United Kingdom,2,Loyal Customers
715,23,2,470.8,235.4,6.708333333333333,7,2011-11-15 12:57:00,2011-11-07 17:06:00,0,1,13066,United Kingdom,1,Promising
716,81,3,508.51,169.50333333333333,4.09375,363,2011-09-18 13:38:00,2010-09-19 13:43:00,0,1,13067,United Kingdom,1,Promising
717,9,2,344.0,172.0,100.0,309,2011-11-29 15:00:00,2011-01-24 08:20:00,0,1,13068,United Kingdom,1,Promising
718,0,38,9616.95,253.07763157894735,14.203515263644771,542,2011-12-09 08:39:00,2010-06-14 14:27:00,0,1,13069,United Kingdom,0,Champions
719,191,4,751.7,187.925,11.272727272727272,539,2011-05-31 13:45:00,2009-12-07 14:44:00,1,1,13070,United Kingdom,2,Loyal Customers
720,611,1,129.22,129.22,2.5,0,2010-04-06 13:37:00,2010-04-06 13:37:00,1,0,13071,United Kingdom,3,At Risk / Lapsed
721,266,1,177.15,177.15,9.857142857142858,0,2011-03-18 08:12:00,2011-03-18 08:12:00,1,0,13072,United Kingdom,1,Promising
722,410,2,418.08,209.04,9.666666666666666,26,2010-10-24 14:06:00,2010-09-28 09:27:00,1,1,13073,United Kingdom,3,At Risk / Lapsed
723,510,4,1378.74,344.685,28.48275862068965,212,2010-07-16 16:53:00,2009-12-16 11:46:00,1,1,13074,United Kingdom,3,At Risk / Lapsed
724,129,1,919.61,919.61,22.045454545454547,0,2011-08-02 10:19:00,2011-08-02 10:19:00,1,0,13075,United Kingdom,1,Promising
725,457,1,135.4,135.4,4.888888888888889,0,2010-09-08 10:27:00,2010-09-08 10:27:00,1,0,13076,United Kingdom,3,At Risk / Lapsed
726,0,11,3054.37,277.67,8.055232558139535,727,2011-12-08 19:24:00,2009-12-11 11:17:00,0,1,13077,United Kingdom,0,Champions
727,2,57,29532.45,518.1131578947369,15.209737827715356,735,2011-12-06 15:36:00,2009-12-01 09:06:00,0,1,13078,United Kingdom,0,Champions
728,3,6,419.18,69.86333333333333,9.294117647058824,413,2011-12-05 16:53:00,2010-10-18 14:15:00,0,1,13079,United Kingdom,2,Loyal Customers
729,178,4,280.73,70.1825,10.157894736842104,430,2011-06-13 14:59:00,2010-04-09 13:07:00,1,1,13080,United Kingdom,1,Promising
730,11,28,59205.15,2114.469642857143,17.596856414613423,719,2011-11-28 10:54:00,2009-12-08 13:58:00,0,1,13081,United Kingdom,0,Champions
731,125,21,7335.75,349.32142857142856,65.62790697674419,591,2011-08-05 16:16:00,2009-12-22 15:37:00,1,1,13082,United Kingdom,0,Champions
732,3,3,395.43,131.81,13.954545454545457,421,2011-12-05 15:01:00,2010-10-10 13:38:00,0,1,13083,United Kingdom,1,Promising
733,491,1,122.4,122.4,72.0,0,2010-08-05 08:49:00,2010-08-05 08:49:00,1,0,13084,United Kingdom,3,At Risk / Lapsed
734,157,8,2433.28,304.16,11.238095238095235,581,2011-07-05 12:11:00,2009-12-01 07:45:00,1,1,13085,United Kingdom,2,Loyal Customers
735,382,1,439.33,439.33,3.297872340425532,0,2010-11-22 10:28:00,2010-11-22 10:28:00,1,0,13086,United Kingdom,3,At Risk / Lapsed
736,725,1,313.64,313.64,5.733333333333333,0,2009-12-13 15:16:00,2009-12-13 15:16:00,1,0,13087,United Kingdom,3,At Risk / Lapsed
737,416,1,236.11,236.11,3.8,0,2010-10-18 15:35:00,2010-10-18 15:35:00,1,0,13088,United Kingdom,3,At Risk / Lapsed
738,2,203,116647.53,574.6183743842364,17.923122765196663,734,2011-12-07 09:02:00,2009-12-02 15:44:00,0,1,13089,United Kingdom,0,Champions
739,8,23,14070.14,611.7452173913043,12.292857142857144,485,2011-12-01 12:39:00,2010-08-02 13:58:00,0,1,13090,United Kingdom,0,Champions
740,27,2,1108.8,554.4,30.40909090909091,701,2011-11-11 15:54:00,2009-12-10 12:44:00,0,1,13091,United Kingdom,2,Loyal Customers
741,70,12,2140.28,178.35666666666668,6.323809523809524,597,2011-09-30 11:18:00,2010-02-10 08:44:00,0,1,13092,United Kingdom,0,Champions
742,275,55,54943.65,998.9754545454546,24.97809523809524,460,2011-03-09 12:14:00,2009-12-04 10:32:00,1,1,13093,United Kingdom,0,Champions
743,20,13,2433.1200000000003,187.16307692307691,65.25,367,2011-11-18 14:07:00,2010-11-15 14:15:00,0,1,13094,United Kingdom,0,Champions
744,70,1,74.39999999999999,74.39999999999999,24.0,0,2011-09-30 12:03:00,2011-09-30 12:03:00,0,0,13095,United Kingdom,1,Promising
745,393,1,419.7000000000001,419.7000000000001,6.0,0,2010-11-10 14:08:00,2010-11-10 14:08:00,1,0,13096,United Kingdom,3,At Risk / Lapsed
746,32,27,13015.36,482.0503703703704,5.328015952143569,705,2011-11-07 10:43:00,2009-12-01 13:31:00,0,1,13097,United Kingdom,0,Champions
747,0,28,28882.44,1031.5157142857142,27.91608391608392,316,2011-12-08 14:14:00,2011-01-26 13:46:00,0,1,13098,United Kingdom,0,Champions
748,98,1,207.36,207.36,288.0,0,2011-09-01 17:40:00,2011-09-01 17:40:00,1,0,13099,United Kingdom,1,Promising
749,233,4,695.4,173.85,9.372549019607844,446,2011-04-19 14:37:00,2010-01-27 15:49:00,1,1,13101,United Kingdom,2,Loyal Customers
750,0,37,11696.92,316.132972972973,13.365853658536585,580,2011-12-08 12:52:00,2010-05-06 13:12:00,0,1,13102,United Kingdom,0,Champions
751,39,3,709.64,236.54666666666665,12.909090909090908,537,2011-10-31 09:38:00,2010-05-11 14:41:00,0,1,13103,United Kingdom,2,Loyal Customers
752,2,9,1709.1,189.9,27.8,649,2011-12-06 13:10:00,2010-02-24 15:06:00,0,1,13104,United Kingdom,2,Loyal Customers
753,435,1,72.0,72.0,100.0,0,2010-09-29 13:41:00,2010-09-29 13:41:00,1,0,13105,United Kingdom,3,At Risk / Lapsed
754,132,2,603.46,301.73,14.4375,280,2011-07-29 15:12:00,2010-10-22 13:10:00,1,1,13106,United Kingdom,1,Promising
755,43,9,5253.07,583.6744444444444,24.247191011235955,629,2011-10-26 14:52:00,2010-02-04 10:50:00,0,1,13107,United Kingdom,0,Champions
756,372,2,1098.52,549.26,23.177777777777777,62,2010-12-02 10:35:00,2010-09-30 17:09:00,1,1,13108,United Kingdom,3,At Risk / Lapsed
757,59,3,1134.03,378.01,10.814285714285717,491,2011-10-11 10:16:00,2010-06-06 12:59:00,0,1,13109,United Kingdom,2,Loyal Customers
758,30,12,2957.4700000000003,246.45583333333332,3.0277777777777777,707,2011-11-08 14:30:00,2009-12-01 14:14:00,0,1,13110,United Kingdom,0,Champions
759,718,1,321.88000000000005,321.88000000000005,15.0,0,2009-12-21 09:00:00,2009-12-21 09:00:00,1,0,13111,United Kingdom,3,At Risk / Lapsed
760,540,1,20.6,20.6,5.5,0,2010-06-16 17:03:00,2010-06-16 17:03:00,1,0,13112,United Kingdom,3,At Risk / Lapsed
761,0,37,18603.04,502.7848648648649,11.731266149870802,620,2011-12-09 12:49:00,2010-03-28 16:13:00,0,1,13113,United Kingdom,0,Champions
762,730,1,234.38,234.38,4.625,0,2009-12-09 09:56:00,2009-12-09 09:56:00,1,0,13114,United Kingdom,3,At Risk / Lapsed
763,11,10,5494.7,549.47,12.528662420382163,587,2011-11-28 12:38:00,2010-04-19 13:29:00,0,1,13115,United Kingdom,0,Champions
764,137,1,501.14,501.14,9.7,0,2011-07-24 14:33:00,2011-07-24 14:33:00,1,0,13116,United Kingdom,1,Promising
765,21,18,2643.81,146.87833333333333,10.99468085106383,601,2011-11-18 12:02:00,2010-03-26 13:50:00,0,1,13117,United Kingdom,0,Champions
766,19,9,2415.41,268.37888888888887,5.635135135135135,419,2011-11-20 12:46:00,2010-09-26 15:46:00,0,1,13118,United Kingdom,2,Loyal Customers
767,668,1,134.9,134.9,10.0,0,2010-02-09 08:38:00,2010-02-09 08:38:00,1,0,13119,United Kingdom,3,At Risk / Lapsed
768,238,1,30.6,30.6,12.0,0,2011-04-15 10:19:00,2011-04-15 10:19:00,1,0,13120,United Kingdom,1,Promising
769,268,1,283.73,283.73,5.04,0,2011-03-15 16:47:00,2011-03-15 16:47:00,1,0,13121,United Kingdom,1,Promising
770,93,2,922.39,461.195,10.636363636363637,146,2011-09-06 15:53:00,2011-04-13 14:12:00,1,1,13122,United Kingdom,1,Promising
771,472,2,506.75,253.375,5.955555555555556,56,2010-08-24 10:18:00,2010-06-28 12:43:00,1,1,13123,United Kingdom,3,At Risk / Lapsed
772,89,4,4641.66,1160.415,9.674911660777385,295,2011-09-11 12:45:00,2010-11-19 15:50:00,0,1,13124,United Kingdom,2,Loyal Customers
773,523,1,148.62,148.62,2.65,0,2010-07-04 11:58:00,2010-07-04 11:58:00,1,0,13125,United Kingdom,3,At Risk / Lapsed
774,4,13,3998.25,307.5576923076923,13.581673306772908,642,2011-12-05 10:00:00,2010-03-02 12:24:00,0,1,13126,United Kingdom,0,Champions
775,77,1,259.17,259.17,8.466666666666667,0,2011-09-23 10:26:00,2011-09-23 10:26:00,0,0,13127,United Kingdom,1,Promising
776,630,1,263.5,263.5,31.0,0,2010-03-18 15:08:00,2010-03-18 15:08:00,1,0,13128,United Kingdom,3,At Risk / Lapsed
777,451,2,233.25,116.625,26.90909090909091,77,2010-09-13 13:47:00,2010-06-28 11:54:00,1,1,13129,United Kingdom,3,At Risk / Lapsed
778,93,1,64.0,64.0,16.0,0,2011-09-06 15:30:00,2011-09-06 15:30:00,1,0,13130,United Kingdom,1,Promising
779,22,7,3313.77,473.3957142857143,10.221476510067117,645,2011-11-16 13:21:00,2010-02-09 09:47:00,0,1,13131,United Kingdom,2,Loyal Customers
780,261,1,77.3,77.3,6.666666666666667,0,2011-03-23 12:44:00,2011-03-23 12:44:00,1,0,13132,United Kingdom,1,Promising
781,273,3,200.45,66.81666666666668,4.583333333333333,185,2011-03-11 10:31:00,2010-09-06 15:30:00,1,1,13133,United Kingdom,1,Promising
782,85,6,2475.23,412.53833333333336,11.272727272727272,330,2011-09-15 10:35:00,2010-10-19 13:21:00,0,1,13134,United Kingdom,2,Loyal Customers
783,196,2,3371.45,1685.725,245.72222222222223,294,2011-05-27 10:52:00,2010-08-05 17:28:00,1,1,13135,United Kingdom,2,Loyal Customers
784,55,13,6274.56,482.6584615384616,9.86984126984127,674,2011-10-14 13:41:00,2009-12-08 18:30:00,0,1,13136,United Kingdom,0,Champions
785,10,16,7586.94,474.18375,3.0401721664275465,491,2011-11-29 12:09:00,2010-07-25 15:40:00,0,1,13137,United Kingdom,0,Champions
786,21,7,1467.24,209.6057142857143,7.252525252525253,374,2011-11-17 16:51:00,2010-11-08 11:45:00,0,1,13138,United Kingdom,2,Loyal Customers
787,15,8,8202.98,1025.3725,17.411320754716982,421,2011-11-23 13:54:00,2010-09-28 09:12:00,0,1,13139,United Kingdom,0,Champions
788,107,5,1213.18,242.636,5.383333333333334,382,2011-08-23 15:33:00,2010-08-05 19:05:00,1,1,13140,United Kingdom,2,Loyal Customers
789,84,17,7656.08,450.3576470588236,12.16745283018868,645,2011-09-16 09:54:00,2009-12-09 13:34:00,0,1,13141,United Kingdom,0,Champions
790,18,1,307.09,307.09,11.217391304347826,0,2011-11-20 16:07:00,2011-11-20 16:07:00,0,0,13142,United Kingdom,1,Promising
791,584,1,405.1,405.1,8.608695652173912,0,2010-05-04 12:22:00,2010-05-04 12:22:00,1,0,13143,United Kingdom,3,At Risk / Lapsed
792,332,2,135.35,67.675,4.833333333333333,98,2011-01-11 11:15:00,2010-10-04 14:14:00,1,1,13144,United Kingdom,3,At Risk / Lapsed
793,39,7,1423.52,203.36,26.6,560,2011-10-31 12:45:00,2010-04-19 11:11:00,0,1,13145,United Kingdom,2,Loyal Customers
794,25,1,228.91,228.91,9.058823529411764,0,2011-11-13 15:29:00,2011-11-13 15:29:00,0,0,13146,United Kingdom,1,Promising
795,9,4,712.8000000000001,178.20000000000002,36.0,89,2011-11-29 13:59:00,2011-09-01 12:28:00,0,1,13147,United Kingdom,2,Loyal Customers
796,28,26,8488.32,326.4738461538461,5.888304862023653,702,2011-11-10 15:23:00,2009-12-07 15:26:00,0,1,13148,United Kingdom,0,Champions
797,13,4,1676.06,419.015,14.883720930232558,274,2011-11-25 13:09:00,2011-02-23 13:57:00,0,1,13149,United Kingdom,2,Loyal Customers
798,483,3,449.97,149.98999999999998,21.375,146,2010-08-12 12:59:00,2010-03-19 09:03:00,1,1,13150,United Kingdom,3,At Risk / Lapsed
799,295,3,2454.71,818.2366666666667,5.019108280254777,332,2011-02-17 12:29:00,2010-03-22 10:26:00,1,1,13151,United Kingdom,2,Loyal Customers
800,416,7,2146.38,306.6257142857143,7.237037037037037,277,2010-10-18 13:44:00,2010-01-14 10:01:00,1,1,13152,United Kingdom,2,Loyal Customers
801,5,1,486.22,486.22,27.866666666666667,0,2011-12-04 12:14:00,2011-12-04 12:14:00,0,0,13153,United Kingdom,1,Promising
802,398,3,1624.84,541.6133333333333,10.494623655913978,336,2010-11-05 16:00:00,2009-12-04 08:46:00,1,1,13154,United Kingdom,3,At Risk / Lapsed
803,32,6,1750.18,291.69666666666666,5.5426829268292686,458,2011-11-06 15:41:00,2010-08-05 09:30:00,0,1,13155,United Kingdom,2,Loyal Customers
804,384,3,1586.54,528.8466666666667,8.788461538461538,290,2010-11-19 13:09:00,2010-02-01 13:45:00,1,1,13156,United Kingdom,3,At Risk / Lapsed
805,48,9,5687.36,631.9288888888889,18.97211155378486,592,2011-10-21 13:50:00,2010-03-08 11:59:00,0,1,13157,United Kingdom,0,Champions
806,94,5,1508.18,301.636,9.92,293,2011-09-06 11:58:00,2010-11-16 17:12:00,1,1,13158,United Kingdom,2,Loyal Customers
807,8,4,1429.35,357.3375,8.816666666666666,106,2011-12-01 11:20:00,2011-08-16 11:44:00,0,1,13159,United Kingdom,2,Loyal Customers
808,21,1,91.8,91.8,14.0,0,2011-11-17 13:07:00,2011-11-17 13:07:00,0,0,13160,United Kingdom,1,Promising
809,312,2,472.13,236.065,3.1818181818181817,187,2011-01-30 14:03:00,2010-07-27 12:44:00,1,1,13161,United Kingdom,3,At Risk / Lapsed
810,121,16,9275.49,579.718125,24.180672268907564,613,2011-08-09 15:59:00,2009-12-04 13:59:00,1,1,13162,United Kingdom,0,Champions
811,609,1,17.65,17.65,1.5,0,2010-04-08 16:21:00,2010-04-08 16:21:00,1,0,13163,United Kingdom,3,At Risk / Lapsed
812,568,2,372.2,186.1,12.0,98,2010-05-19 13:52:00,2010-02-10 11:52:00,1,1,13164,United Kingdom,3,At Risk / Lapsed
813,45,3,1451.16,483.72,35.42857142857143,366,2011-10-24 15:05:00,2010-10-22 17:04:00,0,1,13165,United Kingdom,2,Loyal Customers
814,282,2,875.93,437.965,7.676470588235294,131,2011-03-01 15:16:00,2010-10-21 14:29:00,1,1,13166,United Kingdom,1,Promising
815,18,5,1113.15,222.63,12.4375,371,2011-11-21 12:24:00,2010-11-14 12:58:00,0,1,13167,United Kingdom,2,Loyal Customers
816,35,5,1840.73,368.146,5.190751445086705,505,2011-11-03 12:56:00,2010-06-15 15:00:00,0,1,13168,United Kingdom,2,Loyal Customers
817,63,3,840.08,280.0266666666667,16.444444444444443,498,2011-10-07 12:11:00,2010-05-26 15:58:00,0,1,13169,United Kingdom,2,Loyal Customers
818,26,1,108.81,108.81,4.7,0,2011-11-13 12:19:00,2011-11-13 12:19:00,0,0,13170,United Kingdom,1,Promising
819,21,3,468.41,156.13666666666668,4.978260869565218,277,2011-11-18 10:27:00,2011-02-13 14:16:00,0,1,13171,United Kingdom,1,Promising
820,399,1,69.6,69.6,48.0,0,2010-11-04 15:10:00,2010-11-04 15:10:00,1,0,13172,United Kingdom,3,At Risk / Lapsed
821,3,11,2555.76,232.3418181818182,6.69327731092437,725,2011-12-05 15:51:00,2009-12-10 12:52:00,0,1,13173,United Kingdom,0,Champions
822,15,11,9341.52,849.2290909090909,4.106715731370745,718,2011-11-23 14:35:00,2009-12-04 15:40:00,0,1,13174,United Kingdom,0,Champions
823,581,2,831.45,415.725,9.195652173913045,153,2010-05-06 13:13:00,2009-12-04 12:11:00,1,1,13175,United Kingdom,3,At Risk / Lapsed
824,45,1,481.49,481.49,6.686567164179104,0,2011-10-24 15:43:00,2011-10-24 15:43:00,0,0,13176,United Kingdom,1,Promising
825,64,2,512.2,256.1,6.0,365,2011-10-06 09:56:00,2010-10-05 10:35:00,0,1,13177,United Kingdom,1,Promising
826,25,21,14059.19,669.4852380952382,12.777292576419214,697,2011-11-13 16:14:00,2009-12-16 14:00:00,0,1,13178,United Kingdom,0,Champions
827,618,1,572.3100000000001,572.3100000000001,10.823529411764708,0,2010-03-31 11:40:00,2010-03-31 11:40:00,1,0,13179,United Kingdom,3,At Risk / Lapsed
828,606,1,86.10000000000001,86.10000000000001,10.5,0,2010-04-11 13:37:00,2010-04-11 13:37:00,1,0,13180,United Kingdom,3,At Risk / Lapsed
829,380,1,359.69,359.69,9.0,0,2010-11-23 15:05:00,2010-11-23 15:05:00,1,0,13181,United Kingdom,3,At Risk / Lapsed
830,44,1,121.18,121.18,18.272727272727277,0,2011-10-25 13:46:00,2011-10-25 13:46:00,0,0,13182,United Kingdom,1,Promising
831,7,15,7036.18,469.07866666666666,25.81410256410257,627,2011-12-02 10:30:00,2010-03-14 12:32:00,0,1,13183,United Kingdom,0,Champions
832,14,10,1667.95,166.79500000000002,9.331460674157304,275,2011-11-25 12:02:00,2011-02-22 17:25:00,0,1,13184,United Kingdom,2,Loyal Customers
833,267,1,71.4,71.4,12.0,0,2011-03-17 11:56:00,2011-03-17 11:56:00,1,0,13185,United Kingdom,1,Promising
834,39,3,1575.89,525.2966666666667,10.379746835443038,89,2011-10-31 11:40:00,2011-08-03 09:09:00,0,1,13186,United Kingdom,2,Loyal Customers
835,336,4,328.36,82.09,5.2407407407407405,287,2011-01-06 18:57:00,2010-03-25 17:18:00,1,1,13187,United Kingdom,3,At Risk / Lapsed
836,10,1,114.6,114.6,12.5,0,2011-11-28 15:28:00,2011-11-28 15:28:00,0,0,13188,United Kingdom,1,Promising
837,18,2,260.68,130.34,29.03448275862069,96,2011-11-21 10:39:00,2011-08-16 13:12:00,0,1,13189,United Kingdom,1,Promising
838,543,3,570.66,190.22,18.11764705882353,188,2010-06-13 15:47:00,2009-12-07 12:13:00,1,1,13190,United Kingdom,3,At Risk / Lapsed
839,657,1,159.21,159.21,1.947368421052632,0,2010-02-19 17:02:00,2010-02-19 17:02:00,1,0,13191,United Kingdom,3,At Risk / Lapsed
840,94,6,2558.58,426.43,10.055555555555555,591,2011-09-05 14:13:00,2010-01-22 08:37:00,1,1,13192,United Kingdom,2,Loyal Customers
841,60,1,112.08,112.08,1.84,0,2011-10-09 14:30:00,2011-10-09 14:30:00,0,0,13193,United Kingdom,1,Promising
842,135,2,472.78,236.39,32.6,285,2011-07-27 09:01:00,2010-10-14 11:54:00,1,1,13194,United Kingdom,1,Promising
843,413,1,136.73,136.73,1.5217391304347827,0,2010-10-21 13:07:00,2010-10-21 13:07:00,1,0,13195,United Kingdom,3,At Risk / Lapsed
844,10,7,3068.84,438.4057142857143,10.670212765957446,606,2011-11-28 13:54:00,2010-04-01 12:54:00,0,1,13196,United Kingdom,2,Loyal Customers
845,609,1,373.0100000000001,373.0100000000001,10.736842105263158,0,2010-04-09 09:14:00,2010-04-09 09:14:00,1,0,13197,United Kingdom,3,At Risk / Lapsed
846,9,8,4974.2300000000005,621.7787500000001,10.98407643312102,424,2011-11-29 15:17:00,2010-10-01 13:27:00,0,1,13198,United Kingdom,0,Champions
847,3,66,16417.89,248.75590909090909,58.33980582524272,731,2011-12-06 12:30:00,2009-12-05 10:11:00,0,1,13199,United Kingdom,0,Champions
848,18,4,870.09,217.5225,11.217391304347826,107,2011-11-20 15:35:00,2011-08-05 14:50:00,0,1,13200,United Kingdom,2,Loyal Customers
849,501,4,1233.06,308.265,12.046511627906977,140,2010-07-25 14:30:00,2010-03-07 11:01:00,1,1,13201,United Kingdom,3,At Risk / Lapsed
850,393,7,1580.3,225.75714285714284,8.289855072463768,336,2010-11-10 16:24:00,2009-12-09 10:48:00,1,1,13202,United Kingdom,2,Loyal Customers
851,9,10,2648.25,264.825,14.27810650887574,712,2011-11-30 10:45:00,2009-12-17 14:15:00,0,1,13203,United Kingdom,2,Loyal Customers
852,730,1,966.66,966.66,7.508771929824562,0,2009-12-08 14:56:00,2009-12-08 14:56:00,1,0,13204,United Kingdom,3,At Risk / Lapsed
853,442,1,2803.2,2803.2,256.0,0,2010-09-22 16:26:00,2010-09-22 16:26:00,1,0,13205,United Kingdom,3,At Risk / Lapsed
854,399,13,8308.19,639.0915384615384,12.519434628975263,332,2010-11-04 16:50:00,2009-12-07 13:48:00,1,1,13206,United Kingdom,0,Champions
855,14,4,535.86,133.965,13.692307692307692,596,2011-11-24 14:52:00,2010-04-06 16:37:00,0,1,13207,United Kingdom,2,Loyal Customers
856,58,8,1951.82,243.9775,5.228,677,2011-10-11 16:25:00,2009-12-03 13:25:00,0,1,13208,United Kingdom,2,Loyal Customers
857,29,13,8509.51,654.5776923076924,15.795081967213116,653,2011-11-09 13:54:00,2010-01-24 14:30:00,0,1,13209,United Kingdom,0,Champions
858,93,1,353.48,353.48,14.363636363636363,0,2011-09-07 08:18:00,2011-09-07 08:18:00,1,0,13210,United Kingdom,1,Promising
859,9,10,2618.77,261.877,9.17910447761194,722,2011-11-29 14:43:00,2009-12-06 15:24:00,0,1,13211,United Kingdom,2,Loyal Customers
860,19,3,786.83,262.2766666666667,2.191489361702128,41,2011-11-20 12:40:00,2011-10-09 14:48:00,0,1,13212,United Kingdom,2,Loyal Customers
861,56,11,3851.52,350.1381818181818,14.519607843137257,511,2011-10-14 11:42:00,2010-05-20 14:50:00,0,1,13213,United Kingdom,0,Champions
862,417,7,3264.23,466.3185714285714,12.951965065502185,228,2010-10-18 10:00:00,2010-03-03 14:10:00,1,1,13214,United Kingdom,2,Loyal Customers
863,401,1,81.6,81.6,96.0,0,2010-11-02 18:26:00,2010-11-02 18:26:00,1,0,13215,United Kingdom,3,At Risk / Lapsed
864,267,1,333.74,333.74,59.4,0,2011-03-17 12:18:00,2011-03-17 12:18:00,1,0,13216,United Kingdom,1,Promising
865,121,4,666.48,166.62,102.4,533,2011-08-09 15:32:00,2010-02-22 12:49:00,1,1,13217,United Kingdom,2,Loyal Customers
866,126,1,62.63999999999999,62.63999999999999,17.6,0,2011-08-04 16:59:00,2011-08-04 16:59:00,1,0,13218,United Kingdom,1,Promising
867,617,1,76.23,76.23,1.0,0,2010-03-31 14:18:00,2010-03-31 14:18:00,1,0,13219,United Kingdom,3,At Risk / Lapsed
868,77,5,1336.09,267.218,7.471698113207547,497,2011-09-22 13:38:00,2010-05-13 10:35:00,0,1,13220,United Kingdom,2,Loyal Customers
869,239,2,844.86,422.43,3.7384615384615385,119,2011-04-13 16:58:00,2010-12-15 13:24:00,1,1,13221,United Kingdom,1,Promising
870,576,1,88.5,88.5,30.0,0,2010-05-11 13:54:00,2010-05-11 13:54:00,1,0,13222,United Kingdom,3,At Risk / Lapsed
871,199,6,969.12,161.52,43.69230769230769,464,2011-05-23 13:03:00,2010-02-12 13:27:00,1,1,13223,United Kingdom,2,Loyal Customers
872,59,2,2152.95,1076.475,14.158878504672897,91,2011-10-10 14:55:00,2011-07-11 14:10:00,0,1,13224,United Kingdom,2,Loyal Customers
873,2,16,16260.07,1016.254375,59.208,719,2011-12-06 13:29:00,2009-12-17 09:09:00,0,1,13225,United Kingdom,0,Champions
874,272,2,312.46,156.23,6.392857142857143,120,2011-03-11 14:35:00,2010-11-11 13:46:00,1,1,13226,United Kingdom,1,Promising
875,201,1,257.7,257.7,11.0,0,2011-05-22 11:47:00,2011-05-22 11:47:00,1,0,13227,United Kingdom,1,Promising
876,80,1,358.0,358.0,100.0,0,2011-09-19 14:28:00,2011-09-19 14:28:00,0,0,13228,United Kingdom,1,Promising
877,225,1,160.95,160.95,6.3,0,2011-04-28 12:07:00,2011-04-28 12:07:00,1,0,13229,United Kingdom,1,Promising
878,3,30,6202.96,206.76533333333333,2.7933491686460807,626,2011-12-05 16:03:00,2010-03-18 20:02:00,0,1,13230,United Kingdom,0,Champions
879,12,7,1327.75,189.67857142857144,3.835820895522388,230,2011-11-27 10:39:00,2011-04-10 13:48:00,0,1,13232,United Kingdom,2,Loyal Customers
880,73,4,1176.46,294.115,21.105263157894736,619,2011-09-26 13:25:00,2010-01-14 14:10:00,0,1,13233,United Kingdom,2,Loyal Customers
881,672,2,346.5,173.25,2.6065573770491803,59,2010-02-05 11:41:00,2009-12-07 12:32:00,1,1,13234,United Kingdom,3,At Risk / Lapsed
882,211,1,1031.07,1031.07,7.603448275862069,0,2011-05-11 17:13:00,2011-05-11 17:13:00,1,0,13235,United Kingdom,1,Promising
883,24,2,744.85,372.425,11.555555555555555,82,2011-11-15 12:50:00,2011-08-25 08:58:00,0,1,13236,United Kingdom,1,Promising
884,387,1,643.0,643.0,5.333333333333333,0,2010-11-17 10:07:00,2010-11-17 10:07:00,1,0,13237,United Kingdom,3,At Risk / Lapsed
885,16,6,1006.63,167.77166666666668,9.404255319148936,573,2011-11-22 15:37:00,2010-04-28 15:02:00,0,1,13238,United Kingdom,2,Loyal Customers
886,261,5,1594.69,318.938,12.376344086021506,240,2011-03-23 10:25:00,2010-07-25 13:34:00,1,1,13239,United Kingdom,2,Loyal Customers
887,95,8,1679.46,209.9325,3.809090909090909,556,2011-09-04 14:08:00,2010-02-25 13:17:00,1,1,13240,United Kingdom,2,Loyal Customers
888,411,1,112.53,112.53,1.15,0,2010-10-24 11:17:00,2010-10-24 11:17:00,1,0,13241,United Kingdom,3,At Risk / Lapsed
889,111,7,699.4,99.91428571428573,10.0,555,2011-08-19 12:53:00,2010-02-09 13:12:00,1,1,13242,United Kingdom,2,Loyal Customers
890,202,5,1220.38,244.076,2.702439024390244,428,2011-05-20 13:14:00,2010-03-18 13:10:00,1,1,13243,United Kingdom,2,Loyal Customers
891,92,1,121.74,121.74,1.4074074074074074,0,2011-09-08 11:46:00,2011-09-08 11:46:00,1,0,13244,United Kingdom,1,Promising
892,50,2,989.22,494.61,8.244444444444444,381,2011-10-20 11:40:00,2010-10-03 14:03:00,0,1,13245,United Kingdom,1,Promising
893,17,11,3351.75,304.70454545454544,7.536388140161725,507,2011-11-21 16:50:00,2010-07-02 13:36:00,0,1,13246,United Kingdom,0,Champions
894,17,4,501.12,125.28,13.12,64,2011-11-22 10:59:00,2011-09-18 11:31:00,0,1,13247,United Kingdom,2,Loyal Customers
895,124,2,465.68,232.84,11.73076923076923,64,2011-08-07 12:40:00,2011-06-03 13:05:00,1,1,13248,United Kingdom,1,Promising
896,91,9,1608.93,178.77,35.6,592,2011-09-08 13:26:00,2010-01-24 12:11:00,1,1,13249,United Kingdom,2,Loyal Customers
897,460,2,253.09,126.545,5.631578947368421,41,2010-09-05 11:33:00,2010-07-25 14:01:00,1,1,13250,United Kingdom,3,At Risk / Lapsed
898,401,1,252.68,252.68,8.6,0,2010-11-02 13:20:00,2010-11-02 13:20:00,1,0,13251,United Kingdom,3,At Risk / Lapsed
899,393,2,399.3,199.65,7.052631578947368,231,2010-11-10 16:00:00,2010-03-24 10:30:00,1,1,13252,United Kingdom,3,At Risk / Lapsed
900,156,4,2951.11,737.7775,40.2,546,2011-07-06 10:09:00,2010-01-05 12:13:00,1,1,13253,United Kingdom,2,Loyal Customers
901,375,1,51.41,51.41,10.75,0,2010-11-28 15:42:00,2010-11-28 15:42:00,1,0,13254,United Kingdom,3,At Risk / Lapsed
902,8,3,904.46,301.4866666666667,16.15625,502,2011-11-30 13:14:00,2010-07-15 13:20:00,0,1,13255,United Kingdom,2,Loyal Customers
903,435,1,149.75,149.75,4.714285714285714,0,2010-09-29 14:58:00,2010-09-29 14:58:00,1,0,13257,United Kingdom,3,At Risk / Lapsed
904,11,5,1009.43,201.886,10.136363636363637,388,2011-11-28 09:31:00,2010-11-04 12:45:00,0,1,13258,United Kingdom,2,Loyal Customers
905,61,9,1398.79,155.42111111111112,1.608974358974359,637,2011-10-09 10:48:00,2010-01-10 10:26:00,0,1,13259,United Kingdom,2,Loyal Customers
906,60,1,557.62,557.62,17.75,0,2011-10-09 13:21:00,2011-10-09 13:21:00,0,0,13260,United Kingdom,1,Promising
907,268,2,944.1,472.05,23.33333333333333,17,2011-03-16 12:22:00,2011-02-27 10:41:00,1,1,13261,United Kingdom,1,Promising
908,262,3,573.45,191.15,4.94,337,2011-03-21 15:06:00,2010-04-18 12:14:00,1,1,13262,United Kingdom,1,Promising
909,0,38,8650.98,227.6573684210526,2.823684210526316,411,2011-12-08 13:59:00,2010-10-22 17:07:00,0,1,13263,United Kingdom,0,Champions
910,442,1,722.5600000000001,722.5600000000001,9.86842105263158,0,2010-09-23 12:42:00,2010-09-23 12:42:00,1,0,13264,United Kingdom,3,At Risk / Lapsed
911,52,5,2092.66,418.532,19.33333333333333,220,2011-10-17 15:02:00,2011-03-11 09:54:00,0,1,13265,United Kingdom,2,Loyal Customers
912,10,19,6135.04,322.89684210526315,22.270358306188925,711,2011-11-28 14:39:00,2009-12-17 10:52:00,0,1,13266,United Kingdom,0,Champions
913,2,36,9758.26,271.0627777777778,9.633802816901408,729,2011-12-07 11:12:00,2009-12-07 16:56:00,0,1,13267,United Kingdom,0,Champions
914,17,10,3152.71,315.271,8.212962962962964,249,2011-11-22 11:34:00,2011-03-17 13:20:00,0,1,13268,United Kingdom,0,Champions
915,0,28,8888.75,317.4553571428572,13.17871485943775,736,2011-12-08 14:53:00,2009-12-02 11:47:00,0,1,13269,United Kingdom,0,Champions
916,365,1,1180.0,1180.0,200.0,0,2010-12-08 14:53:00,2010-12-08 14:53:00,1,0,13270,United Kingdom,3,At Risk / Lapsed
917,36,1,211.49,211.49,2.7586206896551726,0,2011-11-02 14:31:00,2011-11-02 14:31:00,0,0,13271,United Kingdom,1,Promising
918,30,2,276.56,138.28,6.4,58,2011-11-08 14:00:00,2011-09-11 12:06:00,0,1,13272,United Kingdom,1,Promising
919,112,1,138.98,138.98,9.5625,0,2011-08-18 14:02:00,2011-08-18 14:02:00,1,0,13273,United Kingdom,1,Promising
920,408,1,360.85,360.85,10.473684210526317,0,2010-10-26 13:48:00,2010-10-26 13:48:00,1,0,13274,United Kingdom,3,At Risk / Lapsed
921,383,2,238.86,119.43,2.875,248,2010-11-21 12:09:00,2010-03-17 14:05:00,1,1,13275,United Kingdom,3,At Risk / Lapsed
922,63,5,1891.91,378.382,3.514644351464435,578,2011-10-07 12:44:00,2010-03-07 14:05:00,0,1,13276,United Kingdom,2,Loyal Customers
923,15,7,523.3,74.75714285714285,16.608695652173914,524,2011-11-24 09:21:00,2010-06-18 08:45:00,0,1,13277,United Kingdom,2,Loyal Customers
924,40,4,1425.35,356.3375,12.457943925233645,569,2011-10-30 11:49:00,2010-04-08 11:59:00,0,1,13278,United Kingdom,2,Loyal Customers
925,77,1,137.75,137.75,8.11111111111111,0,2011-09-22 17:24:00,2011-09-22 17:24:00,0,0,13279,United Kingdom,1,Promising
926,121,7,2293.33,327.61857142857144,7.263414634146342,522,2011-08-09 13:14:00,2010-03-05 09:07:00,1,1,13280,United Kingdom,2,Loyal Customers
927,438,1,350.85,350.85,9.136363636363637,0,2010-09-26 16:03:00,2010-09-26 16:03:00,1,0,13281,United Kingdom,3,At Risk / Lapsed
928,17,4,1313.19,328.2975,8.03921568627451,388,2011-11-21 15:33:00,2010-10-29 14:11:00,0,1,13282,United Kingdom,2,Loyal Customers
929,59,4,373.36,93.34,10.2,580,2011-10-11 09:50:00,2010-03-09 14:36:00,0,1,13283,United Kingdom,1,Promising
930,330,1,201.19,201.19,7.0,0,2011-01-13 09:23:00,2011-01-13 09:23:00,1,0,13284,United Kingdom,3,At Risk / Lapsed
931,22,6,3364.59,560.765,10.636363636363637,600,2011-11-16 13:19:00,2010-03-25 14:26:00,0,1,13285,United Kingdom,2,Loyal Customers
932,599,1,734.91,734.91,5.591836734693878,0,2010-04-18 15:35:00,2010-04-18 15:35:00,1,0,13286,United Kingdom,3,At Risk / Lapsed
933,602,3,781.59,260.53000000000003,8.09433962264151,101,2010-04-15 15:26:00,2010-01-04 10:43:00,1,1,13287,United Kingdom,3,At Risk / Lapsed
934,442,5,927.61,185.522,37.9,223,2010-09-22 16:32:00,2010-02-11 14:59:00,1,1,13288,United Kingdom,3,At Risk / Lapsed
935,723,1,307.95,307.95,7.4375,0,2009-12-16 11:53:00,2009-12-16 11:53:00,1,0,13289,United Kingdom,3,At Risk / Lapsed
936,155,11,3270.79,297.3445454545454,5.031446540880503,510,2011-07-07 10:36:00,2010-02-11 18:36:00,1,1,13291,United Kingdom,0,Champions
937,38,5,994.51,198.902,8.983050847457626,487,2011-11-01 10:04:00,2010-07-01 14:36:00,0,1,13292,United Kingdom,2,Loyal Customers
938,391,6,1192.94,198.82333333333332,7.708333333333333,276,2010-11-12 13:28:00,2010-02-09 12:05:00,1,1,13293,United Kingdom,2,Loyal Customers
939,189,3,1689.53,563.1766666666666,9.764705882352942,456,2011-06-03 08:54:00,2010-03-03 12:54:00,1,1,13294,United Kingdom,2,Loyal Customers
940,359,4,1101.97,275.4925,10.940298507462687,217,2010-12-15 11:21:00,2010-05-12 09:13:00,1,1,13295,United Kingdom,2,Loyal Customers
941,136,6,792.51,132.085,12.320754716981131,439,2011-07-25 13:46:00,2010-05-11 14:29:00,1,1,13296,United Kingdom,2,Loyal Customers
942,7,7,4368.62,624.0885714285714,21.902439024390244,534,2011-12-02 09:32:00,2010-06-15 12:35:00,0,1,13297,United Kingdom,2,Loyal Customers
943,0,1,360.0,360.0,48.0,0,2011-12-08 13:11:00,2011-12-08 13:11:00,0,0,13298,United Kingdom,1,Promising
944,267,3,1218.7,406.23333333333335,6.709677419354839,260,2011-03-16 12:55:00,2010-06-29 11:30:00,1,1,13299,United Kingdom,2,Loyal Customers
945,168,3,1285.51,428.5033333333333,8.272727272727273,404,2011-06-23 13:09:00,2010-05-14 15:56:00,1,1,13300,United Kingdom,2,Loyal Customers
946,103,4,600.19,150.0475,4.2875,188,2011-08-28 11:25:00,2011-02-20 13:13:00,1,1,13301,United Kingdom,2,Loyal Customers
947,154,2,159.2,79.6,4.0,371,2011-07-07 17:56:00,2010-07-01 12:32:00,1,1,13302,United Kingdom,1,Promising
948,399,1,61.72,61.72,6.5,0,2010-11-04 14:55:00,2010-11-04 14:55:00,1,0,13303,United Kingdom,3,At Risk / Lapsed
949,350,4,1217.99,304.4975,9.17948717948718,318,2010-12-23 14:35:00,2010-02-08 12:42:00,1,1,13304,United Kingdom,2,Loyal Customers
950,3,16,3752.61,234.538125,11.51219512195122,635,2011-12-05 15:15:00,2010-03-10 14:49:00,0,1,13305,United Kingdom,0,Champions
951,429,1,53.65,53.65,18.5,0,2010-10-05 14:55:00,2010-10-05 14:55:00,1,0,13306,United Kingdom,3,At Risk / Lapsed
952,119,3,273.34,91.11333333333332,9.333333333333334,472,2011-08-11 17:14:00,2010-04-26 13:28:00,1,1,13307,United Kingdom,1,Promising
953,22,4,1670.37,417.5925,15.112676056338028,574,2011-11-17 09:31:00,2010-04-22 09:22:00,0,1,13308,United Kingdom,2,Loyal Customers
954,6,6,1706.37,284.39500000000004,14.723076923076922,385,2011-12-02 16:34:00,2010-11-12 12:10:00,0,1,13309,United Kingdom,2,Loyal Customers
955,27,5,1541.2,308.24,8.589473684210526,374,2011-11-11 17:23:00,2010-11-02 17:03:00,0,1,13310,United Kingdom,2,Loyal Customers
956,3,2,598.57,299.285,11.73076923076923,145,2011-12-05 12:55:00,2011-07-12 14:26:00,0,1,13311,United Kingdom,1,Promising
957,450,1,124.75,124.75,8.2,0,2010-09-14 14:36:00,2010-09-14 14:36:00,1,0,13312,United Kingdom,3,At Risk / Lapsed
958,21,12,3445.32,287.11,12.342245989304812,715,2011-11-17 16:48:00,2009-12-02 16:18:00,0,1,13313,United Kingdom,0,Champions
959,1,3,775.94,258.6466666666667,9.03225806451613,72,2011-12-08 12:29:00,2011-09-27 10:20:00,0,1,13314,United Kingdom,2,Loyal Customers
960,688,1,310.26,310.26,10.545454545454543,0,2010-01-19 15:34:00,2010-01-19 15:34:00,1,0,13315,United Kingdom,3,At Risk / Lapsed
961,36,10,12940.82,1294.082,115.20809248554912,602,2011-11-02 13:40:00,2010-03-10 10:01:00,0,1,13316,United Kingdom,0,Champions
962,65,19,6486.09,341.37315789473683,9.177842565597668,660,2011-10-04 13:35:00,2009-12-13 11:11:00,0,1,13317,United Kingdom,0,Champions
963,0,3,640.76,213.58666666666667,15.2,36,2011-12-08 18:51:00,2011-11-02 13:26:00,0,1,13318,United Kingdom,1,Promising
964,4,58,22082.5,380.7327586206897,9.706806282722512,727,2011-12-04 13:34:00,2009-12-06 14:46:00,0,1,13319,United Kingdom,0,Champions
965,77,6,2211.6,368.6,10.12751677852349,400,2011-09-22 18:07:00,2010-08-18 10:29:00,0,1,13320,United Kingdom,2,Loyal Customers
966,71,2,567.36,283.68,33.81818181818182,14,2011-09-28 15:24:00,2011-09-14 15:18:00,0,1,13321,United Kingdom,1,Promising
967,16,1,199.48,199.48,4.68,0,2011-11-22 14:21:00,2011-11-22 14:21:00,0,0,13322,United Kingdom,1,Promising
968,2,5,787.85,157.57,8.333333333333334,81,2011-12-06 17:12:00,2011-09-16 13:23:00,0,1,13323,United Kingdom,2,Loyal Customers
969,35,18,10513.47,584.0816666666666,64.0,527,2011-11-03 16:28:00,2010-05-25 10:23:00,0,1,13324,United Kingdom,0,Champions
970,81,1,675.3,675.3,20.0,0,2011-09-19 10:36:00,2011-09-19 10:36:00,0,0,13325,United Kingdom,1,Promising
971,431,1,281.76,281.76,10.76923076923077,0,2010-10-03 16:00:00,2010-10-03 16:00:00,1,0,13326,United Kingdom,3,At Risk / Lapsed
972,38,20,9879.48,493.974,13.096491228070176,682,2011-11-01 10:21:00,2009-12-18 15:35:00,0,1,13327,United Kingdom,0,Champions
973,315,1,1308.48,1308.48,40.0,0,2011-01-27 15:22:00,2011-01-27 15:22:00,1,0,13328,United Kingdom,3,At Risk / Lapsed
974,31,8,5112.97,639.12125,27.888,703,2011-11-08 10:29:00,2009-12-04 15:41:00,0,1,13329,United Kingdom,0,Champions
975,92,6,2796.1,466.01666666666665,16.675213675213676,562,2011-09-08 12:27:00,2010-02-23 10:12:00,1,1,13330,United Kingdom,2,Loyal Customers
976,401,1,262.4,262.4,4.5,0,2010-11-03 08:04:00,2010-11-03 08:04:00,1,0,13331,United Kingdom,3,At Risk / Lapsed
977,13,1,350.9,350.9,8.523809523809524,0,2011-11-25 13:30:00,2011-11-25 13:30:00,0,0,13332,United Kingdom,1,Promising
978,410,3,1015.74,338.58,12.454545454545457,247,2010-10-24 13:24:00,2010-02-19 09:26:00,1,1,13333,United Kingdom,3,At Risk / Lapsed
979,81,5,6201.8,1240.36,6.746835443037975,570,2011-09-18 15:21:00,2010-02-25 12:21:00,0,1,13334,United Kingdom,2,Loyal Customers
980,76,1,795.12,795.12,10.96078431372549,0,2011-09-23 14:05:00,2011-09-23 14:05:00,0,0,13336,United Kingdom,1,Promising
981,545,1,1575.26,1575.26,11.264367816091951,0,2010-06-11 13:27:00,2010-06-11 13:27:00,1,0,13337,United Kingdom,3,At Risk / Lapsed
982,157,4,2445.62,611.405,8.9921875,545,2011-07-05 09:06:00,2010-01-05 12:25:00,1,1,13338,United Kingdom,2,Loyal Customers
983,200,1,860.12,860.12,6.037037037037037,0,2011-05-23 08:31:00,2011-05-23 08:31:00,1,0,13339,United Kingdom,1,Promising
984,44,12,22100.56,1841.7133333333331,44.8186046511628,609,2011-10-25 13:15:00,2010-02-22 14:54:00,0,1,13340,United Kingdom,0,Champions
985,260,1,775.85,775.85,7.166666666666667,0,2011-03-24 09:50:00,2011-03-24 09:50:00,1,0,13341,United Kingdom,1,Promising
986,177,1,353.43,353.43,7.105263157894737,0,2011-06-15 12:24:00,2011-06-15 12:24:00,1,0,13343,United Kingdom,1,Promising
987,67,3,2511.69,837.23,8.206896551724139,209,2011-10-03 09:45:00,2011-03-07 10:28:00,0,1,13344,United Kingdom,2,Loyal Customers
988,287,1,389.5,389.5,7.05,0,2011-02-25 09:01:00,2011-02-25 09:01:00,1,0,13345,United Kingdom,1,Promising
989,462,6,299.4,49.9,30.0,133,2010-09-03 11:41:00,2010-04-22 12:34:00,1,1,13346,United Kingdom,3,At Risk / Lapsed
990,69,1,341.36,341.36,25.625,0,2011-09-30 13:28:00,2011-09-30 13:28:00,0,0,13347,United Kingdom,1,Promising
991,63,1,233.76,233.76,9.714285714285714,0,2011-10-06 17:28:00,2011-10-06 17:28:00,0,0,13348,United Kingdom,1,Promising
992,10,1,247.32,247.32,14.0625,0,2011-11-29 08:07:00,2011-11-29 08:07:00,0,0,13349,United Kingdom,1,Promising
993,15,2,979.12,489.56,7.175,63,2011-11-23 16:33:00,2011-09-21 13:33:00,0,1,13350,United Kingdom,1,Promising
994,65,1,373.94,373.94,7.3125,0,2011-10-04 12:55:00,2011-10-04 12:55:00,0,0,13351,United Kingdom,1,Promising
995,59,1,397.98,397.98,13.375,0,2011-10-10 13:55:00,2011-10-10 13:55:00,0,0,13352,United Kingdom,1,Promising
996,70,1,743.53,743.53,11.84313725490196,0,2011-09-29 13:17:00,2011-09-29 13:17:00,0,0,13354,United Kingdom,1,Promising
997,121,1,674.7,674.7,9.8125,0,2011-08-09 14:48:00,2011-08-09 14:48:00,1,0,13355,United Kingdom,1,Promising
998,79,1,768.24,768.24,7.738095238095238,0,2011-09-20 14:33:00,2011-09-20 14:33:00,0,0,13356,United Kingdom,1,Promising
999,256,5,3795.01,759.002,5.310432569974555,369,2011-03-27 13:56:00,2010-03-22 14:30:00,1,1,13357,United Kingdom,2,Loyal Customers
1000,268,1,439.03,439.03,9.827586206896552,0,2011-03-16 11:52:00,2011-03-16 11:52:00,1,0,13358,United Kingdom,1,Promising
1001,63,2,1043.31,521.655,6.803571428571429,339,2011-10-07 09:30:00,2010-11-01 15:05:00,0,1,13359,United Kingdom,1,Promising
1002,431,4,1553.65,388.4125,14.272727272727272,269,2010-10-04 12:37:00,2010-01-08 11:16:00,1,1,13360,United Kingdom,3,At Risk / Lapsed
1003,471,2,1450.5,725.25,9.529411764705882,145,2010-08-24 14:56:00,2010-04-01 07:49:00,1,1,13361,United Kingdom,3,At Risk / Lapsed
1004,8,7,5394.07,770.5814285714285,8.325503355704697,415,2011-11-30 14:41:00,2010-10-10 15:27:00,0,1,13362,United Kingdom,2,Loyal Customers
1005,17,3,1723.86,574.62,11.235294117647058,392,2011-11-22 12:40:00,2010-10-26 11:07:00,0,1,13363,United Kingdom,2,Loyal Customers
1006,70,1,134.95999999999998,134.95999999999998,7.1,0,2011-09-29 18:13:00,2011-09-29 18:13:00,0,0,13364,United Kingdom,1,Promising
1007,33,2,2225.37,1112.685,9.7421875,184,2011-11-06 12:36:00,2011-05-06 12:00:00,0,1,13365,United Kingdom,2,Loyal Customers
1008,49,1,56.16,56.16,144.0,0,2011-10-20 13:37:00,2011-10-20 13:37:00,0,0,13366,United Kingdom,1,Promising
1009,431,1,510.2000000000001,510.2000000000001,12.65,0,2010-10-04 10:00:00,2010-10-04 10:00:00,1,0,13367,United Kingdom,3,At Risk / Lapsed
1010,256,4,1121.5,280.375,11.653846153846152,166,2011-03-28 09:59:00,2010-10-12 10:43:00,1,1,13368,United Kingdom,2,Loyal Customers
1011,365,1,616.5600000000001,616.5600000000001,10.642857142857142,0,2010-12-09 11:30:00,2010-12-09 11:30:00,1,0,13369,United Kingdom,3,At Risk / Lapsed
1012,371,1,1509.74,1509.74,8.794871794871796,0,2010-12-03 10:26:00,2010-12-03 10:26:00,1,0,13370,United Kingdom,3,At Risk / Lapsed
1013,504,2,2297.66,1148.83,11.076086956521738,127,2010-07-22 17:33:00,2010-03-17 15:29:00,1,1,13371,United Kingdom,3,At Risk / Lapsed
1014,89,1,378.64,378.64,6.913043478260869,0,2011-09-11 12:46:00,2011-09-11 12:46:00,0,0,13372,United Kingdom,1,Promising
1015,60,6,7587.19,1264.5316666666668,11.90782122905028,672,2011-10-10 10:51:00,2009-12-06 12:34:00,0,1,13373,United Kingdom,2,Loyal Customers
1016,414,2,422.8,211.4,7.9411764705882355,34,2010-10-21 10:04:00,2010-09-16 10:29:00,1,1,13374,United Kingdom,3,At Risk / Lapsed
1017,88,2,1792.23,896.115,15.830985915492958,356,2011-09-12 10:19:00,2010-09-21 08:12:00,0,1,13375,United Kingdom,2,Loyal Customers
1018,98,3,1019.76,339.92,9.30188679245283,135,2011-09-01 16:16:00,2011-04-19 13:03:00,1,1,13376,United Kingdom,2,Loyal Customers
1019,396,2,1552.88,776.44,9.58974358974359,249,2010-11-08 12:20:00,2010-03-04 10:06:00,1,1,13377,United Kingdom,3,At Risk / Lapsed
1020,25,3,572.56,190.85333333333327,6.195876288659794,110,2011-11-13 13:45:00,2011-07-26 12:26:00,0,1,13379,United Kingdom,1,Promising
1021,432,1,62.4,62.4,16.0,0,2010-10-03 10:18:00,2010-10-03 10:18:00,1,0,13380,United Kingdom,3,At Risk / Lapsed
1022,31,12,8224.37,685.3641666666667,14.396067415730338,706,2011-11-08 11:58:00,2009-12-01 15:19:00,0,1,13381,United Kingdom,0,Champions
1023,280,5,1387.58,277.516,10.034883720930232,451,2011-03-04 10:03:00,2009-12-08 09:56:00,1,1,13382,United Kingdom,2,Loyal Customers
1024,543,1,305.28000000000003,305.28000000000003,288.0,0,2010-06-14 11:45:00,2010-06-14 11:45:00,1,0,13383,United Kingdom,3,At Risk / Lapsed
1025,30,11,6680.83,607.3481818181818,15.68939393939394,469,2011-11-09 11:04:00,2010-07-27 12:22:00,0,1,13384,United Kingdom,0,Champions
1026,329,1,534.57,534.57,8.028571428571428,0,2011-01-14 09:52:00,2011-01-14 09:52:00,1,0,13385,United Kingdom,3,At Risk / Lapsed
1027,413,2,835.46,417.73,16.580645161290324,22,2010-10-21 12:52:00,2010-09-28 13:09:00,1,1,13386,United Kingdom,3,At Risk / Lapsed
1028,416,1,181.84,181.84,1.6714285714285717,0,2010-10-18 14:07:00,2010-10-18 14:07:00,1,0,13387,United Kingdom,3,At Risk / Lapsed
1029,130,3,1185.65,395.2166666666667,10.159420289855072,472,2011-07-31 12:52:00,2010-04-15 10:18:00,1,1,13388,United Kingdom,2,Loyal Customers
1030,10,3,797.96,265.9866666666667,8.411764705882353,221,2011-11-28 14:01:00,2011-04-21 12:12:00,0,1,13389,United Kingdom,2,Loyal Customers
1031,74,1,544.08,544.08,17.23076923076923,0,2011-09-26 08:38:00,2011-09-26 08:38:00,0,0,13390,United Kingdom,1,Promising
1032,203,1,59.8,59.8,4.0,0,2011-05-20 10:50:00,2011-05-20 10:50:00,1,0,13391,United Kingdom,1,Promising
1033,676,1,91.14,91.14,10.25,0,2010-01-31 13:34:00,2010-01-31 13:34:00,1,0,13392,United Kingdom,3,At Risk / Lapsed
1034,583,4,1131.45,282.8625,9.594202898550725,148,2010-05-05 09:34:00,2009-12-07 18:12:00,1,1,13393,United Kingdom,3,At Risk / Lapsed
1035,1,19,6621.7,348.5105263157895,13.09046454767726,736,2011-12-08 11:36:00,2009-12-01 11:58:00,0,1,13394,United Kingdom,0,Champions
1036,184,3,1180.23,393.41,20.493827160493822,236,2011-06-07 15:04:00,2010-10-14 13:00:00,1,1,13395,United Kingdom,2,Loyal Customers
1037,28,2,1360.99,680.495,13.953488372093023,290,2011-11-10 16:59:00,2011-01-24 13:37:00,0,1,13396,United Kingdom,2,Loyal Customers
1038,72,10,3191.87,319.187,15.01123595505618,616,2011-09-28 10:56:00,2010-01-20 09:50:00,0,1,13397,United Kingdom,0,Champions
1039,191,2,670.34,335.17,8.743589743589743,256,2011-05-31 13:17:00,2010-09-17 09:34:00,1,1,13398,United Kingdom,1,Promising
1040,463,3,275.4,91.8,8.0,54,2010-09-01 13:59:00,2010-07-08 17:47:00,1,1,13399,United Kingdom,3,At Risk / Lapsed
1041,582,1,310.83,310.83,12.347826086956522,0,2010-05-06 09:00:00,2010-05-06 09:00:00,1,0,13400,United Kingdom,3,At Risk / Lapsed
1042,126,4,1535.13,383.7825,11.53125,437,2011-08-04 15:51:00,2010-05-24 10:56:00,1,1,13402,United Kingdom,2,Loyal Customers
1043,17,3,229.5,76.5,12.666666666666666,705,2011-11-22 08:28:00,2009-12-16 13:23:00,0,1,13403,United Kingdom,1,Promising
1044,0,2,252.49,126.245,10.090909090909092,211,2011-12-08 15:37:00,2011-05-11 11:57:00,0,1,13404,United Kingdom,1,Promising
1045,203,5,1198.81,239.762,20.804878048780488,520,2011-05-19 16:31:00,2009-12-15 14:13:00,1,1,13405,United Kingdom,2,Loyal Customers
1046,426,2,568.92,284.46,32.44444444444444,204,2010-10-08 14:44:00,2010-03-18 07:29:00,1,1,13406,United Kingdom,3,At Risk / Lapsed
1047,578,3,2244.7,748.2333333333332,19.88235294117647,83,2010-05-10 12:41:00,2010-02-16 11:13:00,1,1,13407,United Kingdom,3,At Risk / Lapsed
1048,1,106,51733.46,488.0515094339623,35.19928400954654,733,2011-12-08 09:05:00,2009-12-04 09:31:00,0,1,13408,United Kingdom,0,Champions
1049,23,9,2201.96,244.66222222222223,24.88,707,2011-11-15 15:33:00,2009-12-08 13:43:00,0,1,13410,United Kingdom,2,Loyal Customers
1050,106,1,213.55,213.55,4.0,0,2011-08-24 13:57:00,2011-08-24 13:57:00,1,0,13411,United Kingdom,1,Promising
1051,619,1,487.35,487.35,5.176470588235294,0,2010-03-29 16:28:00,2010-03-29 16:28:00,1,0,13412,United Kingdom,3,At Risk / Lapsed
1052,639,6,429.44,71.57333333333334,10.581395348837209,47,2010-03-10 12:17:00,2010-01-21 17:43:00,1,1,13413,United Kingdom,3,At Risk / Lapsed
1053,133,6,2494.14,415.69,49.127272727272725,469,2011-07-29 11:45:00,2010-04-15 17:00:00,1,1,13414,United Kingdom,2,Loyal Customers
1054,472,4,784.17,196.0425,4.910891089108911,255,2010-08-24 11:38:00,2009-12-11 14:20:00,1,1,13415,United Kingdom,3,At Risk / Lapsed
1055,43,3,940.8,313.6,8.0,692,2011-10-27 08:56:00,2009-12-03 13:02:00,0,1,13416,United Kingdom,2,Loyal Customers
1056,4,6,1669.49,278.24833333333333,6.909090909090909,664,2011-12-05 08:49:00,2010-02-08 12:39:00,0,1,13417,United Kingdom,2,Loyal Customers
1057,11,31,12182.9,392.9967741935484,13.55,716,2011-11-28 10:23:00,2009-12-11 12:51:00,0,1,13418,United Kingdom,0,Champions
1058,63,1,221.06,221.06,17.1875,0,2011-10-07 12:49:00,2011-10-07 12:49:00,0,0,13419,United Kingdom,1,Promising
1059,149,2,159.85,79.925,12.625,20,2011-07-13 08:48:00,2011-06-22 11:35:00,1,1,13420,United Kingdom,1,Promising
1060,39,8,4048.25,506.03125,8.81060606060606,622,2011-10-30 14:21:00,2010-02-14 14:45:00,0,1,13421,United Kingdom,2,Loyal Customers
1061,63,1,2626.3,2626.3,10.440944881889765,0,2011-10-06 13:42:00,2011-10-06 13:42:00,0,0,13422,United Kingdom,2,Loyal Customers
1062,428,1,217.03,217.03,11.75,0,2010-10-07 09:02:00,2010-10-07 09:02:00,1,0,13423,United Kingdom,3,At Risk / Lapsed
1063,449,1,572.77,572.77,13.225,0,2010-09-16 10:49:00,2010-09-16 10:49:00,1,0,13424,United Kingdom,3,At Risk / Lapsed
1064,107,5,3390.4300000000003,678.086,13.322033898305085,471,2011-08-23 17:13:00,2010-05-09 14:35:00,1,1,13425,United Kingdom,2,Loyal Customers
1065,0,22,8167.38,371.2445454545455,14.192419825072886,729,2011-12-09 08:59:00,2009-12-09 15:16:00,0,1,13426,United Kingdom,0,Champions
1066,18,6,1006.53,167.755,16.923076923076923,702,2011-11-20 13:02:00,2009-12-17 13:44:00,0,1,13427,United Kingdom,2,Loyal Customers
1067,9,3,478.54,159.51333333333335,2.579710144927536,504,2011-11-29 14:20:00,2010-07-13 13:20:00,0,1,13428,United Kingdom,1,Promising
1068,10,4,1006.8,251.7,20.746268656716417,64,2011-11-29 09:10:00,2011-09-25 15:59:00,0,1,13429,United Kingdom,2,Loyal Customers
1069,18,2,679.45,339.725,15.326530612244898,67,2011-11-21 08:19:00,2011-09-14 14:26:00,0,1,13430,United Kingdom,1,Promising
1070,66,8,3316.24,414.53,12.170542635658917,592,2011-10-03 13:49:00,2010-02-18 11:53:00,0,1,13431,United Kingdom,2,Loyal Customers
1071,570,2,436.55,218.275,1.945454545454545,40,2010-05-17 13:18:00,2010-04-06 14:42:00,1,1,13432,United Kingdom,3,At Risk / Lapsed
1072,500,4,658.3199999999999,164.57999999999998,7.916666666666667,195,2010-07-26 16:55:00,2010-01-12 08:59:00,1,1,13433,United Kingdom,3,At Risk / Lapsed
1073,73,5,1666.86,333.372,24.685714285714287,581,2011-09-26 14:30:00,2010-02-22 09:54:00,0,1,13434,United Kingdom,2,Loyal Customers
1074,4,9,4447.33,494.1477777777778,18.483221476510067,494,2011-12-04 14:45:00,2010-07-27 16:56:00,0,1,13435,United Kingdom,0,Champions
1075,1,1,196.89,196.89,6.333333333333333,0,2011-12-08 10:33:00,2011-12-08 10:33:00,0,0,13436,United Kingdom,1,Promising
1076,13,7,3408.06,486.8657142857143,7.682634730538922,175,2011-11-25 14:00:00,2011-06-02 14:30:00,0,1,13437,United Kingdom,2,Loyal Customers
1077,546,1,46.5,46.5,10.0,0,2010-06-10 18:46:00,2010-06-10 18:46:00,1,0,13438,United Kingdom,3,At Risk / Lapsed
1078,254,3,986.61,328.87,5.700598802395209,270,2011-03-29 14:20:00,2010-07-01 14:36:00,1,1,13439,United Kingdom,2,Loyal Customers
1079,422,7,1295.25,185.03571428571428,9.71186440677966,28,2010-10-12 13:11:00,2010-09-14 10:34:00,1,1,13440,United Kingdom,2,Loyal Customers
1080,91,2,720.9,360.45,13.68421052631579,339,2011-09-09 09:38:00,2010-10-04 10:38:00,1,1,13441,United Kingdom,1,Promising
1081,666,3,419.87,139.95666666666668,3.026315789473684,70,2010-02-10 14:03:00,2009-12-01 14:59:00,1,1,13442,United Kingdom,3,At Risk / Lapsed
1082,448,6,1269.37,211.5616666666667,4.05050505050505,228,2010-09-17 12:31:00,2010-01-31 13:30:00,1,1,13443,United Kingdom,3,At Risk / Lapsed
1083,373,2,619.08,309.54,5.807017543859649,131,2010-11-30 13:02:00,2010-07-21 14:34:00,1,1,13444,United Kingdom,3,At Risk / Lapsed
1084,625,1,241.9,241.9,28.285714285714285,0,2010-03-23 15:34:00,2010-03-23 15:34:00,1,0,13445,United Kingdom,3,At Risk / Lapsed
1085,429,11,3881.89,352.8990909090909,12.515625,233,2010-10-05 18:51:00,2010-02-14 11:52:00,1,1,13446,United Kingdom,2,Loyal Customers
1086,22,3,1129.14,376.38000000000005,9.898305084745765,12,2011-11-16 13:38:00,2011-11-04 10:10:00,0,1,13447,United Kingdom,2,Loyal Customers
1087,16,12,8830.18,735.8483333333334,7.92,717,2011-11-23 12:33:00,2009-12-06 12:14:00,0,1,13448,United Kingdom,0,Champions
1088,23,1,291.88,291.88,11.68421052631579,0,2011-11-16 08:28:00,2011-11-16 08:28:00,0,0,13449,United Kingdom,1,Promising
1089,26,13,4120.04,316.92615384615385,29.374149659863946,576,2011-11-13 11:54:00,2010-04-15 19:15:00,0,1,13450,United Kingdom,0,Champions
1090,25,11,7088.92,644.4472727272728,5.118511263467189,601,2011-11-13 15:58:00,2010-03-21 16:13:00,0,1,13451,United Kingdom,0,Champions
1091,258,3,729.8,243.26666666666665,2.0,213,2011-03-25 14:19:00,2010-08-24 09:53:00,1,1,13452,United Kingdom,1,Promising
1092,165,3,781.6899999999999,260.56333333333333,8.525,236,2011-06-27 09:34:00,2010-11-02 13:23:00,1,1,13453,United Kingdom,2,Loyal Customers
1093,640,1,219.87,219.87,8.608695652173912,0,2010-03-08 14:40:00,2010-03-08 14:40:00,1,0,13454,United Kingdom,3,At Risk / Lapsed
1094,24,6,2905.93,484.32166666666666,6.840277777777778,706,2011-11-15 11:21:00,2009-12-09 08:58:00,0,1,13455,United Kingdom,2,Loyal Customers
1095,17,6,1766.72,294.4533333333333,12.142857142857142,189,2011-11-22 09:18:00,2011-05-16 15:34:00,0,1,13456,United Kingdom,2,Loyal Customers
1096,688,2,148.22,74.11,10.666666666666666,48,2010-01-20 08:48:00,2009-12-02 12:46:00,1,1,13457,United Kingdom,3,At Risk / Lapsed
1097,6,16,11959.27,747.454375,13.938144329896907,381,2011-12-02 15:29:00,2010-11-16 14:01:00,0,1,13458,United Kingdom,0,Champions
1098,624,2,1160.41,580.2049999999999,13.506849315068491,57,2010-03-25 10:24:00,2010-01-26 13:35:00,1,1,13459,United Kingdom,3,At Risk / Lapsed
1099,28,2,183.44,91.72,16.823529411764707,20,2011-11-10 17:17:00,2011-10-21 09:50:00,0,1,13460,United Kingdom,1,Promising
1100,38,6,4160.0,693.3333333333334,50.516129032258064,558,2011-11-01 09:01:00,2010-04-21 16:01:00,0,1,13461,United Kingdom,2,Loyal Customers
1101,252,5,1153.85,230.77,9.816901408450704,473,2011-04-01 11:20:00,2009-12-14 09:48:00,1,1,13462,United Kingdom,2,Loyal Customers
1102,57,6,3097.64,516.2733333333333,9.536423841059603,559,2011-10-12 15:01:00,2010-03-31 15:22:00,0,1,13464,United Kingdom,2,Loyal Customers
1103,445,2,931.12,465.56,17.176470588235293,139,2010-09-19 15:13:00,2010-05-02 15:30:00,1,1,13465,United Kingdom,3,At Risk / Lapsed
1104,183,5,1013.35,202.67,12.0,444,2011-06-08 16:39:00,2010-03-21 13:50:00,1,1,13466,United Kingdom,2,Loyal Customers
1105,10,2,1071.91,535.955,5.918367346938775,25,2011-11-29 10:01:00,2011-11-03 16:56:00,0,1,13467,United Kingdom,1,Promising
1106,1,72,13375.51,185.7709722222222,7.994497936726272,734,2011-12-08 10:39:00,2009-12-03 13:32:00,0,1,13468,United Kingdom,0,Champions
1107,652,1,82.4,82.4,8.666666666666666,0,2010-02-24 15:03:00,2010-02-24 15:03:00,1,0,13469,United Kingdom,3,At Risk / Lapsed
1108,98,2,165.0,82.5,10.0,15,2011-09-01 14:57:00,2011-08-16 17:06:00,1,1,13470,United Kingdom,1,Promising
1109,0,4,2501.84,625.46,6.232283464566929,46,2011-12-08 15:44:00,2011-10-23 13:10:00,0,1,13471,United Kingdom,2,Loyal Customers
1110,463,2,592.24,296.12,11.071428571428571,91,2010-09-02 09:41:00,2010-06-02 09:48:00,1,1,13472,United Kingdom,3,At Risk / Lapsed
1111,60,8,2657.76,332.22,14.285714285714286,663,2011-10-10 11:20:00,2009-12-15 19:02:00,0,1,13473,United Kingdom,2,Loyal Customers
1112,235,3,646.59,215.53,2.523809523809524,258,2011-04-17 13:53:00,2010-08-01 14:40:00,1,1,13474,United Kingdom,1,Promising
1113,190,4,1431.78,357.945,11.767441860465116,107,2011-06-01 13:52:00,2011-02-14 12:36:00,1,1,13475,United Kingdom,2,Loyal Customers
1114,178,5,2061.4700000000003,412.294,6.726415094339623,466,2011-06-14 12:00:00,2010-03-05 09:39:00,1,1,13476,United Kingdom,2,Loyal Customers
1115,37,11,2819.17,256.28818181818184,13.318471337579618,646,2011-11-02 12:04:00,2010-01-25 11:52:00,0,1,13477,United Kingdom,0,Champions
1116,468,5,2215.78,443.15600000000006,9.512,207,2010-08-27 13:23:00,2010-01-31 15:51:00,1,1,13478,United Kingdom,3,At Risk / Lapsed
1117,200,4,851.37,212.8425,13.50943396226415,276,2011-05-23 10:45:00,2010-08-19 16:18:00,1,1,13479,United Kingdom,2,Loyal Customers
1118,416,2,627.82,313.91,8.829268292682928,262,2010-10-19 11:53:00,2010-01-29 12:35:00,1,1,13480,United Kingdom,3,At Risk / Lapsed
1119,45,11,3830.84,348.2581818181818,9.174107142857142,689,2011-10-25 09:07:00,2009-12-04 12:37:00,0,1,13481,United Kingdom,0,Champions
1120,231,2,336.09,168.045,9.35,395,2011-04-21 17:03:00,2010-03-22 10:31:00,1,1,13482,United Kingdom,1,Promising
1121,65,1,140.34,140.34,16.0,0,2011-10-05 11:53:00,2011-10-05 11:53:00,0,0,13483,United Kingdom,1,Promising
1122,240,3,790.72,263.5733333333333,5.743589743589744,398,2011-04-12 16:30:00,2010-03-10 11:46:00,1,1,13484,United Kingdom,2,Loyal Customers
1123,232,11,3015.2200000000003,274.1109090909091,11.445859872611464,503,2011-04-20 13:58:00,2009-12-03 13:46:00,1,1,13485,United Kingdom,2,Loyal Customers
1124,77,3,1122.41,374.1366666666667,9.695652173913045,76,2011-09-22 13:13:00,2011-07-07 17:19:00,0,1,13486,United Kingdom,2,Loyal Customers
1125,57,5,846.87,169.374,7.387755102040816,677,2011-10-13 12:07:00,2009-12-05 10:25:00,0,1,13487,United Kingdom,2,Loyal Customers
1126,16,23,15587.88,677.7339130434782,10.899171270718233,666,2011-11-22 14:41:00,2010-01-25 10:13:00,0,1,13488,United Kingdom,0,Champions
1127,104,4,449.52,112.38,40.0,189,2011-08-26 13:16:00,2011-02-18 10:42:00,1,1,13489,United Kingdom,1,Promising
1128,653,1,154.25,154.25,3.125,0,2010-02-23 14:48:00,2010-02-23 14:48:00,1,0,13490,United Kingdom,3,At Risk / Lapsed
1129,51,27,4566.56,169.13185185185188,8.899253731343284,681,2011-10-19 08:32:00,2009-12-07 08:24:00,0,1,13491,United Kingdom,0,Champions
1130,135,3,1269.84,423.28,8.16,78,2011-07-26 14:25:00,2011-05-09 10:06:00,1,1,13492,Switzerland,2,Loyal Customers
1131,274,2,498.63,249.315,62.833333333333336,11,2011-03-09 15:35:00,2011-02-25 16:42:00,1,1,13493,Switzerland,1,Promising
1132,311,1,316.26000000000005,316.26000000000005,9.0,0,2011-02-01 11:58:00,2011-02-01 11:58:00,1,0,13494,United Kingdom,3,At Risk / Lapsed
1133,7,10,5374.26,537.426,18.19047619047619,724,2011-12-02 11:21:00,2009-12-07 12:12:00,0,1,13495,United Kingdom,0,Champions
1134,10,2,653.33,326.665,9.742857142857142,349,2011-11-29 10:58:00,2010-12-15 10:17:00,0,1,13496,United Kingdom,1,Promising
1135,282,6,1320.33,220.055,8.64179104477612,386,2011-03-02 09:04:00,2010-02-08 10:27:00,1,1,13497,United Kingdom,2,Loyal Customers
1136,729,1,327.38,327.38,21.294117647058822,0,2009-12-09 15:26:00,2009-12-09 15:26:00,1,0,13498,United Kingdom,3,At Risk / Lapsed
1137,17,5,1159.11,231.822,32.5,252,2011-11-22 11:21:00,2011-03-15 08:52:00,0,1,13499,United Kingdom,2,Loyal Customers
1138,22,4,1466.3,366.575,9.858823529411763,378,2011-11-16 15:35:00,2010-11-03 13:16:00,0,1,13500,United Kingdom,2,Loyal Customers
1139,287,3,2885.11,961.7033333333334,10.991228070175438,282,2011-02-24 18:59:00,2010-05-18 13:24:00,1,1,13501,Switzerland,2,Loyal Customers
1140,16,5,780.5,156.1,14.848484848484848,531,2011-11-23 10:39:00,2010-06-09 10:52:00,0,1,13502,United Kingdom,2,Loyal Customers
1141,70,5,1778.04,355.608,5.8563829787234045,589,2011-09-29 13:23:00,2010-02-16 13:49:00,0,1,13503,United Kingdom,2,Loyal Customers
1142,63,1,295.93,295.93,8.090909090909092,0,2011-10-06 13:20:00,2011-10-06 13:20:00,0,0,13504,United Kingdom,1,Promising
1143,72,4,3633.63,908.4075,11.691943127962086,159,2011-09-28 11:56:00,2011-04-21 12:07:00,0,1,13505,Switzerland,2,Loyal Customers
1144,315,5,1639.2,327.84000000000003,11.979591836734691,144,2011-01-27 13:53:00,2010-09-05 12:33:00,1,1,13506,United Kingdom,2,Loyal Customers
1145,2,4,2479.16,619.79,9.858024691358024,142,2011-12-06 13:13:00,2011-07-17 11:50:00,0,1,13507,United Kingdom,2,Loyal Customers
1146,243,2,287.05,143.525,6.428571428571429,399,2011-04-10 11:58:00,2010-03-07 11:58:00,1,1,13508,United Kingdom,1,Promising
1147,8,7,1099.72,157.10285714285715,25.27083333333333,498,2011-12-01 10:10:00,2010-07-20 12:10:00,0,1,13509,United Kingdom,2,Loyal Customers
1148,0,11,4558.29,414.39,10.53287197231834,717,2011-12-08 13:46:00,2009-12-21 11:53:00,0,1,13510,United Kingdom,0,Champions
1149,676,1,282.76,282.76,12.0,0,2010-02-01 12:10:00,2010-02-01 12:10:00,1,0,13511,United Kingdom,3,At Risk / Lapsed
1150,260,4,713.39,178.3475,10.743589743589745,322,2011-03-24 10:03:00,2010-05-05 13:22:00,1,1,13512,United Kingdom,2,Loyal Customers
1151,126,3,824.59,274.86333333333334,9.1,528,2011-08-05 11:50:00,2010-02-22 16:36:00,1,1,13513,United Kingdom,2,Loyal Customers
1152,73,4,815.9000000000001,203.975,13.714285714285714,608,2011-09-27 09:39:00,2010-01-26 15:11:00,0,1,13514,United Kingdom,2,Loyal Customers
1153,72,6,1265.82,210.97,10.776315789473683,571,2011-09-28 11:26:00,2010-03-05 11:58:00,0,1,13515,United Kingdom,2,Loyal Customers
1154,20,4,1685.26,421.315,18.262295081967213,396,2011-11-18 13:15:00,2010-10-18 08:52:00,0,1,13516,United Kingdom,2,Loyal Customers
1155,59,3,2128.42,709.4733333333334,9.709219858156027,120,2011-10-11 11:43:00,2011-06-13 08:44:00,0,1,13517,United Kingdom,2,Loyal Customers
1156,85,1,627.16,627.16,10.61111111111111,0,2011-09-15 10:29:00,2011-09-15 10:29:00,0,0,13518,United Kingdom,1,Promising
1157,77,2,343.21,171.605,7.0,364,2011-09-22 18:24:00,2010-09-23 11:45:00,0,1,13519,United Kingdom,1,Promising
1158,58,11,5669.4,515.4,16.88082901554404,663,2011-10-12 10:20:00,2009-12-17 11:11:00,0,1,13520,Switzerland,0,Champions
1159,0,3,1070.47,356.8233333333333,1.7146282973621103,8,2011-12-08 13:50:00,2011-11-29 15:09:00,0,1,13521,United Kingdom,2,Loyal Customers
1160,29,1,125.8,125.8,8.8,0,2011-11-09 15:11:00,2011-11-09 15:11:00,0,0,13522,United Kingdom,1,Promising
1161,32,6,5101.52,850.2533333333334,10.19047619047619,369,2011-11-06 15:11:00,2010-11-02 14:55:00,0,1,13523,United Kingdom,2,Loyal Customers
1162,40,5,680.1800000000001,136.036,12.0,179,2011-10-30 12:34:00,2011-05-04 12:26:00,0,1,13524,United Kingdom,2,Loyal Customers
1163,14,2,628.78,314.39,65.66666666666667,233,2011-11-25 12:01:00,2011-04-05 15:36:00,0,1,13525,United Kingdom,1,Promising
1164,737,2,1182.0,591.0,43.43181818181818,0,2009-12-01 13:13:00,2009-12-01 12:56:00,1,1,13526,United Kingdom,3,At Risk / Lapsed
1165,33,12,4541.29,378.4408333333333,6.176072234762979,653,2011-11-06 12:04:00,2010-01-21 12:37:00,0,1,13527,United Kingdom,0,Champions
1166,78,2,307.76,153.88,4.933333333333334,125,2011-09-22 09:15:00,2011-05-19 11:50:00,0,1,13529,United Kingdom,1,Promising
1167,633,1,402.98,402.98,15.11111111111111,0,2010-03-15 14:10:00,2010-03-15 14:10:00,1,0,13530,United Kingdom,3,At Risk / Lapsed
1168,204,6,1738.52,289.75333333333333,6.666666666666667,531,2011-05-18 16:56:00,2009-12-03 15:20:00,1,1,13531,United Kingdom,2,Loyal Customers
1169,33,1,210.31,210.31,1.9545454545454544,0,2011-11-06 12:25:00,2011-11-06 12:25:00,0,0,13532,United Kingdom,1,Promising
1170,182,3,269.09,89.69666666666666,2.6933333333333334,84,2011-06-10 11:54:00,2011-03-17 12:47:00,1,1,13533,United Kingdom,1,Promising
1171,1,35,7720.9,220.59714285714284,9.869897959183673,517,2011-12-07 14:52:00,2010-07-07 15:00:00,0,1,13534,United Kingdom,0,Champions
1172,402,1,89.5,89.5,10.0,0,2010-11-02 11:49:00,2010-11-02 11:49:00,1,0,13535,United Kingdom,3,At Risk / Lapsed
1173,0,7,3444.39,492.0557142857143,11.9438202247191,74,2011-12-08 16:38:00,2011-09-25 13:30:00,0,1,13536,United Kingdom,2,Loyal Customers
1174,425,2,717.85,358.925,8.023809523809524,26,2010-10-10 12:45:00,2010-09-14 10:41:00,1,1,13537,United Kingdom,3,At Risk / Lapsed
1175,42,12,3103.13,258.5941666666667,6.753521126760563,632,2011-10-27 16:34:00,2010-02-02 12:47:00,0,1,13538,United Kingdom,0,Champions
1176,85,7,1569.36,224.1942857142857,8.255813953488373,504,2011-09-15 10:18:00,2010-04-28 12:04:00,0,1,13539,United Kingdom,2,Loyal Customers
1177,466,3,632.39,210.79666666666665,5.90625,188,2010-08-29 14:20:00,2010-02-22 09:22:00,1,1,13540,United Kingdom,3,At Risk / Lapsed
1178,426,2,785.25,392.625,27.9,143,2010-10-08 16:37:00,2010-05-18 16:15:00,1,1,13541,United Kingdom,3,At Risk / Lapsed
1179,376,17,3959.49,232.91117647058823,2.4290030211480365,352,2010-11-28 11:24:00,2009-12-10 19:53:00,1,1,13542,United Kingdom,0,Champions
1180,633,2,1439.61,719.8050000000001,7.0,52,2010-03-15 13:34:00,2010-01-21 14:30:00,1,1,13543,United Kingdom,3,At Risk / Lapsed
1181,39,6,790.2,131.70000000000002,1.3907563025210083,605,2011-10-31 11:57:00,2010-03-05 11:31:00,0,1,13544,United Kingdom,2,Loyal Customers
1182,390,2,364.93,182.465,4.666666666666667,153,2010-11-14 11:27:00,2010-06-13 11:49:00,1,1,13545,United Kingdom,3,At Risk / Lapsed
1183,11,5,1086.24,217.248,3.861842105263158,411,2011-11-27 14:50:00,2010-10-11 17:23:00,0,1,13546,United Kingdom,2,Loyal Customers
1184,407,1,164.53,164.53,1.813953488372093,0,2010-10-27 14:14:00,2010-10-27 14:14:00,1,0,13547,United Kingdom,3,At Risk / Lapsed
1185,95,3,901.44,300.48,3.032608695652174,375,2011-09-04 14:50:00,2010-08-25 13:44:00,1,1,13548,United Kingdom,2,Loyal Customers
1186,25,8,1005.8,125.725,9.389830508474576,361,2011-11-14 09:20:00,2010-11-17 12:17:00,0,1,13549,United Kingdom,2,Loyal Customers
1187,382,1,342.55,342.55,10.238095238095235,0,2010-11-21 15:24:00,2010-11-21 15:24:00,1,0,13550,United Kingdom,3,At Risk / Lapsed
1188,318,2,244.2,122.1,7.2,346,2011-01-24 14:46:00,2010-02-11 15:01:00,1,1,13551,United Kingdom,3,At Risk / Lapsed
1189,65,22,6948.92,315.86,12.705314009661835,592,2011-10-04 15:19:00,2010-02-19 13:28:00,0,1,13552,United Kingdom,0,Champions
1190,674,1,499.6,499.6,2.258426966292135,0,2010-02-03 12:21:00,2010-02-03 12:21:00,1,0,13553,United Kingdom,3,At Risk / Lapsed
1191,379,7,1629.35,232.7642857142857,2.9489795918367347,66,2010-11-24 15:05:00,2010-09-19 12:39:00,1,1,13554,United Kingdom,2,Loyal Customers
1192,73,13,8891.84,683.9876923076923,11.994962216624684,615,2011-09-27 12:36:00,2010-01-19 13:20:00,0,1,13555,United Kingdom,0,Champions
1193,428,2,200.82,100.41,14.88888888888889,6,2010-10-06 16:44:00,2010-09-30 09:01:00,1,1,13556,United Kingdom,3,At Risk / Lapsed
1194,27,13,3032.26,233.25076923076924,13.322222222222225,702,2011-11-11 15:24:00,2009-12-08 17:41:00,0,1,13557,United Kingdom,0,Champions
1195,5,4,594.52,148.63,2.0,62,2011-12-04 11:24:00,2011-10-02 13:01:00,0,1,13558,United Kingdom,2,Loyal Customers
1196,512,2,990.0,495.0,180.0,30,2010-07-15 09:52:00,2010-06-14 11:52:00,1,1,13559,United Kingdom,3,At Risk / Lapsed
1197,6,1,171.42000000000002,171.42000000000002,1.96875,0,2011-12-02 13:11:00,2011-12-02 13:11:00,0,0,13560,United Kingdom,1,Promising
1198,215,11,1803.4,163.94545454545457,4.912663755458516,433,2011-05-08 12:39:00,2010-02-28 13:42:00,1,1,13561,United Kingdom,2,Loyal Customers
1199,81,8,4838.18,604.7725,8.178571428571429,612,2011-09-19 10:51:00,2010-01-14 16:33:00,0,1,13562,United Kingdom,0,Champions
1200,83,2,777.53,388.765,4.26530612244898,55,2011-09-16 14:45:00,2011-07-22 17:21:00,0,1,13563,United Kingdom,1,Promising
1201,353,36,16416.27,456.0075,7.358704453441295,383,2010-12-20 16:50:00,2009-12-02 11:55:00,1,1,13564,United Kingdom,0,Champions
1202,18,3,414.8,138.26666666666668,4.333333333333333,391,2011-11-20 14:33:00,2010-10-24 15:51:00,0,1,13565,United Kingdom,1,Promising
1203,40,5,1684.75,336.95,3.4246575342465757,598,2011-10-30 11:59:00,2010-03-10 12:22:00,0,1,13566,United Kingdom,2,Loyal Customers
1204,427,4,1079.29,269.8225,3.199004975124378,113,2010-10-07 12:51:00,2010-06-16 12:48:00,1,1,13567,United Kingdom,3,At Risk / Lapsed
1205,172,1,187.05,187.05,1.5348837209302326,0,2011-06-19 14:42:00,2011-06-19 14:42:00,1,0,13568,United Kingdom,1,Promising
1206,16,4,834.86,208.715,1.9253731343283584,411,2011-11-22 13:07:00,2010-10-07 13:05:00,0,1,13569,United Kingdom,2,Loyal Customers
1207,242,1,239.49,239.49,5.962962962962963,0,2011-04-10 13:36:00,2011-04-10 13:36:00,1,0,13570,United Kingdom,1,Promising
1208,12,26,4537.26,174.51000000000002,4.741456166419019,718,2011-11-27 10:47:00,2009-12-08 13:02:00,0,1,13571,United Kingdom,0,Champions
1209,205,1,1384.25,1384.25,16.181818181818183,0,2011-05-18 11:59:00,2011-05-18 11:59:00,1,0,13572,United Kingdom,1,Promising
1210,49,6,903.07,150.51166666666668,7.511627906976744,586,2011-10-20 14:33:00,2010-03-12 16:06:00,0,1,13573,United Kingdom,2,Loyal Customers
1211,410,1,404.45,404.45,3.340659340659341,0,2010-10-24 13:28:00,2010-10-24 13:28:00,1,0,13574,United Kingdom,3,At Risk / Lapsed
1212,22,5,732.0699999999999,146.414,9.76086956521739,152,2011-11-16 13:14:00,2011-06-16 14:24:00,0,1,13575,United Kingdom,2,Loyal Customers
1213,9,28,11551.74,412.5621428571429,16.537634408602152,721,2011-11-29 15:34:00,2009-12-08 15:12:00,0,1,13576,United Kingdom,0,Champions
1214,24,11,3484.28,316.75272727272727,9.940119760479044,699,2011-11-14 15:19:00,2009-12-14 16:10:00,0,1,13577,United Kingdom,0,Champions
1215,408,1,147.66,147.66,14.11111111111111,0,2010-10-26 13:44:00,2010-10-26 13:44:00,1,0,13578,United Kingdom,3,At Risk / Lapsed
1216,14,5,1539.04,307.808,8.488888888888889,644,2011-11-25 08:41:00,2010-02-18 13:53:00,0,1,13579,United Kingdom,2,Loyal Customers
1217,405,1,107.75,107.75,9.0,0,2010-10-29 15:01:00,2010-10-29 15:01:00,1,0,13580,United Kingdom,3,At Risk / Lapsed
1218,308,2,280.53000000000003,140.265,3.606060606060606,104,2011-02-03 14:41:00,2010-10-21 16:30:00,1,1,13581,United Kingdom,3,At Risk / Lapsed
1219,389,2,241.68,120.84,9.636363636363637,227,2010-11-15 11:34:00,2010-04-01 11:38:00,1,1,13582,United Kingdom,3,At Risk / Lapsed
1220,155,2,1445.03,722.515,11.536842105263158,523,2011-07-07 10:40:00,2010-01-29 13:53:00,1,1,13583,United Kingdom,2,Loyal Customers
1221,306,3,385.7,128.56666666666666,4.5,369,2011-02-06 12:49:00,2010-02-02 08:40:00,1,1,13584,United Kingdom,3,At Risk / Lapsed
1222,530,3,684.54,228.18,35.53846153846154,207,2010-06-27 12:33:00,2009-12-01 14:56:00,1,1,13585,United Kingdom,3,At Risk / Lapsed
1223,540,1,127.28,127.28,1.9,0,2010-06-16 13:47:00,2010-06-16 13:47:00,1,0,13586,United Kingdom,3,At Risk / Lapsed
1224,63,4,1673.5,418.375,22.133333333333333,599,2011-10-07 12:31:00,2010-02-14 13:17:00,0,1,13587,United Kingdom,2,Loyal Customers
1225,15,9,2478.95,275.43888888888887,14.977011494252874,239,2011-11-24 10:42:00,2011-03-29 15:53:00,0,1,13588,United Kingdom,2,Loyal Customers
1226,14,6,1120.74,186.79,5.634615384615385,719,2011-11-25 12:10:00,2009-12-06 10:26:00,0,1,13589,United Kingdom,2,Loyal Customers
1227,10,18,6336.04,352.0022222222222,12.982758620689657,726,2011-11-28 12:54:00,2009-12-01 13:37:00,0,1,13590,United Kingdom,0,Champions
1228,64,7,2093.94,299.13428571428574,8.415841584158416,660,2011-10-06 12:26:00,2009-12-14 15:44:00,0,1,13591,United Kingdom,2,Loyal Customers
1229,35,4,247.96,61.99,5.25,228,2011-11-04 09:49:00,2011-03-20 14:01:00,0,1,13592,United Kingdom,1,Promising
1230,107,14,5493.29,392.3778571428571,5.318627450980392,538,2011-08-23 13:35:00,2010-03-02 16:36:00,1,1,13593,United Kingdom,0,Champions
1231,52,2,533.32,266.66,12.0,432,2011-10-18 10:19:00,2010-08-11 10:23:00,0,1,13594,United Kingdom,1,Promising
1232,516,3,784.48,261.49333333333334,2.3846153846153846,129,2010-07-11 12:36:00,2010-03-03 14:42:00,1,1,13595,United Kingdom,3,At Risk / Lapsed
1233,5,2,664.11,332.055,2.6301369863013697,7,2011-12-04 12:01:00,2011-11-27 11:57:00,0,1,13596,United Kingdom,1,Promising
1234,399,2,396.71,198.355,13.588235294117649,2,2010-11-04 14:54:00,2010-11-02 09:30:00,1,1,13597,United Kingdom,3,At Risk / Lapsed
1235,46,5,761.96,152.392,4.271739130434782,604,2011-10-23 14:28:00,2010-02-26 11:22:00,0,1,13598,United Kingdom,2,Loyal Customers
1236,0,33,10163.88,307.99636363636364,15.875305623471885,737,2011-12-08 16:10:00,2009-12-01 12:30:00,0,1,13599,United Kingdom,0,Champions
1237,311,2,518.42,259.21,14.609756097560975,321,2011-01-31 15:27:00,2010-03-15 17:16:00,1,1,13600,United Kingdom,3,At Risk / Lapsed
1238,44,4,1159.99,289.9975,5.172972972972973,501,2011-10-25 17:31:00,2010-06-11 15:03:00,0,1,13601,United Kingdom,2,Loyal Customers
1239,64,4,1025.17,256.2925,9.275862068965518,495,2011-10-06 11:47:00,2010-05-28 11:49:00,0,1,13602,United Kingdom,2,Loyal Customers
1240,25,1,164.34,164.34,6.074074074074074,0,2011-11-13 15:57:00,2011-11-13 15:57:00,0,0,13603,United Kingdom,1,Promising
1241,658,1,717.62,717.62,11.523809523809524,0,2010-02-19 12:02:00,2010-02-19 12:02:00,1,0,13604,United Kingdom,3,At Risk / Lapsed
1242,386,2,522.67,261.335,8.018867924528301,184,2010-11-17 17:16:00,2010-05-17 15:46:00,1,1,13605,United Kingdom,3,At Risk / Lapsed
1243,28,3,276.75,92.25,6.9,282,2011-11-10 17:46:00,2011-02-01 11:42:00,0,1,13606,United Kingdom,1,Promising
1244,39,2,1075.81,537.905,3.851239669421488,362,2011-10-30 16:17:00,2010-11-02 11:48:00,0,1,13607,United Kingdom,1,Promising
1245,540,1,232.05,232.05,3.235294117647059,0,2010-06-17 12:28:00,2010-06-17 12:28:00,1,0,13608,United Kingdom,3,At Risk / Lapsed
1246,592,1,167.35,167.35,2.7142857142857144,0,2010-04-25 13:26:00,2010-04-25 13:26:00,1,0,13609,United Kingdom,3,At Risk / Lapsed
1247,11,14,2102.46,150.1757142857143,2.180904522613065,691,2011-11-27 15:38:00,2010-01-05 14:12:00,0,1,13610,United Kingdom,0,Champions
1248,88,10,3297.9300000000003,329.793,8.79646017699115,647,2011-09-11 14:51:00,2009-12-03 07:57:00,0,1,13611,United Kingdom,0,Champions
1249,632,1,818.29,818.29,8.88,0,2010-03-17 12:14:00,2010-03-17 12:14:00,1,0,13612,United Kingdom,3,At Risk / Lapsed
1250,452,5,1039.85,207.97000000000003,7.5423728813559325,207,2010-09-13 12:01:00,2010-02-17 12:40:00,1,1,13613,United Kingdom,3,At Risk / Lapsed
1251,23,6,2332.74,388.79,3.109848484848485,527,2011-11-15 14:47:00,2010-06-06 13:42:00,0,1,13614,United Kingdom,2,Loyal Customers
1252,318,8,6272.53,784.06625,7.929155313351498,361,2011-01-25 08:21:00,2010-01-28 15:43:00,1,1,13615,United Kingdom,2,Loyal Customers
1253,567,2,283.85,141.925,4.914285714285715,122,2010-05-20 12:59:00,2010-01-17 14:56:00,1,1,13616,United Kingdom,3,At Risk / Lapsed
1254,39,8,1278.75,159.84375,5.542056074766355,454,2011-10-30 13:50:00,2010-08-01 15:23:00,0,1,13617,United Kingdom,2,Loyal Customers
1255,173,1,177.34,177.34,18.923076923076923,0,2011-06-19 11:09:00,2011-06-19 11:09:00,1,0,13618,United Kingdom,1,Promising
1256,544,2,223.44,111.72,1.7727272727272727,129,2010-06-13 11:39:00,2010-02-03 14:16:00,1,1,13619,United Kingdom,3,At Risk / Lapsed
1257,527,1,112.34,112.34,14.8,0,2010-06-29 15:02:00,2010-06-29 15:02:00,1,0,13620,United Kingdom,3,At Risk / Lapsed
1258,116,1,213.85,213.85,18.05263157894737,0,2011-08-15 08:26:00,2011-08-15 08:26:00,1,0,13621,United Kingdom,1,Promising
1259,695,1,658.95,658.95,11.84375,0,2010-01-12 13:22:00,2010-01-12 13:22:00,1,0,13622,United Kingdom,3,At Risk / Lapsed
1260,30,10,2533.06,253.306,3.556338028169014,706,2011-11-09 12:00:00,2009-12-02 13:57:00,0,1,13623,United Kingdom,2,Loyal Customers
1261,387,1,462.08,462.08,37.27272727272727,0,2010-11-16 13:43:00,2010-11-16 13:43:00,1,0,13624,United Kingdom,3,At Risk / Lapsed
1262,596,1,301.26,301.26,6.857142857142857,0,2010-04-22 10:50:00,2010-04-22 10:50:00,1,0,13625,United Kingdom,3,At Risk / Lapsed
1263,252,2,707.04,353.52,9.045454545454543,126,2011-04-01 10:05:00,2010-11-25 16:12:00,1,1,13626,United Kingdom,1,Promising
1264,58,7,2245.9,320.8428571428572,12.651162790697674,581,2011-10-11 14:20:00,2010-03-09 14:03:00,0,1,13627,United Kingdom,2,Loyal Customers
1265,675,1,310.14,310.14,6.625,0,2010-02-01 14:44:00,2010-02-01 14:44:00,1,0,13628,United Kingdom,3,At Risk / Lapsed
1266,22,19,13370.86,703.7294736842106,88.75862068965517,642,2011-11-16 13:21:00,2010-02-11 17:34:00,0,1,13629,United Kingdom,0,Champions
1267,4,7,2031.78,290.2542857142857,19.591549295774648,280,2011-12-04 15:16:00,2011-02-27 12:49:00,0,1,13630,United Kingdom,2,Loyal Customers
1268,99,11,3070.42,279.1290909090909,42.45454545454545,167,2011-09-01 09:57:00,2011-03-17 17:13:00,1,1,13631,United Kingdom,0,Champions
1269,24,8,3645.81,455.72625,7.422727272727273,586,2011-11-15 10:51:00,2010-04-07 10:59:00,0,1,13632,United Kingdom,2,Loyal Customers
1270,32,15,4988.08,332.53866666666664,4.706546275395034,664,2011-11-06 13:40:00,2010-01-10 14:26:00,0,1,13634,United Kingdom,0,Champions
1271,67,4,2999.16,749.79,11.62962962962963,671,2011-10-03 10:55:00,2009-12-01 09:46:00,0,1,13635,United Kingdom,2,Loyal Customers
1272,36,5,949.12,189.824,9.396825396825395,248,2011-11-03 10:30:00,2011-02-27 14:29:00,0,1,13636,United Kingdom,2,Loyal Customers
1273,51,3,803.05,267.68333333333334,4.122448979591836,174,2011-10-18 13:32:00,2011-04-27 13:06:00,0,1,13637,United Kingdom,2,Loyal Customers
1274,15,1,122.64,122.64,11.625,0,2011-11-24 10:38:00,2011-11-24 10:38:00,0,0,13638,United Kingdom,1,Promising
1275,73,2,1346.27,673.135,16.89830508474576,362,2011-09-26 13:36:00,2010-09-29 10:05:00,0,1,13639,United Kingdom,2,Loyal Customers
1276,610,1,405.0,405.0,27.0,0,2010-04-07 15:33:00,2010-04-07 15:33:00,1,0,13640,United Kingdom,3,At Risk / Lapsed
1277,640,4,942.37,235.5925,25.511627906976745,93,2010-03-09 07:37:00,2009-12-05 13:17:00,1,1,13641,United Kingdom,3,At Risk / Lapsed
1278,215,4,472.2,118.05,2.2,217,2011-05-08 12:34:00,2010-10-03 12:23:00,1,1,13642,United Kingdom,1,Promising
1279,30,10,2156.77,215.677,8.843137254901961,700,2011-11-08 15:37:00,2009-12-08 12:48:00,0,1,13643,United Kingdom,2,Loyal Customers
1280,15,4,2624.26,656.065,14.157534246575343,89,2011-11-23 14:07:00,2011-08-26 11:53:00,0,1,13644,United Kingdom,2,Loyal Customers
1281,119,1,252.1,252.1,31.6,0,2011-08-11 16:11:00,2011-08-11 16:11:00,1,0,13645,United Kingdom,1,Promising
1282,399,2,326.25,163.125,1.362068965517241,0,2010-11-05 12:13:00,2010-11-05 12:00:00,1,1,13646,United Kingdom,3,At Risk / Lapsed
1283,9,8,3041.68,380.21,12.913669064748202,593,2011-11-30 12:00:00,2010-04-15 12:55:00,0,1,13647,United Kingdom,2,Loyal Customers
1284,399,8,1759.07,219.88375,9.133333333333333,337,2010-11-04 14:46:00,2009-12-01 18:13:00,1,1,13648,United Kingdom,2,Loyal Customers
1285,256,6,1651.48,275.24666666666667,6.902439024390244,270,2011-03-28 11:51:00,2010-06-30 16:35:00,1,1,13649,United Kingdom,2,Loyal Customers
1286,16,10,3288.0,328.8,10.151162790697674,666,2011-11-23 12:22:00,2010-01-26 08:44:00,0,1,13650,United Kingdom,0,Champions
1287,39,2,211.85,105.925,4.6923076923076925,342,2011-10-31 12:11:00,2010-11-23 09:44:00,0,1,13651,United Kingdom,1,Promising
1288,45,5,2570.85,514.17,9.874213836477988,606,2011-10-25 08:51:00,2010-02-25 17:37:00,0,1,13652,United Kingdom,2,Loyal Customers
1289,487,1,152.2,152.2,8.0,0,2010-08-09 08:19:00,2010-08-09 08:19:00,1,0,13653,United Kingdom,3,At Risk / Lapsed
1290,42,11,6308.0,573.4545454545455,14.474164133738602,694,2011-10-27 16:24:00,2009-12-02 11:43:00,0,1,13654,United Kingdom,0,Champions
1291,113,6,2280.51,380.085,10.294117647058824,477,2011-08-17 14:25:00,2010-04-27 09:59:00,1,1,13655,United Kingdom,2,Loyal Customers
1292,164,4,1078.85,269.7125,9.908045977011492,430,2011-06-28 10:31:00,2010-04-23 12:50:00,1,1,13656,United Kingdom,2,Loyal Customers
1293,10,2,382.14,191.07,13.0625,190,2011-11-29 12:32:00,2011-05-22 12:35:00,0,1,13657,United Kingdom,1,Promising
1294,9,9,6025.5,669.5,9.160337552742616,662,2011-11-30 10:13:00,2010-02-05 13:17:00,0,1,13658,United Kingdom,0,Champions
1295,205,12,4884.68,407.0566666666667,9.222627737226276,455,2011-05-18 12:37:00,2010-02-17 09:05:00,1,1,13659,United Kingdom,0,Champions
1296,399,1,306.64,306.64,3.4,0,2010-11-04 16:10:00,2010-11-04 16:10:00,1,0,13660,United Kingdom,3,At Risk / Lapsed
1297,602,1,325.24,325.24,6.941176470588236,0,2010-04-15 14:58:00,2010-04-15 14:58:00,1,0,13661,United Kingdom,3,At Risk / Lapsed
1298,85,11,2233.61,203.05545454545452,8.595588235294118,572,2011-09-15 12:04:00,2010-02-19 13:21:00,0,1,13662,United Kingdom,2,Loyal Customers
1299,178,5,2047.51,409.502,9.02020202020202,467,2011-06-13 15:44:00,2010-03-03 10:11:00,1,1,13663,United Kingdom,2,Loyal Customers
1300,385,3,1711.66,570.5533333333333,15.58490566037736,117,2010-11-18 13:06:00,2010-07-23 13:29:00,1,1,13665,United Kingdom,3,At Risk / Lapsed
1301,59,5,127.05,25.41,2.9444444444444446,675,2011-10-10 15:39:00,2009-12-04 10:48:00,0,1,13666,United Kingdom,1,Promising
1302,148,1,299.05,299.05,1.7951807228915662,0,2011-07-13 15:42:00,2011-07-13 15:42:00,1,0,13667,United Kingdom,1,Promising
1303,2,35,12948.48,369.9565714285714,8.063492063492063,725,2011-12-07 12:11:00,2009-12-11 14:28:00,0,1,13668,United Kingdom,0,Champions
1304,50,3,413.55,137.85,28.071428571428573,356,2011-10-20 09:32:00,2010-10-28 15:05:00,0,1,13669,United Kingdom,1,Promising
1305,74,1,349.7,349.7,11.28,0,2011-09-25 15:25:00,2011-09-25 15:25:00,0,0,13670,United Kingdom,1,Promising
1306,394,1,172.6,172.6,1.484375,0,2010-11-10 10:50:00,2010-11-10 10:50:00,1,0,13671,United Kingdom,3,At Risk / Lapsed
1307,300,3,419.92,139.97333333333333,7.666666666666667,429,2011-02-11 13:53:00,2009-12-09 11:40:00,1,1,13672,United Kingdom,3,At Risk / Lapsed
1308,18,2,387.44,193.72,1.9,13,2011-11-21 12:11:00,2011-11-07 15:40:00,0,1,13673,United Kingdom,1,Promising
1309,432,1,240.68,240.68,7.285714285714286,0,2010-10-03 10:41:00,2010-10-03 10:41:00,1,0,13674,United Kingdom,3,At Risk / Lapsed
1310,150,2,486.8200000000001,243.41000000000005,13.2,133,2011-07-11 12:57:00,2011-02-28 12:14:00,1,1,13675,United Kingdom,1,Promising
1311,538,2,243.9,121.95,8.0,80,2010-06-18 17:30:00,2010-03-30 16:53:00,1,1,13676,United Kingdom,3,At Risk / Lapsed
1312,404,2,551.24,275.62,2.047169811320755,115,2010-10-31 11:32:00,2010-07-07 17:25:00,1,1,13677,United Kingdom,3,At Risk / Lapsed
1313,151,1,232.6,232.6,57.75,0,2011-07-11 10:14:00,2011-07-11 10:14:00,1,0,13678,United Kingdom,1,Promising
1314,493,3,281.26,93.75333333333332,2.04,241,2010-08-03 12:13:00,2009-12-04 16:52:00,1,1,13679,United Kingdom,3,At Risk / Lapsed
1315,0,12,11419.67,951.6391666666668,8.117647058823529,733,2011-12-08 13:47:00,2009-12-04 14:14:00,0,1,13680,United Kingdom,0,Champions
1316,17,4,827.83,206.9575,6.315789473684211,137,2011-11-22 11:13:00,2011-07-07 15:21:00,0,1,13681,United Kingdom,2,Loyal Customers
1317,186,1,59.5,59.5,3.333333333333333,0,2011-06-05 14:06:00,2011-06-05 14:06:00,1,0,13682,United Kingdom,1,Promising
1318,457,1,258.6,258.6,18.0,0,2010-09-08 10:00:00,2010-09-08 10:00:00,1,0,13683,United Kingdom,3,At Risk / Lapsed
1319,285,4,594.88,148.72,2.1666666666666665,335,2011-02-27 10:13:00,2010-03-28 14:48:00,1,1,13684,United Kingdom,2,Loyal Customers
1320,2,7,3119.44,445.63428571428574,129.64102564102564,57,2011-12-07 11:41:00,2011-10-10 12:59:00,0,1,13685,United Kingdom,2,Loyal Customers
1321,182,3,409.04,136.34666666666666,11.117647058823527,218,2011-06-10 09:10:00,2010-11-03 13:44:00,1,1,13686,United Kingdom,1,Promising
1322,437,1,11880.84,11880.84,1937.0444444444445,0,2010-09-27 16:30:00,2010-09-27 16:30:00,1,0,13687,United Kingdom,2,Loyal Customers
1323,634,1,375.5,375.5,26.0,0,2010-03-14 14:11:00,2010-03-14 14:11:00,1,0,13688,United Kingdom,3,At Risk / Lapsed
1324,62,2,1259.5,629.75,80.22222222222223,381,2011-10-07 13:21:00,2010-09-21 10:27:00,0,1,13689,United Kingdom,2,Loyal Customers
1325,58,1,172.25,172.25,7.444444444444445,0,2011-10-11 15:03:00,2011-10-11 15:03:00,0,0,13690,United Kingdom,1,Promising
1326,395,1,210.78,210.78,2.7169811320754715,0,2010-11-08 17:34:00,2010-11-08 17:34:00,1,0,13691,United Kingdom,3,At Risk / Lapsed
1327,24,5,3114.4,622.88,21.885416666666668,395,2011-11-15 11:17:00,2010-10-15 13:28:00,0,1,13692,United Kingdom,2,Loyal Customers
1328,373,9,2011.82,223.5355555555556,8.30188679245283,358,2010-11-30 18:21:00,2009-12-07 11:29:00,1,1,13693,United Kingdom,2,Loyal Customers
1329,3,143,196482.81,1374.0056643356645,124.0688524590164,731,2011-12-06 09:32:00,2009-12-04 15:26:00,0,1,13694,United Kingdom,0,Champions
1330,30,16,2770.73,173.170625,18.65625,546,2011-11-08 14:26:00,2010-05-11 11:07:00,0,1,13695,United Kingdom,0,Champions
1331,421,3,2020.4,673.4666666666667,23.0,244,2010-10-14 09:44:00,2010-02-11 14:17:00,1,1,13696,United Kingdom,3,At Risk / Lapsed
1332,38,1,151.29999999999998,151.29999999999998,14.75,0,2011-11-01 09:14:00,2011-11-01 09:14:00,0,0,13697,United Kingdom,1,Promising
1333,596,2,451.73,225.865,5.973684210526316,85,2010-04-22 11:52:00,2010-01-27 09:02:00,1,1,13698,United Kingdom,3,At Risk / Lapsed
1334,154,2,764.15,382.075,5.918918918918919,395,2011-07-07 16:51:00,2010-06-07 13:03:00,1,1,13699,United Kingdom,1,Promising
1335,25,13,2596.9700000000003,199.7669230769231,11.608333333333333,644,2011-11-13 13:00:00,2010-02-07 10:53:00,0,1,13700,United Kingdom,0,Champions
1336,446,1,161.0,161.0,8.88888888888889,0,2010-09-19 12:39:00,2010-09-19 12:39:00,1,0,13701,United Kingdom,3,At Risk / Lapsed
1337,445,1,135.18,135.18,14.8,0,2010-09-20 11:40:00,2010-09-20 11:40:00,1,0,13702,United Kingdom,3,At Risk / Lapsed
1338,317,2,425.56,212.78,3.45945945945946,96,2011-01-25 13:10:00,2010-10-20 13:11:00,1,1,13703,United Kingdom,3,At Risk / Lapsed
1339,4,9,2308.06,256.4511111111111,11.42537313432836,83,2011-12-04 15:13:00,2011-09-12 14:40:00,0,1,13704,United Kingdom,2,Loyal Customers
1340,7,7,2035.33,290.7614285714285,12.011904761904765,616,2011-12-02 12:32:00,2010-03-25 17:19:00,0,1,13705,United Kingdom,2,Loyal Customers
1341,302,2,631.17,315.585,7.921052631578948,324,2011-02-10 09:21:00,2010-03-23 09:18:00,1,1,13706,United Kingdom,3,At Risk / Lapsed
1342,266,5,3365.86,673.172,14.258064516129032,269,2011-03-17 18:03:00,2010-06-21 11:57:00,1,1,13707,United Kingdom,2,Loyal Customers
1343,270,1,283.33,283.33,6.25,0,2011-03-13 13:46:00,2011-03-13 13:46:00,1,0,13708,United Kingdom,1,Promising
1344,3,18,7571.35,420.6305555555556,10.127764127764127,693,2011-12-06 10:28:00,2010-01-11 10:40:00,0,1,13709,United Kingdom,0,Champions
1345,31,3,509.52,169.84,22.4,580,2011-11-08 08:16:00,2010-04-06 12:54:00,0,1,13710,United Kingdom,1,Promising
1346,218,9,1792.26,199.14,8.902173913043478,505,2011-05-05 10:31:00,2009-12-15 19:04:00,1,1,13711,United Kingdom,2,Loyal Customers
1347,246,2,766.42,383.21,34.18181818181818,364,2011-04-07 12:33:00,2010-04-08 11:16:00,1,1,13712,United Kingdom,1,Promising
1348,407,3,740.76,246.92,3.55,174,2010-10-27 16:18:00,2010-05-05 16:48:00,1,1,13713,United Kingdom,3,At Risk / Lapsed
1349,464,1,161.35,161.35,1.6666666666666667,0,2010-08-31 13:57:00,2010-08-31 13:57:00,1,0,13714,United Kingdom,3,At Risk / Lapsed
1350,280,17,8425.69,495.6288235294118,9.311195445920305,357,2011-03-03 19:21:00,2010-03-11 15:33:00,1,1,13715,United Kingdom,0,Champions
1351,268,1,138.28,138.28,6.571428571428571,0,2011-03-15 13:49:00,2011-03-15 13:49:00,1,0,13716,United Kingdom,1,Promising
1352,31,8,1763.3,220.4125,17.29032258064516,453,2011-11-07 14:13:00,2010-08-11 09:40:00,0,1,13717,United Kingdom,2,Loyal Customers
1353,245,2,306.55,153.275,14.416666666666666,49,2011-04-07 13:24:00,2011-02-17 11:58:00,1,1,13718,United Kingdom,1,Promising
1354,14,11,2782.1,252.9181818181818,6.421052631578948,556,2011-11-24 15:26:00,2010-05-17 14:36:00,0,1,13719,United Kingdom,0,Champions
1355,116,4,799.9,199.975,11.651162790697674,138,2011-08-15 12:46:00,2011-03-30 09:17:00,1,1,13720,United Kingdom,2,Loyal Customers
1356,35,2,741.54,370.77,12.19047619047619,358,2011-11-03 14:05:00,2010-11-09 17:59:00,0,1,13721,United Kingdom,1,Promising
1357,131,10,5635.41,563.5409999999999,16.185185185185187,514,2011-07-31 12:44:00,2010-03-03 14:13:00,1,1,13722,United Kingdom,0,Champions
1358,216,6,1194.08,199.0133333333333,10.224137931034482,394,2011-05-06 17:04:00,2010-04-07 14:32:00,1,1,13723,United Kingdom,2,Loyal Customers
1359,636,1,213.01,213.01,3.095238095238096,0,2010-03-12 15:28:00,2010-03-12 15:28:00,1,0,13724,United Kingdom,3,At Risk / Lapsed
1360,49,8,1980.56,247.57,7.75,258,2011-10-21 10:03:00,2011-02-04 12:18:00,0,1,13725,United Kingdom,2,Loyal Customers
1361,38,2,1079.66,539.8299999999999,25.09523809523809,61,2011-11-01 10:49:00,2011-08-31 11:06:00,0,1,13726,United Kingdom,1,Promising
1362,28,8,1074.15,134.26875,4.433734939759036,701,2011-11-11 09:46:00,2009-12-09 13:25:00,0,1,13727,United Kingdom,2,Loyal Customers
1363,36,16,2855.17,178.448125,7.737804878048781,693,2011-11-03 10:49:00,2009-12-09 17:13:00,0,1,13728,United Kingdom,0,Champions
1364,435,3,724.73,241.57666666666668,10.743589743589745,248,2010-09-30 10:44:00,2010-01-24 14:57:00,1,1,13729,United Kingdom,3,At Risk / Lapsed
1365,135,2,752.6,376.3,11.348837209302326,25,2011-07-27 08:35:00,2011-07-01 12:47:00,1,1,13730,United Kingdom,1,Promising
1366,218,2,610.59,305.295,7.315789473684211,27,2011-05-04 14:33:00,2011-04-07 10:10:00,1,1,13731,United Kingdom,1,Promising
1367,27,1,491.86,491.86,15.090909090909092,0,2011-11-11 15:49:00,2011-11-11 15:49:00,0,0,13732,United Kingdom,1,Promising
1368,410,2,487.03,243.515,11.551724137931034,324,2010-10-25 12:18:00,2009-12-04 15:28:00,1,1,13733,United Kingdom,3,At Risk / Lapsed
1369,508,4,6695.6900000000005,1673.9225,11.185185185185183,94,2010-07-19 12:04:00,2010-04-16 08:42:00,1,1,13734,United Kingdom,2,Loyal Customers
1370,24,13,9762.77,750.9823076923077,6.3910355486862445,701,2011-11-15 11:14:00,2009-12-13 13:31:00,0,1,13735,United Kingdom,0,Champions
1371,4,7,2752.47,393.21,2.796028880866426,728,2011-12-04 15:19:00,2009-12-06 12:07:00,0,1,13736,United Kingdom,2,Loyal Customers
1372,199,1,339.6,339.6,4.166666666666667,0,2011-05-23 16:32:00,2011-05-23 16:32:00,1,0,13737,United Kingdom,1,Promising
1373,395,1,434.78,434.78,2.662921348314607,0,2010-11-08 15:23:00,2010-11-08 15:23:00,1,0,13738,United Kingdom,3,At Risk / Lapsed
1374,17,2,292.2,146.1,12.666666666666666,509,2011-11-21 13:35:00,2010-06-30 10:25:00,0,1,13739,United Kingdom,1,Promising
1375,240,5,1582.77,316.554,10.5,496,2011-04-13 10:32:00,2009-12-02 12:22:00,1,1,13740,United Kingdom,2,Loyal Customers
1376,71,3,668.4300000000001,222.81000000000003,6.411764705882353,145,2011-09-29 09:19:00,2011-05-06 13:43:00,0,1,13741,United Kingdom,1,Promising
1377,16,12,3107.87,258.9891666666667,3.562300319488818,303,2011-11-23 11:07:00,2011-01-23 14:59:00,0,1,13742,United Kingdom,0,Champions
1378,2,7,1341.6,191.65714285714284,43.31707317073171,256,2011-12-07 10:09:00,2011-03-25 14:46:00,0,1,13743,United Kingdom,2,Loyal Customers
1379,94,2,1080.52,540.26,18.3015873015873,197,2011-09-05 15:19:00,2011-02-20 14:08:00,1,1,13744,United Kingdom,1,Promising
1380,161,2,777.36,388.68,20.464285714285715,383,2011-06-30 16:43:00,2010-06-11 17:19:00,1,1,13745,United Kingdom,1,Promising
1381,413,1,176.69,176.69,9.22222222222222,0,2010-10-22 11:55:00,2010-10-22 11:55:00,1,0,13746,United Kingdom,3,At Risk / Lapsed
1382,373,2,249.4,124.7,11.333333333333334,51,2010-12-01 10:37:00,2010-10-11 09:15:00,1,1,13747,United Kingdom,3,At Risk / Lapsed
1383,95,9,2268.35,252.0388888888889,18.779661016949152,642,2011-09-05 09:45:00,2009-12-01 16:44:00,1,1,13748,United Kingdom,2,Loyal Customers
1384,53,11,3602.1800000000003,327.4709090909091,18.266666666666666,563,2011-10-17 12:16:00,2010-04-01 14:49:00,0,1,13750,United Kingdom,0,Champions
1385,287,1,296.25,296.25,16.88888888888889,0,2011-02-24 15:56:00,2011-02-24 15:56:00,1,0,13751,United Kingdom,1,Promising
1386,123,7,1579.8300000000002,225.69000000000003,10.691489361702128,403,2011-08-07 14:16:00,2010-06-30 10:23:00,1,1,13752,United Kingdom,2,Loyal Customers
1387,287,4,2094.57,523.6425,18.125,449,2011-02-25 12:48:00,2009-12-03 10:20:00,1,1,13753,United Kingdom,2,Loyal Customers
1388,151,3,447.05,149.01666666666668,15.0,285,2011-07-11 11:51:00,2010-09-28 15:29:00,1,1,13754,United Kingdom,1,Promising
1389,3,9,2108.06,234.2288888888889,3.869158878504673,59,2011-12-06 12:26:00,2011-10-07 15:45:00,0,1,13755,United Kingdom,2,Loyal Customers
1390,1,23,9188.75,399.5108695652174,15.727536231884056,722,2011-12-07 16:44:00,2009-12-15 15:18:00,0,1,13756,United Kingdom,0,Champions
1391,674,1,195.55,195.55,6.75,0,2010-02-03 12:37:00,2010-02-03 12:37:00,1,0,13757,United Kingdom,3,At Risk / Lapsed
1392,11,14,9314.14,665.2957142857142,16.4512987012987,727,2011-11-28 11:11:00,2009-12-01 10:06:00,0,1,13758,United Kingdom,0,Champions
1393,32,2,659.4100000000001,329.70500000000004,11.48,37,2011-11-06 14:47:00,2011-09-29 15:40:00,0,1,13759,United Kingdom,1,Promising
1394,53,5,1363.64,272.72799999999995,5.235294117647059,539,2011-10-16 16:13:00,2010-04-25 13:10:00,0,1,13760,United Kingdom,2,Loyal Customers
1395,49,6,1952.17,325.3616666666667,8.844262295081966,606,2011-10-20 14:01:00,2010-02-21 11:08:00,0,1,13761,United Kingdom,2,Loyal Customers
1396,218,5,2472.48,494.496,74.51428571428572,479,2011-05-05 09:15:00,2010-01-10 12:13:00,1,1,13762,United Kingdom,2,Loyal Customers
1397,62,3,5217.4400000000005,1739.1466666666668,64.48,371,2011-10-07 15:13:00,2010-09-30 17:39:00,0,1,13763,United Kingdom,2,Loyal Customers
1398,70,6,2908.67,484.77833333333336,5.652173913043479,571,2011-09-30 12:03:00,2010-03-07 12:56:00,0,1,13764,United Kingdom,2,Loyal Customers
1399,652,1,352.82,352.82,18.5,0,2010-02-24 13:46:00,2010-02-24 13:46:00,1,0,13765,United Kingdom,3,At Risk / Lapsed
1400,494,1,190.35,190.35,8.058823529411764,0,2010-08-01 14:25:00,2010-08-01 14:25:00,1,0,13766,United Kingdom,3,At Risk / Lapsed
1401,1,73,35540.53,486.85657534246576,19.163522012578618,736,2011-12-07 15:00:00,2009-12-01 10:52:00,0,1,13767,United Kingdom,0,Champions
1402,726,2,875.97,437.985,11.303030303030305,4,2009-12-13 10:41:00,2009-12-09 10:25:00,1,1,13768,United Kingdom,3,At Risk / Lapsed
1403,1,20,5800.42,290.021,9.031578947368422,721,2011-12-07 15:08:00,2009-12-16 11:59:00,0,1,13769,United Kingdom,0,Champions
1404,421,4,785.37,196.3425,9.75,308,2010-10-13 15:10:00,2009-12-09 14:44:00,1,1,13770,United Kingdom,3,At Risk / Lapsed
1405,63,9,5728.82,636.5355555555556,14.537037037037036,588,2011-10-06 14:18:00,2010-02-25 12:37:00,0,1,13771,United Kingdom,0,Champions
1406,33,8,3100.02,387.5025,2.5502645502645502,620,2011-11-06 11:43:00,2010-02-23 13:55:00,0,1,13772,United Kingdom,2,Loyal Customers
1407,396,2,301.54,150.77,9.157894736842104,263,2010-11-08 11:49:00,2010-02-18 10:27:00,1,1,13773,United Kingdom,3,At Risk / Lapsed
1408,81,1,345.0,345.0,8.727272727272727,0,2011-09-19 12:06:00,2011-09-19 12:06:00,0,0,13774,United Kingdom,1,Promising
1409,590,1,1049.66,1049.66,7.222222222222222,0,2010-04-28 12:15:00,2010-04-28 12:15:00,1,0,13775,United Kingdom,3,At Risk / Lapsed
1410,0,61,56478.42,925.875737704918,68.39386189258312,737,2011-12-09 12:25:00,2009-12-02 09:47:00,0,1,13777,United Kingdom,0,Champions
1411,102,4,1124.49,281.1225,11.613636363636363,462,2011-08-28 15:25:00,2010-05-23 13:34:00,1,1,13778,United Kingdom,2,Loyal Customers
1412,515,1,161.13,161.13,1.962962962962963,0,2010-07-12 11:24:00,2010-07-12 11:24:00,1,0,13779,United Kingdom,3,At Risk / Lapsed
1413,6,3,732.07,244.0233333333333,4.887755102040816,399,2011-12-02 13:49:00,2010-10-28 19:51:00,0,1,13780,United Kingdom,2,Loyal Customers
1414,250,3,778.83,259.61,5.2631578947368425,470,2011-04-03 12:08:00,2009-12-18 15:46:00,1,1,13781,United Kingdom,2,Loyal Customers
1415,12,13,1786.08,137.39076923076922,2.701680672268908,720,2011-11-27 11:54:00,2009-12-06 12:52:00,0,1,13782,United Kingdom,0,Champions
1416,487,4,1542.09,385.5225,343.7,185,2010-08-09 09:23:00,2010-02-04 13:47:00,1,1,13783,United Kingdom,3,At Risk / Lapsed
1417,9,14,2910.23,207.87357142857144,65.74418604651163,440,2011-11-30 09:33:00,2010-09-15 12:27:00,0,1,13784,United Kingdom,0,Champions
1418,428,4,542.49,135.6225,5.033333333333333,31,2010-10-07 09:25:00,2010-09-05 16:01:00,1,1,13785,United Kingdom,3,At Risk / Lapsed
1419,366,6,3358.39,559.7316666666667,13.422764227642276,368,2010-12-07 13:53:00,2009-12-03 15:32:00,1,1,13786,United Kingdom,2,Loyal Customers
1420,75,6,1222.5,203.75,11.604651162790695,619,2011-09-25 12:06:00,2010-01-14 10:13:00,0,1,13787,United Kingdom,2,Loyal Customers
1421,504,1,3.75,3.75,1.0,0,2010-07-22 15:50:00,2010-07-22 15:50:00,1,0,13788,United Kingdom,3,At Risk / Lapsed
1422,387,1,239.46,239.46,14.333333333333334,0,2010-11-16 15:31:00,2010-11-16 15:31:00,1,0,13789,United Kingdom,3,At Risk / Lapsed
1423,3,1,348.8,348.8,16.622222222222224,0,2011-12-05 15:48:00,2011-12-05 15:48:00,0,0,13790,United Kingdom,1,Promising
1424,127,2,1516.0,758.0,109.0909090909091,40,2011-08-04 11:44:00,2011-06-24 16:38:00,1,1,13791,United Kingdom,2,Loyal Customers
1425,65,3,383.95,127.98333333333332,6.782608695652174,356,2011-10-04 14:31:00,2010-10-13 11:05:00,0,1,13792,United Kingdom,1,Promising
1426,646,1,96.0,96.0,7.428571428571429,0,2010-03-03 08:25:00,2010-03-03 08:25:00,1,0,13793,United Kingdom,3,At Risk / Lapsed
1427,546,1,126.03,126.03,7.0,0,2010-06-11 12:30:00,2010-06-11 12:30:00,1,0,13794,United Kingdom,3,At Risk / Lapsed
1428,387,4,836.3,209.075,43.10344827586207,249,2010-11-16 17:25:00,2010-03-12 12:44:00,1,1,13795,United Kingdom,3,At Risk / Lapsed
1429,498,1,289.7,289.7,9.909090909090908,0,2010-07-28 14:45:00,2010-07-28 14:45:00,1,0,13796,United Kingdom,3,At Risk / Lapsed
1430,436,3,1179.45,393.15,7.346153846153846,210,2010-09-29 10:34:00,2010-03-02 12:17:00,1,1,13797,United Kingdom,3,At Risk / Lapsed
1431,0,110,75836.87,689.4260909090908,66.96260387811634,729,2011-12-08 15:51:00,2009-12-08 16:21:00,0,1,13798,United Kingdom,0,Champions
1432,116,9,2803.57,311.5077777777778,14.5188679245283,527,2011-08-15 12:07:00,2010-03-05 16:39:00,1,1,13799,United Kingdom,2,Loyal Customers
1433,309,3,1679.56,559.8533333333334,12.205479452054794,427,2011-02-03 12:27:00,2009-12-03 10:03:00,1,1,13800,United Kingdom,2,Loyal Customers
1434,66,1,324.8,324.8,7.304347826086956,0,2011-10-04 10:15:00,2011-10-04 10:15:00,0,0,13801,United Kingdom,1,Promising
1435,138,19,26259.11,1382.0584210526315,31.537946428571427,523,2011-07-24 10:54:00,2010-02-16 10:11:00,1,1,13802,United Kingdom,0,Champions
1436,254,3,1338.91,446.3033333333333,10.653846153846152,363,2011-03-29 12:57:00,2010-03-31 10:00:00,1,1,13803,United Kingdom,2,Loyal Customers
1437,30,9,3161.12,351.23555555555555,10.760479041916168,406,2011-11-09 12:32:00,2010-09-29 10:26:00,0,1,13804,United Kingdom,2,Loyal Customers
1438,51,2,924.6,462.3,146.15384615384616,76,2011-10-18 14:50:00,2011-08-02 15:29:00,0,1,13805,United Kingdom,1,Promising
1439,63,1,256.38,256.38,5.6,0,2011-10-07 11:43:00,2011-10-07 11:43:00,0,0,13806,United Kingdom,1,Promising
1440,366,3,534.8,178.26666666666665,4.75,368,2010-12-07 15:48:00,2009-12-04 12:41:00,1,1,13807,United Kingdom,3,At Risk / Lapsed
1441,5,5,1747.66,349.53200000000004,10.289473684210526,91,2011-12-04 12:18:00,2011-09-04 12:07:00,0,1,13808,United Kingdom,2,Loyal Customers
1442,304,3,679.7,226.5666666666667,11.24,155,2011-02-07 13:15:00,2010-09-05 11:42:00,1,1,13809,Cyprus,3,At Risk / Lapsed
1443,28,2,827.51,413.755,9.59375,27,2011-11-11 08:33:00,2011-10-14 12:57:00,0,1,13810,Germany,1,Promising
1444,183,2,519.75,259.875,6.3,55,2011-06-09 09:54:00,2011-04-14 18:40:00,1,1,13811,Germany,1,Promising
1445,41,3,485.0,161.66666666666666,10.0,63,2011-10-28 14:27:00,2011-08-26 12:54:00,0,1,13812,Germany,1,Promising
1446,39,8,2387.4700000000003,298.43375000000003,9.414814814814816,694,2011-10-31 10:38:00,2009-12-06 10:16:00,0,1,13813,Germany,2,Loyal Customers
1447,91,3,2257.32,752.44,15.367088607594935,434,2011-09-08 13:48:00,2010-06-30 14:12:00,1,1,13814,Germany,2,Loyal Customers
1448,21,8,6737.74,842.2175,15.300859598853869,643,2011-11-17 14:19:00,2010-02-12 10:26:00,0,1,13815,Germany,0,Champions
1449,23,2,499.67,249.835,10.192307692307692,40,2011-11-16 08:38:00,2011-10-06 14:37:00,0,1,13816,Germany,1,Promising
1450,28,2,328.98,164.49,9.454545454545457,322,2011-11-10 17:49:00,2010-12-23 11:46:00,0,1,13817,Germany,1,Promising
1451,429,1,61.28,61.28,12.0,0,2010-10-06 12:35:00,2010-10-06 12:35:00,1,0,13818,United Kingdom,3,At Risk / Lapsed
1452,301,6,2642.35,440.39166666666665,22.861386138613863,436,2011-02-11 10:38:00,2009-12-01 16:18:00,1,1,13819,United Kingdom,2,Loyal Customers
1453,417,3,652.75,217.58333333333331,3.202247191011236,262,2010-10-17 13:46:00,2010-01-28 12:26:00,1,1,13820,United Kingdom,3,At Risk / Lapsed
1454,144,6,1379.08,229.84666666666664,2.338235294117647,559,2011-07-18 09:49:00,2010-01-04 13:36:00,1,1,13821,United Kingdom,2,Loyal Customers
1455,5,2,632.0,316.0,6.364583333333333,34,2011-12-04 12:13:00,2011-10-30 15:55:00,0,1,13822,United Kingdom,1,Promising
1456,18,7,3403.4500000000003,486.2071428571429,9.595092024539875,705,2011-11-21 10:22:00,2009-12-15 14:34:00,0,1,13823,United Kingdom,2,Loyal Customers
1457,32,12,3314.76,276.23,14.42,604,2011-11-07 12:41:00,2010-03-12 15:17:00,0,1,13824,United Kingdom,0,Champions
1458,621,2,255.59,127.795,4.55,108,2010-03-28 11:02:00,2009-12-09 14:30:00,1,1,13825,United Kingdom,3,At Risk / Lapsed
1459,175,1,189.5,189.5,8.2,0,2011-06-16 13:48:00,2011-06-16 13:48:00,1,0,13826,United Kingdom,1,Promising
1460,57,3,409.8,136.6,1.5,85,2011-10-13 12:38:00,2011-07-19 15:38:00,0,1,13827,United Kingdom,1,Promising
1461,21,1,209.49,209.49,20.73333333333333,0,2011-11-17 16:02:00,2011-11-17 16:02:00,0,0,13828,United Kingdom,1,Promising
1462,420,1,102.0,102.0,12.0,0,2010-10-14 18:19:00,2010-10-14 18:19:00,1,0,13829,United Kingdom,3,At Risk / Lapsed
1463,581,1,156.85000000000002,156.85000000000002,4.2727272727272725,0,2010-05-07 12:24:00,2010-05-07 12:24:00,1,0,13830,United Kingdom,3,At Risk / Lapsed
1464,15,18,6993.54,388.53,13.875,713,2011-11-23 15:41:00,2009-12-10 14:50:00,0,1,13831,United Kingdom,0,Champions
1465,18,2,609.89,304.945,7.636363636363637,403,2011-11-20 15:36:00,2010-10-13 14:41:00,0,1,13832,United Kingdom,1,Promising
1466,158,2,700.41,350.205,5.5227272727272725,244,2011-07-03 13:27:00,2010-10-31 14:11:00,1,1,13833,United Kingdom,1,Promising
1467,576,2,324.19,162.095,13.8125,92,2010-05-12 10:27:00,2010-02-08 12:52:00,1,1,13834,United Kingdom,3,At Risk / Lapsed
1468,24,7,1095.27,156.46714285714285,7.323943661971831,620,2011-11-14 15:37:00,2010-03-04 08:26:00,0,1,13835,United Kingdom,2,Loyal Customers
1469,398,2,620.37,310.185,8.806451612903226,15,2010-11-05 13:31:00,2010-10-21 13:27:00,1,1,13836,United Kingdom,3,At Risk / Lapsed
1470,211,2,266.59000000000003,133.29500000000002,10.11111111111111,105,2011-05-12 12:10:00,2011-01-26 12:15:00,1,1,13837,United Kingdom,1,Promising
1471,5,10,1920.73,192.073,1.7123893805309736,573,2011-12-04 11:00:00,2010-05-09 11:40:00,0,1,13838,United Kingdom,2,Loyal Customers
1472,485,1,139.95000000000002,139.95000000000002,3.571428571428572,0,2010-08-10 13:52:00,2010-08-10 13:52:00,1,0,13839,United Kingdom,3,At Risk / Lapsed
1473,415,1,651.4,651.4,8.95,0,2010-10-19 13:34:00,2010-10-19 13:34:00,1,0,13840,United Kingdom,3,At Risk / Lapsed
1474,252,1,85.0,85.0,100.0,0,2011-04-01 12:10:00,2011-04-01 12:10:00,1,0,13841,United Kingdom,1,Promising
1475,58,18,5629.91,312.7727777777778,8.109859154929577,602,2011-10-12 10:51:00,2010-02-16 15:54:00,0,1,13842,United Kingdom,0,Champions
1476,380,1,319.75,319.75,8.055555555555555,0,2010-11-23 17:48:00,2010-11-23 17:48:00,1,0,13843,United Kingdom,3,At Risk / Lapsed
1477,10,1,361.62,361.62,9.8,0,2011-11-28 13:21:00,2011-11-28 13:21:00,0,0,13844,United Kingdom,1,Promising
1478,64,1,312.98,312.98,20.22222222222222,0,2011-10-06 08:25:00,2011-10-06 08:25:00,0,0,13845,United Kingdom,1,Promising
1479,24,4,1307.79,326.9475,8.703703703703704,375,2011-11-15 12:07:00,2010-11-05 09:47:00,0,1,13846,United Kingdom,2,Loyal Customers
1480,719,1,310.72,310.72,5.052631578947368,0,2009-12-20 10:41:00,2009-12-20 10:41:00,1,0,13847,United Kingdom,3,At Risk / Lapsed
1481,91,8,3335.0,416.875,927.2727272727273,637,2011-09-08 12:58:00,2009-12-09 16:17:00,1,1,13848,United Kingdom,2,Loyal Customers
1482,51,5,3469.3,693.86,8.559090909090909,572,2011-10-19 10:59:00,2010-03-25 12:03:00,0,1,13849,United Kingdom,2,Loyal Customers
1483,128,1,1595.48,1595.48,10.150537634408602,0,2011-08-02 14:04:00,2011-08-02 14:04:00,1,0,13850,United Kingdom,1,Promising
1484,95,8,4606.46,575.8075,18.035714285714285,584,2011-09-05 12:36:00,2010-01-29 11:54:00,1,1,13851,United Kingdom,2,Loyal Customers
1485,610,1,187.35,187.35,7.727272727272727,0,2010-04-08 09:06:00,2010-04-08 09:06:00,1,0,13852,United Kingdom,3,At Risk / Lapsed
1486,56,1,1090.14,1090.14,13.565217391304348,0,2011-10-13 14:18:00,2011-10-13 14:18:00,0,0,13853,United Kingdom,1,Promising
1487,8,39,12253.96,314.2041025641025,20.49723756906077,691,2011-12-01 09:06:00,2010-01-08 11:28:00,0,1,13854,United Kingdom,0,Champions
1488,500,4,1310.34,327.58500000000004,7.876712328767123,230,2010-07-27 09:53:00,2009-12-08 16:56:00,1,1,13855,United Kingdom,3,At Risk / Lapsed
1489,168,11,1142.03,103.82090909090908,20.46296296296296,450,2011-06-24 10:03:00,2010-03-30 15:40:00,1,1,13856,United Kingdom,2,Loyal Customers
1490,392,6,1000.91,166.81833333333333,6.149606299212598,177,2010-11-11 12:54:00,2010-05-17 14:21:00,1,1,13857,United Kingdom,2,Loyal Customers
1491,56,1,216.17,216.17,6.818181818181818,0,2011-10-13 16:17:00,2011-10-13 16:17:00,0,0,13858,United Kingdom,1,Promising
1492,325,2,515.86,257.93,4.638888888888889,203,2011-01-17 16:14:00,2010-06-28 15:36:00,1,1,13859,United Kingdom,3,At Risk / Lapsed
1493,0,5,1245.9,249.18,7.776315789473684,85,2011-12-08 12:57:00,2011-09-14 09:27:00,0,1,13860,United Kingdom,2,Loyal Customers
1494,428,2,273.26,136.63,10.714285714285714,101,2010-10-06 14:20:00,2010-06-27 11:37:00,1,1,13861,United Kingdom,3,At Risk / Lapsed
1495,17,9,2556.09,284.01,12.04375,371,2011-11-21 16:24:00,2010-11-15 13:43:00,0,1,13862,United Kingdom,2,Loyal Customers
1496,247,4,1239.55,309.8875,7.9,345,2011-04-06 10:20:00,2010-04-25 13:09:00,1,1,13863,United Kingdom,2,Loyal Customers
1497,386,1,662.4000000000001,662.4000000000001,192.0,0,2010-11-18 12:50:00,2010-11-18 12:50:00,1,0,13864,United Kingdom,3,At Risk / Lapsed
1498,57,4,501.56,125.39,6.8,231,2011-10-12 13:31:00,2011-02-23 12:04:00,0,1,13865,United Kingdom,2,Loyal Customers
1499,73,1,145.67000000000002,145.67000000000002,8.142857142857142,0,2011-09-26 14:54:00,2011-09-26 14:54:00,0,0,13866,United Kingdom,1,Promising
1500,30,3,1005.09,335.03000000000003,8.35,186,2011-11-08 15:48:00,2011-05-05 17:28:00,0,1,13867,United Kingdom,2,Loyal Customers
1501,6,2,3192.54,1596.27,59.51515151515152,31,2011-12-02 16:32:00,2011-11-01 12:45:00,0,1,13868,United Kingdom,2,Loyal Customers
1502,122,10,7996.87,799.687,5.133651551312649,567,2011-08-08 13:53:00,2010-01-17 14:53:00,1,1,13869,United Kingdom,0,Champions
1503,1,15,5712.08,380.80533333333335,14.311203319502075,667,2011-12-07 13:23:00,2010-02-08 12:08:00,0,1,13870,United Kingdom,0,Champions
1504,22,17,7885.85,463.8735294117647,8.711442786069652,696,2011-11-17 10:49:00,2009-12-20 13:09:00,0,1,13871,United Kingdom,0,Champions
1505,526,3,919.57,306.52333333333337,5.947368421052632,198,2010-06-30 15:35:00,2009-12-14 09:56:00,1,1,13872,United Kingdom,3,At Risk / Lapsed
1506,119,8,1038.92,129.865,7.866666666666666,526,2011-08-12 10:08:00,2010-03-03 12:31:00,1,1,13873,United Kingdom,2,Loyal Customers
1507,357,7,2049.15,292.7357142857143,12.521739130434783,314,2010-12-16 18:20:00,2010-02-04 18:39:00,1,1,13874,United Kingdom,2,Loyal Customers
1508,53,14,4814.37,343.88357142857143,11.377777777777778,668,2011-10-17 09:36:00,2009-12-17 10:30:00,0,1,13875,United Kingdom,0,Champions
1509,63,1,122.7,122.7,5.142857142857143,0,2011-10-07 10:22:00,2011-10-07 10:22:00,0,0,13876,United Kingdom,1,Promising
1510,85,3,449.68,149.89333333333337,20.782608695652176,603,2011-09-14 15:49:00,2010-01-19 10:53:00,0,1,13877,United Kingdom,1,Promising
1511,54,4,2416.9,604.225,9.088235294117649,549,2011-10-16 12:19:00,2010-04-14 13:50:00,0,1,13878,United Kingdom,2,Loyal Customers
1512,645,1,395.5,395.5,8.16,0,2010-03-04 10:49:00,2010-03-04 10:49:00,1,0,13879,United Kingdom,3,At Risk / Lapsed
1513,20,17,4391.66,258.33294117647057,11.305676855895197,540,2011-11-18 13:44:00,2010-05-26 14:29:00,0,1,13880,United Kingdom,0,Champions
1514,3,43,45179.1,1050.6767441860466,65.12035010940919,641,2011-12-06 12:50:00,2010-03-04 14:41:00,0,1,13881,United Kingdom,0,Champions
1515,2,5,1191.13,238.22600000000003,14.66153846153846,61,2011-12-07 11:16:00,2011-10-06 15:28:00,0,1,13882,United Kingdom,2,Loyal Customers
1516,10,14,6535.37,466.8121428571429,11.40764331210191,638,2011-11-29 10:45:00,2010-02-28 12:53:00,0,1,13883,United Kingdom,0,Champions
1517,6,10,1825.03,182.503,4.131868131868132,462,2011-12-02 16:30:00,2010-08-26 19:57:00,0,1,13884,United Kingdom,2,Loyal Customers
1518,188,2,506.8,253.4,6.5,11,2011-06-03 15:07:00,2011-05-23 08:52:00,1,1,13885,United Kingdom,1,Promising
1519,70,1,243.56,243.56,7.875,0,2011-09-29 13:17:00,2011-09-29 13:17:00,0,0,13886,United Kingdom,1,Promising
1520,203,1,349.55,349.55,7.736842105263157,0,2011-05-19 17:22:00,2011-05-19 17:22:00,1,0,13887,United Kingdom,1,Promising
1521,119,7,2001.59,285.94142857142856,4.649122807017544,455,2011-08-12 10:13:00,2010-05-13 11:57:00,1,1,13888,United Kingdom,2,Loyal Customers
1522,92,6,1991.23,331.87166666666667,11.795180722891564,593,2011-09-08 09:13:00,2010-01-22 14:32:00,1,1,13889,United Kingdom,2,Loyal Customers
1523,0,14,2927.38,209.09857142857143,8.046242774566474,732,2011-12-08 15:36:00,2009-12-06 15:15:00,0,1,13890,United Kingdom,0,Champions
1524,377,3,859.21,286.40333333333336,4.808080808080808,203,2010-11-26 15:57:00,2010-05-06 16:02:00,1,1,13891,United Kingdom,3,At Risk / Lapsed
1525,26,6,1267.65,211.275,86.80555555555556,549,2011-11-13 11:50:00,2010-05-13 10:32:00,0,1,13892,United Kingdom,2,Loyal Customers
1526,297,1,821.1,821.1,9.047619047619047,0,2011-02-15 11:30:00,2011-02-15 11:30:00,1,0,13893,United Kingdom,1,Promising
1527,23,3,564.62,188.20666666666668,13.11111111111111,286,2011-11-16 09:44:00,2011-02-02 12:54:00,0,1,13894,United Kingdom,1,Promising
1528,27,6,4008.52,668.0866666666667,11.075268817204302,708,2011-11-11 16:57:00,2009-12-03 13:09:00,0,1,13895,United Kingdom,2,Loyal Customers
1529,625,1,388.55,388.55,7.095238095238095,0,2010-03-24 08:55:00,2010-03-24 08:55:00,1,0,13896,United Kingdom,3,At Risk / Lapsed
1530,49,3,1160.72,386.9066666666667,13.898305084745765,627,2011-10-20 14:30:00,2010-01-31 13:48:00,0,1,13897,United Kingdom,2,Loyal Customers
1531,325,2,686.4,343.2,11.826086956521738,85,2011-01-18 10:28:00,2010-10-24 15:42:00,1,1,13898,United Kingdom,3,At Risk / Lapsed
1532,15,2,388.52,194.26,8.210526315789474,258,2011-11-23 13:40:00,2011-03-10 09:30:00,0,1,13899,United Kingdom,1,Promising
1533,182,6,1610.59,268.4316666666667,9.873684210526315,441,2011-06-09 19:26:00,2010-03-25 13:46:00,1,1,13900,United Kingdom,2,Loyal Customers
1534,71,15,5676.34,378.42266666666666,10.787096774193548,631,2011-09-28 14:48:00,2010-01-05 09:29:00,0,1,13901,United Kingdom,0,Champions
1535,631,5,34023.26,6804.652,3558.0,92,2010-03-17 13:09:00,2009-12-15 10:02:00,1,1,13902,Denmark,0,Champions
1536,399,1,165.45000000000002,165.45000000000002,10.3,0,2010-11-04 17:44:00,2010-11-04 17:44:00,1,0,13903,United Kingdom,3,At Risk / Lapsed
1537,36,2,332.64,166.32,12.76923076923077,257,2011-11-02 13:41:00,2011-02-18 11:18:00,0,1,13904,United Kingdom,1,Promising
1538,732,1,312.65,312.65,11.25,0,2009-12-07 11:41:00,2009-12-07 11:41:00,1,0,13905,United Kingdom,3,At Risk / Lapsed
1539,408,1,42.0,42.0,100.0,0,2010-10-26 15:00:00,2010-10-26 15:00:00,1,0,13906,United Kingdom,3,At Risk / Lapsed
1540,691,1,136.8,136.8,17.0,0,2010-01-17 12:22:00,2010-01-17 12:22:00,1,0,13907,United Kingdom,3,At Risk / Lapsed
1541,79,4,2369.55,592.3875,12.114754098360656,196,2011-09-21 11:49:00,2011-03-08 12:04:00,0,1,13908,United Kingdom,2,Loyal Customers
1542,422,2,282.85,141.425,7.921052631578948,98,2010-10-12 17:22:00,2010-07-06 16:52:00,1,1,13909,United Kingdom,3,At Risk / Lapsed
1543,56,20,4234.99,211.7495,18.852941176470587,590,2011-10-13 15:43:00,2010-03-01 16:31:00,0,1,13911,United Kingdom,0,Champions
1544,423,1,124.95,124.95,4.142857142857143,0,2010-10-12 08:43:00,2010-10-12 08:43:00,1,0,13912,United Kingdom,3,At Risk / Lapsed
1545,506,1,42.22,42.22,3.333333333333333,0,2010-07-21 10:11:00,2010-07-21 10:11:00,1,0,13913,United Kingdom,3,At Risk / Lapsed
1546,11,2,626.45,313.225,11.515151515151516,24,2011-11-28 10:35:00,2011-11-03 16:28:00,0,1,13914,United Kingdom,1,Promising
1547,393,1,70.80000000000001,70.80000000000001,12.0,0,2010-11-10 15:17:00,2010-11-10 15:17:00,1,0,13915,United Kingdom,3,At Risk / Lapsed
1548,463,4,1275.81,318.9525,9.094594594594597,211,2010-09-02 10:04:00,2010-02-02 10:06:00,1,1,13916,United Kingdom,3,At Risk / Lapsed
1549,49,2,272.04,136.02,12.666666666666666,141,2011-10-21 09:56:00,2011-06-01 12:46:00,0,1,13917,United Kingdom,1,Promising
1550,49,2,1212.84,606.4200000000001,38.0,203,2011-10-21 12:25:00,2011-03-31 18:05:00,0,1,13918,United Kingdom,2,Loyal Customers
1551,58,4,1252.68,313.17,15.438356164383562,481,2011-10-11 14:24:00,2010-06-17 09:30:00,0,1,13919,Denmark,2,Loyal Customers
1552,431,4,1774.68,443.67,20.6046511627907,130,2010-10-04 12:37:00,2010-05-26 15:48:00,1,1,13920,United Kingdom,3,At Risk / Lapsed
1553,401,4,730.7,182.675,4.7727272727272725,319,2010-11-02 16:32:00,2009-12-18 12:19:00,1,1,13921,United Kingdom,3,At Risk / Lapsed
1554,351,3,865.2,288.40000000000003,15.566666666666666,115,2010-12-23 10:38:00,2010-08-29 14:36:00,1,1,13922,United Kingdom,3,At Risk / Lapsed
1555,53,1,351.13,351.13,9.25,0,2011-10-17 12:33:00,2011-10-17 12:33:00,0,0,13923,United Kingdom,1,Promising
1556,1,6,1838.85,306.475,13.461538461538462,70,2011-12-08 09:39:00,2011-09-28 15:07:00,0,1,13924,United Kingdom,2,Loyal Customers
1557,92,4,678.25,169.5625,8.073170731707316,42,2011-09-08 12:47:00,2011-07-28 12:09:00,1,1,13925,United Kingdom,2,Loyal Customers
1558,22,1,223.85,223.85,9.454545454545457,0,2011-11-16 13:16:00,2011-11-16 13:16:00,0,0,13926,United Kingdom,1,Promising
1559,74,2,708.26,354.13,11.292682926829269,362,2011-09-26 12:00:00,2010-09-28 16:12:00,0,1,13927,United Kingdom,1,Promising
1560,10,4,464.57,116.1425,4.777777777777778,122,2011-11-29 10:33:00,2011-07-29 15:59:00,0,1,13928,United Kingdom,1,Promising
1561,168,11,3494.1,317.6454545454545,27.473684210526315,525,2011-06-23 15:26:00,2010-01-14 07:25:00,1,1,13929,United Kingdom,0,Champions
1562,57,2,337.34,168.67,16.11764705882353,78,2011-10-13 09:45:00,2011-07-26 11:00:00,0,1,13930,United Kingdom,1,Promising
1563,95,11,5257.38,477.9436363636364,12.870848708487085,640,2011-09-05 10:12:00,2009-12-03 10:26:00,1,1,13931,United Kingdom,0,Champions
1564,294,1,307.4,307.4,4.5,0,2011-02-18 12:02:00,2011-02-18 12:02:00,1,0,13932,United Kingdom,1,Promising
1565,108,2,608.7900000000001,304.39500000000004,8.91304347826087,39,2011-08-22 14:03:00,2011-07-14 13:35:00,1,1,13933,United Kingdom,1,Promising
1566,263,1,922.1,922.1,12.580645161290322,0,2011-03-21 08:39:00,2011-03-21 08:39:00,1,0,13934,United Kingdom,1,Promising
1567,596,3,6116.92,2038.9733333333331,28.15,55,2010-04-22 11:21:00,2010-02-25 16:01:00,1,1,13935,United Kingdom,3,At Risk / Lapsed
1568,179,3,939.66,313.22,11.203389830508474,234,2011-06-13 08:47:00,2010-10-21 14:21:00,1,1,13936,United Kingdom,2,Loyal Customers
1569,168,2,880.13,440.065,10.87037037037037,233,2011-06-23 16:35:00,2010-11-02 12:37:00,1,1,13937,United Kingdom,1,Promising
1570,34,1,71.66,71.66,10.0,0,2011-11-04 14:37:00,2011-11-04 14:37:00,0,0,13938,United Kingdom,1,Promising
1571,22,7,1560.96,222.99428571428567,14.61818181818182,589,2011-11-16 13:33:00,2010-04-06 12:43:00,0,1,13939,United Kingdom,2,Loyal Customers
1572,16,4,839.14,209.785,10.53061224489796,126,2011-11-22 15:15:00,2011-07-18 16:05:00,0,1,13940,United Kingdom,2,Loyal Customers
1573,21,15,11122.3,741.4866666666668,51.67619047619048,701,2011-11-18 09:43:00,2009-12-16 16:10:00,0,1,13941,United Kingdom,0,Champions
1574,534,1,320.0,320.0,1000.0,0,2010-06-23 12:35:00,2010-06-23 12:35:00,1,0,13942,United Kingdom,3,At Risk / Lapsed
1575,577,1,246.54,246.54,6.266666666666667,0,2010-05-11 11:30:00,2010-05-11 11:30:00,1,0,13943,United Kingdom,3,At Risk / Lapsed
1576,652,1,200.43,200.43,4.371428571428571,0,2010-02-24 15:02:00,2010-02-24 15:02:00,1,0,13944,United Kingdom,3,At Risk / Lapsed
1577,394,2,854.15,427.075,8.098039215686274,85,2010-11-10 10:00:00,2010-08-17 09:59:00,1,1,13945,United Kingdom,3,At Risk / Lapsed
1578,78,6,1876.23,312.705,50.83928571428572,656,2011-09-21 13:33:00,2009-12-04 11:07:00,0,1,13946,United Kingdom,2,Loyal Customers
1579,64,1,90.6,90.6,8.8,0,2011-10-05 14:42:00,2011-10-05 14:42:00,0,0,13947,United Kingdom,1,Promising
1580,360,4,548.76,137.19,10.333333333333334,374,2010-12-14 10:18:00,2009-12-04 12:14:00,1,1,13948,United Kingdom,3,At Risk / Lapsed
1581,2,6,2427.32,404.5533333333333,15.4625,91,2011-12-07 09:35:00,2011-09-06 11:55:00,0,1,13949,United Kingdom,2,Loyal Customers
1582,10,4,745.06,186.265,9.228571428571428,235,2011-11-28 14:44:00,2011-04-07 11:29:00,0,1,13950,United Kingdom,2,Loyal Customers
1583,175,3,674.45,224.8166666666667,11.76923076923077,118,2011-06-16 16:43:00,2011-02-18 15:21:00,1,1,13951,United Kingdom,1,Promising
1584,217,14,12823.52,915.9657142857144,14.573529411764708,505,2011-05-06 09:00:00,2009-12-16 09:41:00,1,1,13952,United Kingdom,0,Champions
1585,6,12,6640.68,553.39,208.96,721,2011-12-02 16:04:00,2009-12-11 12:58:00,0,1,13953,United Kingdom,0,Champions
1586,1,2,439.92,219.96,6.0,69,2011-12-08 12:50:00,2011-09-30 10:52:00,0,1,13954,United Kingdom,1,Promising
1587,153,3,544.0699999999999,181.35666666666663,3.2,220,2011-07-08 17:19:00,2010-11-29 17:35:00,1,1,13955,United Kingdom,1,Promising
1588,4,5,1019.27,203.854,3.306122448979592,266,2011-12-04 13:20:00,2011-03-13 12:51:00,0,1,13956,United Kingdom,2,Loyal Customers
1589,417,3,458.25,152.75,5.814814814814815,240,2010-10-18 10:02:00,2010-02-19 10:32:00,1,1,13957,United Kingdom,3,At Risk / Lapsed
1590,379,8,4709.2300000000005,588.6537500000001,9.973568281938324,354,2010-11-25 10:11:00,2009-12-05 13:12:00,1,1,13958,United Kingdom,2,Loyal Customers
1591,78,6,1064.77,177.46166666666667,4.420382165605096,431,2011-09-21 15:06:00,2010-07-16 15:11:00,0,1,13959,United Kingdom,2,Loyal Customers
1592,20,2,230.22,115.11,11.833333333333334,50,2011-11-18 15:27:00,2011-09-29 12:39:00,0,1,13960,United Kingdom,1,Promising
1593,391,1,538.4,538.4,11.894736842105264,0,2010-11-12 14:40:00,2010-11-12 14:40:00,1,0,13961,United Kingdom,3,At Risk / Lapsed
1594,21,3,362.8,120.93333333333334,6.956521739130435,413,2011-11-18 08:47:00,2010-09-30 10:35:00,0,1,13962,United Kingdom,1,Promising
1595,307,17,3011.87,177.16882352941175,11.982558139534884,288,2011-02-04 14:43:00,2010-04-21 16:20:00,1,1,13963,United Kingdom,0,Champions
1596,386,2,438.9,219.45,9.5,43,2010-11-17 13:53:00,2010-10-05 12:38:00,1,1,13964,United Kingdom,3,At Risk / Lapsed
1597,476,3,996.61,332.2033333333333,17.708333333333332,226,2010-08-20 10:40:00,2010-01-05 15:21:00,1,1,13965,United Kingdom,3,At Risk / Lapsed
1598,434,1,384.26,384.26,36.19047619047619,0,2010-09-30 13:08:00,2010-09-30 13:08:00,1,0,13966,United Kingdom,3,At Risk / Lapsed
1599,145,2,166.3,83.15,11.0,250,2011-07-17 12:02:00,2010-11-08 13:24:00,1,1,13967,United Kingdom,1,Promising
1600,422,1,123.66,123.66,21.75,0,2010-10-12 13:22:00,2010-10-12 13:22:00,1,0,13968,United Kingdom,3,At Risk / Lapsed
1601,6,35,13291.05,379.7442857142857,6.219467401285583,617,2011-12-02 15:11:00,2010-03-25 13:15:00,0,1,13969,United Kingdom,0,Champions
1602,385,2,846.55,423.275,36.07692307692308,51,2010-11-18 13:21:00,2010-09-28 11:53:00,1,1,13970,United Kingdom,3,At Risk / Lapsed
1603,18,14,4667.57,333.3978571428571,12.094117647058823,664,2011-11-21 12:06:00,2010-01-26 09:51:00,0,1,13971,United Kingdom,0,Champions
1604,70,2,190.25,95.125,12.466666666666669,131,2011-09-30 11:54:00,2011-05-22 11:34:00,0,1,13972,United Kingdom,1,Promising
1605,286,1,264.7,264.7,9.909090909090908,0,2011-02-25 15:21:00,2011-02-25 15:21:00,1,0,13973,United Kingdom,1,Promising
1606,48,2,677.72,338.86,8.279069767441861,532,2011-10-21 14:41:00,2010-05-06 17:55:00,0,1,13974,United Kingdom,1,Promising
1607,30,12,5256.4,438.0333333333333,5.270013568521032,644,2011-11-08 13:19:00,2010-02-02 13:13:00,0,1,13975,United Kingdom,0,Champions
1608,206,4,1192.36,298.09,8.071428571428571,461,2011-05-17 09:13:00,2010-02-09 13:08:00,1,1,13976,United Kingdom,2,Loyal Customers
1609,410,1,519.8100000000001,519.8100000000001,23.307692307692307,0,2010-10-24 14:08:00,2010-10-24 14:08:00,1,0,13977,United Kingdom,3,At Risk / Lapsed
1610,14,2,196.79,98.395,21.0,30,2011-11-25 11:36:00,2011-10-25 15:04:00,0,1,13978,United Kingdom,1,Promising
1611,72,7,3373.63,481.94714285714286,5.731457800511509,663,2011-09-27 13:32:00,2009-12-03 10:02:00,0,1,13979,United Kingdom,2,Loyal Customers
1612,59,5,768.82,153.764,7.349206349206349,595,2011-10-10 13:34:00,2010-02-21 14:18:00,0,1,13980,United Kingdom,2,Loyal Customers
1613,415,1,331.14,331.14,10.636363636363637,0,2010-10-20 10:03:00,2010-10-20 10:03:00,1,0,13981,United Kingdom,3,At Risk / Lapsed
1614,38,9,4382.89,486.9877777777778,10.830645161290322,649,2011-10-31 16:24:00,2010-01-20 14:04:00,0,1,13982,United Kingdom,0,Champions
1615,29,21,7083.25,337.29761904761904,12.191176470588236,700,2011-11-10 11:06:00,2009-12-09 13:53:00,0,1,13983,United Kingdom,0,Champions
1616,26,12,2048.6,170.71666666666667,15.279569892473118,706,2011-11-13 12:38:00,2009-12-07 11:51:00,0,1,13984,United Kingdom,0,Champions
1617,3,22,10020.86,455.4936363636364,10.283333333333331,664,2011-12-05 17:06:00,2010-02-09 13:56:00,0,1,13985,United Kingdom,0,Champions
1618,16,1,320.46,320.46,33.07692307692308,0,2011-11-22 15:00:00,2011-11-22 15:00:00,0,0,13986,United Kingdom,1,Promising
1619,379,2,682.54,341.27,10.695652173913045,21,2010-11-25 10:20:00,2010-11-04 09:54:00,1,1,13987,United Kingdom,3,At Risk / Lapsed
1620,19,8,4757.8,594.725,11.47457627118644,605,2011-11-20 10:15:00,2010-03-24 11:05:00,0,1,13988,United Kingdom,0,Champions
1621,65,5,2026.06,405.212,25.662790697674417,497,2011-10-05 09:47:00,2010-05-25 12:13:00,0,1,13989,United Kingdom,2,Loyal Customers
1622,212,1,311.3,311.3,11.875,0,2011-05-10 15:19:00,2011-05-10 15:19:00,1,0,13990,United Kingdom,1,Promising
1623,11,6,851.88,141.98,12.271604938271604,131,2011-11-27 16:18:00,2011-07-19 12:58:00,0,1,13991,United Kingdom,2,Loyal Customers
1624,29,3,219.5,73.16666666666667,14.0,432,2011-11-09 15:23:00,2010-09-02 17:04:00,0,1,13992,United Kingdom,1,Promising
1625,42,19,6775.71,356.6163157894737,8.18007662835249,693,2011-10-28 09:06:00,2009-12-03 11:57:00,0,1,13993,United Kingdom,0,Champions
1626,3,6,2274.14,379.0233333333333,6.297297297297297,144,2011-12-06 11:05:00,2011-07-14 18:28:00,0,1,13994,United Kingdom,2,Loyal Customers
1627,14,14,3902.01,278.71500000000003,10.256521739130434,706,2011-11-24 14:22:00,2009-12-18 12:43:00,0,1,13995,United Kingdom,0,Champions
1628,385,2,895.76,447.88,18.57575757575757,13,2010-11-18 16:27:00,2010-11-05 15:07:00,1,1,13996,United Kingdom,3,At Risk / Lapsed
1629,518,3,376.46,125.48666666666666,3.25,31,2010-07-08 18:06:00,2010-06-07 17:33:00,1,1,13997,United Kingdom,3,At Risk / Lapsed
1630,446,3,566.7,188.9,6.580645161290323,129,2010-09-19 10:20:00,2010-05-12 13:18:00,1,1,13998,United Kingdom,3,At Risk / Lapsed
1631,9,29,9502.26,327.6641379310345,10.821888412017168,724,2011-11-29 13:40:00,2009-12-05 12:42:00,0,1,13999,United Kingdom,0,Champions
1632,210,5,2046.34,409.268,37.51020408163265,526,2011-05-12 16:50:00,2009-12-02 09:50:00,1,1,14000,United Kingdom,2,Loyal Customers
1633,45,9,4530.09,503.34333333333336,16.723214285714285,447,2011-10-25 10:31:00,2010-08-03 12:49:00,0,1,14001,United Kingdom,0,Champions
1634,133,2,529.73,264.865,18.659574468085108,22,2011-07-28 15:55:00,2011-07-06 14:59:00,1,1,14002,United Kingdom,1,Promising
1635,732,1,209.41,209.41,9.3125,0,2009-12-07 08:53:00,2009-12-07 08:53:00,1,0,14003,United Kingdom,3,At Risk / Lapsed
1636,42,11,6258.45,568.9499999999999,14.21161825726141,392,2011-10-27 14:40:00,2010-09-30 09:39:00,0,1,14004,United Kingdom,0,Champions
1637,9,5,2874.72,574.944,29.5,206,2011-11-30 12:41:00,2011-05-08 10:33:00,0,1,14005,United Kingdom,2,Loyal Customers
1638,115,7,2196.67,313.81,28.32467532467533,536,2011-08-16 09:39:00,2010-02-25 09:45:00,1,1,14006,United Kingdom,2,Loyal Customers
1639,512,1,79.48,79.48,3.2,0,2010-07-15 09:06:00,2010-07-15 09:06:00,1,0,14007,United Kingdom,3,At Risk / Lapsed
1640,431,1,509.04,509.04,10.1875,0,2010-10-03 13:09:00,2010-10-03 13:09:00,1,0,14008,United Kingdom,3,At Risk / Lapsed
1641,197,3,1099.91,366.6366666666667,12.85135135135135,264,2011-05-25 15:47:00,2010-09-03 12:08:00,1,1,14009,United Kingdom,2,Loyal Customers
1642,564,2,445.15,222.575,7.375,0,2010-05-23 13:00:00,2010-05-23 12:46:00,1,1,14010,United Kingdom,3,At Risk / Lapsed
1643,479,2,457.82,228.91,20.125,127,2010-08-16 15:31:00,2010-04-11 13:40:00,1,1,14011,United Kingdom,3,At Risk / Lapsed
1644,277,1,328.8,328.8,14.545454545454543,0,2011-03-07 12:26:00,2011-03-07 12:26:00,1,0,14012,United Kingdom,1,Promising
1645,109,5,1084.57,216.914,11.397058823529411,513,2011-08-21 15:01:00,2010-03-26 10:02:00,1,1,14013,United Kingdom,2,Loyal Customers
1646,76,3,1948.21,649.4033333333333,26.36842105263158,499,2011-09-23 13:18:00,2010-05-12 09:04:00,0,1,14014,United Kingdom,2,Loyal Customers
1647,52,1,917.34,917.34,18.9,0,2011-10-18 10:02:00,2011-10-18 10:02:00,0,0,14015,United Kingdom,1,Promising
1648,161,11,11403.41,1036.6736363636364,12.772321428571429,538,2011-07-01 11:29:00,2010-01-08 14:12:00,1,1,14016,EIRE,0,Champions
1649,570,1,229.75,229.75,5.214285714285714,0,2010-05-17 14:52:00,2010-05-17 14:52:00,1,0,14017,United Kingdom,3,At Risk / Lapsed
1650,644,1,367.15,367.15,17.23076923076923,0,2010-03-04 14:23:00,2010-03-04 14:23:00,1,0,14018,United Kingdom,3,At Risk / Lapsed
1651,46,3,1421.61,473.87,15.712121212121213,91,2011-10-24 10:13:00,2011-07-24 15:39:00,0,1,14019,United Kingdom,2,Loyal Customers
1652,16,4,1249.01,312.2525,9.0,512,2011-11-23 09:22:00,2010-06-28 15:29:00,0,1,14020,United Kingdom,2,Loyal Customers
1653,154,7,1716.58,245.22571428571428,9.755555555555556,437,2011-07-07 15:46:00,2010-04-26 11:22:00,1,1,14021,United Kingdom,2,Loyal Customers
1654,224,2,792.15,396.075,14.48936170212766,261,2011-04-28 14:39:00,2010-08-10 09:38:00,1,1,14022,United Kingdom,1,Promising
1655,6,2,584.07,292.035,11.129032258064516,242,2011-12-02 13:58:00,2011-04-03 15:50:00,0,1,14023,United Kingdom,1,Promising
1656,121,3,645.74,215.24666666666667,7.0,269,2011-08-10 11:30:00,2010-11-14 10:51:00,1,1,14024,United Kingdom,1,Promising
1657,464,8,4057.9,507.2375,19.33333333333333,119,2010-09-01 10:11:00,2010-05-05 09:56:00,1,1,14025,United Kingdom,2,Loyal Customers
1658,470,2,713.11,356.555,8.54,154,2010-08-26 10:31:00,2010-03-24 14:10:00,1,1,14026,United Kingdom,3,At Risk / Lapsed
1659,60,1,104.82,104.82,10.333333333333334,0,2011-10-10 09:01:00,2011-10-10 09:01:00,0,0,14027,United Kingdom,1,Promising
1660,549,3,10396.5,3465.5,796.6666666666666,0,2010-06-07 13:33:00,2010-06-07 12:02:00,1,1,14028,United Kingdom,3,At Risk / Lapsed
1661,62,2,467.66,233.83,13.2,80,2011-10-07 14:46:00,2011-07-18 16:57:00,0,1,14029,United Kingdom,1,Promising
1662,17,20,8198.3,409.915,5.066980023501762,710,2011-11-21 16:48:00,2009-12-10 17:27:00,0,1,14030,United Kingdom,0,Champions
1663,6,44,40919.58,929.9904545454546,18.59640102827764,729,2011-12-02 17:13:00,2009-12-03 15:35:00,0,1,14031,United Kingdom,0,Champions
1664,1,16,4850.27,303.141875,16.049180327868854,723,2011-12-07 15:23:00,2009-12-14 12:02:00,0,1,14032,United Kingdom,0,Champions
1665,554,1,109.44,109.44,576.0,0,2010-06-02 15:10:00,2010-06-02 15:10:00,1,0,14033,United Kingdom,3,At Risk / Lapsed
1666,21,3,648.89,216.29666666666665,4.883720930232558,135,2011-11-17 14:02:00,2011-07-05 13:06:00,0,1,14034,United Kingdom,1,Promising
1667,28,9,2794.75,310.52777777777777,9.689655172413794,583,2011-11-11 10:03:00,2010-04-06 12:39:00,0,1,14035,United Kingdom,2,Loyal Customers
1668,284,1,626.65,626.65,7.052631578947368,0,2011-02-28 09:26:00,2011-02-28 09:26:00,1,0,14036,United Kingdom,1,Promising
1669,175,6,836.95,139.49166666666667,5.175438596491228,556,2011-06-16 13:57:00,2009-12-07 11:39:00,1,1,14037,United Kingdom,2,Loyal Customers
1670,77,5,3069.88,613.976,10.608695652173912,595,2011-09-22 13:37:00,2010-02-04 08:56:00,0,1,14038,United Kingdom,2,Loyal Customers
1671,32,2,267.28000000000003,133.64,19.2,542,2011-11-06 13:48:00,2010-05-13 10:15:00,0,1,14039,United Kingdom,1,Promising
1672,40,35,12523.81,357.82314285714284,6.366197183098592,698,2011-10-30 12:42:00,2009-12-01 12:14:00,0,1,14040,United Kingdom,0,Champions
1673,265,1,141.41,141.41,4.476190476190476,0,2011-03-18 13:25:00,2011-03-18 13:25:00,1,0,14041,United Kingdom,1,Promising
1674,724,1,431.98,431.98,8.571428571428571,0,2009-12-14 15:07:00,2009-12-14 15:07:00,1,0,14042,United Kingdom,3,At Risk / Lapsed
1675,490,2,302.6,151.3,3.707317073170732,238,2010-08-05 18:18:00,2009-12-10 15:56:00,1,1,14043,United Kingdom,3,At Risk / Lapsed
1676,26,10,3073.95,307.395,2.5442424242424244,657,2011-11-13 12:05:00,2010-01-24 15:14:00,0,1,14044,United Kingdom,0,Champions
1677,108,16,11313.03,707.0643749999999,120.71052631578948,591,2011-08-22 15:27:00,2010-01-08 10:08:00,1,1,14045,United Kingdom,0,Champions
1678,283,1,151.59,151.59,34.07692307692308,0,2011-02-28 14:48:00,2011-02-28 14:48:00,1,0,14046,United Kingdom,1,Promising
1679,8,14,4255.03,303.93071428571426,10.054878048780488,668,2011-12-01 11:43:00,2010-02-01 10:05:00,0,1,14047,United Kingdom,0,Champions
1680,304,3,748.69,249.56333333333336,3.3120567375886525,77,2011-02-07 14:53:00,2010-11-22 14:08:00,1,1,14048,United Kingdom,3,At Risk / Lapsed
1681,16,13,13023.4,1001.8,7.992459943449575,600,2011-11-23 12:20:00,2010-04-01 14:52:00,0,1,14049,United Kingdom,0,Champions
1682,31,2,746.36,373.18,12.75925925925926,74,2011-11-08 10:00:00,2011-08-25 13:46:00,0,1,14050,United Kingdom,1,Promising
1683,0,37,22394.4,605.2540540540541,17.84036144578313,735,2011-12-09 10:20:00,2009-12-03 11:53:00,0,1,14051,United Kingdom,0,Champions
1684,19,2,466.66,233.33,1.43801652892562,371,2011-11-20 12:30:00,2010-11-14 11:37:00,0,1,14052,United Kingdom,1,Promising
1685,123,4,572.3,143.075,54.44444444444444,362,2011-08-07 14:27:00,2010-08-10 11:02:00,1,1,14053,United Kingdom,2,Loyal Customers
1686,64,1,92.46,92.46,10.333333333333334,0,2011-10-05 15:49:00,2011-10-05 15:49:00,0,0,14054,United Kingdom,1,Promising
1687,105,3,1520.96,506.9866666666667,21.818181818181817,616,2011-08-25 15:04:00,2009-12-16 15:11:00,1,1,14055,United Kingdom,2,Loyal Customers
1688,0,23,8152.71,354.46565217391304,3.9080882352941178,282,2011-12-08 13:36:00,2011-02-28 15:19:00,0,1,14056,United Kingdom,0,Champions
1689,23,22,8346.66,379.3936363636364,14.40268456375839,712,2011-11-16 10:32:00,2009-12-03 13:17:00,0,1,14057,United Kingdom,0,Champions
1690,462,2,469.19,234.595,8.791666666666666,67,2010-09-03 09:31:00,2010-06-27 11:29:00,1,1,14058,United Kingdom,3,At Risk / Lapsed
1691,266,1,183.6,183.6,16.0,0,2011-03-18 10:06:00,2011-03-18 10:06:00,1,0,14059,United Kingdom,1,Promising
1692,4,30,9519.08,317.30266666666665,30.07037037037037,634,2011-12-05 12:29:00,2010-03-11 09:47:00,0,1,14060,United Kingdom,0,Champions
1693,506,3,917.43,305.81,7.0,230,2010-07-20 17:22:00,2009-12-01 18:03:00,1,1,14061,United Kingdom,3,At Risk / Lapsed
1694,9,24,25585.65,1066.06875,37.629411764705885,719,2011-11-30 10:04:00,2009-12-10 14:28:00,0,1,14062,United Kingdom,0,Champions
1695,686,7,9471.5,1353.071428571429,101.26315789473684,44,2010-01-22 11:28:00,2009-12-08 13:46:00,1,1,14063,United Kingdom,3,At Risk / Lapsed
1696,28,15,3260.24,217.3493333333333,16.572033898305083,657,2011-11-10 13:14:00,2010-01-21 13:22:00,0,1,14064,United Kingdom,0,Champions
1697,388,3,891.02,297.00666666666666,11.877551020408164,42,2010-11-15 16:13:00,2010-10-04 12:03:00,1,1,14065,United Kingdom,3,At Risk / Lapsed
1698,266,1,152.55,152.55,6.428571428571429,0,2011-03-18 12:21:00,2011-03-18 12:21:00,1,0,14066,United Kingdom,1,Promising
1699,63,2,374.7,187.35,6.9423076923076925,32,2011-10-07 10:21:00,2011-09-04 12:00:00,0,1,14067,United Kingdom,1,Promising
1700,319,4,1516.72,379.18,4.722222222222222,357,2011-01-23 16:02:00,2010-01-31 10:10:00,1,1,14068,United Kingdom,2,Loyal Customers
1701,514,2,225.81,112.905,1.4146341463414631,46,2010-07-13 12:12:00,2010-05-27 12:30:00,1,1,14069,United Kingdom,3,At Risk / Lapsed
1702,684,1,321.6,321.6,2.073170731707317,0,2010-01-24 12:27:00,2010-01-24 12:27:00,1,0,14070,United Kingdom,3,At Risk / Lapsed
1703,3,8,1422.75,177.84375,2.9781931464174454,261,2011-12-06 12:27:00,2011-03-20 11:33:00,0,1,14071,United Kingdom,2,Loyal Customers
1704,666,1,390.85,390.85,3.421052631578948,0,2010-02-11 12:31:00,2010-02-11 12:31:00,1,0,14072,United Kingdom,3,At Risk / Lapsed
1705,31,1,151.04,151.04,10.0,0,2011-11-07 15:49:00,2011-11-07 15:49:00,0,0,14073,United Kingdom,1,Promising
1706,622,1,219.4,219.4,38.0,0,2010-03-26 13:55:00,2010-03-26 13:55:00,1,0,14074,United Kingdom,3,At Risk / Lapsed
1707,4,5,1724.87,344.974,18.6625,465,2011-12-05 08:38:00,2010-08-26 13:42:00,0,1,14075,United Kingdom,2,Loyal Customers
1708,128,1,118.67,118.67,1.7954545454545454,0,2011-08-02 15:19:00,2011-08-02 15:19:00,1,0,14076,United Kingdom,1,Promising
1709,40,6,615.0799999999999,102.51333333333332,6.714285714285714,354,2011-10-30 12:35:00,2010-11-09 16:01:00,0,1,14077,United Kingdom,2,Loyal Customers
1710,101,9,1688.06,187.5622222222222,3.8375,519,2011-08-30 12:16:00,2010-03-28 15:05:00,1,1,14078,United Kingdom,2,Loyal Customers
1711,124,2,618.73,309.365,23.23076923076923,557,2011-08-07 12:10:00,2010-01-26 17:19:00,1,1,14079,United Kingdom,1,Promising
1712,32,5,1115.68,223.136,3.2289156626506026,704,2011-11-07 11:09:00,2009-12-02 15:01:00,0,1,14080,United Kingdom,2,Loyal Customers
1713,301,10,5291.09,529.109,3.9791894852135816,426,2011-02-10 16:17:00,2009-12-10 18:27:00,1,1,14081,United Kingdom,0,Champions
1714,364,2,413.36,206.68,3.784615384615385,27,2010-12-10 11:02:00,2010-11-12 11:47:00,1,1,14082,United Kingdom,3,At Risk / Lapsed
1715,3,11,1376.2,125.10909090909092,3.692307692307693,717,2011-12-05 13:14:00,2009-12-18 11:34:00,0,1,14083,United Kingdom,2,Loyal Customers
1716,511,1,150.5,150.5,43.71428571428572,0,2010-07-15 14:36:00,2010-07-15 14:36:00,1,0,14084,United Kingdom,3,At Risk / Lapsed
1717,1,32,10013.72,312.92875,6.192234848484849,729,2011-12-07 13:46:00,2009-12-08 13:41:00,0,1,14085,United Kingdom,0,Champions
1718,462,1,39.95,39.95,1.0,0,2010-09-03 10:52:00,2010-09-03 10:52:00,1,0,14086,United Kingdom,3,At Risk / Lapsed
1719,2,3,829.47,276.49,3.3708920187793425,732,2011-12-07 12:41:00,2009-12-04 15:27:00,0,1,14087,United Kingdom,2,Loyal Customers
1720,9,16,64036.8,4002.3,22.39882697947214,410,2011-11-29 16:16:00,2010-10-14 19:46:00,0,1,14088,United Kingdom,0,Champions
1721,56,1,158.75,158.75,10.23076923076923,0,2011-10-14 10:38:00,2011-10-14 10:38:00,0,0,14089,United Kingdom,1,Promising
1722,324,1,76.32000000000001,76.32000000000001,72.0,0,2011-01-19 10:51:00,2011-01-19 10:51:00,1,0,14090,United Kingdom,3,At Risk / Lapsed
1723,653,2,9530.08,4765.04,255.07692307692307,44,2010-02-23 15:17:00,2010-01-10 13:41:00,1,1,14091,United Kingdom,3,At Risk / Lapsed
1724,7,24,7229.45,301.2270833333333,9.667560321715818,715,2011-12-02 12:13:00,2009-12-16 16:24:00,0,1,14092,United Kingdom,0,Champions
1725,11,1,433.86,433.86,3.91,0,2011-11-27 16:27:00,2011-11-27 16:27:00,0,0,14093,United Kingdom,1,Promising
1726,439,1,311.77,311.77,3.674418604651162,0,2010-09-26 11:58:00,2010-09-26 11:58:00,1,0,14094,United Kingdom,3,At Risk / Lapsed
1727,722,1,2.95,2.95,1.0,0,2009-12-17 12:49:00,2009-12-17 12:49:00,1,0,14095,United Kingdom,3,At Risk / Lapsed
1728,3,17,53258.43,3132.848823529412,3.206280667320903,97,2011-12-05 17:17:00,2011-08-30 10:49:00,0,1,14096,United Kingdom,0,Champions
1729,480,2,422.86,211.43,8.8,164,2010-08-15 14:20:00,2010-03-04 10:46:00,1,1,14097,United Kingdom,3,At Risk / Lapsed
1730,36,1,147.35,147.35,4.9523809523809526,0,2011-11-03 10:13:00,2011-11-03 10:13:00,0,0,14098,United Kingdom,1,Promising
1731,15,20,5750.91,287.5455,7.036468330134357,713,2011-11-23 13:53:00,2009-12-10 11:55:00,0,1,14099,United Kingdom,0,Champions
1732,137,1,191.95,191.95,2.52,0,2011-07-25 11:01:00,2011-07-25 11:01:00,1,0,14100,United Kingdom,1,Promising
1733,73,13,9961.93,766.3023076923077,117.13333333333334,547,2011-09-27 12:28:00,2010-03-28 13:36:00,0,1,14101,United Kingdom,0,Champions
1734,4,5,1105.88,221.176,13.258620689655173,39,2011-12-04 15:38:00,2011-10-26 12:46:00,0,1,14102,United Kingdom,2,Loyal Customers
1735,154,5,740.53,148.106,3.694029850746269,405,2011-07-08 12:50:00,2010-05-28 16:11:00,1,1,14104,United Kingdom,2,Loyal Customers
1736,238,5,5988.83,1197.766,12.666666666666666,482,2011-04-14 17:58:00,2009-12-18 16:57:00,1,1,14105,United Kingdom,2,Loyal Customers
1737,736,1,214.8,214.8,24.0,0,2009-12-02 14:09:00,2009-12-02 14:09:00,1,0,14106,United Kingdom,3,At Risk / Lapsed
1738,51,11,4877.3,443.39090909090913,14.783898305084746,678,2011-10-19 12:12:00,2009-12-09 14:20:00,0,1,14107,United Kingdom,0,Champions
1739,30,4,1044.96,261.24,12.692307692307692,707,2011-11-09 10:41:00,2009-12-01 18:07:00,0,1,14108,United Kingdom,2,Loyal Customers
1740,72,1,144.2,144.2,9.77777777777778,0,2011-09-28 10:18:00,2011-09-28 10:18:00,0,0,14109,United Kingdom,1,Promising
1741,3,33,12987.95,393.57424242424247,14.598997493734336,735,2011-12-06 12:26:00,2009-12-01 09:50:00,0,1,14110,United Kingdom,0,Champions
1742,13,4,692.85,173.2125,45.8,227,2011-11-25 13:44:00,2011-04-12 11:36:00,0,1,14111,United Kingdom,2,Loyal Customers
1743,22,13,5834.59,448.8146153846154,10.855828220858896,631,2011-11-17 12:30:00,2010-02-23 14:16:00,0,1,14112,United Kingdom,0,Champions
1744,3,16,7092.610000000001,443.288125,28.188524590163933,728,2011-12-06 12:18:00,2009-12-08 07:42:00,0,1,14113,United Kingdom,0,Champions
1745,273,7,1364.09,194.87,8.783783783783784,332,2011-03-11 09:42:00,2010-04-12 11:07:00,1,1,14114,United Kingdom,2,Loyal Customers
1746,501,2,622.6700000000001,311.33500000000004,23.13636363636364,165,2010-07-26 12:36:00,2010-02-11 11:44:00,1,1,14115,United Kingdom,3,At Risk / Lapsed
1747,19,5,1382.74,276.548,9.819444444444445,101,2011-11-20 10:29:00,2011-08-10 12:44:00,0,1,14116,United Kingdom,2,Loyal Customers
1748,143,1,90.0,90.0,24.0,0,2011-07-19 09:49:00,2011-07-19 09:49:00,1,0,14117,United Kingdom,1,Promising
1749,428,1,458.45,458.45,6.466666666666667,0,2010-10-07 11:59:00,2010-10-07 11:59:00,1,0,14118,United Kingdom,3,At Risk / Lapsed
1750,375,2,183.37,91.685,16.09090909090909,342,2010-11-29 10:33:00,2009-12-21 14:52:00,1,1,14119,United Kingdom,3,At Risk / Lapsed
1751,3,4,2780.15,695.0375,13.09433962264151,56,2011-12-06 12:19:00,2011-10-11 10:39:00,0,1,14121,United Kingdom,2,Loyal Customers
1752,405,3,362.42,120.80666666666669,8.76923076923077,331,2010-10-29 15:11:00,2009-12-02 14:22:00,1,1,14122,United Kingdom,3,At Risk / Lapsed
1753,732,1,436.18,436.18,9.75,0,2009-12-06 15:35:00,2009-12-06 15:35:00,1,0,14123,United Kingdom,3,At Risk / Lapsed
1754,83,1,419.58,419.58,323.6,0,2011-09-16 13:32:00,2011-09-16 13:32:00,0,0,14124,United Kingdom,1,Promising
1755,10,3,2720.63,906.8766666666668,9.80722891566265,67,2011-11-29 12:47:00,2011-09-22 15:40:00,0,1,14125,United Kingdom,2,Loyal Customers
1756,7,4,1172.46,293.115,20.627906976744185,436,2011-12-02 11:45:00,2010-09-21 14:51:00,0,1,14126,United Kingdom,2,Loyal Customers
1757,122,6,1900.08,316.68,7.076923076923077,302,2011-08-09 10:49:00,2010-10-10 11:53:00,1,1,14127,United Kingdom,2,Loyal Customers
1758,60,3,924.21,308.07,12.523076923076925,490,2011-10-10 12:00:00,2010-06-06 14:05:00,0,1,14128,United Kingdom,2,Loyal Customers
1759,1,9,2591.34,287.9266666666667,12.972477064220184,577,2011-12-08 11:02:00,2010-05-09 14:54:00,0,1,14129,United Kingdom,2,Loyal Customers
1760,318,4,1858.77,464.6925,5.5227272727272725,408,2011-01-24 16:05:00,2009-12-11 16:33:00,1,1,14130,United Kingdom,2,Loyal Customers
1761,648,1,168.22,168.22,2.282608695652174,0,2010-03-01 11:59:00,2010-03-01 11:59:00,1,0,14131,United Kingdom,3,At Risk / Lapsed
1762,1,11,3586.03,326.00272727272727,16.84,181,2011-12-07 13:35:00,2011-06-09 12:04:00,0,1,14132,United Kingdom,0,Champions
1763,129,4,911.14,227.785,11.055555555555555,603,2011-08-02 11:34:00,2009-12-06 12:10:00,1,1,14133,United Kingdom,2,Loyal Customers
1764,382,15,11123.35,741.5566666666667,32.3,347,2010-11-22 12:26:00,2009-12-10 09:25:00,1,1,14134,United Kingdom,0,Champions
1765,1,24,9643.92,401.83,36.54296875,736,2011-12-08 11:38:00,2009-12-02 08:58:00,0,1,14135,United Kingdom,0,Champions
1766,400,5,1570.81,314.162,10.830188679245284,331,2010-11-04 11:53:00,2009-12-08 09:19:00,1,1,14136,United Kingdom,2,Loyal Customers
1767,695,1,332.7,332.7,42.0,0,2010-01-13 12:30:00,2010-01-13 12:30:00,1,0,14137,United Kingdom,3,At Risk / Lapsed
1768,1,2,965.88,482.94000000000005,13.043478260869565,62,2011-12-08 12:44:00,2011-10-07 09:38:00,0,1,14138,United Kingdom,1,Promising
1769,45,4,1086.8,271.7,15.202898550724637,496,2011-10-24 13:34:00,2010-06-15 09:17:00,0,1,14139,United Kingdom,2,Loyal Customers
1770,3,2,935.05,467.525,12.287878787878787,27,2011-12-06 09:05:00,2011-11-08 11:20:00,0,1,14140,United Kingdom,1,Promising
1771,2,4,915.13,228.7825,8.875,102,2011-12-07 09:53:00,2011-08-26 14:40:00,0,1,14141,United Kingdom,2,Loyal Customers
1772,372,2,983.15,491.575,12.590909090909092,273,2010-12-01 16:33:00,2010-03-03 15:13:00,1,1,14142,United Kingdom,3,At Risk / Lapsed
1773,133,1,115.8,115.8,4.285714285714286,0,2011-07-29 09:48:00,2011-07-29 09:48:00,1,0,14143,United Kingdom,1,Promising
1774,485,1,30.6,30.6,12.0,0,2010-08-10 15:17:00,2010-08-10 15:17:00,1,0,14144,United Kingdom,3,At Risk / Lapsed
1775,46,7,7600.05,1085.7214285714283,66.2,564,2011-10-24 12:10:00,2010-04-08 09:47:00,0,1,14145,United Kingdom,0,Champions
1776,8,12,9450.3,787.525,12.675438596491228,686,2011-12-01 10:18:00,2010-01-13 16:04:00,0,1,14146,United Kingdom,0,Champions
1777,77,9,2590.2,287.79999999999995,33.166666666666664,562,2011-09-22 18:10:00,2010-03-09 13:43:00,0,1,14147,United Kingdom,2,Loyal Customers
1778,233,2,466.29,233.145,13.117647058823527,180,2011-04-20 12:02:00,2010-10-21 14:08:00,1,1,14148,United Kingdom,1,Promising
1779,220,1,446.62,446.62,7.785714285714286,0,2011-05-03 09:44:00,2011-05-03 09:44:00,1,0,14149,United Kingdom,1,Promising
1780,35,2,658.64,329.32,19.07692307692308,324,2011-11-04 10:05:00,2010-12-15 10:04:00,0,1,14150,United Kingdom,1,Promising
1781,672,2,679.45,339.725,9.204545454545457,43,2010-02-04 15:35:00,2009-12-23 10:54:00,1,1,14151,United Kingdom,3,At Risk / Lapsed
1782,74,7,1997.34,285.3342857142857,13.864661654135338,583,2011-09-25 12:54:00,2010-02-18 13:57:00,0,1,14152,United Kingdom,2,Loyal Customers
1783,482,1,233.4,233.4,18.352941176470587,0,2010-08-13 14:35:00,2010-08-13 14:35:00,1,0,14153,United Kingdom,3,At Risk / Lapsed
1784,238,8,6460.7,807.5875,11.034246575342468,456,2011-04-14 16:26:00,2010-01-13 12:47:00,1,1,14154,United Kingdom,0,Champions
1785,265,1,118.75,118.75,4.166666666666667,0,2011-03-18 14:13:00,2011-03-18 14:13:00,1,0,14155,United Kingdom,1,Promising
1786,9,151,305581.37,2023.7176821192047,41.097125867195246,728,2011-11-30 10:54:00,2009-12-01 12:30:00,0,1,14156,EIRE,0,Champions
1787,19,5,978.69,195.738,6.129411764705883,626,2011-11-20 11:32:00,2010-03-03 16:49:00,0,1,14157,United Kingdom,2,Loyal Customers
1788,39,1,507.66,507.66,19.04878048780488,0,2011-10-30 15:08:00,2011-10-30 15:08:00,0,0,14158,United Kingdom,1,Promising
1789,19,20,7849.58,392.479,3.5517993456924755,717,2011-11-20 12:36:00,2009-12-03 12:31:00,0,1,14159,United Kingdom,0,Champions
1790,609,7,8421.47,1203.0671428571427,43.5607476635514,88,2010-04-08 14:30:00,2010-01-10 12:06:00,1,1,14160,United Kingdom,2,Loyal Customers
1791,215,7,3280.08,468.5828571428571,5.306930693069307,510,2011-05-08 11:41:00,2009-12-13 11:46:00,1,1,14161,United Kingdom,2,Loyal Customers
1792,173,2,289.36,144.68,5.68,118,2011-06-19 11:36:00,2011-02-20 12:32:00,1,1,14162,United Kingdom,1,Promising
1793,86,5,2594.62,518.924,16.379310344827587,374,2011-09-13 15:18:00,2010-09-03 17:15:00,0,1,14163,United Kingdom,2,Loyal Customers
1794,70,2,1631.77,815.885,35.62068965517241,10,2011-09-30 12:24:00,2011-09-20 12:18:00,0,1,14164,United Kingdom,2,Loyal Customers
1795,275,1,120.44,120.44,2.208333333333333,0,2011-03-09 12:39:00,2011-03-09 12:39:00,1,0,14165,United Kingdom,1,Promising
1796,504,2,251.15,125.575,1.607843137254902,121,2010-07-22 19:42:00,2010-03-23 15:10:00,1,1,14166,United Kingdom,3,At Risk / Lapsed
1797,38,8,1274.29,159.28625,2.9565217391304346,641,2011-10-31 14:29:00,2010-01-27 16:07:00,0,1,14167,United Kingdom,2,Loyal Customers
1798,420,2,370.45,185.225,9.8,143,2010-10-15 10:49:00,2010-05-24 12:28:00,1,1,14168,United Kingdom,3,At Risk / Lapsed
1799,430,2,613.11,306.555,3.1904761904761907,13,2010-10-05 08:45:00,2010-09-21 13:39:00,1,1,14169,United Kingdom,3,At Risk / Lapsed
1800,374,3,570.18,190.06,1.862068965517241,19,2010-11-29 13:10:00,2010-11-09 14:06:00,1,1,14170,United Kingdom,3,At Risk / Lapsed
1801,97,2,498.79,249.395,3.296875,632,2011-09-02 16:43:00,2009-12-09 13:50:00,1,1,14171,United Kingdom,1,Promising
1802,604,3,369.02,123.00666666666666,1.7727272727272727,37,2010-04-13 13:26:00,2010-03-07 10:58:00,1,1,14172,United Kingdom,3,At Risk / Lapsed
1803,10,6,586.0,97.66666666666669,5.878787878787879,719,2011-11-29 11:54:00,2009-12-09 12:46:00,0,1,14173,United Kingdom,2,Loyal Customers
1804,32,1,134.46,134.46,3.615384615384616,0,2011-11-06 13:17:00,2011-11-06 13:17:00,0,0,14174,United Kingdom,1,Promising
1805,59,8,7678.88,959.86,9.090634441087614,568,2011-10-11 11:55:00,2010-03-22 10:43:00,0,1,14175,United Kingdom,0,Champions
1806,296,5,916.01,183.202,7.086956521739131,83,2011-02-15 13:12:00,2010-11-23 13:21:00,1,1,14176,United Kingdom,2,Loyal Customers
1807,85,13,2209.69,169.97615384615386,5.087804878048781,565,2011-09-14 15:11:00,2010-02-26 11:59:00,0,1,14177,United Kingdom,0,Champions
1808,8,7,1580.26,225.75142857142856,4.7215189873417724,173,2011-12-01 12:01:00,2011-06-10 12:51:00,0,1,14178,United Kingdom,2,Loyal Customers
1809,40,2,701.57,350.785,2.031847133757962,11,2011-10-30 12:07:00,2011-10-18 14:00:00,0,1,14179,United Kingdom,1,Promising
1810,10,33,6319.25,191.49242424242425,2.916943521594684,537,2011-11-29 10:56:00,2010-06-09 14:56:00,0,1,14180,United Kingdom,0,Champions
1811,410,2,308.35,154.175,2.3076923076923075,151,2010-10-25 08:27:00,2010-05-26 12:32:00,1,1,14181,United Kingdom,3,At Risk / Lapsed
1812,443,4,678.77,169.6925,3.48,152,2010-09-22 11:45:00,2010-04-22 15:36:00,1,1,14182,United Kingdom,3,At Risk / Lapsed
1813,410,2,278.34000000000003,139.17000000000002,1.7647058823529411,69,2010-10-24 14:45:00,2010-08-15 15:36:00,1,1,14183,United Kingdom,3,At Risk / Lapsed
1814,66,1,452.89,452.89,5.291666666666667,0,2011-10-04 12:43:00,2011-10-04 12:43:00,0,0,14184,United Kingdom,1,Promising
1815,330,1,197.65,197.65,2.0,0,2011-01-12 13:52:00,2011-01-12 13:52:00,1,0,14185,United Kingdom,3,At Risk / Lapsed
1816,426,5,1550.63,310.12600000000003,14.903846153846152,217,2010-10-08 13:30:00,2010-03-05 11:17:00,1,1,14186,United Kingdom,3,At Risk / Lapsed
1817,473,1,123.5,123.5,6.25,0,2010-08-23 12:06:00,2010-08-23 12:06:00,1,0,14187,United Kingdom,3,At Risk / Lapsed
1818,30,6,2054.36,342.3933333333334,17.876923076923077,279,2011-11-09 12:45:00,2011-02-02 13:46:00,0,1,14188,United Kingdom,2,Loyal Customers
1819,1,16,5814.39,363.399375,14.70253164556962,386,2011-12-07 15:55:00,2010-11-16 09:28:00,0,1,14189,United Kingdom,0,Champions
1820,665,1,79.9,79.9,2.0,0,2010-02-11 14:27:00,2010-02-11 14:27:00,1,0,14190,United Kingdom,3,At Risk / Lapsed
1821,1,15,4817.66,321.1773333333333,14.052830188679245,726,2011-12-08 09:23:00,2009-12-11 10:48:00,0,1,14191,United Kingdom,0,Champions
1822,387,1,293.74,293.74,15.571428571428571,0,2010-11-16 17:44:00,2010-11-16 17:44:00,1,0,14192,United Kingdom,3,At Risk / Lapsed
1823,67,3,1210.19,403.3966666666667,10.203125,328,2011-10-03 09:34:00,2010-11-08 12:31:00,0,1,14193,United Kingdom,2,Loyal Customers
1824,4,36,18670.59,518.6275,10.543067226890756,697,2011-12-05 10:38:00,2010-01-06 12:16:00,0,1,14194,United Kingdom,0,Champions
1825,201,6,2615.6,435.9333333333333,134.0,432,2011-05-22 10:29:00,2010-03-15 17:12:00,1,1,14195,United Kingdom,2,Loyal Customers
1826,106,1,335.52,335.52,23.666666666666668,0,2011-08-25 10:25:00,2011-08-25 10:25:00,1,0,14196,United Kingdom,1,Promising
1827,410,1,390.05,390.05,7.15,0,2010-10-25 10:01:00,2010-10-25 10:01:00,1,0,14197,United Kingdom,3,At Risk / Lapsed
1828,17,9,1569.73,174.41444444444446,6.846153846153846,685,2011-11-21 16:35:00,2010-01-05 10:07:00,0,1,14198,United Kingdom,2,Loyal Customers
1829,217,4,1091.7,272.925,14.11111111111111,312,2011-05-05 13:44:00,2010-06-27 12:13:00,1,1,14199,United Kingdom,2,Loyal Customers
1830,616,1,379.2,379.2,6.666666666666667,0,2010-04-01 13:01:00,2010-04-01 13:01:00,1,0,14200,United Kingdom,3,At Risk / Lapsed
1831,59,10,1193.54,119.354,14.654545454545454,528,2011-10-10 13:27:00,2010-04-30 13:00:00,0,1,14201,United Kingdom,2,Loyal Customers
1832,380,3,847.76,282.58666666666664,5.724137931034483,243,2010-11-23 17:13:00,2010-03-25 10:36:00,1,1,14202,United Kingdom,3,At Risk / Lapsed
1833,396,1,339.34,339.34,5.0,0,2010-11-07 13:35:00,2010-11-07 13:35:00,1,0,14203,United Kingdom,3,At Risk / Lapsed
1834,1,4,1024.83,256.2075,2.131818181818182,735,2011-12-07 13:38:00,2009-12-02 13:26:00,0,1,14204,United Kingdom,2,Loyal Customers
1835,16,9,2414.2,268.2444444444444,10.910569105691057,625,2011-11-23 10:55:00,2010-03-07 12:20:00,0,1,14205,United Kingdom,2,Loyal Customers
1836,238,3,1185.01,395.0033333333333,13.098591549295774,163,2011-04-14 16:38:00,2010-11-02 11:37:00,1,1,14206,United Kingdom,2,Loyal Customers
1837,687,1,157.8,157.8,18.0,0,2010-01-21 09:33:00,2010-01-21 09:33:00,1,0,14207,United Kingdom,3,At Risk / Lapsed
1838,94,2,567.05,283.525,15.114285714285714,456,2011-09-06 12:48:00,2010-06-06 13:11:00,1,1,14208,United Kingdom,1,Promising
1839,10,15,4993.27,332.8846666666667,7.528138528138528,675,2011-11-29 10:18:00,2010-01-22 10:28:00,0,1,14209,United Kingdom,0,Champions
1840,105,16,5861.52,366.345,7.914893617021277,597,2011-08-26 12:36:00,2010-01-06 10:17:00,1,1,14210,United Kingdom,0,Champions
1841,52,18,4402.29,244.57166666666663,10.729166666666666,677,2011-10-17 13:23:00,2009-12-09 12:48:00,0,1,14211,United Kingdom,0,Champions
1842,89,2,2190.14,1095.07,97.42857142857144,356,2011-09-11 12:45:00,2010-09-20 11:48:00,0,1,14212,United Kingdom,2,Loyal Customers
1843,404,1,1192.2,1192.2,48.8,0,2010-10-31 10:37:00,2010-10-31 10:37:00,1,0,14213,United Kingdom,3,At Risk / Lapsed
1844,30,5,1004.38,200.876,11.208955223880595,246,2011-11-09 10:31:00,2011-03-07 12:26:00,0,1,14214,United Kingdom,2,Loyal Customers
1845,11,9,3416.33,379.59222222222223,11.901041666666666,720,2011-11-28 12:19:00,2009-12-08 09:35:00,0,1,14215,United Kingdom,0,Champions
1846,2,5,2150.04,430.008,9.246753246753247,410,2011-12-06 14:56:00,2010-10-21 15:07:00,0,1,14216,United Kingdom,2,Loyal Customers
1847,1,23,3416.89,148.5604347826087,6.939226519337017,525,2011-12-08 11:53:00,2010-06-30 12:54:00,0,1,14217,United Kingdom,0,Champions
1848,42,1,169.48000000000002,169.48000000000002,13.333333333333334,0,2011-10-28 10:00:00,2011-10-28 10:00:00,0,0,14218,United Kingdom,1,Promising
1849,3,3,633.83,211.27666666666667,8.44186046511628,489,2011-12-05 16:23:00,2010-08-03 14:42:00,0,1,14219,United Kingdom,1,Promising
1850,246,4,1515.0,378.75,12.31578947368421,321,2011-04-06 13:23:00,2010-05-19 13:26:00,1,1,14220,United Kingdom,2,Loyal Customers
1851,41,17,6517.49,383.3817647058824,10.97406340057637,569,2011-10-28 13:42:00,2010-04-06 14:10:00,0,1,14221,United Kingdom,0,Champions
1852,176,1,683.17,683.17,14.804878048780488,0,2011-06-15 16:42:00,2011-06-15 16:42:00,1,0,14222,United Kingdom,1,Promising
1853,91,3,991.13,330.37666666666667,9.75,171,2011-09-08 13:38:00,2011-03-20 16:02:00,1,1,14223,United Kingdom,2,Loyal Customers
1854,109,9,1841.71,204.63444444444443,3.606986899563319,433,2011-08-21 13:24:00,2010-06-13 13:46:00,1,1,14224,United Kingdom,2,Loyal Customers
1855,434,4,2031.07,507.7675,13.569767441860463,261,2010-10-01 10:32:00,2010-01-12 15:02:00,1,1,14225,United Kingdom,3,At Risk / Lapsed
1856,28,6,2985.13,497.5216666666667,17.670103092783506,412,2011-11-11 11:34:00,2010-09-24 14:32:00,0,1,14226,United Kingdom,2,Loyal Customers
1857,25,15,6366.16,424.41066666666666,10.757978723404255,643,2011-11-13 15:48:00,2010-02-08 09:38:00,0,1,14227,United Kingdom,0,Champions
1858,437,3,745.5,248.5,6.842105263157895,108,2010-09-28 09:45:00,2010-06-11 12:29:00,1,1,14228,United Kingdom,3,At Risk / Lapsed
1859,51,7,2594.04,370.57714285714286,12.97222222222222,419,2011-10-19 10:04:00,2010-08-25 11:47:00,0,1,14229,United Kingdom,2,Loyal Customers
1860,435,3,979.8,326.6,7.454545454545454,112,2010-09-30 09:07:00,2010-06-09 13:56:00,1,1,14230,United Kingdom,3,At Risk / Lapsed
1861,183,4,1235.62,308.90500000000003,8.840579710144928,267,2011-06-09 11:05:00,2010-09-15 09:52:00,1,1,14231,United Kingdom,2,Loyal Customers
1862,42,5,2048.07,409.614,16.878260869565217,221,2011-10-28 11:09:00,2011-03-20 12:44:00,0,1,14232,United Kingdom,2,Loyal Customers
1863,48,7,2904.27,414.8957142857143,17.273972602739725,594,2011-10-21 15:54:00,2010-03-05 16:35:00,0,1,14233,United Kingdom,2,Loyal Customers
1864,21,4,754.12,188.53,6.469387755102041,35,2011-11-17 17:53:00,2011-10-13 13:58:00,0,1,14234,United Kingdom,2,Loyal Customers
1865,74,9,4717.99,524.2211111111111,20.364864864864863,544,2011-09-25 14:37:00,2010-03-30 13:36:00,0,1,14235,United Kingdom,0,Champions
1866,80,5,1744.64,348.928,16.24,424,2011-09-20 09:13:00,2010-07-22 14:27:00,0,1,14236,United Kingdom,2,Loyal Customers
1867,372,2,632.14,316.07,7.885714285714286,217,2010-12-01 13:20:00,2010-04-28 10:04:00,1,1,14237,United Kingdom,3,At Risk / Lapsed
1868,325,3,434.23,144.74333333333334,14.538461538461538,408,2011-01-17 14:40:00,2009-12-05 10:58:00,1,1,14238,United Kingdom,3,At Risk / Lapsed
1869,42,21,4263.17,203.00809523809525,8.233333333333333,691,2011-10-27 14:40:00,2009-12-05 12:36:00,0,1,14239,United Kingdom,0,Champions
1870,29,3,1247.49,415.83,10.737704918032788,393,2011-11-09 13:45:00,2010-10-12 12:48:00,0,1,14240,United Kingdom,2,Loyal Customers
1871,183,2,333.70000000000005,166.85000000000002,20.166666666666668,512,2011-06-09 11:46:00,2010-01-12 15:11:00,1,1,14241,United Kingdom,1,Promising
1872,234,2,280.55,140.275,7.6875,91,2011-04-19 11:46:00,2011-01-18 08:53:00,1,1,14242,United Kingdom,1,Promising
1873,8,17,7431.05,437.1205882352941,9.93800539083558,467,2011-12-01 11:12:00,2010-08-20 13:41:00,0,1,14243,United Kingdom,0,Champions
1874,660,1,366.42,366.42,50.875,0,2010-02-17 11:40:00,2010-02-17 11:40:00,1,0,14244,United Kingdom,3,At Risk / Lapsed
1875,219,2,1693.45,846.725,9.037037037037036,43,2011-05-04 08:40:00,2011-03-21 10:41:00,1,1,14245,United Kingdom,2,Loyal Customers
1876,110,3,1474.06,491.3533333333333,10.72,135,2011-08-21 11:50:00,2011-04-08 08:25:00,1,1,14246,United Kingdom,2,Loyal Customers
1877,277,5,753.56,150.712,3.345132743362832,273,2011-03-06 15:21:00,2010-06-06 15:07:00,1,1,14247,United Kingdom,2,Loyal Customers
1878,317,3,1032.95,344.31666666666666,14.72340425531915,197,2011-01-25 14:45:00,2010-07-12 14:27:00,1,1,14248,United Kingdom,2,Loyal Customers
1879,410,12,5400.46,450.03833333333336,8.789667896678967,268,2010-10-25 12:34:00,2010-01-29 14:21:00,1,1,14249,United Kingdom,0,Champions
1880,6,3,1904.05,634.6833333333333,10.81081081081081,82,2011-12-02 14:30:00,2011-09-11 13:44:00,0,1,14250,United Kingdom,2,Loyal Customers
1881,1,5,2879.7000000000003,575.94,21.46153846153846,55,2011-12-08 08:32:00,2011-10-13 12:46:00,0,1,14251,United Kingdom,2,Loyal Customers
1882,380,1,350.99,350.99,11.1,0,2010-11-23 13:36:00,2010-11-23 13:36:00,1,0,14252,United Kingdom,3,At Risk / Lapsed
1883,492,2,363.4,181.7,7.333333333333333,129,2010-08-03 14:55:00,2010-03-26 15:08:00,1,1,14253,United Kingdom,3,At Risk / Lapsed
1884,432,1,601.03,601.03,11.434782608695652,0,2010-10-03 11:52:00,2010-10-03 11:52:00,1,0,14254,United Kingdom,3,At Risk / Lapsed
1885,259,5,2460.79,492.158,8.62406015037594,434,2011-03-24 13:17:00,2010-01-14 10:35:00,1,1,14256,United Kingdom,2,Loyal Customers
1886,63,9,5954.45,661.6055555555555,13.883333333333333,584,2011-10-06 16:54:00,2010-03-01 15:36:00,0,1,14257,United Kingdom,0,Champions
1887,8,25,32051.34,1282.0536,58.29333333333334,726,2011-11-30 15:27:00,2009-12-04 08:36:00,0,1,14258,United Kingdom,0,Champions
1888,141,1,120.0,120.0,13.6,0,2011-07-21 10:44:00,2011-07-21 10:44:00,1,0,14259,United Kingdom,1,Promising
1889,470,3,824.28,274.76,10.666666666666666,77,2010-08-25 14:55:00,2010-06-09 11:23:00,1,1,14260,United Kingdom,3,At Risk / Lapsed
1890,50,2,1163.45,581.725,7.8076923076923075,27,2011-10-20 10:04:00,2011-09-22 10:47:00,0,1,14261,United Kingdom,2,Loyal Customers
1891,7,8,2618.23,327.27875,11.503496503496503,232,2011-12-01 14:17:00,2011-04-13 12:23:00,0,1,14262,United Kingdom,2,Loyal Customers
1892,422,1,322.93,322.93,10.6875,0,2010-10-12 14:09:00,2010-10-12 14:09:00,1,0,14263,United Kingdom,3,At Risk / Lapsed
1893,154,6,1517.36,252.89333333333332,7.0,456,2011-07-08 10:20:00,2010-04-07 13:21:00,1,1,14264,United Kingdom,2,Loyal Customers
1894,108,4,1373.35,343.3375,9.050632911392404,502,2011-08-22 13:32:00,2010-04-06 14:39:00,1,1,14265,Unspecified,2,Loyal Customers
1895,427,1,40.56,40.56,24.0,0,2010-10-07 13:32:00,2010-10-07 13:32:00,1,0,14266,United Kingdom,3,At Risk / Lapsed
1896,162,3,1516.24,505.41333333333336,9.636363636363637,97,2011-06-30 10:09:00,2011-03-24 11:38:00,1,1,14267,United Kingdom,2,Loyal Customers
1897,470,1,354.85,354.85,7.736842105263157,0,2010-08-26 10:45:00,2010-08-26 10:45:00,1,0,14268,United Kingdom,3,At Risk / Lapsed
1898,438,1,295.73,295.73,7.6875,0,2010-09-26 12:53:00,2010-09-26 12:53:00,1,0,14269,United Kingdom,3,At Risk / Lapsed
1899,331,1,492.65,492.65,6.793103448275862,0,2011-01-12 09:33:00,2011-01-12 09:33:00,1,0,14270,United Kingdom,3,At Risk / Lapsed
1900,225,2,214.18,107.09,3.8947368421052633,183,2011-04-28 12:47:00,2010-10-26 17:01:00,1,1,14271,United Kingdom,1,Promising
1901,73,4,920.81,230.2025,17.140625,508,2011-09-27 10:08:00,2010-05-06 14:01:00,0,1,14272,United Kingdom,2,Loyal Customers
1902,50,4,559.97,139.9925,9.10344827586207,190,2011-10-19 13:20:00,2011-04-11 13:24:00,0,1,14273,United Kingdom,2,Loyal Customers
1903,685,1,256.6,256.6,11.866666666666667,0,2010-01-22 12:51:00,2010-01-22 12:51:00,1,0,14274,United Kingdom,3,At Risk / Lapsed
1904,395,6,1189.38,198.23,23.39130434782609,211,2010-11-09 09:06:00,2010-04-11 12:32:00,1,1,14275,United Kingdom,2,Loyal Customers
1905,98,7,2102.68,300.3828571428571,11.619834710743802,561,2011-09-02 09:45:00,2010-02-17 13:10:00,1,1,14276,United Kingdom,2,Loyal Customers
1906,14,8,16789.16,2098.645,238.83510638297872,710,2011-11-24 15:01:00,2009-12-13 15:43:00,0,1,14277,France,0,Champions
1907,409,1,205.83,205.83,10.076923076923077,0,2010-10-26 12:07:00,2010-10-26 12:07:00,1,0,14278,United Kingdom,3,At Risk / Lapsed
1908,520,2,191.86,95.93,15.333333333333334,160,2010-07-07 08:42:00,2010-01-27 16:34:00,1,1,14279,United Kingdom,3,At Risk / Lapsed
1909,196,1,134.04,134.04,6.5,0,2011-05-27 10:37:00,2011-05-27 10:37:00,1,0,14280,United Kingdom,1,Promising
1910,407,1,245.15,245.15,6.428571428571429,0,2010-10-27 14:45:00,2010-10-27 14:45:00,1,0,14281,United Kingdom,3,At Risk / Lapsed
1911,2,25,7821.76,312.8704,21.69047619047619,659,2011-12-06 17:04:00,2010-02-15 11:22:00,0,1,14282,United Kingdom,0,Champions
1912,462,4,628.4399999999999,157.11,13.414634146341465,106,2010-09-02 14:46:00,2010-05-19 12:22:00,1,1,14283,United Kingdom,3,At Risk / Lapsed
1913,30,3,1299.65,433.2166666666667,7.611940298507463,622,2011-11-09 08:11:00,2010-02-24 12:06:00,0,1,14284,United Kingdom,2,Loyal Customers
1914,20,8,3284.42,410.5525,15.63934426229508,710,2011-11-18 14:50:00,2009-12-08 14:13:00,0,1,14285,United Kingdom,2,Loyal Customers
1915,23,7,8479.76,1211.3942857142858,17.625250501002004,712,2011-11-16 10:34:00,2009-12-04 08:40:00,0,1,14286,United Kingdom,0,Champions
1916,7,3,176.63,58.876666666666665,29.0,190,2011-12-01 13:25:00,2011-05-25 11:41:00,0,1,14287,United Kingdom,1,Promising
1917,212,1,426.6,426.6,11.75,0,2011-05-10 13:22:00,2011-05-10 13:22:00,1,0,14288,United Kingdom,1,Promising
1918,8,6,911.26,151.8766666666667,6.212765957446808,280,2011-12-01 11:44:00,2011-02-23 12:33:00,0,1,14289,United Kingdom,2,Loyal Customers
1919,10,8,4516.56,564.57,10.596026490066226,720,2011-11-28 14:02:00,2009-12-08 11:44:00,0,1,14290,United Kingdom,0,Champions
1920,1,23,7904.1,343.6565217391304,12.441295546558704,728,2011-12-08 10:26:00,2009-12-09 10:46:00,0,1,14291,United Kingdom,0,Champions
1921,7,16,9226.25,576.640625,17.76683937823834,623,2011-12-02 11:50:00,2010-03-19 11:10:00,0,1,14292,United Kingdom,0,Champions
1922,2,9,3267.9300000000003,363.10333333333335,12.91044776119403,726,2011-12-06 15:17:00,2009-12-10 10:57:00,0,1,14293,United Kingdom,2,Loyal Customers
1923,406,1,375.34,375.34,8.26086956521739,0,2010-10-28 16:25:00,2010-10-28 16:25:00,1,0,14294,United Kingdom,3,At Risk / Lapsed
1924,39,4,2352.91,588.2275,14.47887323943662,690,2011-10-30 15:50:00,2009-12-09 13:06:00,0,1,14295,United Kingdom,2,Loyal Customers
1925,420,2,456.4,228.2,11.62962962962963,152,2010-10-14 14:14:00,2010-05-14 14:34:00,1,1,14296,United Kingdom,3,At Risk / Lapsed
1926,17,4,1305.33,326.3325,13.951612903225806,257,2011-11-22 09:06:00,2011-03-10 08:31:00,0,1,14297,United Kingdom,2,Loyal Customers
1927,7,82,91194.49,1112.1279268292683,35.01117318435754,719,2011-12-01 13:12:00,2009-12-11 13:49:00,0,1,14298,United Kingdom,0,Champions
1928,7,27,14499.49,537.0181481481482,24.2,729,2011-12-01 16:05:00,2009-12-02 10:58:00,0,1,14299,United Kingdom,0,Champions
1929,18,1,43.2,43.2,10.666666666666666,0,2011-11-21 08:57:00,2011-11-21 08:57:00,0,0,14300,United Kingdom,1,Promising
1930,116,4,1992.18,498.045,31.81132075471698,549,2011-08-14 15:33:00,2010-02-11 13:07:00,1,1,14301,United Kingdom,2,Loyal Customers
1931,430,3,742.9000000000001,247.63333333333333,10.642857142857142,306,2010-10-05 08:10:00,2009-12-02 08:16:00,1,1,14302,United Kingdom,3,At Risk / Lapsed
1932,406,2,277.94,138.97,9.909090909090908,27,2010-10-28 15:37:00,2010-10-01 10:31:00,1,1,14303,United Kingdom,3,At Risk / Lapsed
1933,222,3,1725.01,575.0033333333333,8.806818181818182,348,2011-05-01 11:50:00,2010-05-18 10:50:00,1,1,14304,United Kingdom,2,Loyal Customers
1934,70,3,1858.96,619.6533333333333,10.371428571428572,64,2011-09-29 15:29:00,2011-07-27 14:14:00,0,1,14305,United Kingdom,2,Loyal Customers
1935,50,6,3151.4,525.2333333333333,44.891304347826086,625,2011-10-19 13:23:00,2010-01-31 13:42:00,0,1,14306,United Kingdom,2,Loyal Customers
1936,88,10,5071.03,507.103,10.883870967741936,643,2011-09-12 09:38:00,2009-12-07 13:06:00,0,1,14307,United Kingdom,0,Champions
1937,7,11,3780.81,343.71,13.666666666666666,542,2011-12-01 13:33:00,2010-06-07 10:24:00,0,1,14309,United Kingdom,0,Champions
1938,432,1,492.1,492.1,10.454545454545457,0,2010-10-03 12:34:00,2010-10-03 12:34:00,1,0,14310,United Kingdom,3,At Risk / Lapsed
1939,242,2,516.45,258.225,7.580645161290323,324,2011-04-11 10:14:00,2010-05-21 10:28:00,1,1,14311,United Kingdom,1,Promising
1940,46,11,3090.29,280.93545454545455,10.577777777777778,457,2011-10-24 09:46:00,2010-07-23 15:05:00,0,1,14312,United Kingdom,0,Champions
1941,106,2,229.8,114.9,33.2,324,2011-08-25 10:39:00,2010-10-05 08:00:00,1,1,14314,United Kingdom,1,Promising
1942,44,8,3197.82,399.7275,10.105263157894736,589,2011-10-26 12:06:00,2010-03-15 12:49:00,0,1,14315,United Kingdom,2,Loyal Customers
1943,421,5,1370.34,274.068,144.96774193548387,208,2010-10-13 16:31:00,2010-03-19 15:18:00,1,1,14316,United Kingdom,3,At Risk / Lapsed
1944,64,1,508.58,508.58,10.625,0,2011-10-06 10:44:00,2011-10-06 10:44:00,0,0,14317,United Kingdom,1,Promising
1945,459,1,158.02,158.02,16.88888888888889,0,2010-09-05 15:32:00,2010-09-05 15:32:00,1,0,14318,United Kingdom,3,At Risk / Lapsed
1946,423,1,494.85,494.85,12.653846153846152,0,2010-10-11 13:38:00,2010-10-11 13:38:00,1,0,14319,United Kingdom,3,At Risk / Lapsed
1947,206,5,1346.75,269.35,8.802469135802468,480,2011-05-17 09:24:00,2010-01-21 11:44:00,1,1,14320,United Kingdom,2,Loyal Customers
1948,10,7,2218.06,316.86571428571426,18.29608938547486,462,2011-11-29 09:47:00,2010-08-23 12:56:00,0,1,14321,United Kingdom,2,Loyal Customers
1949,428,4,474.1,118.525,12.153846153846152,230,2010-10-06 15:17:00,2010-02-18 08:49:00,1,1,14322,United Kingdom,3,At Risk / Lapsed
1950,114,2,605.0600000000001,302.53000000000003,9.72222222222222,123,2011-08-17 11:37:00,2011-04-15 11:44:00,1,1,14323,United Kingdom,1,Promising
1951,409,2,701.61,350.805,9.804878048780488,283,2010-10-26 11:44:00,2010-01-15 13:31:00,1,1,14324,United Kingdom,3,At Risk / Lapsed
1952,569,1,245.48,245.48,17.77777777777778,0,2010-05-19 09:20:00,2010-05-19 09:20:00,1,0,14325,United Kingdom,3,At Risk / Lapsed
1953,241,3,940.98,313.66,10.035087719298245,290,2011-04-11 15:04:00,2010-06-25 12:10:00,1,1,14326,United Kingdom,2,Loyal Customers
1954,162,6,1894.93,315.82166666666666,12.226415094339623,536,2011-06-29 13:58:00,2010-01-08 14:04:00,1,1,14327,United Kingdom,2,Loyal Customers
1955,16,15,9887.62,659.1746666666667,10.71195652173913,706,2011-11-22 15:50:00,2009-12-16 15:31:00,0,1,14329,United Kingdom,0,Champions
1956,623,1,200.63,200.63,7.923076923076923,0,2010-03-26 09:10:00,2010-03-26 09:10:00,1,0,14330,United Kingdom,3,At Risk / Lapsed
1957,123,2,462.66,231.33,9.0,10,2011-08-07 13:17:00,2011-07-27 15:14:00,1,1,14331,United Kingdom,1,Promising
1958,22,5,1917.41,383.482,14.112903225806452,393,2011-11-17 11:54:00,2010-10-19 13:01:00,0,1,14332,United Kingdom,2,Loyal Customers
1959,67,1,415.2,415.2,3.8666666666666663,0,2011-10-03 10:38:00,2011-10-03 10:38:00,0,0,14333,United Kingdom,1,Promising
1960,16,12,4318.48,359.8733333333333,11.573643410852712,551,2011-11-23 10:01:00,2010-05-20 10:04:00,0,1,14334,United Kingdom,0,Champions
1961,15,2,454.86,227.43,6.25,80,2011-11-23 13:41:00,2011-09-04 13:07:00,0,1,14335,Germany,1,Promising
1962,16,4,1614.91,403.7275,19.544444444444444,259,2011-11-23 11:40:00,2011-03-08 16:48:00,0,1,14336,United Kingdom,2,Loyal Customers
1963,160,3,928.1,309.3666666666667,12.44,375,2011-07-01 14:08:00,2010-06-21 10:32:00,1,1,14338,United Kingdom,2,Loyal Customers
1964,242,2,620.27,310.135,19.82608695652174,186,2011-04-11 11:06:00,2010-10-07 08:50:00,1,1,14339,United Kingdom,1,Promising
1965,218,1,134.7,134.7,9.666666666666666,0,2011-05-05 09:44:00,2011-05-05 09:44:00,1,0,14340,United Kingdom,1,Promising
1966,44,18,4452.02,247.33444444444447,10.615094339622642,693,2011-10-25 15:48:00,2009-12-01 12:20:00,0,1,14341,United Kingdom,0,Champions
1967,20,6,918.44,153.07333333333335,15.787878787878787,451,2011-11-18 13:21:00,2010-08-24 13:03:00,0,1,14342,United Kingdom,2,Loyal Customers
1968,420,4,1079.66,269.915,2.675213675213675,268,2010-10-14 13:05:00,2010-01-18 16:47:00,1,1,14343,United Kingdom,3,At Risk / Lapsed
1969,126,20,3333.7000000000003,166.685,6.868312757201646,498,2011-08-04 13:51:00,2010-03-23 15:47:00,1,1,14344,United Kingdom,0,Champions
1970,38,1,108.98,108.98,8.333333333333334,0,2011-11-01 09:51:00,2011-11-01 09:51:00,0,0,14345,United Kingdom,1,Promising
1971,120,5,2315.75,463.15,12.863013698630136,376,2011-08-11 09:47:00,2010-07-30 10:44:00,1,1,14346,United Kingdom,2,Loyal Customers
1972,736,1,82.6,82.6,8.0,0,2009-12-03 10:49:00,2009-12-03 10:49:00,1,0,14347,United Kingdom,3,At Risk / Lapsed
1973,259,1,409.57,409.57,10.166666666666666,0,2011-03-24 16:23:00,2011-03-24 16:23:00,1,0,14348,United Kingdom,1,Promising
1974,9,1,133.5,133.5,2.774193548387097,0,2011-11-29 15:39:00,2011-11-29 15:39:00,0,0,14349,United Kingdom,1,Promising
1975,273,3,972.03,324.01,9.203389830508474,155,2011-03-10 14:14:00,2010-10-05 15:52:00,1,1,14350,United Kingdom,2,Loyal Customers
1976,164,1,51.0,51.0,12.0,0,2011-06-28 11:56:00,2011-06-28 11:56:00,1,0,14351,United Kingdom,1,Promising
1977,156,4,1078.96,269.74,11.4468085106383,116,2011-07-05 15:41:00,2011-03-11 14:58:00,1,1,14352,United Kingdom,2,Loyal Customers
1978,214,3,376.5,125.5,13.76,216,2011-05-08 16:06:00,2010-10-04 12:38:00,1,1,14353,United Kingdom,1,Promising
1979,5,2,163.62,81.81,23.33333333333333,24,2011-12-04 11:32:00,2011-11-09 15:36:00,0,1,14354,United Kingdom,1,Promising
1980,365,3,1014.45,338.15000000000003,9.985915492957746,261,2010-12-09 12:16:00,2010-03-22 15:08:00,1,1,14355,United Kingdom,3,At Risk / Lapsed
1981,79,2,701.23,350.615,8.393939393939394,1,2011-09-21 09:18:00,2011-09-19 14:43:00,0,1,14356,United Kingdom,1,Promising
1982,42,1,225.12,225.12,3.675,0,2011-10-27 16:23:00,2011-10-27 16:23:00,0,0,14357,United Kingdom,1,Promising
1983,388,2,400.06,200.03,13.52,38,2010-11-15 15:51:00,2010-10-07 17:26:00,1,1,14358,United Kingdom,3,At Risk / Lapsed
1984,18,3,912.18,304.06,6.745454545454545,68,2011-11-20 13:17:00,2011-09-13 09:03:00,0,1,14359,United Kingdom,2,Loyal Customers
1985,31,4,2118.03,529.5075,9.735042735042734,62,2011-11-08 09:12:00,2011-09-06 11:58:00,0,1,14360,United Kingdom,2,Loyal Customers
1986,578,1,214.71,214.71,17.928571428571427,0,2010-05-10 12:29:00,2010-05-10 12:29:00,1,0,14361,United Kingdom,3,At Risk / Lapsed
1987,21,1,151.5,151.5,2.5945945945945947,0,2011-11-17 15:08:00,2011-11-17 15:08:00,0,0,14362,United Kingdom,1,Promising
1988,401,2,227.47000000000003,113.735,13.125,49,2010-11-02 17:01:00,2010-09-14 14:39:00,1,1,14363,United Kingdom,3,At Risk / Lapsed
1989,108,8,3717.35,464.66875,28.507246376811597,102,2011-08-23 11:01:00,2011-05-12 12:56:00,1,1,14364,United Kingdom,2,Loyal Customers
1990,394,2,634.68,317.34,10.92156862745098,287,2010-11-10 09:52:00,2010-01-27 09:44:00,1,1,14365,United Kingdom,3,At Risk / Lapsed
1991,524,1,136.0,136.0,16.0,0,2010-07-02 17:23:00,2010-07-02 17:23:00,1,0,14366,United Kingdom,3,At Risk / Lapsed
1992,7,16,9227.82,576.73875,8.495201535508638,267,2011-12-01 13:19:00,2011-03-08 14:12:00,0,1,14367,United Kingdom,0,Champions
1993,319,1,155.0,155.0,4.5,0,2011-01-24 09:52:00,2011-01-24 09:52:00,1,0,14368,United Kingdom,3,At Risk / Lapsed
1994,641,2,469.13,234.565,9.807692307692308,19,2010-03-07 15:47:00,2010-02-16 10:28:00,1,1,14369,United Kingdom,3,At Risk / Lapsed
1995,450,6,1175.78,195.9633333333333,6.045454545454546,226,2010-09-15 10:53:00,2010-02-01 08:35:00,1,1,14370,United Kingdom,3,At Risk / Lapsed
1996,294,1,100.5,100.5,8.5,0,2011-02-17 16:35:00,2011-02-17 16:35:00,1,0,14371,United Kingdom,1,Promising
1997,442,2,860.08,430.04,9.947368421052632,156,2010-09-22 16:17:00,2010-04-19 15:57:00,1,1,14372,United Kingdom,3,At Risk / Lapsed
1998,357,1,76.55,76.55,4.25,0,2010-12-16 15:40:00,2010-12-16 15:40:00,1,0,14373,United Kingdom,3,At Risk / Lapsed
1999,540,1,108.0,108.0,2.857142857142857,0,2010-06-16 14:25:00,2010-06-16 14:25:00,1,0,14374,United Kingdom,3,At Risk / Lapsed
2000,184,3,1106.82,368.94,3.15609756097561,355,2011-06-07 13:44:00,2010-06-16 14:34:00,1,1,14375,United Kingdom,2,Loyal Customers
2001,682,1,215.46,215.46,2.7777777777777777,0,2010-01-25 15:36:00,2010-01-25 15:36:00,1,0,14376,United Kingdom,3,At Risk / Lapsed
2002,190,2,617.05,308.525,19.90909090909091,70,2011-06-01 13:32:00,2011-03-22 13:38:00,1,1,14377,United Kingdom,1,Promising
2003,621,1,131.25,131.25,6.333333333333333,0,2010-03-28 12:22:00,2010-03-28 12:22:00,1,0,14378,United Kingdom,3,At Risk / Lapsed
2004,43,4,1265.16,316.29,5.5625,436,2011-10-26 16:43:00,2010-08-16 15:31:00,0,1,14379,United Kingdom,2,Loyal Customers
2005,681,1,48.96,48.96,1.0,0,2010-01-26 17:11:00,2010-01-26 17:11:00,1,0,14380,United Kingdom,3,At Risk / Lapsed
2006,51,2,625.9399999999999,312.97,4.008928571428571,399,2011-10-18 17:10:00,2010-09-14 16:15:00,0,1,14381,United Kingdom,1,Promising
2007,25,2,1193.63,596.8149999999999,5.974910394265233,363,2011-11-13 16:18:00,2010-11-14 16:32:00,0,1,14382,United Kingdom,2,Loyal Customers
2008,37,3,1247.69,415.8966666666667,13.847457627118644,125,2011-11-01 15:53:00,2011-06-29 10:18:00,0,1,14383,United Kingdom,2,Loyal Customers
2009,500,1,58.5,58.5,10.0,0,2010-07-27 09:53:00,2010-07-27 09:53:00,1,0,14384,United Kingdom,3,At Risk / Lapsed
2010,8,3,202.11,67.37,11.357142857142858,14,2011-11-30 15:36:00,2011-11-16 11:55:00,0,1,14385,United Kingdom,1,Promising
2011,296,1,142.4,142.4,7.714285714285714,0,2011-02-16 09:45:00,2011-02-16 09:45:00,1,0,14386,United Kingdom,1,Promising
2012,32,3,1727.6,575.8666666666667,5.719424460431655,76,2011-11-07 12:29:00,2011-08-22 14:13:00,0,1,14387,United Kingdom,2,Loyal Customers
2013,9,16,6701.0,418.8125,10.531400966183575,678,2011-11-29 13:32:00,2010-01-20 11:54:00,0,1,14388,United Kingdom,0,Champions
2014,64,5,1898.01,379.602,15.954022988505749,525,2011-10-05 15:17:00,2010-04-28 14:57:00,0,1,14389,United Kingdom,2,Loyal Customers
2015,9,13,6373.7300000000005,490.28692307692313,5.9753086419753085,414,2011-11-29 13:49:00,2010-10-10 14:30:00,0,1,14390,United Kingdom,0,Champions
2016,576,1,135.6,135.6,12.0,0,2010-05-12 09:42:00,2010-05-12 09:42:00,1,0,14391,United Kingdom,3,At Risk / Lapsed
2017,431,1,266.4,266.4,8.142857142857142,0,2010-10-03 12:56:00,2010-10-03 12:56:00,1,0,14392,United Kingdom,3,At Risk / Lapsed
2018,217,1,67.95,67.95,2.6,0,2011-05-05 18:16:00,2011-05-05 18:16:00,1,0,14393,United Kingdom,1,Promising
2019,564,1,93.8,93.8,9.666666666666666,0,2010-05-24 10:43:00,2010-05-24 10:43:00,1,0,14394,United Kingdom,3,At Risk / Lapsed
2020,1,20,8110.610000000001,405.5305,5.01985111662531,598,2011-12-07 14:34:00,2010-04-18 13:12:00,0,1,14395,United Kingdom,0,Champions
2021,64,7,2079.73,297.1042857142857,3.5265017667844525,672,2011-10-05 16:09:00,2009-12-02 14:21:00,0,1,14396,United Kingdom,2,Loyal Customers
2022,2,19,2612.96,137.52421052631578,21.724137931034484,210,2011-12-07 09:22:00,2011-05-10 12:25:00,0,1,14397,United Kingdom,0,Champions
2023,400,2,707.79,353.895,5.037735849056604,126,2010-11-03 13:46:00,2010-06-30 11:57:00,1,1,14398,United Kingdom,3,At Risk / Lapsed
2024,393,8,2108.21,263.52625,5.026041666666667,280,2010-11-10 13:23:00,2010-02-03 13:09:00,1,1,14399,United Kingdom,2,Loyal Customers
2025,148,3,1732.47,577.49,23.36986301369863,482,2011-07-13 15:50:00,2010-03-18 12:11:00,1,1,14400,United Kingdom,2,Loyal Customers
2026,3,22,6795.9,308.9045454545454,24.06390977443609,721,2011-12-05 13:30:00,2009-12-14 13:22:00,0,1,14401,United Kingdom,0,Champions
2027,651,1,285.6,285.6,30.0,0,2010-02-25 13:20:00,2010-02-25 13:20:00,1,0,14402,United Kingdom,3,At Risk / Lapsed
2028,129,6,1880.51,313.4183333333333,29.48,508,2011-08-01 12:57:00,2010-03-10 14:00:00,1,1,14403,United Kingdom,2,Loyal Customers
2029,33,13,2853.36,219.4892307692308,7.927184466019417,685,2011-11-06 12:30:00,2009-12-20 14:40:00,0,1,14404,United Kingdom,0,Champions
2030,386,1,195.0,195.0,50.0,0,2010-11-18 11:40:00,2010-11-18 11:40:00,1,0,14405,United Kingdom,3,At Risk / Lapsed
2031,118,1,156.75,156.75,9.625,0,2011-08-12 16:54:00,2011-08-12 16:54:00,1,0,14406,United Kingdom,1,Promising
2032,106,5,2142.73,428.546,19.63888888888889,169,2011-08-24 14:02:00,2011-03-08 11:59:00,1,1,14407,United Kingdom,2,Loyal Customers
2033,10,11,4102.27,372.9336363636364,19.046875,721,2011-11-29 11:41:00,2009-12-07 12:18:00,0,1,14408,United Kingdom,0,Champions
2034,70,9,3756.09,417.34333333333336,22.650943396226417,496,2011-09-29 18:18:00,2010-05-21 16:45:00,0,1,14409,United Kingdom,0,Champions
2035,91,11,2630.9,239.1727272727273,3.559895833333333,344,2011-09-08 15:08:00,2010-09-28 15:46:00,1,1,14410,United Kingdom,0,Champions
2036,310,1,1063.0,1063.0,14.0,0,2011-02-02 10:56:00,2011-02-02 10:56:00,1,0,14411,United Kingdom,3,At Risk / Lapsed
2037,42,3,1426.19,475.3966666666667,17.0,381,2011-10-28 10:45:00,2010-10-11 12:33:00,0,1,14412,United Kingdom,2,Loyal Customers
2038,361,4,764.52,191.13,2.8854166666666665,326,2010-12-12 13:37:00,2010-01-19 14:27:00,1,1,14413,United Kingdom,3,At Risk / Lapsed
2039,91,8,2399.33,299.91625,24.38135593220339,283,2011-09-09 12:09:00,2010-11-30 10:12:00,1,1,14414,United Kingdom,2,Loyal Customers
2040,0,23,11980.09,520.8734782608695,5.075364667747164,722,2011-12-08 14:38:00,2009-12-16 14:08:00,0,1,14415,United Kingdom,0,Champions
2041,21,2,490.22,245.11,23.285714285714285,20,2011-11-17 15:22:00,2011-10-28 15:10:00,0,1,14416,United Kingdom,1,Promising
2042,387,1,524.65,524.65,4.641025641025641,0,2010-11-17 10:55:00,2010-11-17 10:55:00,1,0,14417,United Kingdom,3,At Risk / Lapsed
2043,3,3,1937.25,645.75,13.798387096774194,104,2011-12-06 11:39:00,2011-08-23 17:18:00,0,1,14418,United Kingdom,2,Loyal Customers
2044,10,7,1254.64,179.23428571428573,2.453333333333333,372,2011-11-29 11:22:00,2010-11-22 11:09:00,0,1,14419,United Kingdom,2,Loyal Customers
2045,98,4,1639.17,409.7925,12.043010752688172,592,2011-09-01 18:07:00,2010-01-17 12:41:00,1,1,14420,United Kingdom,2,Loyal Customers
2046,56,6,2469.37,411.56166666666667,13.979166666666666,634,2011-10-13 13:24:00,2010-01-17 11:30:00,0,1,14421,United Kingdom,2,Loyal Customers
2047,0,19,10271.52,540.6063157894737,10.990942028985508,721,2011-12-09 11:26:00,2009-12-17 12:12:00,0,1,14422,United Kingdom,0,Champions
2048,217,3,916.61,305.53666666666663,27.933333333333334,476,2011-05-05 15:12:00,2010-01-14 11:49:00,1,1,14423,United Kingdom,2,Loyal Customers
2049,17,1,322.08,322.08,48.0,0,2011-11-22 11:48:00,2011-11-22 11:48:00,0,0,14424,United Kingdom,1,Promising
2050,434,3,661.39,220.4633333333333,8.333333333333334,302,2010-10-01 10:24:00,2009-12-02 11:31:00,1,1,14425,United Kingdom,3,At Risk / Lapsed
2051,23,17,11727.94,689.8788235294118,11.62748344370861,621,2011-11-16 12:25:00,2010-03-04 14:36:00,0,1,14426,United Kingdom,0,Champions
2052,49,4,1263.52,315.88,12.227272727272728,581,2011-10-20 14:23:00,2010-03-18 09:49:00,0,1,14427,United Kingdom,2,Loyal Customers
2053,6,5,1224.06,244.812,3.124087591240876,317,2011-12-02 13:17:00,2011-01-18 16:39:00,0,1,14428,United Kingdom,2,Loyal Customers
2054,403,1,516.28,516.28,13.0,0,2010-11-01 10:08:00,2010-11-01 10:08:00,1,0,14429,United Kingdom,3,At Risk / Lapsed
2055,511,3,1220.9,406.9666666666667,12.742857142857142,95,2010-07-16 11:35:00,2010-04-11 15:59:00,1,1,14430,United Kingdom,3,At Risk / Lapsed
2056,302,4,2614.2,653.55,14.839506172839506,384,2011-02-10 10:40:00,2010-01-21 10:49:00,1,1,14431,United Kingdom,2,Loyal Customers
2057,9,6,2248.5,374.75,5.339522546419098,79,2011-11-30 08:04:00,2011-09-11 14:09:00,0,1,14432,United Kingdom,2,Loyal Customers
2058,465,1,280.7,280.7,1.7702702702702702,0,2010-08-31 12:35:00,2010-08-31 12:35:00,1,0,14433,United Kingdom,3,At Risk / Lapsed
2059,21,6,1372.8,228.8,30.666666666666668,50,2011-11-18 08:56:00,2011-09-28 15:31:00,0,1,14434,United Kingdom,2,Loyal Customers
2060,501,1,90.42,90.42,94.0,0,2010-07-26 12:33:00,2010-07-26 12:33:00,1,0,14435,United Kingdom,3,At Risk / Lapsed
2061,98,2,271.70000000000005,135.85000000000002,27.0,454,2011-09-02 10:13:00,2010-06-04 11:32:00,1,1,14436,United Kingdom,1,Promising
2062,365,5,936.34,187.268,10.212765957446807,217,2010-12-09 09:27:00,2010-05-05 12:20:00,1,1,14437,United Kingdom,2,Loyal Customers
2063,305,1,131.9,131.9,9.11111111111111,0,2011-02-06 14:56:00,2011-02-06 14:56:00,1,0,14438,United Kingdom,3,At Risk / Lapsed
2064,319,5,9443.04,1888.608,17.3953488372093,367,2011-01-24 11:39:00,2010-01-21 14:01:00,1,1,14439,Greece,2,Loyal Customers
2065,7,13,6638.7300000000005,510.6715384615385,12.4468085106383,729,2011-12-01 15:42:00,2009-12-02 12:13:00,0,1,14440,United Kingdom,0,Champions
2066,0,11,4611.6900000000005,419.2445454545455,8.181818181818182,689,2011-12-09 09:07:00,2010-01-18 10:40:00,0,1,14441,United Kingdom,0,Champions
2067,204,7,5367.02,766.7171428571428,7.819672131147541,485,2011-05-19 11:36:00,2010-01-18 12:59:00,1,1,14442,Channel Islands,2,Loyal Customers
2068,53,5,2386.47,477.294,9.934640522875815,325,2011-10-17 10:10:00,2010-11-25 14:18:00,0,1,14443,United Kingdom,2,Loyal Customers
2069,455,1,120.44,120.44,15.636363636363637,0,2010-09-09 18:56:00,2010-09-09 18:56:00,1,0,14444,United Kingdom,3,At Risk / Lapsed
2070,455,1,221.65,221.65,2.59375,0,2010-09-10 11:09:00,2010-09-10 11:09:00,1,0,14445,United Kingdom,3,At Risk / Lapsed
2071,0,5,1195.48,239.096,3.242138364779874,385,2011-12-09 11:34:00,2010-11-18 12:08:00,0,1,14446,United Kingdom,2,Loyal Customers
2072,18,6,1711.73,285.28833333333336,8.61320754716981,381,2011-11-21 08:28:00,2010-11-04 13:32:00,0,1,14447,United Kingdom,2,Loyal Customers
2073,8,2,375.35,187.675,5.2,354,2011-11-30 13:50:00,2010-12-10 17:26:00,0,1,14448,United Kingdom,1,Promising
2074,18,8,2441.2,305.15,3.275797373358349,417,2011-11-21 12:06:00,2010-09-29 13:15:00,0,1,14449,United Kingdom,2,Loyal Customers
2075,180,7,1128.44,161.2057142857143,6.868421052631579,429,2011-06-12 10:46:00,2010-04-08 12:09:00,1,1,14450,United Kingdom,2,Loyal Customers
2076,59,12,3258.68,271.5566666666667,3.392578125,631,2011-10-10 13:38:00,2010-01-17 10:35:00,0,1,14451,United Kingdom,0,Champions
2077,10,4,658.95,164.7375,2.2093023255813957,510,2011-11-29 12:06:00,2010-07-06 13:13:00,0,1,14452,United Kingdom,2,Loyal Customers
2078,189,1,119.93,119.93,2.227272727272727,0,2011-06-02 14:15:00,2011-06-02 14:15:00,1,0,14453,United Kingdom,1,Promising
2079,375,5,977.3,195.46,3.636363636363636,357,2010-11-28 13:26:00,2009-12-06 12:56:00,1,1,14454,United Kingdom,2,Loyal Customers
2080,431,4,617.72,154.43,9.168831168831169,63,2010-10-03 15:48:00,2010-08-01 13:26:00,1,1,14455,United Kingdom,3,At Risk / Lapsed
2081,4,9,3014.32,334.9244444444445,3.013756613756614,137,2011-12-04 13:59:00,2011-07-20 13:06:00,0,1,14456,United Kingdom,2,Loyal Customers
2082,310,1,113.64,113.64,22.0,0,2011-02-02 09:39:00,2011-02-02 09:39:00,1,0,14457,United Kingdom,3,At Risk / Lapsed
2083,380,1,219.27,219.27,6.866666666666666,0,2010-11-24 12:43:00,2010-11-24 12:43:00,1,0,14458,United Kingdom,3,At Risk / Lapsed
2084,154,2,5375.74,2687.87,20.553571428571427,496,2011-07-07 13:35:00,2010-02-26 13:26:00,1,1,14459,United Kingdom,2,Loyal Customers
2085,109,9,1093.5,121.5,44.73809523809524,613,2011-08-21 14:19:00,2009-12-15 19:06:00,1,1,14460,United Kingdom,2,Loyal Customers
2086,147,13,6676.52,513.5784615384616,4.730708661417323,542,2011-07-14 17:11:00,2010-01-18 12:48:00,1,1,14461,United Kingdom,0,Champions
2087,65,12,2237.81,186.48416666666665,3.789285714285714,366,2011-10-04 15:55:00,2010-10-03 14:13:00,0,1,14462,United Kingdom,0,Champions
2088,97,4,786.5699999999999,196.6425,26.25,401,2011-09-02 15:20:00,2010-07-28 11:35:00,1,1,14463,United Kingdom,2,Loyal Customers
2089,567,2,111.0,55.5,15.5,59,2010-05-20 18:00:00,2010-03-22 15:20:00,1,1,14464,United Kingdom,3,At Risk / Lapsed
2090,246,11,3925.85,356.8954545454545,13.155440414507773,454,2011-04-07 12:38:00,2010-01-07 15:03:00,1,1,14465,United Kingdom,0,Champions
2091,28,13,4646.9,357.45384615384614,12.24074074074074,696,2011-11-10 14:07:00,2009-12-13 15:44:00,0,1,14466,United Kingdom,0,Champions
2092,17,12,2203.24,183.60333333333332,3.917491749174917,720,2011-11-22 12:48:00,2009-12-02 12:44:00,0,1,14467,United Kingdom,0,Champions
2093,733,1,204.24,204.24,13.666666666666666,0,2009-12-06 12:21:00,2009-12-06 12:21:00,1,0,14468,United Kingdom,3,At Risk / Lapsed
2094,415,4,2093.46,523.365,6.710344827586207,263,2010-10-19 14:30:00,2010-01-29 11:12:00,1,1,14469,United Kingdom,2,Loyal Customers
2095,11,3,712.04,237.34666666666664,4.7,418,2011-11-28 10:31:00,2010-10-05 12:39:00,0,1,14470,United Kingdom,2,Loyal Customers
2096,590,2,400.95,200.475,4.560975609756097,141,2010-04-27 17:12:00,2009-12-07 12:26:00,1,1,14471,United Kingdom,3,At Risk / Lapsed
2097,103,9,2118.72,235.4133333333333,4.11326860841424,585,2011-08-28 11:01:00,2010-01-19 13:09:00,1,1,14472,United Kingdom,2,Loyal Customers
2098,73,2,234.34000000000003,117.17000000000002,12.571428571428571,208,2011-09-26 15:10:00,2011-03-02 13:56:00,0,1,14473,United Kingdom,1,Promising
2099,45,2,1258.89,629.4449999999999,3.52755905511811,533,2011-10-24 13:26:00,2010-05-09 12:12:00,0,1,14474,United Kingdom,2,Loyal Customers
2100,71,4,1151.15,287.7875,11.270833333333334,337,2011-09-29 10:46:00,2010-10-27 09:20:00,0,1,14475,United Kingdom,2,Loyal Customers
2101,256,1,193.0,193.0,6.470588235294118,0,2011-03-27 15:39:00,2011-03-27 15:39:00,1,0,14476,United Kingdom,1,Promising
2102,19,7,1969.6,281.37142857142857,80.0,684,2011-11-20 11:11:00,2010-01-04 15:41:00,0,1,14477,United Kingdom,2,Loyal Customers
2103,381,4,1276.66,319.165,18.029411764705884,356,2010-11-22 15:29:00,2009-12-01 13:20:00,1,1,14478,United Kingdom,3,At Risk / Lapsed
2104,253,4,1299.11,324.7775,4.161073825503356,479,2011-03-31 09:07:00,2009-12-06 13:48:00,1,1,14479,United Kingdom,2,Loyal Customers
2105,10,4,1299.52,324.88,10.307692307692308,707,2011-11-28 16:35:00,2009-12-21 16:32:00,0,1,14480,United Kingdom,2,Loyal Customers
2106,164,5,2284.69,456.938,10.453333333333331,512,2011-06-28 10:38:00,2010-01-31 12:43:00,1,1,14481,United Kingdom,2,Loyal Customers
2107,17,12,4306.72,358.8933333333334,11.758196721311476,451,2011-11-21 13:14:00,2010-08-26 14:13:00,0,1,14482,United Kingdom,0,Champions
2108,281,2,257.1,128.55,14.846153846153848,455,2011-03-03 10:26:00,2009-12-03 10:16:00,1,1,14483,United Kingdom,1,Promising
2109,49,4,1070.98,267.745,14.037735849056604,672,2011-10-20 14:11:00,2009-12-17 10:57:00,0,1,14484,United Kingdom,2,Loyal Customers
2110,38,1,162.8,162.8,1.5217391304347827,0,2011-11-01 12:25:00,2011-11-01 12:25:00,0,0,14485,United Kingdom,1,Promising
2111,511,2,175.5,87.75,15.0,41,2010-07-16 09:42:00,2010-06-04 10:30:00,1,1,14486,United Kingdom,3,At Risk / Lapsed
2112,26,7,1391.37,198.76714285714283,4.4088397790055245,352,2011-11-13 12:17:00,2010-11-25 13:36:00,0,1,14487,United Kingdom,2,Loyal Customers
2113,67,1,1064.28,1064.28,17.369565217391305,0,2011-10-03 09:30:00,2011-10-03 09:30:00,0,0,14488,United Kingdom,1,Promising
2114,206,4,1574.93,393.7325,10.11,405,2011-05-16 14:51:00,2010-04-06 09:52:00,1,1,14489,United Kingdom,2,Loyal Customers
2115,405,2,1273.47,636.735,11.6625,22,2010-10-29 15:04:00,2010-10-07 11:36:00,1,1,14490,United Kingdom,3,At Risk / Lapsed
2116,174,2,468.13,234.065,8.523809523809524,197,2011-06-17 15:22:00,2010-12-02 12:10:00,1,1,14491,United Kingdom,1,Promising
2117,429,7,1921.91,274.55857142857144,8.16304347826087,188,2010-10-05 13:21:00,2010-03-30 14:23:00,1,1,14492,United Kingdom,2,Loyal Customers
2118,6,10,5087.86,508.786,8.867605633802818,634,2011-12-02 16:14:00,2010-03-08 08:33:00,0,1,14493,United Kingdom,0,Champions
2119,25,3,401.46,133.82,12.352941176470589,705,2011-11-14 09:21:00,2009-12-08 13:25:00,0,1,14494,United Kingdom,1,Promising
2120,50,3,174.8,58.26666666666667,9.714285714285714,609,2011-10-20 12:28:00,2010-02-18 08:49:00,0,1,14495,United Kingdom,1,Promising
2121,311,7,2668.23,381.1757142857143,8.927927927927929,321,2011-02-01 09:01:00,2010-03-16 13:15:00,1,1,14496,United Kingdom,2,Loyal Customers
2122,308,2,697.0600000000001,348.53000000000003,8.3,364,2011-02-03 17:01:00,2010-02-04 09:59:00,1,1,14497,United Kingdom,3,At Risk / Lapsed
2123,42,10,3900.83,390.083,5.745257452574526,507,2011-10-28 12:09:00,2010-06-07 16:05:00,0,1,14498,United Kingdom,0,Champions
2124,25,7,2101.79,300.2557142857143,3.958199356913184,443,2011-11-13 13:01:00,2010-08-27 11:57:00,0,1,14499,United Kingdom,2,Loyal Customers
2125,87,3,356.85,118.95,16.714285714285715,101,2011-09-12 16:45:00,2011-06-03 10:08:00,0,1,14500,United Kingdom,1,Promising
2126,183,2,251.21,125.605,16.1,136,2011-06-09 12:02:00,2011-01-24 10:43:00,1,1,14501,United Kingdom,1,Promising
2127,19,11,2426.79,220.61727272727276,2.411861614497529,293,2011-11-20 11:50:00,2011-01-30 15:52:00,0,1,14502,United Kingdom,0,Champions
2128,2,6,3543.26,590.5433333333334,12.21951219512195,175,2011-12-06 13:30:00,2011-06-14 10:00:00,0,1,14503,United Kingdom,2,Loyal Customers
2129,46,4,673.26,168.315,2.878504672897196,231,2011-10-23 16:00:00,2011-03-06 14:38:00,0,1,14504,United Kingdom,2,Loyal Customers
2130,16,19,11873.08,624.8989473684211,3.3839796567069294,713,2011-11-22 15:45:00,2009-12-09 14:48:00,0,1,14505,United Kingdom,0,Champions
2131,16,7,3217.25,459.6071428571428,2.3521444695259595,582,2011-11-22 13:02:00,2010-04-19 08:27:00,0,1,14506,United Kingdom,2,Loyal Customers
2132,23,11,3216.74,292.4309090909091,5.77906976744186,705,2011-11-16 12:21:00,2009-12-10 17:04:00,0,1,14507,United Kingdom,0,Champions
2133,21,5,822.92,164.584,1.96045197740113,518,2011-11-17 19:48:00,2010-06-17 13:02:00,0,1,14508,United Kingdom,2,Loyal Customers
2134,533,1,110.95,110.95,1.52,0,2010-06-23 13:21:00,2010-06-23 13:21:00,1,0,14509,United Kingdom,3,At Risk / Lapsed
2135,375,3,979.85,326.6166666666667,10.573333333333334,60,2010-11-29 12:46:00,2010-09-29 13:35:00,1,1,14510,United Kingdom,3,At Risk / Lapsed
2136,10,5,1314.81,262.962,11.529411764705882,122,2011-11-28 17:05:00,2011-07-29 12:13:00,0,1,14511,United Kingdom,2,Loyal Customers
2137,187,7,1215.97,173.71,9.316455696202532,544,2011-06-05 12:39:00,2009-12-07 13:49:00,1,1,14512,United Kingdom,2,Loyal Customers
2138,100,6,788.01,131.335,31.210526315789476,467,2011-08-31 11:25:00,2010-05-20 17:57:00,1,1,14513,United Kingdom,2,Loyal Customers
2139,60,9,4380.04,486.6711111111111,7.4043887147335425,665,2011-10-09 16:05:00,2009-12-13 13:21:00,0,1,14514,United Kingdom,0,Champions
2140,17,12,3724.06,310.3383333333333,10.942196531791907,532,2011-11-22 11:37:00,2010-06-07 12:37:00,0,1,14515,United Kingdom,0,Champions
2141,515,1,151.17,151.17,1.8,0,2010-07-11 14:07:00,2010-07-11 14:07:00,1,0,14516,United Kingdom,3,At Risk / Lapsed
2142,32,2,330.45,165.225,5.055555555555555,108,2011-11-06 14:20:00,2011-07-21 11:42:00,0,1,14517,United Kingdom,1,Promising
2143,63,1,174.37,174.37,17.375,0,2011-10-06 14:43:00,2011-10-06 14:43:00,0,0,14518,United Kingdom,1,Promising
2144,683,2,203.14,101.57,2.131578947368421,45,2010-01-25 11:18:00,2009-12-11 10:40:00,1,1,14519,United Kingdom,3,At Risk / Lapsed
2145,1,2,270.6,135.3,36.5,289,2011-12-08 09:46:00,2011-02-22 09:15:00,0,1,14520,United Kingdom,1,Promising
2146,490,1,199.45,199.45,12.411764705882351,0,2010-08-05 16:35:00,2010-08-05 16:35:00,1,0,14521,United Kingdom,3,At Risk / Lapsed
2147,23,8,1748.42,218.5525,21.244444444444444,659,2011-11-15 13:24:00,2010-01-24 13:55:00,0,1,14522,United Kingdom,2,Loyal Customers
2148,107,1,241.09,241.09,20.916666666666668,0,2011-08-23 13:13:00,2011-08-23 13:13:00,1,0,14523,United Kingdom,1,Promising
2149,31,13,2909.86,223.8353846153846,3.630434782608696,385,2011-11-08 12:29:00,2010-10-19 11:44:00,0,1,14524,United Kingdom,0,Champions
2150,19,17,8018.59,471.6817647058824,9.723809523809525,706,2011-11-20 11:37:00,2009-12-13 14:01:00,0,1,14525,United Kingdom,0,Champions
2151,388,1,258.65,258.65,4.341463414634147,0,2010-11-15 13:32:00,2010-11-15 13:32:00,1,0,14526,United Kingdom,3,At Risk / Lapsed
2152,2,121,27708.43,228.9952892561984,2.50297176820208,735,2011-12-07 12:19:00,2009-12-02 12:06:00,0,1,14527,United Kingdom,0,Champions
2153,36,1,364.22,364.22,15.444444444444445,0,2011-11-02 17:09:00,2011-11-02 17:09:00,0,0,14528,United Kingdom,1,Promising
2154,59,3,578.61,192.87,1.5258215962441315,50,2011-10-10 15:27:00,2011-08-21 14:10:00,0,1,14529,United Kingdom,1,Promising
2155,25,16,6088.87,380.554375,6.319238900634249,661,2011-11-14 10:38:00,2010-01-21 11:25:00,0,1,14530,United Kingdom,0,Champions
2156,479,1,376.34,376.34,8.96551724137931,0,2010-08-17 10:16:00,2010-08-17 10:16:00,1,0,14531,United Kingdom,3,At Risk / Lapsed
2157,235,11,3845.78,349.61636363636364,3.538216560509554,462,2011-04-17 13:05:00,2010-01-10 11:47:00,1,1,14532,United Kingdom,0,Champions
2158,24,11,3466.37,315.12454545454545,67.84269662921348,585,2011-11-15 12:05:00,2010-04-08 12:13:00,0,1,14533,United Kingdom,0,Champions
2159,2,26,6183.06,237.81,3.9551192145862553,631,2011-12-07 12:19:00,2010-03-15 14:16:00,0,1,14534,United Kingdom,0,Champions
2160,59,9,5961.89,662.4322222222222,3.872417982989064,593,2011-10-10 15:39:00,2010-02-24 15:03:00,0,1,14535,United Kingdom,0,Champions
2161,259,1,170.95,170.95,2.1666666666666665,0,2011-03-25 12:21:00,2011-03-25 12:21:00,1,0,14536,United Kingdom,1,Promising
2162,57,2,641.4,320.7,9.91304347826087,565,2011-10-13 10:54:00,2010-03-26 13:44:00,0,1,14537,United Kingdom,1,Promising
2163,64,5,1370.84,274.168,5.461538461538462,618,2011-10-06 10:31:00,2010-01-25 15:42:00,0,1,14538,United Kingdom,2,Loyal Customers
2164,15,2,537.48,268.74,13.375,28,2011-11-24 09:50:00,2011-10-26 12:03:00,0,1,14539,United Kingdom,1,Promising
2165,9,11,3709.64,337.24,6.041666666666667,722,2011-11-30 10:15:00,2009-12-07 13:00:00,0,1,14540,United Kingdom,0,Champions
2166,58,14,2491.38,177.9557142857143,6.417142857142857,642,2011-10-12 10:08:00,2010-01-07 11:59:00,0,1,14541,United Kingdom,0,Champions
2167,185,1,103.25,103.25,3.8,0,2011-06-07 08:19:00,2011-06-07 08:19:00,1,0,14542,United Kingdom,1,Promising
2168,28,39,14548.22,373.03128205128206,12.607655502392344,709,2011-11-11 12:45:00,2009-12-01 13:47:00,0,1,14543,United Kingdom,0,Champions
2169,23,3,2938.53,979.51,12.898395721925134,445,2011-11-15 15:06:00,2010-08-26 16:00:00,0,1,14544,United Kingdom,2,Loyal Customers
2170,673,1,349.25,349.25,10.26086956521739,0,2010-02-03 15:23:00,2010-02-03 15:23:00,1,0,14545,United Kingdom,3,At Risk / Lapsed
2171,4,11,5184.84,471.3490909090909,3.40253164556962,727,2011-12-04 13:00:00,2009-12-06 13:10:00,0,1,14546,United Kingdom,0,Champions
2172,3,8,3974.75,496.84375,7.433802816901409,50,2011-12-06 11:06:00,2011-10-16 14:35:00,0,1,14547,United Kingdom,2,Loyal Customers
2173,150,9,2541.29,282.36555555555555,8.963636363636363,582,2011-07-12 12:19:00,2009-12-06 14:00:00,1,1,14548,United Kingdom,2,Loyal Customers
2174,310,4,913.6,228.4,2.7552447552447554,425,2011-02-01 13:47:00,2009-12-02 14:06:00,1,1,14549,United Kingdom,2,Loyal Customers
2175,10,4,1345.06,336.265,7.948453608247423,473,2011-11-29 12:12:00,2010-08-13 12:05:00,0,1,14550,United Kingdom,2,Loyal Customers
2176,17,7,878.09,125.44142857142856,6.151898734177215,663,2011-11-21 13:36:00,2010-01-27 12:06:00,0,1,14551,United Kingdom,2,Loyal Customers
2177,151,3,507.93,169.31,1.675324675324675,440,2011-07-11 12:49:00,2010-04-26 13:44:00,1,1,14552,United Kingdom,1,Promising
2178,18,9,1818.6,202.06666666666663,3.8819444444444446,490,2011-11-20 13:20:00,2010-07-18 12:07:00,0,1,14553,United Kingdom,2,Loyal Customers
2179,9,4,2279.49,569.8725000000001,7.108374384236453,42,2011-11-29 16:44:00,2011-10-18 13:04:00,0,1,14554,United Kingdom,2,Loyal Customers
2180,56,6,2304.03,384.00500000000005,7.196581196581197,664,2011-10-13 16:24:00,2009-12-18 11:39:00,0,1,14555,United Kingdom,2,Loyal Customers
2181,595,3,815.69,271.8966666666667,1.6479591836734695,92,2010-04-22 14:57:00,2010-01-20 11:49:00,1,1,14556,United Kingdom,3,At Risk / Lapsed
2182,84,1,788.38,788.38,31.875,0,2011-09-15 15:48:00,2011-09-15 15:48:00,0,0,14557,United Kingdom,1,Promising
2183,653,3,655.5,218.5,10.8,77,2010-02-23 12:51:00,2009-12-08 10:41:00,1,1,14558,United Kingdom,3,At Risk / Lapsed
2184,389,1,75.6,75.6,36.0,0,2010-11-14 16:05:00,2010-11-14 16:05:00,1,0,14559,United Kingdom,3,At Risk / Lapsed
2185,6,44,6114.03,138.95522727272726,22.9,730,2011-12-02 15:22:00,2009-12-02 10:15:00,0,1,14560,United Kingdom,0,Champions
2186,75,3,1080.76,360.25333333333333,14.695652173913045,108,2011-09-25 12:39:00,2011-06-08 13:26:00,0,1,14561,United Kingdom,2,Loyal Customers
2187,3,26,6638.150000000001,255.31346153846155,4.282861896838602,666,2011-12-06 11:05:00,2010-02-07 14:10:00,0,1,14562,United Kingdom,0,Champions
2188,509,2,625.42,312.71,2.3142857142857145,82,2010-07-18 12:01:00,2010-04-26 12:51:00,1,1,14563,United Kingdom,3,At Risk / Lapsed
2189,434,2,2605.62,1302.81,12.102803738317755,300,2010-10-01 09:02:00,2009-12-04 09:27:00,1,1,14564,Channel Islands,3,At Risk / Lapsed
2190,95,5,3859.22,771.844,12.125,377,2011-09-05 09:07:00,2010-08-23 09:48:00,1,1,14565,United Kingdom,2,Loyal Customers
2191,110,4,4092.0,1023.0,150.0,423,2011-08-21 11:05:00,2010-06-24 10:34:00,1,1,14566,Channel Islands,2,Loyal Customers
2192,56,2,1530.36,765.1800000000001,12.484848484848484,73,2011-10-14 10:21:00,2011-08-01 13:48:00,0,1,14567,United Kingdom,2,Loyal Customers
2193,434,1,919.7,919.7,13.72340425531915,0,2010-09-30 17:15:00,2010-09-30 17:15:00,1,0,14568,Channel Islands,3,At Risk / Lapsed
2194,0,4,597.3299999999999,149.33249999999998,7.558823529411764,602,2011-12-08 14:58:00,2010-04-15 11:49:00,0,1,14569,United Kingdom,2,Loyal Customers
2195,280,3,512.4,170.79999999999998,5.5,162,2011-03-04 10:58:00,2010-09-22 13:07:00,1,1,14570,United Kingdom,1,Promising
2196,424,1,160.0,160.0,1.8666666666666667,0,2010-10-10 15:06:00,2010-10-10 15:06:00,1,0,14571,United Kingdom,3,At Risk / Lapsed
2197,2,11,5520.9800000000005,501.9072727272728,5.683794466403162,618,2011-12-06 14:40:00,2010-03-28 13:47:00,0,1,14572,United Kingdom,0,Champions
2198,179,13,2565.12,197.31692307692308,2.1289473684210525,520,2011-06-13 11:15:00,2010-01-08 16:34:00,1,1,14573,United Kingdom,0,Champions
2199,732,1,143.70000000000002,143.70000000000002,5.727272727272728,0,2009-12-07 12:42:00,2009-12-07 12:42:00,1,0,14574,United Kingdom,3,At Risk / Lapsed
2200,487,1,420.22,420.22,2.263888888888889,0,2010-08-08 14:51:00,2010-08-08 14:51:00,1,0,14575,United Kingdom,3,At Risk / Lapsed
2201,371,1,70.80000000000001,70.80000000000001,12.0,0,2010-12-02 17:51:00,2010-12-02 17:51:00,1,0,14576,United Kingdom,3,At Risk / Lapsed
2202,12,7,1364.15,194.87857142857143,3.1263736263736264,716,2011-11-27 12:47:00,2009-12-11 12:09:00,0,1,14577,United Kingdom,2,Loyal Customers
2203,2,1,168.63,168.63,10.0,0,2011-12-06 17:18:00,2011-12-06 17:18:00,0,0,14578,United Kingdom,1,Promising
2204,431,1,105.56,105.56,2.24,0,2010-10-03 14:36:00,2010-10-03 14:36:00,1,0,14579,United Kingdom,3,At Risk / Lapsed
2205,517,1,14.85,14.85,3.0,0,2010-07-09 15:20:00,2010-07-09 15:20:00,1,0,14580,United Kingdom,3,At Risk / Lapsed
2206,16,2,409.65,204.825,5.066666666666666,527,2011-11-23 12:39:00,2010-06-13 15:48:00,0,1,14581,United Kingdom,1,Promising
2207,40,1,114.11,114.11,12.166666666666666,0,2011-10-30 11:56:00,2011-10-30 11:56:00,0,0,14582,United Kingdom,1,Promising
2208,5,8,1660.29,207.53625,2.3081896551724137,615,2011-12-04 12:32:00,2010-03-28 15:16:00,0,1,14583,United Kingdom,2,Loyal Customers
2209,168,8,1738.16,217.27,4.403669724770642,491,2011-06-23 18:33:00,2010-02-17 14:01:00,1,1,14584,United Kingdom,2,Loyal Customers
2210,49,5,1143.27,228.654,5.675675675675675,366,2011-10-20 14:33:00,2010-10-19 12:17:00,0,1,14585,United Kingdom,2,Loyal Customers
2211,276,1,237.36,237.36,23.36842105263158,0,2011-03-08 10:04:00,2011-03-08 10:04:00,1,0,14586,United Kingdom,1,Promising
2212,18,9,1580.29,175.58777777777777,2.018867924528302,312,2011-11-21 11:34:00,2011-01-12 13:16:00,0,1,14587,United Kingdom,2,Loyal Customers
2213,577,1,135.39,135.39,3.875,0,2010-05-10 15:08:00,2010-05-10 15:08:00,1,0,14588,United Kingdom,3,At Risk / Lapsed
2214,371,1,79.5,79.5,1.6666666666666667,0,2010-12-03 11:42:00,2010-12-03 11:42:00,1,0,14589,United Kingdom,3,At Risk / Lapsed
2215,424,20,2993.37,149.6685,4.46039603960396,307,2010-10-11 12:06:00,2009-12-07 14:10:00,1,1,14590,United Kingdom,0,Champions
2216,14,4,1320.21,330.0525,6.977272727272728,197,2011-11-24 13:57:00,2011-05-10 14:09:00,0,1,14591,United Kingdom,2,Loyal Customers
2217,34,3,557.94,185.98,2.575949367088608,28,2011-11-04 16:35:00,2011-10-06 18:08:00,0,1,14592,United Kingdom,1,Promising
2218,21,12,3658.03,304.8358333333333,3.026229508196721,708,2011-11-18 12:48:00,2009-12-09 12:57:00,0,1,14593,United Kingdom,0,Champions
2219,6,2,618.33,309.165,3.963855421686747,365,2011-12-02 13:28:00,2010-12-01 13:54:00,0,1,14594,United Kingdom,1,Promising
2220,19,8,2164.45,270.55625,9.029411764705882,668,2011-11-20 12:12:00,2010-01-20 13:59:00,0,1,14595,United Kingdom,2,Loyal Customers
2221,626,1,222.22000000000003,222.22000000000003,1.4150943396226414,0,2010-03-23 12:13:00,2010-03-23 12:13:00,1,0,14596,United Kingdom,3,At Risk / Lapsed
2222,10,6,2184.63,364.105,15.115789473684211,425,2011-11-28 13:13:00,2010-09-28 13:17:00,0,1,14597,United Kingdom,2,Loyal Customers
2223,43,2,384.04,192.02,3.933333333333333,525,2011-10-26 13:19:00,2010-05-19 13:07:00,0,1,14598,United Kingdom,1,Promising
2224,389,2,457.89,228.945,3.6962025316455698,118,2010-11-14 14:49:00,2010-07-18 15:54:00,1,1,14599,United Kingdom,3,At Risk / Lapsed
2225,305,2,865.1700000000001,432.585,9.01851851851852,87,2011-02-07 09:48:00,2010-11-11 15:56:00,1,1,14600,United Kingdom,3,At Risk / Lapsed
2226,10,1,213.96,213.96,24.0,0,2011-11-29 09:48:00,2011-11-29 09:48:00,0,0,14601,United Kingdom,1,Promising
2227,655,1,205.36,205.36,2.5806451612903225,0,2010-02-21 15:47:00,2010-02-21 15:47:00,1,0,14602,United Kingdom,3,At Risk / Lapsed
2228,274,1,660.0,660.0,200.0,0,2011-03-10 10:27:00,2011-03-10 10:27:00,1,0,14603,United Kingdom,1,Promising
2229,632,1,136.36,136.36,3.909090909090909,0,2010-03-16 13:00:00,2010-03-16 13:00:00,1,0,14604,United Kingdom,3,At Risk / Lapsed
2230,373,4,920.71,230.1775,3.878504672897196,357,2010-11-30 14:07:00,2009-12-08 13:59:00,1,1,14605,United Kingdom,3,At Risk / Lapsed
2231,0,184,30255.63,164.43277173913043,2.3893613731250967,735,2011-12-08 19:28:00,2009-12-03 12:40:00,0,1,14606,United Kingdom,0,Champions
2232,15,20,22575.13,1128.7565,72.715,708,2011-11-24 10:35:00,2009-12-15 11:25:00,0,1,14607,United Kingdom,0,Champions
2233,3,10,3342.94,334.294,22.047619047619047,729,2011-12-05 16:52:00,2009-12-06 12:34:00,0,1,14608,United Kingdom,0,Champions
2234,71,10,1486.2,148.62,978.4615384615385,596,2011-09-28 12:54:00,2010-02-09 09:48:00,0,1,14609,United Kingdom,2,Loyal Customers
2235,395,2,24.35,12.175,1.5,118,2010-11-09 10:58:00,2010-07-13 16:06:00,1,1,14610,United Kingdom,3,At Risk / Lapsed
2236,443,2,604.3299999999999,302.165,15.31578947368421,154,2010-09-22 09:19:00,2010-04-20 10:19:00,1,1,14611,United Kingdom,3,At Risk / Lapsed
2237,414,1,877.7,877.7,9.571428571428571,0,2010-10-20 16:01:00,2010-10-20 16:01:00,1,0,14612,United Kingdom,3,At Risk / Lapsed
2238,679,1,76.32000000000001,76.32000000000001,72.0,0,2010-01-28 13:02:00,2010-01-28 13:02:00,1,0,14613,United Kingdom,3,At Risk / Lapsed
2239,385,1,295.13,295.13,9.947368421052632,0,2010-11-18 13:04:00,2010-11-18 13:04:00,1,0,14614,United Kingdom,3,At Risk / Lapsed
2240,393,5,951.76,190.352,10.3125,153,2010-11-10 13:36:00,2010-06-09 13:59:00,1,1,14615,United Kingdom,3,At Risk / Lapsed
2241,242,5,527.78,105.556,34.0,306,2011-04-11 09:54:00,2010-06-09 09:42:00,1,1,14616,United Kingdom,2,Loyal Customers
2242,402,2,190.47000000000003,95.235,9.0,13,2010-11-02 11:41:00,2010-10-20 10:40:00,1,1,14617,United Kingdom,3,At Risk / Lapsed
2243,8,7,1342.32,191.76,13.803921568627452,537,2011-11-30 13:45:00,2010-06-11 10:11:00,0,1,14618,United Kingdom,2,Loyal Customers
2244,245,2,1291.24,645.62,9.9,295,2011-04-08 07:37:00,2010-06-16 14:41:00,1,1,14619,United Kingdom,2,Loyal Customers
2245,205,2,412.78,206.39,8.23076923076923,78,2011-05-18 11:58:00,2011-03-01 08:30:00,1,1,14620,United Kingdom,1,Promising
2246,0,9,3000.57,333.3966666666667,10.729559748427674,682,2011-12-08 16:22:00,2010-01-25 09:08:00,0,1,14621,United Kingdom,2,Loyal Customers
2247,184,1,320.58000000000004,320.58000000000004,6.9523809523809526,0,2011-06-08 12:42:00,2011-06-08 12:42:00,1,0,14622,United Kingdom,1,Promising
2248,31,10,2012.3,201.23,3.604982206405694,569,2011-11-07 13:56:00,2010-04-16 17:12:00,0,1,14623,United Kingdom,2,Loyal Customers
2249,56,6,814.07,135.67833333333334,12.647058823529411,547,2011-10-13 13:44:00,2010-04-14 10:44:00,0,1,14624,United Kingdom,2,Loyal Customers
2250,195,11,4497.88,408.89818181818185,8.101503759398497,527,2011-05-27 15:32:00,2009-12-16 13:23:00,1,1,14625,United Kingdom,0,Champions
2251,23,11,5410.92,491.9018181818182,13.512931034482758,705,2011-11-16 10:37:00,2009-12-10 14:57:00,0,1,14626,United Kingdom,0,Champions
2252,378,1,462.75,462.75,9.79310344827586,0,2010-11-25 16:32:00,2010-11-25 16:32:00,1,0,14627,United Kingdom,3,At Risk / Lapsed
2253,90,5,1998.0,399.6,13.33720930232558,592,2011-09-09 14:58:00,2010-01-25 14:40:00,0,1,14628,United Kingdom,2,Loyal Customers
2254,3,2,955.26,477.63,2.52,43,2011-12-05 16:55:00,2011-10-23 16:13:00,0,1,14629,United Kingdom,1,Promising
2255,483,1,338.65,338.65,5.285714285714286,0,2010-08-12 16:38:00,2010-08-12 16:38:00,1,0,14630,United Kingdom,3,At Risk / Lapsed
2256,50,6,2025.69,337.615,15.461538461538462,436,2011-10-20 11:17:00,2010-08-09 14:45:00,0,1,14631,United Kingdom,2,Loyal Customers
2257,262,1,114.56,114.56,12.0,0,2011-03-22 08:49:00,2011-03-22 08:49:00,1,0,14632,United Kingdom,1,Promising
2258,265,1,344.90000000000003,344.90000000000003,4.8,0,2011-03-18 17:07:00,2011-03-18 17:07:00,1,0,14633,United Kingdom,1,Promising
2259,437,4,2124.46,531.115,17.486238532110093,104,2010-09-28 10:40:00,2010-06-16 09:48:00,1,1,14634,United Kingdom,3,At Risk / Lapsed
2260,453,1,215.22,215.22,7.866666666666666,0,2010-09-12 10:47:00,2010-09-12 10:47:00,1,0,14635,United Kingdom,3,At Risk / Lapsed
2261,35,2,609.85,304.925,8.607142857142858,232,2011-11-03 16:12:00,2011-03-16 09:52:00,0,1,14636,United Kingdom,1,Promising
2262,676,1,106.68,106.68,14.285714285714286,0,2010-01-31 15:52:00,2010-01-31 15:52:00,1,0,14637,United Kingdom,3,At Risk / Lapsed
2263,50,1,443.6,443.6,10.375,0,2011-10-20 10:10:00,2011-10-20 10:10:00,0,0,14638,United Kingdom,1,Promising
2264,51,9,4978.96,553.2177777777778,8.253424657534246,609,2011-10-18 15:06:00,2010-02-16 12:35:00,0,1,14639,United Kingdom,0,Champions
2265,23,10,3649.36,364.936,8.10344827586207,661,2011-11-15 13:07:00,2010-01-22 15:44:00,0,1,14640,United Kingdom,0,Champions
2266,21,1,110.46,110.46,12.857142857142858,0,2011-11-18 10:42:00,2011-11-18 10:42:00,0,0,14641,United Kingdom,1,Promising
2267,58,1,96.12,96.12,38.0,0,2011-10-12 11:08:00,2011-10-12 11:08:00,0,0,14642,United Kingdom,1,Promising
2268,169,5,1679.89,335.978,22.20967741935484,558,2011-06-22 14:41:00,2009-12-11 11:52:00,1,1,14643,United Kingdom,2,Loyal Customers
2269,67,7,2247.72,321.1028571428571,12.419354838709678,668,2011-10-03 08:30:00,2009-12-03 16:24:00,0,1,14644,United Kingdom,2,Loyal Customers
2270,156,3,876.89,292.2966666666667,12.229166666666666,477,2011-07-06 09:15:00,2010-03-15 11:33:00,1,1,14645,United Kingdom,2,Loyal Customers
2271,1,145,526751.52,3632.769103448276,96.1173081958628,735,2011-12-08 12:12:00,2009-12-02 16:52:00,0,1,14646,Netherlands,0,Champions
2272,200,2,506.04,253.02,3.6458333333333335,322,2011-05-22 13:40:00,2010-07-04 13:27:00,1,1,14647,United Kingdom,1,Promising
2273,415,15,4463.39,297.55933333333337,7.614485981308412,312,2010-10-19 13:12:00,2009-12-10 13:59:00,1,1,14648,United Kingdom,0,Champions
2274,4,9,3651.19,405.6877777777778,4.582542694497154,683,2011-12-05 12:30:00,2010-01-20 13:10:00,0,1,14649,United Kingdom,0,Champions
2275,588,1,62.5,62.5,5.5,0,2010-04-29 20:27:00,2010-04-29 20:27:00,1,0,14650,United Kingdom,3,At Risk / Lapsed
2276,66,9,2025.52,225.05777777777777,3.1095406360424027,564,2011-10-03 15:52:00,2010-03-18 11:39:00,0,1,14651,United Kingdom,2,Loyal Customers
2277,76,1,114.18,114.18,1.827586206896552,0,2011-09-23 14:21:00,2011-09-23 14:21:00,0,0,14652,United Kingdom,1,Promising
2278,0,12,3583.11,298.59250000000003,5.165354330708661,736,2011-12-08 13:45:00,2009-12-02 11:51:00,0,1,14653,United Kingdom,0,Champions
2279,737,1,246.86,246.86,10.11111111111111,0,2009-12-01 12:57:00,2009-12-01 12:57:00,1,0,14654,United Kingdom,3,At Risk / Lapsed
2280,7,7,3878.51,554.0728571428572,22.728155339805824,588,2011-12-01 16:28:00,2010-04-22 14:29:00,0,1,14655,United Kingdom,2,Loyal Customers
2281,168,5,790.0,158.0,1.4927536231884058,434,2011-06-23 13:51:00,2010-04-15 12:10:00,1,1,14656,United Kingdom,2,Loyal Customers
2282,17,6,1450.19,241.69833333333332,4.205741626794258,417,2011-11-22 12:47:00,2010-09-30 19:57:00,0,1,14657,United Kingdom,2,Loyal Customers
2283,4,2,247.15,123.575,1.6206896551724137,111,2011-12-04 15:35:00,2011-08-14 15:42:00,0,1,14658,United Kingdom,1,Promising
2284,8,9,2529.93,281.1033333333333,4.723320158102767,306,2011-12-01 12:17:00,2011-01-28 12:43:00,0,1,14659,United Kingdom,2,Loyal Customers
2285,86,2,285.74,142.87,7.6,14,2011-09-14 11:34:00,2011-08-31 10:40:00,0,1,14660,United Kingdom,1,Promising
2286,26,1,107.95,107.95,8.75,0,2011-11-13 11:51:00,2011-11-13 11:51:00,0,0,14661,United Kingdom,1,Promising
2287,28,7,1376.43,196.63285714285715,3.810924369747899,707,2011-11-11 12:13:00,2009-12-03 16:47:00,0,1,14662,United Kingdom,2,Loyal Customers
2288,429,2,490.6,245.3,5.838235294117647,0,2010-10-05 13:21:00,2010-10-05 13:12:00,1,1,14663,United Kingdom,3,At Risk / Lapsed
2289,19,2,636.24,318.12,4.744897959183674,13,2011-11-20 10:59:00,2011-11-06 14:56:00,0,1,14664,United Kingdom,1,Promising
2290,60,7,2749.65,392.8071428571429,8.666666666666666,531,2011-10-10 09:14:00,2010-04-26 11:17:00,0,1,14665,United Kingdom,2,Loyal Customers
2291,23,1,179.95,179.95,11.923076923076923,0,2011-11-15 12:57:00,2011-11-15 12:57:00,0,0,14666,United Kingdom,1,Promising
2292,10,54,21557.3,399.2092592592592,9.431665421956684,726,2011-11-29 11:30:00,2009-12-02 12:38:00,0,1,14667,United Kingdom,0,Champions
2293,444,1,111.63,111.63,4.083333333333333,0,2010-09-20 15:03:00,2010-09-20 15:03:00,1,0,14668,United Kingdom,3,At Risk / Lapsed
2294,241,7,3216.78,459.54,5.27906976744186,495,2011-04-12 11:43:00,2009-12-02 13:06:00,1,1,14669,United Kingdom,2,Loyal Customers
2295,279,3,583.33,194.44333333333336,2.363128491620112,452,2011-03-04 14:13:00,2009-12-07 13:59:00,1,1,14670,United Kingdom,1,Promising
2296,548,2,1127.45,563.725,10.38181818181818,18,2010-06-08 13:39:00,2010-05-20 18:21:00,1,1,14671,United Kingdom,3,At Risk / Lapsed
2297,234,4,1113.14,278.285,6.09433962264151,445,2011-04-19 10:19:00,2010-01-28 11:33:00,1,1,14672,United Kingdom,2,Loyal Customers
2298,2,7,3410.81,487.2585714285714,12.484662576687116,406,2011-12-06 14:31:00,2010-10-26 10:14:00,0,1,14673,United Kingdom,2,Loyal Customers
2299,508,1,173.66,173.66,7.357142857142857,0,2010-07-18 14:25:00,2010-07-18 14:25:00,1,0,14674,United Kingdom,3,At Risk / Lapsed
2300,15,2,1015.58,507.79,2.986425339366516,372,2011-11-23 12:58:00,2010-11-16 12:22:00,0,1,14675,United Kingdom,1,Promising
2301,30,12,8356.79,696.3991666666667,66.10526315789474,608,2011-11-08 13:29:00,2010-03-10 09:30:00,0,1,14676,United Kingdom,0,Champions
2302,592,1,184.91,184.91,9.928571428571429,0,2010-04-26 09:48:00,2010-04-26 09:48:00,1,0,14677,United Kingdom,3,At Risk / Lapsed
2303,578,1,403.39,403.39,7.458333333333333,0,2010-05-09 14:32:00,2010-05-09 14:32:00,1,0,14678,United Kingdom,3,At Risk / Lapsed
2304,381,3,1289.44,429.8133333333333,12.603174603174605,349,2010-11-23 11:51:00,2009-12-08 17:13:00,1,1,14679,United Kingdom,3,At Risk / Lapsed
2305,24,58,57369.38,989.1272413793102,21.240683229813666,710,2011-11-14 16:59:00,2009-12-04 12:36:00,0,1,14680,United Kingdom,0,Champions
2306,70,6,875.1500000000001,145.85833333333335,8.6,582,2011-09-29 15:52:00,2010-02-24 08:54:00,0,1,14681,United Kingdom,2,Loyal Customers
2307,187,6,1514.81,252.46833333333333,11.034883720930232,484,2011-06-05 12:12:00,2010-02-05 14:47:00,1,1,14682,United Kingdom,2,Loyal Customers
2308,587,1,146.56,146.56,18.38095238095238,0,2010-04-30 17:18:00,2010-04-30 17:18:00,1,0,14683,United Kingdom,3,At Risk / Lapsed
2309,25,6,1430.03,238.3383333333333,2.067901234567901,364,2011-11-14 11:33:00,2010-11-14 14:07:00,0,1,14684,United Kingdom,2,Loyal Customers
2310,575,8,4536.64,567.08,10.529411764705882,150,2010-05-12 13:08:00,2009-12-13 11:32:00,1,1,14685,United Kingdom,2,Loyal Customers
2311,413,5,852.53,170.506,2.08675799086758,245,2010-10-21 18:31:00,2010-02-18 18:29:00,1,1,14686,United Kingdom,3,At Risk / Lapsed
2312,106,3,1402.06,467.3533333333333,21.25,445,2011-08-25 11:59:00,2010-06-06 10:36:00,1,1,14687,United Kingdom,2,Loyal Customers
2313,7,28,7635.4,272.6928571428571,10.816929133858268,448,2011-12-02 12:26:00,2010-09-09 12:35:00,0,1,14688,United Kingdom,0,Champions
2314,208,1,112.8,112.8,5.846153846153846,0,2011-05-15 11:22:00,2011-05-15 11:22:00,1,0,14689,United Kingdom,1,Promising
2315,43,4,777.68,194.42,3.3106796116504853,366,2011-10-26 15:39:00,2010-10-25 12:20:00,0,1,14690,United Kingdom,2,Loyal Customers
2316,30,5,2114.33,422.866,9.95774647887324,182,2011-11-09 12:30:00,2011-05-11 09:55:00,0,1,14691,United Kingdom,2,Loyal Customers
2317,136,12,1715.14,142.9283333333333,5.59748427672956,480,2011-07-25 15:08:00,2010-04-01 14:04:00,1,1,14692,United Kingdom,2,Loyal Customers
2318,264,7,1165.36,166.48,5.173333333333333,261,2011-03-20 12:50:00,2010-07-02 08:28:00,1,1,14693,United Kingdom,2,Loyal Customers
2319,616,1,244.31,244.31,12.866666666666667,0,2010-04-01 19:46:00,2010-04-01 19:46:00,1,0,14694,United Kingdom,3,At Risk / Lapsed
2320,518,3,1534.22,511.4066666666667,8.060975609756097,213,2010-07-08 14:18:00,2009-12-07 11:05:00,1,1,14695,United Kingdom,3,At Risk / Lapsed
2321,3,8,2767.9,345.9875,12.505813953488373,417,2011-12-05 13:43:00,2010-10-14 11:43:00,0,1,14696,United Kingdom,2,Loyal Customers
2322,217,2,188.61,94.305,8.227272727272727,0,2011-05-05 15:39:00,2011-05-05 15:29:00,1,1,14697,United Kingdom,1,Promising
2323,1,5,1217.27,243.454,3.01,49,2011-12-08 12:26:00,2011-10-19 12:54:00,0,1,14698,United Kingdom,2,Loyal Customers
2324,213,4,702.6,175.65,9.68,311,2011-05-09 14:54:00,2010-07-02 12:04:00,1,1,14699,United Kingdom,2,Loyal Customers
2325,31,5,3076.06,615.212,9.616766467065869,453,2011-11-07 14:40:00,2010-08-11 12:19:00,0,1,14700,United Kingdom,2,Loyal Customers
2326,10,15,4487.11,299.1406666666666,2.9310924369747897,674,2011-11-29 12:38:00,2010-01-24 12:15:00,0,1,14701,United Kingdom,0,Champions
2327,0,29,6667.43,229.91137931034484,4.294200848656295,727,2011-12-08 19:29:00,2009-12-10 20:22:00,0,1,14702,United Kingdom,0,Champions
2328,14,1,318.17,318.17,8.318181818181818,0,2011-11-25 09:23:00,2011-11-25 09:23:00,0,0,14703,United Kingdom,1,Promising
2329,19,9,1720.58,191.17555555555555,2.557522123893805,604,2011-11-20 12:20:00,2010-03-25 17:21:00,0,1,14704,United Kingdom,2,Loyal Customers
2330,198,1,179.0,179.0,100.0,0,2011-05-25 12:39:00,2011-05-25 12:39:00,1,0,14705,United Kingdom,1,Promising
2331,618,1,367.54,367.54,9.84,0,2010-03-31 11:09:00,2010-03-31 11:09:00,1,0,14706,United Kingdom,3,At Risk / Lapsed
2332,435,2,139.2,69.6,48.0,141,2010-09-30 11:37:00,2010-05-12 11:07:00,1,1,14707,United Kingdom,3,At Risk / Lapsed
2333,2,5,2212.28,442.456,28.471698113207548,452,2011-12-07 08:21:00,2010-09-10 10:26:00,0,1,14708,United Kingdom,2,Loyal Customers
2334,14,25,8886.33,355.4532,11.599439775910364,719,2011-11-24 15:41:00,2009-12-05 15:26:00,0,1,14709,United Kingdom,0,Champions
2335,13,13,1899.79,146.1376923076923,2.627314814814815,721,2011-11-25 14:53:00,2009-12-03 17:12:00,0,1,14710,United Kingdom,0,Champions
2336,9,11,2839.62,258.1472727272727,2.8,252,2011-11-29 14:58:00,2011-03-22 13:32:00,0,1,14711,United Kingdom,0,Champions
2337,28,4,1328.0700000000002,332.01750000000004,12.84375,388,2011-11-10 12:59:00,2010-10-17 14:49:00,0,1,14712,United Kingdom,2,Loyal Customers
2338,8,21,5414.31,257.8242857142857,4.931428571428572,726,2011-11-30 16:26:00,2009-12-03 19:22:00,0,1,14713,United Kingdom,0,Champions
2339,23,4,906.24,226.56,6.903225806451613,663,2011-11-15 13:07:00,2010-01-21 11:51:00,0,1,14714,United Kingdom,2,Loyal Customers
2340,24,8,1809.55,226.19375,7.558823529411764,664,2011-11-15 12:10:00,2010-01-19 12:18:00,0,1,14715,United Kingdom,2,Loyal Customers
2341,42,3,543.28,181.09333333333333,6.697916666666667,401,2011-10-27 17:29:00,2010-09-21 12:07:00,0,1,14716,United Kingdom,1,Promising
2342,732,1,81.3,81.3,2.909090909090909,0,2009-12-06 13:05:00,2009-12-06 13:05:00,1,0,14717,United Kingdom,3,At Risk / Lapsed
2343,409,1,226.42,226.42,18.363636363636363,0,2010-10-25 13:07:00,2010-10-25 13:07:00,1,0,14718,United Kingdom,3,At Risk / Lapsed
2344,1,5,1581.84,316.368,4.361702127659575,247,2011-12-08 12:43:00,2011-04-04 14:17:00,0,1,14719,United Kingdom,2,Loyal Customers
2345,5,3,663.81,221.27,5.918918918918919,120,2011-12-04 12:02:00,2011-08-05 12:06:00,0,1,14720,United Kingdom,1,Promising
2346,378,1,109.07,109.07,2.28,0,2010-11-25 13:08:00,2010-11-25 13:08:00,1,0,14721,United Kingdom,3,At Risk / Lapsed
2347,146,3,489.52,163.17333333333332,2.4597701149425286,339,2011-07-15 14:58:00,2010-08-10 13:28:00,1,1,14722,United Kingdom,1,Promising
2348,9,11,2046.85,186.07727272727277,2.8026315789473686,725,2011-11-29 15:23:00,2009-12-04 11:22:00,0,1,14723,United Kingdom,2,Loyal Customers
2349,589,1,341.9,341.9,4.487804878048781,0,2010-04-28 13:26:00,2010-04-28 13:26:00,1,0,14724,United Kingdom,3,At Risk / Lapsed
2350,24,4,1246.86,311.715,13.202020202020202,510,2011-11-15 12:42:00,2010-06-23 11:34:00,0,1,14725,United Kingdom,2,Loyal Customers
2351,654,1,116.5,116.5,5.466666666666667,0,2010-02-23 12:35:00,2010-02-23 12:35:00,1,0,14726,United Kingdom,3,At Risk / Lapsed
2352,273,3,461.03,153.67666666666665,10.044444444444444,272,2011-03-10 14:45:00,2010-06-11 13:23:00,1,1,14727,United Kingdom,1,Promising
2353,412,1,190.58,190.58,4.857142857142857,0,2010-10-22 15:57:00,2010-10-22 15:57:00,1,0,14728,United Kingdom,3,At Risk / Lapsed
2354,373,3,899.73,299.91,2.8029556650246303,251,2010-12-01 12:43:00,2010-03-24 13:30:00,1,1,14729,United Kingdom,3,At Risk / Lapsed
2355,0,8,1897.57,237.19625,2.333333333333333,275,2011-12-08 14:39:00,2011-03-08 12:49:00,0,1,14730,United Kingdom,2,Loyal Customers
2356,46,3,380.02,126.67333333333332,5.688888888888889,165,2011-10-23 15:54:00,2011-05-11 13:06:00,0,1,14731,United Kingdom,1,Promising
2357,7,19,5517.07,290.3721052631579,8.205776173285198,722,2011-12-01 14:34:00,2009-12-09 10:48:00,0,1,14732,United Kingdom,0,Champions
2358,15,15,16165.17,1077.678,18.67146974063401,385,2011-11-23 15:39:00,2010-11-02 15:42:00,0,1,14733,United Kingdom,0,Champions
2359,425,4,1056.42,264.105,6.0,125,2010-10-10 12:04:00,2010-06-06 15:15:00,1,1,14734,United Kingdom,3,At Risk / Lapsed
2360,3,55,12225.16,222.27563636363635,12.36164383561644,732,2011-12-06 12:09:00,2009-12-04 11:32:00,0,1,14735,United Kingdom,0,Champions
2361,484,2,374.05,187.025,1.681818181818182,0,2010-08-11 15:21:00,2010-08-11 15:13:00,1,1,14736,United Kingdom,3,At Risk / Lapsed
2362,3,4,3554.17,888.5425,23.8,396,2011-12-06 10:16:00,2010-11-04 11:29:00,0,1,14737,United Kingdom,2,Loyal Customers
2363,42,9,1821.9,202.4333333333333,9.4625,689,2011-10-28 08:56:00,2009-12-07 10:21:00,0,1,14738,United Kingdom,2,Loyal Customers
2364,3,25,12287.5,491.5,39.734375,733,2011-12-05 16:54:00,2009-12-02 13:23:00,0,1,14739,United Kingdom,0,Champions
2365,196,11,4161.06,378.27818181818185,9.008658008658008,455,2011-05-26 18:17:00,2010-02-25 11:40:00,1,1,14740,United Kingdom,0,Champions
2366,11,7,1897.59,271.0842857142857,13.176470588235292,405,2011-11-28 08:48:00,2010-10-18 09:33:00,0,1,14741,United Kingdom,2,Loyal Customers
2367,434,1,579.85,579.85,11.0,0,2010-09-30 14:07:00,2010-09-30 14:07:00,1,0,14742,United Kingdom,3,At Risk / Lapsed
2368,592,1,50.48,50.48,13.333333333333334,0,2010-04-26 10:26:00,2010-04-26 10:26:00,1,0,14743,United Kingdom,3,At Risk / Lapsed
2369,15,14,3885.08,277.5057142857143,21.049586776859503,553,2011-11-23 12:51:00,2010-05-18 14:06:00,0,1,14744,United Kingdom,0,Champions
2370,112,12,2551.41,212.6175,14.064285714285717,524,2011-08-19 10:05:00,2010-03-12 10:33:00,1,1,14745,United Kingdom,0,Champions
2371,405,4,593.5,148.375,44.22222222222222,17,2010-10-29 14:44:00,2010-10-12 11:06:00,1,1,14746,United Kingdom,3,At Risk / Lapsed
2372,248,1,328.2,328.2,4.666666666666667,0,2011-04-04 14:09:00,2011-04-04 14:09:00,1,0,14747,United Kingdom,1,Promising
2373,28,10,3152.32,315.232,14.408376963350785,616,2011-11-10 18:33:00,2010-03-04 17:08:00,0,1,14748,United Kingdom,0,Champions
2374,479,1,310.15,310.15,22.38888888888889,0,2010-08-17 12:36:00,2010-08-17 12:36:00,1,0,14749,United Kingdom,3,At Risk / Lapsed
2375,735,1,112.03,112.03,2.03125,0,2009-12-03 17:57:00,2009-12-03 17:57:00,1,0,14750,United Kingdom,3,At Risk / Lapsed
2376,683,2,126.45,63.225,9.285714285714286,41,2010-01-24 13:37:00,2009-12-13 14:08:00,1,1,14751,United Kingdom,3,At Risk / Lapsed
2377,43,1,389.64,389.64,52.0,0,2011-10-27 11:55:00,2011-10-27 11:55:00,0,0,14752,United Kingdom,1,Promising
2378,86,2,869.51,434.755,8.583333333333334,373,2011-09-13 14:50:00,2010-09-05 11:04:00,0,1,14753,United Kingdom,1,Promising
2379,44,6,1547.93,257.98833333333334,7.426470588235294,646,2011-10-26 12:01:00,2010-01-18 11:04:00,0,1,14754,United Kingdom,2,Loyal Customers
2380,9,25,9972.55,398.902,9.265263157894736,726,2011-11-30 11:24:00,2009-12-03 16:51:00,0,1,14755,United Kingdom,0,Champions
2381,14,3,2653.76,884.5866666666667,11.957983193277313,409,2011-11-24 18:13:00,2010-10-11 11:50:00,0,1,14756,United Kingdom,2,Loyal Customers
2382,74,1,420.5,420.5,8.421052631578947,0,2011-09-25 14:36:00,2011-09-25 14:36:00,0,0,14757,United Kingdom,1,Promising
2383,144,7,2864.97,409.2814285714285,6.176470588235294,465,2011-07-18 08:21:00,2010-04-08 08:27:00,1,1,14758,United Kingdom,2,Loyal Customers
2384,4,3,1625.97,541.99,5.578431372549019,228,2011-12-05 12:03:00,2011-04-21 10:55:00,0,1,14759,United Kingdom,2,Loyal Customers
2385,296,1,89.2,89.2,8.0,0,2011-02-15 16:27:00,2011-02-15 16:27:00,1,0,14760,United Kingdom,1,Promising
2386,58,3,447.92,149.30666666666667,8.583333333333334,385,2011-10-12 12:10:00,2010-09-21 14:22:00,0,1,14761,United Kingdom,1,Promising
2387,263,2,417.57,208.785,14.266666666666667,362,2011-03-21 08:20:00,2010-03-23 15:36:00,1,1,14762,United Kingdom,1,Promising
2388,46,1,278.3,278.3,31.666666666666668,0,2011-10-24 11:54:00,2011-10-24 11:54:00,0,0,14764,United Kingdom,1,Promising
2389,28,3,254.11,84.70333333333333,3.4615384615384617,147,2011-11-10 19:53:00,2011-06-16 19:49:00,0,1,14765,United Kingdom,1,Promising
2390,7,11,6556.13,596.0118181818182,11.95,543,2011-12-01 16:05:00,2010-06-06 11:11:00,0,1,14766,United Kingdom,0,Champions
2391,473,1,382.81,382.81,6.5,0,2010-08-22 14:54:00,2010-08-22 14:54:00,1,0,14767,United Kingdom,3,At Risk / Lapsed
2392,16,2,192.6,96.3,10.4,109,2011-11-22 12:54:00,2011-08-04 13:25:00,0,1,14768,United Kingdom,1,Promising
2393,2,17,15512.46,912.4976470588236,7.914817465998568,721,2011-12-07 10:24:00,2009-12-16 09:17:00,0,1,14769,United Kingdom,0,Champions
2394,231,8,3637.64,454.705,8.111675126903553,419,2011-04-21 14:21:00,2010-02-25 18:58:00,1,1,14770,United Kingdom,2,Loyal Customers
2395,620,2,594.62,297.31,13.23404255319149,115,2010-03-28 12:52:00,2009-12-03 09:44:00,1,1,14771,United Kingdom,3,At Risk / Lapsed
2396,111,1,139.26,139.26,9.11111111111111,0,2011-08-19 15:04:00,2011-08-19 15:04:00,1,0,14772,United Kingdom,1,Promising
2397,592,1,140.55,140.55,5.3,0,2010-04-26 10:29:00,2010-04-26 10:29:00,1,0,14773,United Kingdom,3,At Risk / Lapsed
2398,528,1,241.45,241.45,7.615384615384615,0,2010-06-29 12:26:00,2010-06-29 12:26:00,1,0,14774,United Kingdom,3,At Risk / Lapsed
2399,57,3,1418.46,472.82,19.475,313,2011-10-12 15:27:00,2010-12-02 16:38:00,0,1,14775,United Kingdom,2,Loyal Customers
2400,50,15,3708.3,247.22,24.51578947368421,395,2011-10-19 15:34:00,2010-09-19 14:12:00,0,1,14776,United Kingdom,0,Champions
2401,403,1,307.56,307.56,13.25,0,2010-11-01 12:50:00,2010-11-01 12:50:00,1,0,14777,United Kingdom,3,At Risk / Lapsed
2402,126,2,730.86,365.43,8.742857142857142,181,2011-08-04 15:23:00,2011-02-04 11:43:00,1,1,14778,United Kingdom,1,Promising
2403,280,3,386.15,128.71666666666667,2.048780487804878,43,2011-03-04 12:42:00,2011-01-20 12:04:00,1,1,14779,United Kingdom,1,Promising
2404,54,2,447.68,223.84,11.48148148148148,24,2011-10-16 12:46:00,2011-09-21 15:15:00,0,1,14780,United Kingdom,1,Promising
2405,319,1,200.1,200.1,19.0,0,2011-01-24 11:12:00,2011-01-24 11:12:00,1,0,14782,United Kingdom,3,At Risk / Lapsed
2406,658,1,307.3,307.3,15.411764705882351,0,2010-02-18 16:16:00,2010-02-18 16:16:00,1,0,14783,United Kingdom,3,At Risk / Lapsed
2407,25,3,449.93,149.97666666666666,13.444444444444445,363,2011-11-13 13:30:00,2010-11-15 09:49:00,0,1,14784,United Kingdom,1,Promising
2408,9,2,77.4,38.7,28.0,4,2011-11-29 13:21:00,2011-11-24 13:40:00,0,1,14785,United Kingdom,1,Promising
2409,549,1,90.96,90.96,16.0,0,2010-06-07 13:42:00,2010-06-07 13:42:00,1,0,14786,United Kingdom,3,At Risk / Lapsed
2410,470,1,110.65,110.65,3.933333333333333,0,2010-08-25 14:38:00,2010-08-25 14:38:00,1,0,14787,United Kingdom,3,At Risk / Lapsed
2411,6,3,1156.32,385.44,12.39655172413793,588,2011-12-02 17:06:00,2010-04-22 18:16:00,0,1,14788,United Kingdom,2,Loyal Customers
2412,28,1,197.64,197.64,19.33333333333333,0,2011-11-11 08:59:00,2011-11-11 08:59:00,0,0,14789,United Kingdom,1,Promising
2413,16,10,2526.62,252.662,18.22068965517241,711,2011-11-23 09:28:00,2009-12-11 14:37:00,0,1,14790,United Kingdom,2,Loyal Customers
2414,606,1,303.63,303.63,6.684210526315789,0,2010-04-12 10:24:00,2010-04-12 10:24:00,1,0,14791,United Kingdom,3,At Risk / Lapsed
2415,63,1,6.2,6.2,1.0,0,2011-10-07 09:19:00,2011-10-07 09:19:00,0,0,14792,United Kingdom,1,Promising
2416,20,2,625.9,312.95,9.256410256410255,513,2011-11-18 14:50:00,2010-06-22 16:54:00,0,1,14793,United Kingdom,1,Promising
2417,2,10,1953.9,195.39,7.528846153846154,484,2011-12-07 10:11:00,2010-08-09 15:44:00,0,1,14794,United Kingdom,2,Loyal Customers
2418,165,1,131.45000000000002,131.45000000000002,2.833333333333333,0,2011-06-26 13:04:00,2011-06-26 13:04:00,1,0,14795,United Kingdom,1,Promising
2419,0,27,10838.98,401.4437037037037,4.940337224383917,724,2011-12-08 15:31:00,2009-12-14 15:06:00,0,1,14796,United Kingdom,0,Champions
2420,506,1,300.31,300.31,6.1875,0,2010-07-20 14:07:00,2010-07-20 14:07:00,1,0,14797,United Kingdom,3,At Risk / Lapsed
2421,52,8,724.31,90.53875,12.26530612244898,596,2011-10-18 10:58:00,2010-03-01 08:38:00,0,1,14798,United Kingdom,2,Loyal Customers
2422,50,2,338.15,169.075,21.52173913043478,686,2011-10-19 16:16:00,2009-12-02 11:18:00,0,1,14799,United Kingdom,1,Promising
2423,47,17,7735.92,455.0541176470588,10.669230769230769,387,2011-10-23 12:46:00,2010-09-30 14:38:00,0,1,14800,United Kingdom,0,Champions
2424,60,1,189.34,189.34,3.0350877192982457,0,2011-10-09 15:24:00,2011-10-09 15:24:00,0,0,14801,United Kingdom,1,Promising
2425,161,3,845.55,281.85,8.409090909090908,130,2011-06-30 13:58:00,2011-02-20 13:21:00,1,1,14803,United Kingdom,2,Loyal Customers
2426,8,1,353.27,353.27,10.083333333333334,0,2011-12-01 11:20:00,2011-12-01 11:20:00,0,0,14804,United Kingdom,1,Promising
2427,14,7,1082.55,154.65,3.2755905511811023,606,2011-11-24 16:20:00,2010-03-28 12:34:00,0,1,14805,United Kingdom,2,Loyal Customers
2428,74,2,303.43,151.715,21.15,363,2011-09-25 15:32:00,2010-09-26 15:50:00,0,1,14806,United Kingdom,1,Promising
2429,390,2,504.14,252.07,6.157894736842105,259,2010-11-14 12:47:00,2010-02-28 11:33:00,1,1,14807,United Kingdom,3,At Risk / Lapsed
2430,39,8,2718.6,339.825,9.177489177489177,132,2011-10-31 12:21:00,2011-06-20 12:53:00,0,1,14808,United Kingdom,2,Loyal Customers
2431,620,2,686.76,343.38,12.88888888888889,0,2010-03-28 15:44:00,2010-03-28 15:42:00,1,1,14809,United Kingdom,3,At Risk / Lapsed
2432,40,13,2531.92,194.7630769230769,3.854489164086688,388,2011-10-30 11:19:00,2010-10-06 13:12:00,0,1,14810,United Kingdom,0,Champions
2433,386,1,170.5,170.5,2.642857142857143,0,2010-11-17 13:09:00,2010-11-17 13:09:00,1,0,14811,United Kingdom,3,At Risk / Lapsed
2434,598,1,178.85,178.85,3.75,0,2010-04-20 12:13:00,2010-04-20 12:13:00,1,0,14812,United Kingdom,3,At Risk / Lapsed
2435,369,4,1041.79,260.4475,2.7425149700598803,241,2010-12-05 11:57:00,2010-04-08 11:49:00,1,1,14813,United Kingdom,3,At Risk / Lapsed
2436,580,1,152.96,152.96,3.1724137931034484,0,2010-05-07 14:10:00,2010-05-07 14:10:00,1,0,14814,United Kingdom,3,At Risk / Lapsed
2437,36,2,778.5,389.25,14.037735849056604,31,2011-11-03 11:36:00,2011-10-03 11:36:00,0,1,14815,United Kingdom,1,Promising
2438,196,1,271.85,271.85,1.25,0,2011-05-26 13:16:00,2011-05-26 13:16:00,1,0,14816,United Kingdom,1,Promising
2439,199,7,3959.86,565.6942857142857,10.704347826086956,427,2011-05-23 13:35:00,2010-03-22 12:10:00,1,1,14817,United Kingdom,2,Loyal Customers
2440,73,6,1153.56,192.26,5.221153846153846,573,2011-09-27 11:01:00,2010-03-02 12:48:00,0,1,14818,United Kingdom,2,Loyal Customers
2441,63,4,456.41,114.1025,3.1481481481481484,653,2011-10-06 13:41:00,2009-12-21 15:54:00,0,1,14819,United Kingdom,1,Promising
2442,20,9,1274.76,141.64,11.3125,656,2011-11-18 15:41:00,2010-01-31 12:49:00,0,1,14820,United Kingdom,2,Loyal Customers
2443,366,7,1278.95,182.70714285714288,6.746478873239437,309,2010-12-08 08:43:00,2010-02-01 13:33:00,1,1,14821,United Kingdom,2,Loyal Customers
2444,484,1,157.70000000000002,157.70000000000002,10.444444444444445,0,2010-08-11 12:52:00,2010-08-11 12:52:00,1,0,14822,United Kingdom,3,At Risk / Lapsed
2445,179,3,321.43,107.14333333333332,1.2571428571428571,14,2011-06-12 13:12:00,2011-05-29 12:48:00,1,1,14823,United Kingdom,1,Promising
2446,9,10,4022.91,402.29100000000005,12.367088607594935,627,2011-11-29 14:20:00,2010-03-12 13:07:00,0,1,14824,United Kingdom,0,Champions
2447,3,24,4919.18,204.9658333333333,9.210355987055015,608,2011-12-06 11:38:00,2010-04-06 14:14:00,0,1,14825,United Kingdom,0,Champions
2448,581,2,385.2,192.6,15.2,113,2010-05-07 09:00:00,2010-01-13 13:08:00,1,1,14826,United Kingdom,3,At Risk / Lapsed
2449,196,13,9839.46,756.8815384615385,96.21782178217822,535,2011-05-27 10:16:00,2009-12-07 11:19:00,1,1,14828,United Kingdom,0,Champions
2450,28,7,1692.84,241.8342857142857,10.427272727272728,407,2011-11-10 16:16:00,2010-09-29 13:14:00,0,1,14829,United Kingdom,2,Loyal Customers
2451,52,1,188.03,188.03,4.289473684210527,0,2011-10-17 14:29:00,2011-10-17 14:29:00,0,0,14830,United Kingdom,1,Promising
2452,679,3,1676.57,558.8566666666667,10.792682926829269,57,2010-01-28 14:31:00,2009-12-02 09:21:00,1,1,14831,United Kingdom,3,At Risk / Lapsed
2453,498,1,94.8,94.8,8.285714285714286,0,2010-07-29 10:06:00,2010-07-29 10:06:00,1,0,14833,United Kingdom,3,At Risk / Lapsed
2454,17,7,2206.16,315.1657142857143,10.022988505747126,389,2011-11-22 10:30:00,2010-10-28 17:37:00,0,1,14834,United Kingdom,2,Loyal Customers
2455,528,2,297.0,148.5,90.0,88,2010-06-29 10:08:00,2010-04-01 19:34:00,1,1,14835,United Kingdom,3,At Risk / Lapsed
2456,9,3,102.45,34.15,7.5,20,2011-11-29 16:45:00,2011-11-09 13:26:00,0,1,14836,United Kingdom,1,Promising
2457,89,9,3460.32,384.48,14.497607655502392,595,2011-09-11 10:58:00,2010-01-24 10:20:00,0,1,14837,United Kingdom,2,Loyal Customers
2458,422,2,769.9200000000001,384.96,5.1571428571428575,313,2010-10-12 15:46:00,2009-12-03 09:52:00,1,1,14838,United Kingdom,3,At Risk / Lapsed
2459,417,3,915.28,305.0933333333333,12.527027027027026,285,2010-10-17 13:01:00,2010-01-04 16:29:00,1,1,14839,United Kingdom,3,At Risk / Lapsed
2460,267,2,362.71,181.355,8.136363636363637,271,2011-03-17 12:00:00,2010-06-18 15:42:00,1,1,14840,United Kingdom,1,Promising
2461,52,14,7163.0,511.6428571428572,13.88,683,2011-10-17 15:03:00,2009-12-02 16:49:00,0,1,14841,United Kingdom,0,Champions
2462,43,4,2824.69,706.1725,8.041379310344828,264,2011-10-27 12:37:00,2011-02-04 15:32:00,0,1,14842,United Kingdom,2,Loyal Customers
2463,436,1,211.8,211.8,14.666666666666666,0,2010-09-29 12:39:00,2010-09-29 12:39:00,1,0,14843,United Kingdom,3,At Risk / Lapsed
2464,63,10,6702.43,670.243,15.772563176895307,542,2011-10-07 10:41:00,2010-04-12 12:50:00,0,1,14844,United Kingdom,0,Champions
2465,599,1,150.0,150.0,600.0,0,2010-04-19 10:19:00,2010-04-19 10:19:00,1,0,14845,United Kingdom,3,At Risk / Lapsed
2466,426,1,437.4,437.4,16.083333333333332,0,2010-10-08 17:07:00,2010-10-08 17:07:00,1,0,14846,United Kingdom,3,At Risk / Lapsed
2467,148,3,1348.95,449.65,8.596774193548388,415,2011-07-14 10:52:00,2010-05-24 12:29:00,1,1,14847,United Kingdom,2,Loyal Customers
2468,404,1,310.56,310.56,23.63636363636364,0,2010-10-31 12:22:00,2010-10-31 12:22:00,1,0,14848,United Kingdom,3,At Risk / Lapsed
2469,21,43,15763.45,366.5918604651162,15.928476821192053,676,2011-11-18 10:58:00,2010-01-10 11:40:00,0,1,14849,United Kingdom,0,Champions
2470,311,7,1770.96,252.99428571428567,7.143589743589744,256,2011-02-01 11:21:00,2010-05-20 13:28:00,1,1,14850,United Kingdom,2,Loyal Customers
2471,22,3,829.4100000000001,276.47,15.023809523809524,607,2011-11-16 14:20:00,2010-03-19 11:52:00,0,1,14851,United Kingdom,2,Loyal Customers
2472,57,18,6132.43,340.6905555555556,14.129449838187702,585,2011-10-12 13:20:00,2010-03-05 14:51:00,0,1,14852,United Kingdom,0,Champions
2473,23,5,1376.87,275.374,11.129032258064516,581,2011-11-15 16:56:00,2010-04-13 09:26:00,0,1,14853,United Kingdom,2,Loyal Customers
2474,77,11,4303.06,391.1872727272728,13.957943925233645,608,2011-09-22 17:00:00,2010-01-22 09:48:00,0,1,14854,United Kingdom,0,Champions
2475,118,7,6520.3,931.4714285714286,16.956521739130434,491,2011-08-12 14:02:00,2010-04-08 10:30:00,1,1,14855,United Kingdom,0,Champions
2476,35,3,1290.53,430.1766666666667,10.93846153846154,20,2011-11-03 14:53:00,2011-10-14 09:35:00,0,1,14856,United Kingdom,2,Loyal Customers
2477,59,7,3651.85,521.6928571428572,9.81132075471698,574,2011-10-11 09:23:00,2010-03-15 11:00:00,0,1,14857,United Kingdom,2,Loyal Customers
2478,505,1,180.75,180.75,9.545454545454543,0,2010-07-22 10:51:00,2010-07-22 10:51:00,1,0,14858,United Kingdom,3,At Risk / Lapsed
2479,12,5,1705.64,341.12800000000004,13.454545454545457,542,2011-11-27 11:18:00,2010-06-03 10:26:00,0,1,14859,United Kingdom,2,Loyal Customers
2480,18,1,170.32,170.32,21.09090909090909,0,2011-11-20 14:17:00,2011-11-20 14:17:00,0,0,14860,United Kingdom,1,Promising
2481,51,10,1380.73,138.073,12.511627906976743,679,2011-10-18 12:54:00,2009-12-08 12:12:00,0,1,14861,United Kingdom,2,Loyal Customers
2482,25,2,841.1999999999999,420.6,16.083333333333332,122,2011-11-14 10:01:00,2011-07-14 11:20:00,0,1,14862,United Kingdom,1,Promising
2483,28,1,266.76,266.76,12.0,0,2011-11-10 15:04:00,2011-11-10 15:04:00,0,0,14863,United Kingdom,1,Promising
2484,6,4,129.72,32.43,33.333333333333336,731,2011-12-02 16:25:00,2009-12-01 16:05:00,0,1,14865,United Kingdom,1,Promising
2485,10,17,20803.72,1223.7482352941176,68.37777777777778,433,2011-11-29 11:45:00,2010-09-21 15:14:00,0,1,14866,United Kingdom,0,Champions
2486,185,16,2952.06,184.50375,7.2700729927007295,548,2011-06-07 11:39:00,2009-12-05 15:47:00,1,1,14867,United Kingdom,0,Champions
2487,2,12,4184.01,348.6675,10.56872037914692,416,2011-12-06 14:49:00,2010-10-15 14:52:00,0,1,14868,United Kingdom,0,Champions
2488,8,6,2778.14,463.0233333333333,8.729508196721312,715,2011-12-01 12:36:00,2009-12-16 11:43:00,0,1,14869,United Kingdom,2,Loyal Customers
2489,261,6,1838.95,306.4916666666667,7.430769230769231,422,2011-03-23 10:51:00,2010-01-25 09:05:00,1,1,14870,United Kingdom,2,Loyal Customers
2490,2,9,1228.17,136.46333333333334,2.2989690721649483,735,2011-12-06 13:42:00,2009-12-01 11:57:00,0,1,14871,United Kingdom,2,Loyal Customers
2491,483,3,816.6,272.2,15.395348837209305,149,2010-08-13 12:34:00,2010-03-16 14:41:00,1,1,14872,United Kingdom,3,At Risk / Lapsed
2492,209,2,854.13,427.065,6.346938775510204,423,2011-05-13 13:52:00,2010-03-16 10:51:00,1,1,14873,United Kingdom,1,Promising
2493,534,1,116.18,116.18,24.666666666666668,0,2010-06-22 14:58:00,2010-06-22 14:58:00,1,0,14874,United Kingdom,3,At Risk / Lapsed
2494,107,3,2862.4,954.1333333333332,14.96629213483146,334,2011-08-24 12:20:00,2010-09-24 10:28:00,1,1,14875,United Kingdom,2,Loyal Customers
2495,520,2,256.7,128.35,12.461538461538462,40,2010-07-06 14:57:00,2010-05-27 13:49:00,1,1,14876,United Kingdom,3,At Risk / Lapsed
2496,417,2,425.85,212.925,2.6666666666666665,224,2010-10-17 13:09:00,2010-03-07 12:25:00,1,1,14877,United Kingdom,3,At Risk / Lapsed
2497,12,25,4076.5,163.06,6.547425474254743,644,2011-11-27 11:15:00,2010-02-21 11:14:00,0,1,14878,United Kingdom,0,Champions
2498,684,1,185.06,185.06,3.851851851851852,0,2010-01-24 11:35:00,2010-01-24 11:35:00,1,0,14879,United Kingdom,3,At Risk / Lapsed
2499,76,3,690.59,230.1966666666667,7.934782608695652,211,2011-09-23 13:42:00,2011-02-24 12:27:00,0,1,14880,United Kingdom,1,Promising
2500,19,1,255.4,255.4,18.58823529411765,0,2011-11-20 11:06:00,2011-11-20 11:06:00,0,0,14881,United Kingdom,1,Promising
2501,26,14,3546.65,253.33214285714288,24.83076923076923,592,2011-11-13 12:47:00,2010-03-30 15:02:00,0,1,14882,United Kingdom,0,Champions
2502,18,6,761.59,126.93166666666669,14.90566037735849,193,2011-11-21 10:23:00,2011-05-12 09:49:00,0,1,14883,United Kingdom,2,Loyal Customers
2503,668,1,120.6,120.6,9.0,0,2010-02-08 12:56:00,2010-02-08 12:56:00,1,0,14884,United Kingdom,3,At Risk / Lapsed
2504,131,3,1598.12,532.7066666666666,42.193548387096776,334,2011-07-31 12:05:00,2010-08-31 10:11:00,1,1,14885,United Kingdom,2,Loyal Customers
2505,252,1,364.8,364.8,8.88888888888889,0,2011-04-01 08:56:00,2011-04-01 08:56:00,1,0,14886,United Kingdom,1,Promising
2506,78,1,1862.0,1862.0,183.33333333333331,0,2011-09-21 15:32:00,2011-09-21 15:32:00,0,0,14887,United Kingdom,1,Promising
2507,206,1,369.2,369.2,9.2,0,2011-05-16 14:58:00,2011-05-16 14:58:00,1,0,14888,United Kingdom,1,Promising
2508,335,1,135.9,135.9,9.0,0,2011-01-07 15:19:00,2011-01-07 15:19:00,1,0,14889,United Kingdom,3,At Risk / Lapsed
2509,253,3,817.25,272.4166666666667,11.157894736842104,406,2011-03-31 11:57:00,2010-02-18 09:00:00,1,1,14890,United Kingdom,2,Loyal Customers
2510,147,4,1106.73,276.6825,12.507936507936508,288,2011-07-14 18:08:00,2010-09-29 12:41:00,1,1,14891,United Kingdom,2,Loyal Customers
2511,690,1,202.35,202.35,6.076923076923077,0,2010-01-18 08:58:00,2010-01-18 08:58:00,1,0,14892,United Kingdom,3,At Risk / Lapsed
2512,9,3,1809.61,603.2033333333334,9.87735849056604,608,2011-11-30 12:31:00,2010-04-01 09:03:00,0,1,14893,United Kingdom,2,Loyal Customers
2513,84,3,1492.81,497.6033333333333,13.108695652173912,652,2011-09-15 13:51:00,2009-12-02 10:42:00,0,1,14894,United Kingdom,2,Loyal Customers
2514,7,38,25119.54,661.0405263157895,11.904444444444444,721,2011-12-02 09:23:00,2009-12-10 14:22:00,0,1,14895,United Kingdom,0,Champions
2515,204,8,2083.2200000000003,260.40250000000003,3.912280701754386,528,2011-05-19 10:20:00,2009-12-06 12:42:00,1,1,14896,United Kingdom,2,Loyal Customers
2516,7,8,3140.54,392.5675,9.149606299212598,716,2011-12-02 10:32:00,2009-12-15 17:05:00,0,1,14897,United Kingdom,2,Loyal Customers
2517,22,14,3464.45,247.46071428571423,7.568027210884353,712,2011-11-16 14:54:00,2009-12-03 16:40:00,0,1,14898,United Kingdom,0,Champions
2518,394,1,1331.38,1331.38,4.418604651162791,0,2010-11-09 15:20:00,2010-11-09 15:20:00,1,0,14899,United Kingdom,3,At Risk / Lapsed
2519,521,1,13.919999999999998,13.919999999999998,48.0,0,2010-07-05 15:09:00,2010-07-05 15:09:00,1,0,14900,United Kingdom,3,At Risk / Lapsed
2520,10,12,2281.4,190.11666666666667,6.313253012048193,487,2011-11-28 17:09:00,2010-07-29 11:11:00,0,1,14901,United Kingdom,0,Champions
2521,25,3,1035.62,345.2066666666667,12.135593220338984,527,2011-11-14 10:34:00,2010-06-04 12:35:00,0,1,14902,United Kingdom,2,Loyal Customers
2522,20,5,2795.33,559.066,4.3742857142857146,257,2011-11-18 16:07:00,2011-03-06 11:50:00,0,1,14903,United Kingdom,2,Loyal Customers
2523,1,4,1630.49,407.6225,17.886524822695037,425,2011-12-07 12:55:00,2010-10-08 12:48:00,0,1,14904,United Kingdom,2,Loyal Customers
2524,157,8,1971.39,246.42375,12.935897435897436,578,2011-07-05 12:41:00,2009-12-03 14:36:00,1,1,14905,United Kingdom,2,Loyal Customers
2525,2,16,6165.79,385.361875,9.516891891891891,599,2011-12-06 14:14:00,2010-04-16 13:40:00,0,1,14907,United Kingdom,0,Champions
2526,73,2,381.9,190.95,13.0,388,2011-09-26 12:56:00,2010-09-02 16:39:00,0,1,14908,United Kingdom,1,Promising
2527,436,3,1404.68,468.2266666666667,11.1,226,2010-09-28 16:56:00,2010-02-14 15:47:00,1,1,14909,United Kingdom,3,At Risk / Lapsed
2528,2,4,434.35,108.5875,7.933333333333334,51,2011-12-07 10:06:00,2011-10-16 11:06:00,0,1,14910,United Kingdom,1,Promising
2529,0,378,284437.73,752.4807671957672,13.365038331253343,737,2011-12-08 15:54:00,2009-12-01 11:41:00,0,1,14911,EIRE,0,Champions
2530,16,6,1889.25,314.875,28.873015873015877,665,2011-11-23 09:20:00,2010-01-26 16:29:00,0,1,14912,Italy,2,Loyal Customers
2531,35,8,4073.13,509.14125,16.012145748987855,449,2011-11-04 08:29:00,2010-08-11 08:40:00,0,1,14913,United Kingdom,2,Loyal Customers
2532,90,11,1811.25,164.6590909090909,7.855555555555555,645,2011-09-09 13:34:00,2009-12-03 10:17:00,0,1,14915,United Kingdom,2,Loyal Customers
2533,70,8,3042.95,380.36875,18.02238805970149,546,2011-09-30 09:20:00,2010-04-01 10:57:00,0,1,14916,United Kingdom,2,Loyal Customers
2534,596,2,1123.75,561.875,30.724137931034484,0,2010-04-22 11:28:00,2010-04-22 09:44:00,1,1,14917,United Kingdom,3,At Risk / Lapsed
2535,115,9,5955.81,661.7566666666667,18.09219858156028,495,2011-08-16 11:50:00,2010-04-08 11:18:00,1,1,14918,United Kingdom,0,Champions
2536,538,1,359.35,359.35,9.923076923076923,0,2010-06-18 13:06:00,2010-06-18 13:06:00,1,0,14919,United Kingdom,3,At Risk / Lapsed
2537,212,3,1607.17,535.7233333333334,9.1340206185567,352,2011-05-11 10:32:00,2010-05-23 15:25:00,1,1,14920,United Kingdom,2,Loyal Customers
2538,29,2,1316.07,658.035,12.217948717948715,171,2011-11-09 13:17:00,2011-05-22 12:51:00,0,1,14921,United Kingdom,2,Loyal Customers
2539,393,2,843.74,421.87,7.52,114,2010-11-11 11:14:00,2010-07-20 09:45:00,1,1,14922,United Kingdom,3,At Risk / Lapsed
2540,50,1,749.1,749.1,9.5,0,2011-10-20 11:51:00,2011-10-20 11:51:00,0,0,14923,United Kingdom,1,Promising
2541,245,3,931.01,310.33666666666664,10.064516129032258,393,2011-04-08 09:25:00,2010-03-10 12:51:00,1,1,14924,United Kingdom,2,Loyal Customers
2542,381,2,359.4,179.7,68.0,216,2010-11-23 07:13:00,2010-04-20 09:59:00,1,1,14926,United Kingdom,3,At Risk / Lapsed
2543,396,1,308.2,308.2,9.8,0,2010-11-08 12:30:00,2010-11-08 12:30:00,1,0,14927,United Kingdom,3,At Risk / Lapsed
2544,627,1,223.91000000000005,223.91000000000005,12.761904761904765,0,2010-03-22 09:14:00,2010-03-22 09:14:00,1,0,14928,United Kingdom,3,At Risk / Lapsed
2545,31,2,836.69,418.345,14.323529411764708,389,2011-11-07 17:21:00,2010-10-14 12:22:00,0,1,14929,United Kingdom,1,Promising
2546,108,6,5236.7300000000005,872.7883333333334,7.888489208633094,497,2011-08-23 10:31:00,2010-04-12 11:22:00,1,1,14930,Channel Islands,2,Loyal Customers
2547,4,4,964.68,241.17,10.4,236,2011-12-05 10:19:00,2011-04-13 09:32:00,0,1,14931,Channel Islands,2,Loyal Customers
2548,365,2,1029.66,514.83,6.877551020408164,20,2010-12-09 11:48:00,2010-11-19 09:16:00,1,1,14932,Channel Islands,3,At Risk / Lapsed
2549,443,4,1770.0,442.5,150.0,0,2010-09-22 10:47:00,2010-09-21 17:29:00,1,1,14933,Channel Islands,3,At Risk / Lapsed
2550,81,5,3503.5,700.7,11.35135135135135,359,2011-09-19 10:10:00,2010-09-24 12:08:00,0,1,14934,Channel Islands,2,Loyal Customers
2551,296,2,2849.83,1424.915,74.26923076923077,322,2011-02-15 14:44:00,2010-03-30 11:48:00,1,1,14935,Channel Islands,2,Loyal Customers
2552,33,12,12410.81,1034.2341666666666,11.905123339658443,549,2011-11-06 10:30:00,2010-05-05 12:26:00,0,1,14936,Channel Islands,0,Champions
2553,56,3,1621.88,540.6266666666667,14.235294117647058,73,2011-10-14 12:29:00,2011-08-01 14:16:00,0,1,14937,Channel Islands,2,Loyal Customers
2554,561,2,2322.43,1161.215,19.281690140845072,0,2010-05-26 13:38:00,2010-05-26 13:35:00,1,1,14938,Channel Islands,3,At Risk / Lapsed
2555,417,2,531.49,265.745,12.0,315,2010-10-18 10:47:00,2009-12-06 15:46:00,1,1,14940,United Kingdom,3,At Risk / Lapsed
2556,578,1,182.1,182.1,11.428571428571429,0,2010-05-10 11:30:00,2010-05-10 11:30:00,1,0,14941,United Kingdom,3,At Risk / Lapsed
2557,401,4,746.56,186.64,18.63157894736842,328,2010-11-03 10:51:00,2009-12-10 10:32:00,1,1,14942,United Kingdom,3,At Risk / Lapsed
2558,662,1,107.62,107.62,9.2,0,2010-02-14 16:04:00,2010-02-14 16:04:00,1,0,14943,United Kingdom,3,At Risk / Lapsed
2559,29,19,9784.67,514.9826315789473,16.05280528052805,631,2011-11-10 09:10:00,2010-02-17 08:47:00,0,1,14944,United Kingdom,0,Champions
2560,413,1,179.4,179.4,14.181818181818182,0,2010-10-22 11:26:00,2010-10-22 11:26:00,1,0,14945,United Kingdom,3,At Risk / Lapsed
2561,13,1,100.9,100.9,7.333333333333333,0,2011-11-25 13:33:00,2011-11-25 13:33:00,0,0,14946,United Kingdom,1,Promising
2562,71,6,1049.79,174.965,7.703703703703703,552,2011-09-28 15:48:00,2010-03-25 11:29:00,0,1,14947,United Kingdom,2,Loyal Customers
2563,22,6,1101.97,183.66166666666663,10.682539682539682,196,2011-11-16 17:16:00,2011-05-04 14:52:00,0,1,14948,United Kingdom,2,Loyal Customers
2564,468,4,515.0,128.75,9.25925925925926,252,2010-08-27 15:38:00,2009-12-18 15:28:00,1,1,14949,United Kingdom,3,At Risk / Lapsed
2565,18,1,371.2,371.2,7.157894736842105,0,2011-11-20 13:48:00,2011-11-20 13:48:00,0,0,14950,United Kingdom,1,Promising
2566,78,1,311.69,311.69,15.55,0,2011-09-21 15:15:00,2011-09-21 15:15:00,0,0,14951,United Kingdom,1,Promising
2567,59,32,17629.35,550.9171875,22.72638436482085,676,2011-10-11 10:33:00,2009-12-03 15:34:00,0,1,14952,United Kingdom,0,Champions
2568,24,4,968.82,242.205,4.147540983606557,410,2011-11-14 14:59:00,2010-09-30 12:16:00,0,1,14953,United Kingdom,2,Loyal Customers
2569,11,2,462.12,231.06,1.771186440677966,690,2011-11-27 14:30:00,2010-01-05 16:38:00,0,1,14954,United Kingdom,1,Promising
2570,732,1,163.77,163.77,2.3870967741935485,0,2009-12-07 11:35:00,2009-12-07 11:35:00,1,0,14955,United Kingdom,3,At Risk / Lapsed
2571,420,1,1325.0,1325.0,625.0,0,2010-10-14 16:40:00,2010-10-14 16:40:00,1,0,14956,United Kingdom,3,At Risk / Lapsed
2572,252,2,261.69,130.845,3.4642857142857144,391,2011-03-31 17:59:00,2010-03-05 10:50:00,1,1,14957,United Kingdom,1,Promising
2573,146,6,941.99,156.9983333333333,3.492957746478873,588,2011-07-15 14:20:00,2009-12-03 16:02:00,1,1,14958,United Kingdom,2,Loyal Customers
2574,63,4,695.42,173.855,8.372881355932204,232,2011-10-06 18:23:00,2011-02-16 13:00:00,0,1,14959,United Kingdom,2,Loyal Customers
2575,7,2,221.27,110.635,8.185185185185185,162,2011-12-01 12:54:00,2011-06-21 13:38:00,0,1,14960,United Kingdom,1,Promising
2576,10,22,16410.15,745.9159090909092,12.4955223880597,724,2011-11-29 09:42:00,2009-12-04 11:32:00,0,1,14961,United Kingdom,0,Champions
2577,270,4,366.91,91.7275,8.785714285714286,313,2011-03-14 09:42:00,2010-05-04 14:57:00,1,1,14962,United Kingdom,1,Promising
2578,9,12,3123.57,260.2975,4.804621848739496,515,2011-11-30 12:16:00,2010-07-02 12:43:00,0,1,14963,United Kingdom,0,Champions
2579,246,1,206.21,206.21,11.0,0,2011-04-06 14:13:00,2011-04-06 14:13:00,1,0,14964,United Kingdom,1,Promising
2580,95,2,596.09,298.045,4.481481481481482,0,2011-09-04 13:20:00,2011-09-04 13:15:00,1,1,14965,United Kingdom,1,Promising
2581,14,6,1064.26,177.3766666666667,7.0198675496688745,709,2011-11-25 12:20:00,2009-12-15 13:48:00,0,1,14966,United Kingdom,2,Loyal Customers
2582,49,6,1982.61,330.435,22.48275862068965,686,2011-10-21 11:06:00,2009-12-03 14:07:00,0,1,14967,United Kingdom,2,Loyal Customers
2583,29,2,497.49,248.745,3.0843373493975905,428,2011-11-09 13:58:00,2010-09-07 13:28:00,0,1,14968,United Kingdom,1,Promising
2584,703,1,906.23,906.23,51.15384615384615,0,2010-01-05 12:43:00,2010-01-05 12:43:00,1,0,14969,United Kingdom,3,At Risk / Lapsed
2585,67,12,4919.35,409.9458333333334,8.690265486725664,595,2011-10-02 13:44:00,2010-02-14 13:37:00,0,1,14970,United Kingdom,0,Champions
2586,34,3,1097.98,365.9933333333333,4.122580645161291,8,2011-11-04 17:07:00,2011-10-27 13:33:00,0,1,14971,United Kingdom,2,Loyal Customers
2587,127,2,145.07,72.535,2.0,252,2011-08-03 14:54:00,2010-11-23 16:17:00,1,1,14972,United Kingdom,1,Promising
2588,106,3,1314.45,438.15,11.53125,118,2011-08-24 15:51:00,2011-04-28 12:22:00,1,1,14973,United Kingdom,2,Loyal Customers
2589,36,1,89.94,89.94,2.176470588235294,0,2011-11-02 13:01:00,2011-11-02 13:01:00,0,0,14974,United Kingdom,1,Promising
2590,56,2,472.39,236.195,19.5,363,2011-10-13 14:08:00,2010-10-14 14:11:00,0,1,14975,United Kingdom,1,Promising
2591,56,6,774.86,129.14333333333337,3.3142857142857145,269,2011-10-13 16:33:00,2011-01-17 11:09:00,0,1,14976,United Kingdom,2,Loyal Customers
2592,725,1,31.93,31.93,4.25,0,2009-12-14 10:37:00,2009-12-14 10:37:00,1,0,14977,United Kingdom,3,At Risk / Lapsed
2593,71,10,3112.19,311.219,2.537931034482759,518,2011-09-28 13:07:00,2010-04-28 10:50:00,0,1,14978,United Kingdom,0,Champions
2594,734,1,429.66,429.66,4.26530612244898,0,2009-12-04 12:54:00,2009-12-04 12:54:00,1,0,14979,United Kingdom,3,At Risk / Lapsed
2595,736,1,150.68,150.68,3.2916666666666665,0,2009-12-02 14:09:00,2009-12-02 14:09:00,1,0,14980,United Kingdom,3,At Risk / Lapsed
2596,245,2,372.92,186.46,10.954545454545457,177,2011-04-07 13:45:00,2010-10-12 11:04:00,1,1,14981,United Kingdom,1,Promising
2597,571,1,234.88,234.88,3.236842105263158,0,2010-05-16 15:52:00,2010-05-16 15:52:00,1,0,14982,United Kingdom,3,At Risk / Lapsed
2598,688,1,183.2,183.2,3.0,0,2010-01-19 17:32:00,2010-01-19 17:32:00,1,0,14983,United Kingdom,3,At Risk / Lapsed
2599,18,6,1260.51,210.085,6.444444444444445,678,2011-11-20 14:28:00,2010-01-11 13:22:00,0,1,14984,United Kingdom,2,Loyal Customers
2600,197,2,292.01,146.005,3.0843373493975905,159,2011-05-25 14:29:00,2010-12-16 19:51:00,1,1,14985,United Kingdom,1,Promising
2601,375,2,563.1,281.55,3.4489795918367347,307,2010-11-28 15:25:00,2010-01-24 15:54:00,1,1,14986,United Kingdom,3,At Risk / Lapsed
2602,15,8,1713.85,214.23125,39.47058823529412,721,2011-11-24 09:59:00,2009-12-02 14:56:00,0,1,14987,United Kingdom,2,Loyal Customers
2603,211,7,2038.65,291.2357142857143,5.361702127659575,390,2011-05-12 12:05:00,2010-04-16 13:34:00,1,1,14988,United Kingdom,2,Loyal Customers
2604,661,1,342.4,342.4,11.11111111111111,0,2010-02-16 10:40:00,2010-02-16 10:40:00,1,0,14989,United Kingdom,3,At Risk / Lapsed
2605,611,2,304.17,152.085,3.071428571428572,118,2010-04-06 13:54:00,2009-12-09 13:31:00,1,1,14990,United Kingdom,3,At Risk / Lapsed
2606,429,1,314.67,314.67,9.095238095238097,0,2010-10-05 13:01:00,2010-10-05 13:01:00,1,0,14991,United Kingdom,3,At Risk / Lapsed
2607,441,1,210.5,210.5,5.37037037037037,0,2010-09-23 17:48:00,2010-09-23 17:48:00,1,0,14992,United Kingdom,3,At Risk / Lapsed
2608,563,1,36.13,36.13,2.1,0,2010-05-25 12:47:00,2010-05-25 12:47:00,1,0,14993,United Kingdom,3,At Risk / Lapsed
2609,381,5,942.77,188.554,1.8866666666666667,240,2010-11-22 12:59:00,2010-03-26 14:16:00,1,1,14994,United Kingdom,3,At Risk / Lapsed
2610,38,2,231.98,115.99,1.7,241,2011-11-01 11:39:00,2011-03-04 13:14:00,0,1,14995,United Kingdom,1,Promising
2611,480,2,442.29,221.145,9.853658536585366,0,2010-08-15 13:44:00,2010-08-15 13:41:00,1,1,14996,United Kingdom,3,At Risk / Lapsed
2612,45,4,776.5999999999999,194.15,37.05263157894737,609,2011-10-24 13:28:00,2010-02-22 12:11:00,0,1,14997,United Kingdom,2,Loyal Customers
2613,169,4,753.18,188.295,2.816,435,2011-06-22 17:30:00,2010-04-13 16:07:00,1,1,14998,United Kingdom,2,Loyal Customers
2614,592,1,129.48000000000002,129.48000000000002,9.77777777777778,0,2010-04-26 10:47:00,2010-04-26 10:47:00,1,0,14999,United Kingdom,3,At Risk / Lapsed
2615,47,1,490.52,490.52,2.831168831168831,0,2011-10-23 11:42:00,2011-10-23 11:42:00,0,0,15000,United Kingdom,1,Promising
2616,393,2,197.11,98.555,1.5333333333333334,0,2010-11-10 13:51:00,2010-11-10 13:31:00,1,1,15001,United Kingdom,3,At Risk / Lapsed
2617,115,9,4769.7300000000005,529.97,6.774456521739131,580,2011-08-16 10:44:00,2010-01-12 11:40:00,1,1,15002,United Kingdom,0,Champions
2618,472,6,1027.03,171.17166666666665,1.5957446808510638,209,2010-08-23 15:44:00,2010-01-26 13:04:00,1,1,15003,United Kingdom,3,At Risk / Lapsed
2619,146,1,1220.38,1220.38,4.065359477124183,0,2011-07-15 14:05:00,2011-07-15 14:05:00,1,0,15004,United Kingdom,1,Promising
2620,15,56,13975.08,249.555,3.6382096974720266,722,2011-11-24 12:25:00,2009-12-01 14:19:00,0,1,15005,United Kingdom,0,Champions
2621,50,2,752.83,376.415,2.132596685082873,402,2011-10-19 15:08:00,2010-09-12 13:03:00,0,1,15006,United Kingdom,1,Promising
2622,158,1,156.91,156.91,5.75,0,2011-07-03 16:00:00,2011-07-03 16:00:00,1,0,15007,United Kingdom,1,Promising
2623,479,2,360.0,180.0,125.0,157,2010-08-16 13:09:00,2010-03-12 11:13:00,1,1,15008,United Kingdom,3,At Risk / Lapsed
2624,11,3,1259.43,419.81,3.55,12,2011-11-27 13:35:00,2011-11-14 17:40:00,0,1,15009,United Kingdom,2,Loyal Customers
2625,35,1,308.94,308.94,9.2,0,2011-11-04 12:42:00,2011-11-04 12:42:00,0,0,15010,United Kingdom,1,Promising
2626,395,2,416.6,208.3,14.45,20,2010-11-09 11:10:00,2010-10-19 12:05:00,1,1,15011,United Kingdom,3,At Risk / Lapsed
2627,53,3,834.82,278.27333333333337,1.9218106995884772,523,2011-10-17 12:22:00,2010-05-12 11:49:00,0,1,15012,United Kingdom,2,Loyal Customers
2628,487,10,1610.82,161.082,5.044117647058823,189,2010-08-09 12:05:00,2010-01-31 12:15:00,1,1,15013,United Kingdom,2,Loyal Customers
2629,42,2,257.67,128.835,4.515151515151516,133,2011-10-27 20:07:00,2011-06-16 19:40:00,0,1,15014,United Kingdom,1,Promising
2630,500,13,2344.47,180.34384615384613,5.320819112627986,223,2010-07-26 13:50:00,2009-12-14 14:46:00,1,1,15015,United Kingdom,2,Loyal Customers
2631,172,5,620.89,124.178,2.3142857142857145,370,2011-06-20 12:06:00,2010-06-14 13:06:00,1,1,15016,United Kingdom,2,Loyal Customers
2632,33,1,125.58,125.58,3.15,0,2011-11-06 10:33:00,2011-11-06 10:33:00,0,0,15017,United Kingdom,1,Promising
2633,38,3,607.46,202.48666666666668,5.833333333333333,329,2011-11-01 12:47:00,2010-12-07 10:47:00,0,1,15018,United Kingdom,1,Promising
2634,266,1,252.81,252.81,2.272727272727273,0,2011-03-18 12:35:00,2011-03-18 12:35:00,1,0,15019,United Kingdom,1,Promising
2635,378,1,198.47,198.47,4.111111111111111,0,2010-11-25 13:29:00,2010-11-25 13:29:00,1,0,15020,United Kingdom,3,At Risk / Lapsed
2636,8,12,2698.68,224.89,1.7395833333333333,489,2011-12-01 11:53:00,2010-07-29 16:35:00,0,1,15021,United Kingdom,0,Champions
2637,11,5,1133.44,226.688,4.571428571428571,665,2011-11-28 12:35:00,2010-01-31 16:02:00,0,1,15022,United Kingdom,2,Loyal Customers
2638,2,20,11984.9,599.245,5.029322548028311,671,2011-12-06 17:23:00,2010-02-03 15:45:00,0,1,15023,United Kingdom,0,Champions
2639,9,16,4050.61,253.163125,5.932065217391305,414,2011-11-30 12:06:00,2010-10-11 16:14:00,0,1,15024,United Kingdom,0,Champions
2640,32,2,971.84,485.92,3.63768115942029,535,2011-11-06 15:20:00,2010-05-20 13:28:00,0,1,15025,United Kingdom,1,Promising
2641,79,5,1044.09,208.818,4.343065693430657,368,2011-09-20 13:52:00,2010-09-17 13:52:00,0,1,15026,United Kingdom,2,Loyal Customers
2642,30,10,3195.6,319.56,30.571428571428573,593,2011-11-09 10:16:00,2010-03-25 14:39:00,0,1,15027,United Kingdom,0,Champions
2643,7,6,1148.91,191.485,6.827586206896552,385,2011-12-01 14:06:00,2010-11-10 14:32:00,0,1,15028,United Kingdom,2,Loyal Customers
2644,619,1,365.1,365.1,23.4,0,2010-03-30 12:16:00,2010-03-30 12:16:00,1,0,15029,United Kingdom,3,At Risk / Lapsed
2645,71,8,1979.91,247.48875,37.121212121212125,573,2011-09-29 10:50:00,2010-03-04 17:10:00,0,1,15030,United Kingdom,2,Loyal Customers
2646,3,14,3102.94,221.63857142857145,3.989873417721519,727,2011-12-05 14:19:00,2009-12-08 13:38:00,0,1,15031,United Kingdom,0,Champions
2647,255,8,13780.65,1722.58125,66.072,472,2011-03-28 15:03:00,2009-12-10 15:27:00,1,1,15032,United Kingdom,0,Champions
2648,4,10,2553.88,255.388,3.34,324,2011-12-05 12:40:00,2011-01-14 13:28:00,0,1,15033,United Kingdom,2,Loyal Customers
2649,15,14,8231.2,587.9428571428572,6.3138297872340425,561,2011-11-24 12:11:00,2010-05-11 13:30:00,0,1,15034,United Kingdom,0,Champions
2650,89,1,252.73,252.73,9.074074074074074,0,2011-09-11 11:08:00,2011-09-11 11:08:00,0,0,15035,United Kingdom,1,Promising
2651,71,3,429.56,143.18666666666667,2.655462184873949,107,2011-09-28 15:42:00,2011-06-13 12:19:00,0,1,15036,United Kingdom,1,Promising
2652,375,2,397.76,198.88,6.622222222222222,0,2010-11-28 13:05:00,2010-11-28 12:14:00,1,1,15037,United Kingdom,3,At Risk / Lapsed
2653,58,9,1265.41,140.60111111111112,1.5880149812734083,366,2011-10-12 11:33:00,2010-10-10 14:35:00,0,1,15038,United Kingdom,2,Loyal Customers
2654,9,93,39726.89,427.1708602150538,6.560931247726446,719,2011-11-30 11:31:00,2009-12-10 11:39:00,0,1,15039,United Kingdom,0,Champions
2655,541,1,7.49,7.49,1.0,0,2010-06-16 11:40:00,2010-06-16 11:40:00,1,0,15040,United Kingdom,3,At Risk / Lapsed
2656,169,2,288.98,144.49,1.864077669902913,274,2011-06-22 16:16:00,2010-09-21 13:16:00,1,1,15041,United Kingdom,1,Promising
2657,198,2,315.45,157.725,26.444444444444443,396,2011-05-24 16:25:00,2010-04-23 14:01:00,1,1,15042,United Kingdom,1,Promising
2658,30,6,2855.32,475.8866666666666,20.14,501,2011-11-08 14:26:00,2010-06-24 15:50:00,0,1,15043,United Kingdom,2,Loyal Customers
2659,18,32,15769.01,492.7815625,5.871076233183857,703,2011-11-20 13:20:00,2009-12-16 15:13:00,0,1,15044,United Kingdom,0,Champions
2660,151,2,735.66,367.83,9.5,105,2011-07-11 11:33:00,2011-03-27 11:44:00,1,1,15045,United Kingdom,1,Promising
2661,8,25,7604.84,304.1936,11.66412213740458,685,2011-11-30 15:50:00,2010-01-14 14:29:00,0,1,15046,United Kingdom,0,Champions
2662,269,1,343.62,343.62,10.090909090909092,0,2011-03-15 10:49:00,2011-03-15 10:49:00,1,0,15047,United Kingdom,1,Promising
2663,64,4,479.7,119.925,1.9145299145299144,303,2011-10-05 14:55:00,2010-12-06 12:15:00,0,1,15048,United Kingdom,1,Promising
2664,273,1,121.17000000000002,121.17000000000002,21.0,0,2011-03-11 12:13:00,2011-03-11 12:13:00,1,0,15049,United Kingdom,1,Promising
2665,24,5,4087.19,817.438,17.449664429530202,455,2011-11-14 16:17:00,2010-08-16 12:00:00,0,1,15050,United Kingdom,2,Loyal Customers
2666,22,9,3926.91,436.3233333333333,10.560553633217992,715,2011-11-16 15:38:00,2009-12-01 13:29:00,0,1,15051,United Kingdom,0,Champions
2667,318,1,207.73,207.73,2.821428571428572,0,2011-01-24 15:52:00,2011-01-24 15:52:00,1,0,15052,United Kingdom,3,At Risk / Lapsed
2668,4,3,693.95,231.3166666666667,14.26086956521739,277,2011-12-05 12:08:00,2011-03-03 12:06:00,0,1,15053,United Kingdom,1,Promising
2669,11,2,302.1,151.05,1.736842105263158,28,2011-11-27 15:02:00,2011-10-30 14:33:00,0,1,15054,United Kingdom,1,Promising
2670,474,3,549.12,183.04,2.7777777777777777,248,2010-08-22 11:06:00,2009-12-16 15:48:00,1,1,15055,United Kingdom,3,At Risk / Lapsed
2671,519,1,113.65,113.65,11.5,0,2010-07-07 15:58:00,2010-07-07 15:58:00,1,0,15056,United Kingdom,3,At Risk / Lapsed
2672,274,5,3255.96,651.192,19.914285714285715,458,2011-03-09 15:17:00,2009-12-05 15:27:00,1,1,15057,United Kingdom,2,Loyal Customers
2673,24,16,3387.58,211.72375,4.740634005763689,628,2011-11-14 14:57:00,2010-02-24 14:07:00,0,1,15058,United Kingdom,0,Champions
2674,40,19,3490.4,183.70526315789476,2.7159863945578238,692,2011-10-30 11:35:00,2009-12-06 12:17:00,0,1,15059,United Kingdom,0,Champions
2675,7,4,293.0,73.25,2.245614035087719,0,2011-12-01 13:47:00,2011-11-30 14:03:00,0,1,15060,United Kingdom,1,Promising
2676,3,127,137817.07,1085.1737795275592,81.85598377281947,734,2011-12-06 12:06:00,2009-12-01 12:18:00,0,1,15061,United Kingdom,0,Champions
2677,70,8,2585.62,323.2025,11.773584905660377,539,2011-09-29 16:51:00,2010-04-08 15:41:00,0,1,15062,United Kingdom,2,Loyal Customers
2678,212,1,370.8,370.8,11.2,0,2011-05-10 13:25:00,2011-05-10 13:25:00,1,0,15063,United Kingdom,1,Promising
2679,409,4,1254.41,313.6025,10.0,306,2010-10-25 14:32:00,2009-12-22 16:17:00,1,1,15064,United Kingdom,3,At Risk / Lapsed
2680,37,5,3326.86,665.3720000000001,8.710843373493976,373,2011-11-02 09:45:00,2010-10-25 09:13:00,0,1,15065,United Kingdom,2,Loyal Customers
2681,52,1,893.59,893.59,7.547619047619047,0,2011-10-17 13:25:00,2011-10-17 13:25:00,0,0,15066,United Kingdom,1,Promising
2682,77,5,3862.88,772.576,12.152542372881356,528,2011-09-22 13:20:00,2010-04-11 15:54:00,0,1,15067,United Kingdom,2,Loyal Customers
2683,45,4,1174.9,293.725,3.81651376146789,575,2011-10-24 14:47:00,2010-03-28 13:18:00,0,1,15068,United Kingdom,2,Loyal Customers
2684,178,1,1109.53,1109.53,7.428571428571429,0,2011-06-13 14:16:00,2011-06-13 14:16:00,1,0,15069,United Kingdom,1,Promising
2685,372,3,843.25,281.0833333333333,11.363636363636363,351,2010-12-02 11:23:00,2009-12-15 13:49:00,1,1,15070,United Kingdom,3,At Risk / Lapsed
2686,93,4,1455.56,363.89,7.703703703703703,476,2011-09-07 11:43:00,2010-05-18 12:45:00,1,1,15071,United Kingdom,2,Loyal Customers
2687,478,1,187.52,187.52,12.615384615384617,0,2010-08-17 15:46:00,2010-08-17 15:46:00,1,0,15072,United Kingdom,3,At Risk / Lapsed
2688,9,8,2788.02,348.5025,8.867924528301886,672,2011-11-30 10:44:00,2010-01-27 08:48:00,0,1,15073,United Kingdom,2,Loyal Customers
2689,104,3,1553.13,517.7099999999999,14.430555555555555,362,2011-08-26 14:45:00,2010-08-29 11:47:00,1,1,15074,United Kingdom,2,Loyal Customers
2690,77,1,773.03,773.03,16.555555555555557,0,2011-09-23 12:27:00,2011-09-23 12:27:00,0,0,15075,United Kingdom,1,Promising
2691,172,3,1447.74,482.58,10.825,349,2011-06-20 08:23:00,2010-07-05 14:11:00,1,1,15076,United Kingdom,2,Loyal Customers
2692,494,2,2428.08,1214.04,16.5,235,2010-08-02 11:13:00,2009-12-09 17:10:00,1,1,15077,United Kingdom,3,At Risk / Lapsed
2693,6,52,17751.88,341.38230769230773,11.349747474747474,728,2011-12-02 15:41:00,2009-12-04 12:03:00,0,1,15078,United Kingdom,0,Champions
2694,212,11,3767.35,342.48636363636365,10.372413793103448,519,2011-05-11 12:45:00,2009-12-08 11:22:00,1,1,15079,United Kingdom,0,Champions
2695,427,2,546.25,273.125,9.258064516129032,74,2010-10-08 11:52:00,2010-07-26 10:03:00,1,1,15080,United Kingdom,3,At Risk / Lapsed
2696,21,12,1965.72,163.81,7.394495412844036,513,2011-11-17 17:08:00,2010-06-22 10:25:00,0,1,15081,United Kingdom,0,Champions
2697,668,1,93.35,93.35,7.166666666666667,0,2010-02-09 10:23:00,2010-02-09 10:23:00,1,0,15082,United Kingdom,3,At Risk / Lapsed
2698,256,1,88.2,88.2,7.6,0,2011-03-28 12:18:00,2011-03-28 12:18:00,1,0,15083,United Kingdom,1,Promising
2699,379,2,965.2,482.6,19.35483870967742,266,2010-11-25 11:58:00,2010-03-04 10:45:00,1,1,15084,United Kingdom,3,At Risk / Lapsed
2700,729,1,347.54,347.54,18.77777777777778,0,2009-12-10 11:47:00,2009-12-10 11:47:00,1,0,15085,United Kingdom,3,At Risk / Lapsed
2701,564,2,218.53,109.265,8.636363636363637,60,2010-05-24 12:27:00,2010-03-24 13:56:00,1,1,15086,United Kingdom,3,At Risk / Lapsed
2702,281,1,306.94,306.94,31.33333333333333,0,2011-03-03 10:34:00,2011-03-03 10:34:00,1,0,15087,United Kingdom,1,Promising
2703,20,2,1160.07,580.035,8.070175438596491,45,2011-11-18 13:14:00,2011-10-03 14:05:00,0,1,15088,United Kingdom,2,Loyal Customers
2704,9,6,2420.84,403.47333333333336,9.372413793103448,118,2011-11-29 16:31:00,2011-08-03 14:14:00,0,1,15089,United Kingdom,2,Loyal Customers
2705,307,1,381.32,381.32,9.043478260869565,0,2011-02-04 14:03:00,2011-02-04 14:03:00,1,0,15090,United Kingdom,3,At Risk / Lapsed
2706,67,3,1046.61,348.87000000000006,10.210526315789474,607,2011-10-03 12:47:00,2010-02-03 11:46:00,0,1,15091,United Kingdom,2,Loyal Customers
2707,214,3,776.46,258.82,5.111111111111111,247,2011-05-08 14:10:00,2010-09-03 12:33:00,1,1,15092,United Kingdom,2,Loyal Customers
2708,17,23,14326.11,622.8743478260869,35.11144578313253,713,2011-11-21 13:09:00,2009-12-08 12:46:00,0,1,15093,United Kingdom,0,Champions
2709,462,2,83.0,41.5,5.6,181,2010-09-02 16:55:00,2010-03-05 12:56:00,1,1,15094,United Kingdom,3,At Risk / Lapsed
2710,103,10,3141.64,314.164,18.008064516129032,584,2011-08-28 12:01:00,2010-01-21 09:37:00,1,1,15095,United Kingdom,2,Loyal Customers
2711,42,1,219.39,219.39,10.909090909090908,0,2011-10-28 10:27:00,2011-10-28 10:27:00,0,0,15096,United Kingdom,1,Promising
2712,3,3,908.35,302.78333333333336,6.424242424242424,578,2011-12-05 14:03:00,2010-05-05 14:22:00,0,1,15097,United Kingdom,2,Loyal Customers
2713,181,3,39916.5,13305.5,40.333333333333336,0,2011-06-10 15:33:00,2011-06-10 15:22:00,1,1,15098,United Kingdom,0,Champions
2714,83,1,410.48,410.48,14.91304347826087,0,2011-09-16 13:13:00,2011-09-16 13:13:00,0,0,15099,United Kingdom,1,Promising
2715,333,7,2894.7,413.5285714285714,18.55555555555556,367,2011-01-10 10:35:00,2010-01-07 14:33:00,1,1,15100,United Kingdom,2,Loyal Customers
2716,8,6,1477.94,246.32333333333332,11.655172413793103,581,2011-12-01 10:18:00,2010-04-28 15:00:00,0,1,15101,United Kingdom,2,Loyal Customers
2717,530,2,554.67,277.335,12.555555555555555,16,2010-06-27 12:16:00,2010-06-11 10:16:00,1,1,15102,United Kingdom,3,At Risk / Lapsed
2718,30,2,703.36,351.68,9.4,55,2011-11-08 14:53:00,2011-09-14 13:54:00,0,1,15103,United Kingdom,1,Promising
2719,196,2,993.54,496.77,9.477611940298509,85,2011-05-27 12:29:00,2011-03-02 14:16:00,1,1,15104,United Kingdom,1,Promising
2720,17,9,3094.91,343.87888888888887,11.56953642384106,608,2011-11-21 16:54:00,2010-03-23 12:18:00,0,1,15105,United Kingdom,2,Loyal Customers
2721,17,5,1422.52,284.504,11.81,251,2011-11-22 09:16:00,2011-03-15 12:52:00,0,1,15106,United Kingdom,2,Loyal Customers
2722,310,9,940.35,104.48333333333332,7.574468085106383,140,2011-02-01 14:46:00,2010-09-14 10:47:00,1,1,15107,United Kingdom,2,Loyal Customers
2723,141,3,1159.25,386.4166666666667,8.596491228070175,85,2011-07-21 10:24:00,2011-04-26 10:54:00,1,1,15108,European Community,2,Loyal Customers
2724,245,3,983.1,327.7,5.375,489,2011-04-08 09:58:00,2009-12-04 12:33:00,1,1,15109,United Kingdom,2,Loyal Customers
2725,23,6,1505.85,250.975,6.358490566037736,461,2011-11-16 11:16:00,2010-08-11 15:49:00,0,1,15110,United Kingdom,2,Loyal Customers
2726,28,5,2730.87,546.174,7.708609271523179,563,2011-11-10 16:58:00,2010-04-26 13:12:00,0,1,15111,United Kingdom,2,Loyal Customers
2727,610,1,209.4,209.4,10.285714285714286,0,2010-04-07 14:17:00,2010-04-07 14:17:00,1,0,15112,United Kingdom,3,At Risk / Lapsed
2728,9,3,3509.04,1169.68,24.40625,44,2011-11-30 08:23:00,2011-10-16 15:27:00,0,1,15113,United Kingdom,2,Loyal Customers
2729,29,12,3400.12,283.3433333333333,15.29004329004329,390,2011-11-09 15:05:00,2010-10-14 16:44:00,0,1,15114,United Kingdom,0,Champions
2730,17,2,531.85,265.925,7.0,714,2011-11-21 14:59:00,2009-12-07 11:20:00,0,1,15115,United Kingdom,1,Promising
2731,17,4,1352.75,338.1875,14.4,187,2011-11-22 12:25:00,2011-05-19 08:50:00,0,1,15116,United Kingdom,2,Loyal Customers
2732,14,8,2485.9700000000003,310.74625000000003,23.610687022900763,619,2011-11-25 08:12:00,2010-03-15 13:39:00,0,1,15117,United Kingdom,2,Loyal Customers
2733,133,1,244.8,244.8,1440.0,0,2011-07-28 14:54:00,2011-07-28 14:54:00,1,0,15118,United Kingdom,1,Promising
2734,245,1,266.4,266.4,6.285714285714286,0,2011-04-08 09:08:00,2011-04-08 09:08:00,1,0,15119,United Kingdom,1,Promising
2735,133,1,358.82,358.82,14.095238095238097,0,2011-07-29 09:48:00,2011-07-29 09:48:00,1,0,15120,United Kingdom,1,Promising
2736,49,2,457.72,228.86,7.107142857142857,238,2011-10-20 14:51:00,2011-02-24 12:41:00,0,1,15121,United Kingdom,1,Promising
2737,113,11,4487.27,407.9336363636364,8.955947136563877,505,2011-08-17 16:48:00,2010-03-30 14:05:00,1,1,15122,United Kingdom,0,Champions
2738,6,5,4656.17,931.234,13.792349726775956,626,2011-12-02 13:12:00,2010-03-16 09:49:00,0,1,15123,United Kingdom,2,Loyal Customers
2739,22,4,450.82,112.705,14.903225806451612,628,2011-11-17 10:09:00,2010-02-26 10:49:00,0,1,15124,United Kingdom,1,Promising
2740,24,24,17024.87,709.3695833333333,35.1375,593,2011-11-14 13:57:00,2010-03-31 13:29:00,0,1,15125,United Kingdom,0,Champions
2741,536,2,449.49,224.745,10.92,150,2010-06-21 12:31:00,2010-01-21 17:09:00,1,1,15126,United Kingdom,3,At Risk / Lapsed
2742,65,2,711.5,355.75,16.571428571428573,454,2011-10-05 10:30:00,2010-07-08 10:07:00,0,1,15127,United Kingdom,1,Promising
2743,59,5,1783.68,356.736,12.869918699186991,369,2011-10-10 13:54:00,2010-10-05 16:46:00,0,1,15128,United Kingdom,2,Loyal Customers
2744,49,23,6860.18,298.2686956521739,19.33333333333333,559,2011-10-20 14:40:00,2010-04-08 17:15:00,0,1,15129,United Kingdom,0,Champions
2745,169,1,330.11,330.11,8.954545454545455,0,2011-06-23 10:15:00,2011-06-23 10:15:00,1,0,15130,United Kingdom,1,Promising
2746,394,1,80.28,80.28,12.571428571428571,0,2010-11-10 12:07:00,2010-11-10 12:07:00,1,0,15131,United Kingdom,3,At Risk / Lapsed
2747,17,5,977.93,195.586,13.057692307692308,244,2011-11-21 17:10:00,2011-03-22 12:02:00,0,1,15132,United Kingdom,2,Loyal Customers
2748,127,5,1806.9,361.38,19.59183673469388,392,2011-08-04 10:44:00,2010-07-07 12:31:00,1,1,15133,United Kingdom,2,Loyal Customers
2749,14,10,1596.29,159.629,12.43529411764706,407,2011-11-25 08:55:00,2010-10-13 12:44:00,0,1,15134,United Kingdom,2,Loyal Customers
2750,238,2,305.68,152.84,4.2,317,2011-04-14 19:16:00,2010-06-01 13:33:00,1,1,15135,United Kingdom,1,Promising
2751,2,4,1286.7,321.675,11.411764705882351,93,2011-12-07 12:26:00,2011-09-04 16:05:00,0,1,15136,United Kingdom,2,Loyal Customers
2752,520,2,823.4,411.7,17.529411764705884,159,2010-07-07 09:41:00,2010-01-28 15:45:00,1,1,15137,United Kingdom,3,At Risk / Lapsed
2753,393,1,502.52,502.52,9.67741935483871,0,2010-11-11 09:16:00,2010-11-11 09:16:00,1,0,15138,United Kingdom,3,At Risk / Lapsed
2754,239,2,178.96,89.48,16.0,96,2011-04-14 11:39:00,2011-01-07 12:44:00,1,1,15139,United Kingdom,1,Promising
2755,51,8,3243.69,405.46125,17.946428571428573,390,2011-10-18 14:07:00,2010-09-23 13:07:00,0,1,15140,United Kingdom,2,Loyal Customers
2756,457,7,1388.47,198.35285714285715,14.9625,163,2010-09-08 11:33:00,2010-03-28 15:58:00,1,1,15141,United Kingdom,3,At Risk / Lapsed
2757,45,6,2619.92,436.65333333333336,15.17605633802817,454,2011-10-24 12:51:00,2010-07-27 09:05:00,0,1,15142,United Kingdom,2,Loyal Customers
2758,225,2,563.63,281.815,10.32258064516129,206,2011-04-28 12:03:00,2010-10-03 13:58:00,1,1,15143,United Kingdom,1,Promising
2759,7,29,12160.31,419.3210344827586,15.045845272206304,718,2011-12-01 15:12:00,2009-12-13 11:35:00,0,1,15144,United Kingdom,0,Champions
2760,3,4,1194.73,298.6825,11.28358208955224,244,2011-12-05 17:21:00,2011-04-05 15:20:00,0,1,15145,United Kingdom,2,Loyal Customers
2761,164,2,1327.16,663.58,16.186813186813186,126,2011-06-28 12:09:00,2011-02-21 13:07:00,1,1,15146,United Kingdom,2,Loyal Customers
2762,239,1,623.5,623.5,13.071428571428571,0,2011-04-13 15:57:00,2011-04-13 15:57:00,1,0,15147,United Kingdom,1,Promising
2763,10,1,301.29,301.29,9.35,0,2011-11-29 08:21:00,2011-11-29 08:21:00,0,0,15148,United Kingdom,1,Promising
2764,133,4,1524.61,381.1525,5.573529411764706,515,2011-07-29 10:58:00,2010-02-28 11:13:00,1,1,15149,United Kingdom,2,Loyal Customers
2765,16,13,8977.94,690.6107692307693,10.762652705061084,526,2011-11-22 12:52:00,2010-06-14 12:01:00,0,1,15150,United Kingdom,0,Champions
2766,422,2,2085.61,1042.805,13.947368421052632,86,2010-10-12 16:37:00,2010-07-18 12:19:00,1,1,15151,United Kingdom,3,At Risk / Lapsed
2767,9,14,5263.83,375.98785714285714,9.98,691,2011-11-30 12:32:00,2010-01-07 15:15:00,0,1,15152,United Kingdom,0,Champions
2768,30,1,329.25,329.25,9.0,0,2011-11-08 17:09:00,2011-11-08 17:09:00,0,0,15153,United Kingdom,1,Promising
2769,74,3,1343.72,447.9066666666667,1.92485549132948,402,2011-09-25 16:05:00,2010-08-18 17:41:00,0,1,15154,United Kingdom,2,Loyal Customers
2770,382,1,383.97,383.97,8.0,0,2010-11-21 12:59:00,2010-11-21 12:59:00,1,0,15155,United Kingdom,3,At Risk / Lapsed
2771,0,3,961.49,320.49666666666667,10.854545454545455,32,2011-12-08 18:22:00,2011-11-06 12:41:00,0,1,15156,United Kingdom,2,Loyal Customers
2772,3,5,2654.11,530.822,22.80263157894737,725,2011-12-06 11:28:00,2009-12-10 14:44:00,0,1,15157,United Kingdom,2,Loyal Customers
2773,44,2,606.02,303.01,19.90909090909091,356,2011-10-25 13:53:00,2010-11-03 13:46:00,0,1,15158,United Kingdom,1,Promising
2774,1,34,22116.73,650.4920588235294,16.68148148148148,430,2011-12-08 12:05:00,2010-10-04 09:31:00,0,1,15159,United Kingdom,0,Champions
2775,356,4,589.27,147.3175,13.347826086956522,63,2010-12-17 14:15:00,2010-10-14 15:26:00,1,1,15160,United Kingdom,3,At Risk / Lapsed
2776,387,1,119.92,119.92,4.363636363636363,0,2010-11-16 16:08:00,2010-11-16 16:08:00,1,0,15161,United Kingdom,3,At Risk / Lapsed
2777,730,1,312.9,312.9,6.166666666666667,0,2009-12-08 13:14:00,2009-12-08 13:14:00,1,0,15162,United Kingdom,3,At Risk / Lapsed
2778,17,2,304.47,152.235,6.413793103448276,173,2011-11-21 13:10:00,2011-05-31 15:22:00,0,1,15163,United Kingdom,1,Promising
2779,68,9,2028.11,225.3455555555556,2.590909090909091,621,2011-10-02 12:05:00,2010-01-18 13:34:00,0,1,15164,United Kingdom,2,Loyal Customers
2780,372,1,975.5,975.5,5.925925925925926,0,2010-12-01 14:03:00,2010-12-01 14:03:00,1,0,15165,United Kingdom,3,At Risk / Lapsed
2781,467,1,167.16,167.16,11.666666666666666,0,2010-08-29 12:31:00,2010-08-29 12:31:00,1,0,15166,United Kingdom,3,At Risk / Lapsed
2782,320,5,1627.62,325.524,2.838815789473684,352,2011-01-23 12:41:00,2010-02-04 14:13:00,1,1,15167,United Kingdom,2,Loyal Customers
2783,25,1,106.56,106.56,10.4,0,2011-11-14 11:26:00,2011-11-14 11:26:00,0,0,15168,United Kingdom,1,Promising
2784,381,2,569.22,284.61,6.033898305084746,344,2010-11-22 13:04:00,2009-12-13 11:16:00,1,1,15169,United Kingdom,3,At Risk / Lapsed
2785,406,1,81.15,81.15,8.25,0,2010-10-29 10:34:00,2010-10-29 10:34:00,1,0,15170,United Kingdom,3,At Risk / Lapsed
2786,330,1,1289.5,1289.5,58.0,0,2011-01-12 15:36:00,2011-01-12 15:36:00,1,0,15171,United Kingdom,3,At Risk / Lapsed
2787,8,5,1624.05,324.81,14.645454545454545,227,2011-12-01 11:51:00,2011-04-17 11:56:00,0,1,15172,United Kingdom,2,Loyal Customers
2788,380,7,1494.6,213.5142857142857,9.767441860465116,236,2010-11-24 10:21:00,2010-04-01 12:26:00,1,1,15173,United Kingdom,2,Loyal Customers
2789,322,2,481.46,240.73,11.235294117647058,87,2011-01-21 09:06:00,2010-10-25 09:40:00,1,1,15174,United Kingdom,3,At Risk / Lapsed
2790,71,1,224.14,224.14,19.73913043478261,0,2011-09-29 11:31:00,2011-09-29 11:31:00,0,0,15175,United Kingdom,1,Promising
2791,667,1,988.04,988.04,8.615384615384615,0,2010-02-10 10:36:00,2010-02-10 10:36:00,1,0,15176,United Kingdom,3,At Risk / Lapsed
2792,425,1,948.93,948.93,18.653846153846157,0,2010-10-10 12:48:00,2010-10-10 12:48:00,1,0,15177,United Kingdom,3,At Risk / Lapsed
2793,259,1,40.5,40.5,10.0,0,2011-03-24 15:12:00,2011-03-24 15:12:00,1,0,15178,United Kingdom,1,Promising
2794,17,13,7491.92,576.3015384615385,17.248407643312103,718,2011-11-21 12:53:00,2009-12-03 12:27:00,0,1,15179,United Kingdom,0,Champions
2795,366,3,904.43,301.4766666666667,11.89655172413793,221,2010-12-07 14:57:00,2010-04-29 15:27:00,1,1,15180,United Kingdom,3,At Risk / Lapsed
2796,65,5,1200.2,240.04,34.4,664,2011-10-04 13:58:00,2009-12-08 19:02:00,0,1,15181,United Kingdom,2,Loyal Customers
2797,153,11,2998.9500000000003,272.63181818181823,9.626016260162602,502,2011-07-08 13:37:00,2010-02-21 12:03:00,1,1,15182,United Kingdom,0,Champions
2798,547,3,639.93,213.31,7.815789473684211,36,2010-06-10 10:43:00,2010-05-04 11:31:00,1,1,15183,United Kingdom,3,At Risk / Lapsed
2799,28,4,685.39,171.3475,5.5,694,2011-11-10 13:41:00,2009-12-16 12:06:00,0,1,15184,United Kingdom,2,Loyal Customers
2800,69,1,310.62,310.62,31.714285714285715,0,2011-09-30 14:06:00,2011-09-30 14:06:00,0,0,15185,United Kingdom,1,Promising
2801,13,5,1403.2,280.64,13.76923076923077,682,2011-11-25 14:58:00,2010-01-12 10:14:00,0,1,15186,United Kingdom,2,Loyal Customers
2802,1,15,4762.18,317.4786666666667,20.95555555555556,210,2011-12-08 11:56:00,2011-05-11 13:49:00,0,1,15187,United Kingdom,0,Champions
2803,724,1,310.43,310.43,10.130434782608695,0,2009-12-14 13:30:00,2009-12-14 13:30:00,1,0,15188,United Kingdom,3,At Risk / Lapsed
2804,0,46,17524.38,380.96478260869566,28.639004149377595,507,2011-12-08 13:22:00,2010-07-18 13:37:00,0,1,15189,United Kingdom,0,Champions
2805,433,1,834.4399999999999,834.4399999999999,19.75,0,2010-10-01 13:09:00,2010-10-01 13:09:00,1,0,15190,United Kingdom,3,At Risk / Lapsed
2806,462,3,588.05,196.01666666666665,8.2,225,2010-09-02 15:37:00,2010-01-20 12:35:00,1,1,15191,United Kingdom,3,At Risk / Lapsed
2807,119,5,1981.39,396.278,15.50943396226415,560,2011-08-12 11:41:00,2010-01-29 10:13:00,1,1,15192,United Kingdom,2,Loyal Customers
2808,60,1,499.32,499.32,7.578947368421052,0,2011-10-10 08:23:00,2011-10-10 08:23:00,0,0,15193,United Kingdom,1,Promising
2809,2,28,12427.69,443.84607142857146,18.63617886178862,733,2011-12-06 15:10:00,2009-12-03 10:37:00,0,1,15194,United Kingdom,0,Champions
2810,2,1,3861.0,3861.0,1404.0,0,2011-12-07 12:20:00,2011-12-07 12:20:00,0,0,15195,United Kingdom,2,Loyal Customers
2811,432,2,313.7,156.85,3.095238095238096,293,2010-10-03 10:50:00,2009-12-13 11:14:00,1,1,15196,United Kingdom,3,At Risk / Lapsed
2812,10,6,1877.51,312.9183333333333,17.93220338983051,717,2011-11-29 10:00:00,2009-12-11 12:56:00,0,1,15197,United Kingdom,2,Loyal Customers
2813,91,5,571.35,114.27,10.548387096774194,597,2011-09-08 14:42:00,2010-01-19 10:01:00,1,1,15198,United Kingdom,2,Loyal Customers
2814,58,10,3122.4,312.24,17.529411764705884,516,2011-10-11 15:12:00,2010-05-13 10:14:00,0,1,15199,United Kingdom,0,Champions
2815,494,1,549.05,549.05,6.5,0,2010-08-02 09:38:00,2010-08-02 09:38:00,1,0,15200,United Kingdom,3,At Risk / Lapsed
2816,86,7,1842.95,263.2785714285714,16.6,524,2011-09-13 14:53:00,2010-04-07 14:50:00,0,1,15201,United Kingdom,2,Loyal Customers
2817,25,15,4400.18,293.3453333333334,12.192419825072886,705,2011-11-14 08:16:00,2009-12-08 18:06:00,0,1,15203,United Kingdom,0,Champions
2818,356,1,316.58,316.58,28.666666666666668,0,2010-12-17 13:49:00,2010-12-17 13:49:00,1,0,15204,United Kingdom,3,At Risk / Lapsed
2819,84,2,653.24,326.62,10.216216216216216,42,2011-09-15 19:36:00,2011-08-04 16:07:00,0,1,15205,United Kingdom,1,Promising
2820,9,4,420.3,105.075,18.0,265,2011-11-29 13:41:00,2011-03-09 08:59:00,0,1,15206,United Kingdom,1,Promising
2821,415,3,683.9200000000001,227.97333333333336,17.833333333333332,130,2010-10-19 13:29:00,2010-06-10 17:29:00,1,1,15207,United Kingdom,3,At Risk / Lapsed
2822,0,6,970.52,161.75333333333333,7.416666666666667,422,2011-12-08 17:24:00,2010-10-12 12:17:00,0,1,15208,United Kingdom,2,Loyal Customers
2823,729,1,178.98000000000002,178.98000000000002,7.230769230769231,0,2009-12-09 17:26:00,2009-12-09 17:26:00,1,0,15209,United Kingdom,3,At Risk / Lapsed
2824,224,3,1176.19,392.0633333333333,12.552238805970148,350,2011-04-28 16:11:00,2010-05-13 14:42:00,1,1,15210,United Kingdom,2,Loyal Customers
2825,59,2,1277.48,638.74,4.76,304,2011-10-10 13:31:00,2010-12-09 16:08:00,0,1,15211,United Kingdom,2,Loyal Customers
2826,240,2,208.28,104.14,8.4,135,2011-04-12 13:45:00,2010-11-28 10:45:00,1,1,15212,United Kingdom,1,Promising
2827,318,2,328.35,164.175,11.333333333333334,11,2011-01-25 12:21:00,2011-01-14 11:05:00,1,1,15213,United Kingdom,3,At Risk / Lapsed
2828,1,8,1661.44,207.68,11.4,241,2011-12-08 12:07:00,2011-04-11 09:46:00,0,1,15214,United Kingdom,2,Loyal Customers
2829,46,7,2422.43,346.06142857142856,6.867256637168142,566,2011-10-24 11:41:00,2010-04-06 11:21:00,0,1,15215,United Kingdom,2,Loyal Customers
2830,87,2,486.09,243.045,9.041666666666666,531,2011-09-13 11:41:00,2010-03-31 09:52:00,0,1,15216,United Kingdom,1,Promising
2831,562,1,426.24,426.24,6.785714285714286,0,2010-05-25 13:51:00,2010-05-25 13:51:00,1,0,15217,United Kingdom,3,At Risk / Lapsed
2832,10,22,11453.83,520.6286363636364,16.50126582278481,672,2011-11-29 11:48:00,2010-01-26 11:33:00,0,1,15218,United Kingdom,0,Champions
2833,175,2,685.45,342.725,10.423076923076923,472,2011-06-16 16:57:00,2010-03-01 11:33:00,1,1,15219,United Kingdom,1,Promising
2834,51,6,1778.96,296.49333333333334,11.905982905982906,229,2011-10-19 12:39:00,2011-03-04 10:24:00,0,1,15220,United Kingdom,2,Loyal Customers
2835,365,4,2465.4500000000003,616.3625000000001,8.441176470588236,271,2010-12-08 13:08:00,2010-03-12 10:40:00,1,1,15221,United Kingdom,2,Loyal Customers
2836,318,11,3550.91,322.81,32.30434782608695,404,2011-01-25 08:03:00,2009-12-16 13:49:00,1,1,15222,United Kingdom,2,Loyal Customers
2837,225,5,1417.95,283.59000000000003,11.323529411764708,509,2011-04-28 11:31:00,2009-12-05 11:19:00,1,1,15223,United Kingdom,2,Loyal Customers
2838,357,5,871.36,174.272,12.657142857142857,334,2010-12-16 15:02:00,2010-01-15 16:14:00,1,1,15224,United Kingdom,2,Loyal Customers
2839,233,1,409.4,409.4,9.826086956521738,0,2011-04-19 14:51:00,2011-04-19 14:51:00,1,0,15225,United Kingdom,1,Promising
2840,310,1,154.41,154.41,8.875,0,2011-02-02 11:41:00,2011-02-02 11:41:00,1,0,15226,United Kingdom,3,At Risk / Lapsed
2841,36,9,2488.49,276.4988888888889,10.141666666666667,597,2011-11-03 11:59:00,2010-03-16 08:23:00,0,1,15227,United Kingdom,2,Loyal Customers
2842,65,6,5580.27,930.045,14.423076923076923,433,2011-10-04 13:56:00,2010-07-28 10:21:00,0,1,15228,United Kingdom,2,Loyal Customers
2843,585,1,160.5,160.5,12.666666666666666,0,2010-05-02 13:50:00,2010-05-02 13:50:00,1,0,15229,United Kingdom,3,At Risk / Lapsed
2844,238,2,429.6,214.8,15.26086956521739,1,2011-04-14 14:39:00,2011-04-13 11:04:00,1,1,15230,United Kingdom,1,Promising
2845,620,1,250.26,250.26,13.571428571428571,0,2010-03-28 15:12:00,2010-03-28 15:12:00,1,0,15231,United Kingdom,3,At Risk / Lapsed
2846,112,2,612.06,306.03,22.12903225806452,27,2011-08-18 16:27:00,2011-07-22 12:21:00,1,1,15232,United Kingdom,1,Promising
2847,400,1,59.400000000000006,59.400000000000006,12.0,0,2010-11-03 13:36:00,2010-11-03 13:36:00,1,0,15233,United Kingdom,3,At Risk / Lapsed
2848,276,1,197.0,197.0,14.0,0,2011-03-08 08:53:00,2011-03-08 08:53:00,1,0,15234,United Kingdom,1,Promising
2849,217,16,2937.81,183.613125,9.27807486631016,170,2011-05-06 09:44:00,2010-11-16 12:48:00,1,1,15235,United Kingdom,0,Champions
2850,298,1,321.05,321.05,17.933333333333334,0,2011-02-14 10:52:00,2011-02-14 10:52:00,1,0,15236,United Kingdom,1,Promising
2851,1,4,1412.32,353.08,10.818181818181818,225,2011-12-08 09:46:00,2011-04-26 15:04:00,0,1,15237,United Kingdom,2,Loyal Customers
2852,28,3,1071.99,357.33,13.84,154,2011-11-10 14:28:00,2011-06-08 16:00:00,0,1,15238,United Kingdom,2,Loyal Customers
2853,9,2,780.59,390.295,12.122448979591836,68,2011-11-29 14:14:00,2011-09-22 09:53:00,0,1,15239,United Kingdom,1,Promising
2854,44,12,4459.98,371.665,14.348214285714286,689,2011-10-26 09:50:00,2009-12-05 14:57:00,0,1,15240,United Kingdom,0,Champions
2855,66,11,3050.16,277.2872727272727,18.08695652173913,587,2011-10-04 09:05:00,2010-02-23 13:59:00,0,1,15241,United Kingdom,0,Champions
2856,421,1,302.04,302.04,49.0,0,2010-10-13 15:33:00,2010-10-13 15:33:00,1,0,15242,United Kingdom,3,At Risk / Lapsed
2857,73,2,927.28,463.64,8.901639344262295,360,2011-09-26 14:12:00,2010-09-30 17:28:00,0,1,15243,United Kingdom,1,Promising
2858,64,3,912.08,304.0266666666667,9.833333333333334,600,2011-10-05 13:19:00,2010-02-11 14:48:00,0,1,15244,United Kingdom,2,Loyal Customers
2859,133,8,4610.84,576.355,20.41216216216216,461,2011-07-28 18:56:00,2010-04-23 14:23:00,1,1,15245,United Kingdom,2,Loyal Customers
2860,237,3,780.4,260.1333333333333,7.03921568627451,317,2011-04-15 14:45:00,2010-06-02 11:28:00,1,1,15246,United Kingdom,2,Loyal Customers
2861,121,3,976.06,325.3533333333333,30.235294117647054,414,2011-08-09 12:52:00,2010-06-20 14:08:00,1,1,15247,United Kingdom,2,Loyal Customers
2862,410,3,1893.93,631.3100000000001,10.047169811320757,122,2010-10-24 13:09:00,2010-06-23 14:34:00,1,1,15248,United Kingdom,3,At Risk / Lapsed
2863,31,18,9266.0,514.7777777777778,9.920318725099602,591,2011-11-08 11:45:00,2010-03-26 14:51:00,0,1,15249,United Kingdom,0,Champions
2864,640,1,60.0,60.0,16.0,0,2010-03-09 07:35:00,2010-03-09 07:35:00,1,0,15250,United Kingdom,3,At Risk / Lapsed
2865,8,21,20324.54,967.835238095238,52.64347826086957,670,2011-11-30 15:02:00,2010-01-29 12:42:00,0,1,15251,United Kingdom,0,Champions
2866,35,5,2103.41,420.682,12.11864406779661,575,2011-11-03 13:30:00,2010-04-07 10:24:00,0,1,15252,United Kingdom,2,Loyal Customers
2867,15,8,2055.09,256.88625,13.689655172413794,570,2011-11-23 16:22:00,2010-05-02 11:17:00,0,1,15253,United Kingdom,2,Loyal Customers
2868,126,3,1088.35,362.7833333333333,10.611940298507465,433,2011-08-04 15:04:00,2010-05-28 10:08:00,1,1,15254,United Kingdom,2,Loyal Customers
2869,66,9,3706.02,411.78,11.77659574468085,670,2011-10-04 12:43:00,2009-12-03 09:10:00,0,1,15255,United Kingdom,0,Champions
2870,148,2,170.4,85.2,9.2,413,2011-07-14 11:47:00,2010-05-27 11:41:00,1,1,15256,United Kingdom,1,Promising
2871,282,2,685.9,342.95,5.916666666666667,130,2011-03-01 12:58:00,2010-10-21 14:03:00,1,1,15257,United Kingdom,1,Promising
2872,168,2,623.16,311.58,4.176470588235294,48,2011-06-24 12:30:00,2011-05-06 14:16:00,1,1,15258,United Kingdom,1,Promising
2873,512,4,1182.38,295.595,11.070175438596491,169,2010-07-15 08:47:00,2010-01-26 09:41:00,1,1,15259,United Kingdom,3,At Risk / Lapsed
2874,99,25,9188.23,367.5292,11.864321608040202,633,2011-08-31 13:55:00,2009-12-06 11:45:00,1,1,15260,United Kingdom,0,Champions
2875,134,4,1508.0,377.0,8.76086956521739,299,2011-07-27 15:20:00,2010-10-01 11:59:00,1,1,15261,United Kingdom,2,Loyal Customers
2876,323,3,418.82,139.60666666666663,8.384615384615385,164,2011-01-20 12:16:00,2010-08-08 15:55:00,1,1,15262,United Kingdom,3,At Risk / Lapsed
2877,106,1,156.51,156.51,7.416666666666667,0,2011-08-25 10:26:00,2011-08-25 10:26:00,1,0,15263,United Kingdom,1,Promising
2878,63,2,848.4,424.2,8.054545454545455,466,2011-10-06 13:49:00,2010-06-27 13:29:00,0,1,15264,United Kingdom,1,Promising
2879,150,4,3345.64,836.41,8.134715025906736,586,2011-07-11 14:46:00,2009-12-01 17:08:00,1,1,15265,United Kingdom,2,Loyal Customers
2880,337,5,852.21,170.442,5.2444444444444445,363,2011-01-05 13:40:00,2010-01-07 12:19:00,1,1,15266,United Kingdom,2,Loyal Customers
2881,21,5,1717.36,343.472,85.81818181818181,160,2011-11-17 15:59:00,2011-06-10 10:24:00,0,1,15267,United Kingdom,2,Loyal Customers
2882,478,3,961.9,320.6333333333334,19.454545454545453,126,2010-08-18 10:33:00,2010-04-13 11:27:00,1,1,15268,United Kingdom,3,At Risk / Lapsed
2883,23,3,1225.36,408.4533333333334,10.628571428571428,366,2011-11-16 09:32:00,2010-11-14 12:58:00,0,1,15269,United Kingdom,2,Loyal Customers
2884,15,21,8524.86,405.9457142857143,23.86904761904762,706,2011-11-24 09:24:00,2009-12-17 15:02:00,0,1,15270,United Kingdom,0,Champions
2885,6,24,4640.29,193.3454166666667,4.191919191919192,483,2011-12-02 14:11:00,2010-08-05 14:57:00,0,1,15271,United Kingdom,0,Champions
2886,56,6,2030.95,338.4916666666667,2.325174825174825,605,2011-10-13 12:59:00,2010-02-14 13:39:00,0,1,15272,United Kingdom,2,Loyal Customers
2887,599,1,228.96,228.96,216.0,0,2010-04-19 11:31:00,2010-04-19 11:31:00,1,0,15273,United Kingdom,3,At Risk / Lapsed
2888,3,2,716.57,358.285,13.170212765957446,14,2011-12-05 16:57:00,2011-11-21 14:17:00,0,1,15274,United Kingdom,1,Promising
2889,37,1,615.14,615.14,12.146341463414634,0,2011-11-02 11:20:00,2011-11-02 11:20:00,0,0,15275,United Kingdom,1,Promising
2890,65,4,619.8,154.95,1.7808988764044944,368,2011-10-04 16:39:00,2010-10-01 12:24:00,0,1,15276,United Kingdom,2,Loyal Customers
2891,46,2,476.34,238.17,14.346153846153848,378,2011-10-24 10:08:00,2010-10-10 16:02:00,0,1,15277,United Kingdom,1,Promising
2892,561,4,496.16,124.04,15.79310344827586,103,2010-05-27 10:03:00,2010-02-12 14:53:00,1,1,15278,United Kingdom,3,At Risk / Lapsed
2893,354,5,1580.54,316.108,8.53191489361702,321,2010-12-20 10:48:00,2010-02-02 10:15:00,1,1,15279,United Kingdom,2,Loyal Customers
2894,171,3,397.52,132.50666666666666,8.45,399,2011-06-20 17:14:00,2010-05-17 14:17:00,1,1,15280,United Kingdom,1,Promising
2895,58,16,8543.57,533.973125,10.024904214559388,368,2011-10-12 09:10:00,2010-10-08 12:14:00,0,1,15281,United Kingdom,0,Champions
2896,569,1,348.59,348.59,14.62962962962963,0,2010-05-18 16:27:00,2010-05-18 16:27:00,1,0,15282,United Kingdom,3,At Risk / Lapsed
2897,389,3,148.33,49.443333333333335,3.0,127,2010-11-14 14:54:00,2010-07-09 15:46:00,1,1,15283,United Kingdom,3,At Risk / Lapsed
2898,499,1,24.75,24.75,5.0,0,2010-07-27 13:25:00,2010-07-27 13:25:00,1,0,15284,United Kingdom,3,At Risk / Lapsed
2899,407,1,94.92,94.92,20.0,0,2010-10-28 09:46:00,2010-10-28 09:46:00,1,0,15285,United Kingdom,3,At Risk / Lapsed
2900,49,1,240.55,240.55,18.33333333333333,0,2011-10-21 11:08:00,2011-10-21 11:08:00,0,0,15286,United Kingdom,1,Promising
2901,21,5,856.03,171.206,28.05555555555556,715,2011-11-17 15:34:00,2009-12-02 12:13:00,0,1,15287,United Kingdom,2,Loyal Customers
2902,42,10,3872.18,387.218,7.859550561797753,622,2011-10-27 16:58:00,2010-02-12 15:27:00,0,1,15288,United Kingdom,0,Champions
2903,28,5,1593.09,318.618,16.77319587628866,592,2011-11-10 13:49:00,2010-03-28 11:45:00,0,1,15289,United Kingdom,2,Loyal Customers
2904,4,26,10496.28,403.70307692307694,22.48972602739726,649,2011-12-05 11:39:00,2010-02-24 10:15:00,0,1,15290,United Kingdom,0,Champions
2905,25,39,13801.56,353.88615384615383,20.473469387755102,710,2011-11-14 11:02:00,2009-12-03 11:09:00,0,1,15291,United Kingdom,0,Champions
2906,200,1,178.39,178.39,2.2916666666666665,0,2011-05-22 15:00:00,2011-05-22 15:00:00,1,0,15292,United Kingdom,1,Promising
2907,665,1,247.5,247.5,9.36842105263158,0,2010-02-12 11:54:00,2010-02-12 11:54:00,1,0,15293,United Kingdom,3,At Risk / Lapsed
2908,410,1,233.35,233.35,6.466666666666667,0,2010-10-25 11:45:00,2010-10-25 11:45:00,1,0,15294,United Kingdom,3,At Risk / Lapsed
2909,653,1,207.04,207.04,2.673076923076923,0,2010-02-23 13:03:00,2010-02-23 13:03:00,1,0,15295,United Kingdom,3,At Risk / Lapsed
2910,50,12,10323.03,860.2525,10.209737827715356,636,2011-10-20 11:47:00,2010-01-21 13:48:00,0,1,15296,United Kingdom,0,Champions
2911,9,3,641.94,213.98,7.487179487179487,53,2011-11-29 16:32:00,2011-10-07 09:42:00,0,1,15297,United Kingdom,1,Promising
2912,1,23,9459.37,411.2769565217392,14.221719457013574,729,2011-12-07 17:17:00,2009-12-08 17:04:00,0,1,15298,United Kingdom,0,Champions
2913,66,9,7391.54,821.2822222222222,454.3333333333333,629,2011-10-03 14:19:00,2010-01-12 11:34:00,0,1,15299,United Kingdom,0,Champions
2914,63,1,496.44,496.44,10.428571428571429,0,2011-10-06 17:08:00,2011-10-06 17:08:00,0,0,15300,United Kingdom,1,Promising
2915,50,17,7583.04,446.0611764705882,11.255936675461742,399,2011-10-20 09:57:00,2010-09-15 15:41:00,0,1,15301,United Kingdom,0,Champions
2916,729,1,308.0,308.0,6.8,0,2009-12-09 13:11:00,2009-12-09 13:11:00,1,0,15302,United Kingdom,3,At Risk / Lapsed
2917,289,3,1224.18,408.06,7.449275362318841,393,2011-02-22 13:59:00,2010-01-25 09:42:00,1,1,15303,United Kingdom,2,Loyal Customers
2918,60,9,919.55,102.17222222222225,4.586206896551724,360,2011-10-10 10:23:00,2010-10-14 10:24:00,0,1,15304,United Kingdom,2,Loyal Customers
2919,554,1,93.6,93.6,8.0,0,2010-06-02 13:50:00,2010-06-02 13:50:00,1,0,15305,United Kingdom,3,At Risk / Lapsed
2920,63,9,3484.73,387.1922222222222,18.97530864197531,594,2011-10-06 12:56:00,2010-02-18 17:12:00,0,1,15306,United Kingdom,2,Loyal Customers
2921,95,1,205.3,205.3,3.083333333333333,0,2011-09-05 11:38:00,2011-09-05 11:38:00,1,0,15307,United Kingdom,1,Promising
2922,273,1,310.47,310.47,9.210526315789474,0,2011-03-10 13:08:00,2011-03-10 13:08:00,1,0,15308,United Kingdom,1,Promising
2923,610,4,797.96,199.49,8.148148148148149,124,2010-04-08 11:11:00,2009-12-04 13:01:00,1,1,15309,United Kingdom,3,At Risk / Lapsed
2924,478,1,1634.64,1634.64,32.8,0,2010-08-18 11:38:00,2010-08-18 11:38:00,1,0,15310,United Kingdom,3,At Risk / Lapsed
2925,0,207,116280.49,561.7414975845411,16.062258577596,738,2011-12-09 12:00:00,2009-12-01 11:21:00,0,1,15311,United Kingdom,0,Champions
2926,74,12,2930.19,244.1825,10.386503067484664,648,2011-09-25 13:10:00,2009-12-16 09:23:00,0,1,15312,United Kingdom,0,Champions
2927,109,1,52.0,52.0,25.0,0,2011-08-21 16:02:00,2011-08-21 16:02:00,1,0,15313,United Kingdom,1,Promising
2928,198,3,820.4499999999999,273.4833333333333,15.0,228,2011-05-24 14:39:00,2010-10-07 15:41:00,1,1,15314,United Kingdom,2,Loyal Customers
2929,63,2,570.5,285.25,23.2972972972973,51,2011-10-06 12:51:00,2011-08-15 15:17:00,0,1,15315,United Kingdom,1,Promising
2930,326,1,165.0,165.0,100.0,0,2011-01-17 11:34:00,2011-01-17 11:34:00,1,0,15316,United Kingdom,3,At Risk / Lapsed
2931,676,1,129.75,129.75,9.0,0,2010-01-31 15:55:00,2010-01-31 15:55:00,1,0,15317,United Kingdom,3,At Risk / Lapsed
2932,3,1,312.62,312.62,19.454545454545453,0,2011-12-06 11:30:00,2011-12-06 11:30:00,0,0,15318,United Kingdom,1,Promising
2933,283,1,204.5,204.5,10.9375,0,2011-03-01 12:48:00,2011-03-01 12:48:00,1,0,15319,United Kingdom,1,Promising
2934,43,1,267.13,267.13,9.055555555555555,0,2011-10-26 13:27:00,2011-10-26 13:27:00,0,0,15320,United Kingdom,1,Promising
2935,70,12,6709.7300000000005,559.1441666666667,11.822006472491909,603,2011-09-30 09:40:00,2010-02-03 09:47:00,0,1,15321,United Kingdom,0,Champions
2936,85,2,1390.86,695.43,11.698795180722891,390,2011-09-15 09:34:00,2010-08-20 13:10:00,0,1,15322,United Kingdom,2,Loyal Customers
2937,562,3,434.6,144.86666666666667,6.482758620689655,99,2010-05-26 10:01:00,2010-02-16 09:21:00,1,1,15323,United Kingdom,3,At Risk / Lapsed
2938,700,1,140.22000000000003,140.22000000000003,9.25,0,2010-01-07 14:37:00,2010-01-07 14:37:00,1,0,15324,United Kingdom,3,At Risk / Lapsed
2939,103,8,1601.46,200.1825,6.169642857142857,557,2011-08-28 11:55:00,2010-02-16 13:30:00,1,1,15325,United Kingdom,2,Loyal Customers
2940,333,5,1700.52,340.104,10.472868217054264,404,2011-01-10 11:38:00,2009-12-01 13:19:00,1,1,15326,United Kingdom,2,Loyal Customers
2941,52,1,208.75,208.75,11.6,0,2011-10-18 11:55:00,2011-10-18 11:55:00,0,0,15327,United Kingdom,1,Promising
2942,407,1,107.24,107.24,11.0,0,2010-10-28 09:05:00,2010-10-28 09:05:00,1,0,15328,United Kingdom,3,At Risk / Lapsed
2943,38,11,2958.83,268.98454545454547,7.902597402597403,686,2011-10-31 15:36:00,2009-12-14 12:18:00,0,1,15329,United Kingdom,0,Champions
2944,31,2,714.96,357.48,100.92307692307692,28,2011-11-07 17:50:00,2011-10-10 12:30:00,0,1,15330,United Kingdom,1,Promising
2945,499,3,767.91,255.97,15.931818181818182,109,2010-07-28 09:42:00,2010-04-09 14:26:00,1,1,15331,United Kingdom,3,At Risk / Lapsed
2946,365,6,6553.74,1092.29,15.65079365079365,147,2010-12-08 14:43:00,2010-07-14 13:01:00,1,1,15332,Lithuania,2,Loyal Customers
2947,207,1,1028.56,1028.56,21.5,0,2011-05-15 13:27:00,2011-05-15 13:27:00,1,0,15333,United Kingdom,1,Promising
2948,156,3,347.87,115.95666666666666,2.804123711340206,16,2011-07-06 11:22:00,2011-06-19 13:51:00,1,1,15334,United Kingdom,1,Promising
2949,53,1,170.22,170.22,2.257142857142857,0,2011-10-17 12:50:00,2011-10-17 12:50:00,0,0,15335,United Kingdom,1,Promising
2950,401,1,240.5,240.5,5.6,0,2010-11-03 12:39:00,2010-11-03 12:39:00,1,0,15336,United Kingdom,3,At Risk / Lapsed
2951,410,1,373.02,373.02,9.523809523809524,0,2010-10-24 15:29:00,2010-10-24 15:29:00,1,0,15337,United Kingdom,3,At Risk / Lapsed
2952,676,1,277.93,277.93,2.5517241379310347,0,2010-01-31 14:25:00,2010-01-31 14:25:00,1,0,15338,United Kingdom,3,At Risk / Lapsed
2953,65,7,1821.02,260.1457142857143,5.172727272727273,602,2011-10-04 12:51:00,2010-02-08 13:38:00,0,1,15339,United Kingdom,2,Loyal Customers
2954,561,1,105.5,105.5,10.857142857142858,0,2010-05-27 10:27:00,2010-05-27 10:27:00,1,0,15340,United Kingdom,3,At Risk / Lapsed
2955,80,2,2402.7200000000003,1201.36,42.0,368,2011-09-20 09:40:00,2010-09-16 16:41:00,0,1,15341,United Kingdom,2,Loyal Customers
2956,129,1,406.09,406.09,11.791666666666666,0,2011-08-02 10:19:00,2011-08-02 10:19:00,1,0,15342,United Kingdom,1,Promising
2957,86,1,364.5,364.5,4.0,0,2011-09-13 13:55:00,2011-09-13 13:55:00,0,0,15343,United Kingdom,1,Promising
2958,0,3,563.94,187.98,4.461538461538462,73,2011-12-09 10:45:00,2011-09-26 14:48:00,0,1,15344,United Kingdom,1,Promising
2959,45,1,393.54,393.54,4.05,0,2011-10-25 11:28:00,2011-10-25 11:28:00,0,0,15345,United Kingdom,1,Promising
2960,332,3,596.12,198.70666666666668,7.027027027027027,98,2011-01-11 11:18:00,2010-10-04 15:11:00,1,1,15346,United Kingdom,3,At Risk / Lapsed
2961,365,4,1363.6,340.9,16.390243902439025,71,2010-12-08 15:25:00,2010-09-28 12:50:00,1,1,15347,United Kingdom,2,Loyal Customers
2962,71,1,158.04,158.04,9.333333333333334,0,2011-09-28 13:17:00,2011-09-28 13:17:00,0,0,15348,United Kingdom,1,Promising
2963,157,2,463.91,231.955,4.52112676056338,29,2011-07-04 16:06:00,2011-06-05 15:46:00,1,1,15349,United Kingdom,1,Promising
2964,372,2,663.25,331.625,9.228571428571428,9,2010-12-01 13:33:00,2010-11-21 15:14:00,1,1,15350,United Kingdom,3,At Risk / Lapsed
2965,11,10,3704.89,370.489,4.052054794520548,420,2011-11-27 12:52:00,2010-10-03 12:18:00,0,1,15351,United Kingdom,0,Champions
2966,548,1,111.15,111.15,1.1764705882352942,0,2010-06-09 11:28:00,2010-06-09 11:28:00,1,0,15352,United Kingdom,3,At Risk / Lapsed
2967,254,7,3106.12,443.7314285714286,4.091397849462366,483,2011-03-30 12:15:00,2009-12-02 11:33:00,1,1,15353,United Kingdom,2,Loyal Customers
2968,28,2,277.05,138.525,3.2142857142857144,23,2011-11-10 13:44:00,2011-10-17 15:22:00,0,1,15355,United Kingdom,1,Promising
2969,30,13,3382.69,260.2069230769231,2.7395543175487465,390,2011-11-08 13:11:00,2010-10-13 13:12:00,0,1,15356,United Kingdom,0,Champions
2970,4,42,17050.41,405.9621428571429,13.608849557522124,727,2011-12-05 09:04:00,2009-12-07 12:19:00,0,1,15358,United Kingdom,0,Champions
2971,662,8,181.35,22.66875,9.0625,30,2010-02-15 10:47:00,2010-01-15 11:30:00,1,1,15359,United Kingdom,3,At Risk / Lapsed
2972,39,1,427.93,427.93,17.153846153846153,0,2011-10-31 09:35:00,2011-10-31 09:35:00,0,0,15360,United Kingdom,1,Promising
2973,361,4,689.07,172.2675,37.3,181,2010-12-13 09:52:00,2010-06-14 13:27:00,1,1,15361,United Kingdom,3,At Risk / Lapsed
2974,448,2,613.08,306.54,9.2,290,2010-09-17 10:37:00,2009-12-01 09:08:00,1,1,15362,United Kingdom,3,At Risk / Lapsed
2975,372,2,1004.11,502.055,10.333333333333334,120,2010-12-02 12:28:00,2010-08-04 08:41:00,1,1,15363,United Kingdom,3,At Risk / Lapsed
2976,95,2,913.19,456.595,17.0,158,2011-09-05 09:46:00,2011-03-30 13:39:00,1,1,15364,United Kingdom,1,Promising
2977,25,13,4557.13,350.54846153846154,9.775229357798166,647,2011-11-14 08:29:00,2010-02-04 16:43:00,0,1,15365,United Kingdom,0,Champions
2978,74,7,2389.08,341.29714285714283,17.731884057971016,576,2011-09-25 15:01:00,2010-02-26 10:10:00,0,1,15366,United Kingdom,2,Loyal Customers
2979,56,11,5081.33,461.9390909090909,10.551971326164876,671,2011-10-13 14:13:00,2009-12-10 14:20:00,0,1,15367,United Kingdom,0,Champions
2980,20,2,722.74,361.37,50.75,372,2011-11-18 14:42:00,2010-11-10 15:52:00,0,1,15368,United Kingdom,1,Promising
2981,491,11,6251.26,568.2963636363637,55.72881355932204,239,2010-08-04 13:54:00,2009-12-08 07:43:00,1,1,15369,United Kingdom,0,Champions
2982,40,8,3739.01,467.37625,9.70138888888889,369,2011-10-30 10:58:00,2010-10-25 12:08:00,0,1,15370,United Kingdom,2,Loyal Customers
2983,661,1,59.400000000000006,59.400000000000006,12.0,0,2010-02-15 13:14:00,2010-02-15 13:14:00,1,0,15371,United Kingdom,3,At Risk / Lapsed
2984,136,8,6017.06,752.1325,112.4561403508772,526,2011-07-25 16:39:00,2010-02-14 11:24:00,1,1,15372,United Kingdom,0,Champions
2985,7,17,3418.84,201.1082352941177,3.84,578,2011-12-01 15:05:00,2010-05-02 11:57:00,0,1,15373,United Kingdom,0,Champions
2986,128,2,307.32,153.66,29.0,495,2011-08-03 09:59:00,2010-03-25 12:03:00,1,1,15374,United Kingdom,1,Promising
2987,689,1,60.96,60.96,14.0,0,2010-01-18 15:38:00,2010-01-18 15:38:00,1,0,15375,United Kingdom,3,At Risk / Lapsed
2988,39,3,1221.56,407.18666666666667,5.301724137931035,182,2011-10-30 15:04:00,2011-05-01 13:45:00,0,1,15376,United Kingdom,2,Loyal Customers
2989,382,4,1211.75,302.9375,12.047619047619047,32,2010-11-22 08:55:00,2010-10-20 11:42:00,1,1,15377,United Kingdom,3,At Risk / Lapsed
2990,462,2,246.5,123.25,10.833333333333334,39,2010-09-03 11:30:00,2010-07-26 08:47:00,1,1,15378,United Kingdom,3,At Risk / Lapsed
2991,168,8,4877.84,609.73,11.40684410646388,231,2011-06-23 13:13:00,2010-11-04 11:59:00,1,1,15379,United Kingdom,2,Loyal Customers
2992,8,11,3479.0600000000004,316.27818181818185,19.471698113207548,729,2011-12-01 12:13:00,2009-12-01 13:50:00,0,1,15380,United Kingdom,0,Champions
2993,213,5,1890.57,378.114,33.416666666666664,369,2011-05-10 11:55:00,2010-05-05 14:35:00,1,1,15381,United Kingdom,2,Loyal Customers
2994,14,12,13733.55,1144.4625,14.522151898734178,720,2011-11-25 10:58:00,2009-12-04 14:13:00,0,1,15382,United Kingdom,0,Champions
2995,169,4,2027.79,506.9475,14.97457627118644,422,2011-06-23 10:57:00,2010-04-26 12:38:00,1,1,15384,United Kingdom,2,Loyal Customers
2996,39,3,942.08,314.0266666666667,20.38095238095238,637,2011-10-30 15:11:00,2010-01-31 13:02:00,0,1,15385,United Kingdom,2,Loyal Customers
2997,185,1,394.14,394.14,14.387096774193548,0,2011-06-06 13:47:00,2011-06-06 13:47:00,1,0,15386,United Kingdom,1,Promising
2998,491,1,468.65,468.65,16.75,0,2010-08-04 16:05:00,2010-08-04 16:05:00,1,0,15387,United Kingdom,3,At Risk / Lapsed
2999,269,1,140.54,140.54,8.8,0,2011-03-14 13:53:00,2011-03-14 13:53:00,1,0,15388,Canada,1,Promising
3000,171,5,2733.8,546.76,656.6666666666666,509,2011-06-20 16:18:00,2010-01-27 12:44:00,1,1,15389,United Kingdom,2,Loyal Customers
3001,395,2,1216.66,608.33,11.61038961038961,12,2010-11-08 15:19:00,2010-10-26 17:23:00,1,1,15390,Canada,3,At Risk / Lapsed
3002,583,1,289.87,289.87,9.083333333333334,0,2010-05-04 15:04:00,2010-05-04 15:04:00,1,0,15391,United Kingdom,3,At Risk / Lapsed
3003,4,7,2911.62,415.9457142857143,14.88888888888889,426,2011-12-05 11:01:00,2010-10-04 12:50:00,0,1,15392,United Kingdom,2,Loyal Customers
3004,15,5,891.34,178.268,8.590909090909092,707,2011-11-23 16:48:00,2009-12-15 17:56:00,0,1,15393,United Kingdom,2,Loyal Customers
3005,9,11,5286.8,480.6181818181818,10.44933920704846,714,2011-11-30 11:49:00,2009-12-15 19:05:00,0,1,15394,United Kingdom,0,Champions
3006,325,1,107.45,107.45,2.4285714285714284,0,2011-01-18 12:40:00,2011-01-18 12:40:00,1,0,15395,United Kingdom,3,At Risk / Lapsed
3007,112,2,796.38,398.19,17.375,471,2011-08-19 10:56:00,2010-05-05 09:04:00,1,1,15396,United Kingdom,1,Promising
3008,289,1,94.0,94.0,3.333333333333333,0,2011-02-23 09:25:00,2011-02-23 09:25:00,1,0,15397,United Kingdom,1,Promising
3009,15,2,1345.53,672.765,10.534246575342468,62,2011-11-23 16:47:00,2011-09-22 14:56:00,0,1,15398,United Kingdom,2,Loyal Customers
3010,0,3,815.77,271.92333333333335,12.22,77,2011-12-08 13:04:00,2011-09-21 15:57:00,0,1,15399,United Kingdom,2,Loyal Customers
3011,91,8,1302.3,162.7875,24.51851851851852,468,2011-09-08 13:57:00,2010-05-28 08:33:00,1,1,15400,United Kingdom,2,Loyal Customers
3012,451,2,216.95,108.475,6.642857142857143,116,2010-09-13 13:42:00,2010-05-20 10:56:00,1,1,15401,United Kingdom,3,At Risk / Lapsed
3013,148,6,1830.12,305.02,15.638461538461538,443,2011-07-14 12:17:00,2010-04-27 12:12:00,1,1,15402,United Kingdom,2,Loyal Customers
3014,491,2,170.88,85.44,61.5,238,2010-08-05 12:21:00,2009-12-09 12:45:00,1,1,15403,United Kingdom,3,At Risk / Lapsed
3015,375,1,257.06,257.06,20.875,0,2010-11-29 11:03:00,2010-11-29 11:03:00,1,0,15404,United Kingdom,3,At Risk / Lapsed
3016,188,2,659.84,329.92,11.6,386,2011-06-03 14:44:00,2010-05-12 15:56:00,1,1,15405,United Kingdom,1,Promising
3017,30,4,975.87,243.9675,4.483606557377049,422,2011-11-08 13:22:00,2010-09-12 13:06:00,0,1,15406,United Kingdom,2,Loyal Customers
3018,33,4,1046.74,261.685,3.72972972972973,271,2011-11-06 11:55:00,2011-02-07 13:18:00,0,1,15407,United Kingdom,2,Loyal Customers
3019,263,1,267.18,267.18,3.117647058823529,0,2011-03-20 15:02:00,2011-03-20 15:02:00,1,0,15408,United Kingdom,1,Promising
3020,720,1,131.25,131.25,6.555555555555555,0,2009-12-18 15:35:00,2009-12-18 15:35:00,1,0,15409,United Kingdom,3,At Risk / Lapsed
3021,83,10,4685.72,468.572,11.74074074074074,515,2011-09-16 14:47:00,2010-04-19 08:57:00,0,1,15410,United Kingdom,0,Champions
3022,25,4,1348.93,337.2325,5.3979591836734695,156,2011-11-13 15:19:00,2011-06-10 12:30:00,0,1,15411,United Kingdom,2,Loyal Customers
3023,170,1,190.53,190.53,10.8,0,2011-06-21 15:24:00,2011-06-21 15:24:00,1,0,15412,United Kingdom,1,Promising
3024,691,5,6798.72,1359.744,107.76,47,2010-01-17 11:33:00,2009-12-01 10:18:00,1,1,15413,United Kingdom,3,At Risk / Lapsed
3025,9,3,774.9000000000001,258.3,11.35897435897436,232,2011-11-30 09:50:00,2011-04-11 13:45:00,0,1,15414,United Kingdom,2,Loyal Customers
3026,312,1,559.61,559.61,11.72340425531915,0,2011-01-30 14:13:00,2011-01-30 14:13:00,1,0,15415,United Kingdom,3,At Risk / Lapsed
3027,64,7,4572.82,653.26,10.614035087719298,611,2011-10-06 09:38:00,2010-02-01 11:55:00,0,1,15416,United Kingdom,2,Loyal Customers
3028,84,1,508.8,508.8,10.142857142857142,0,2011-09-15 15:26:00,2011-09-15 15:26:00,0,0,15417,United Kingdom,1,Promising
3029,424,2,449.42,224.71,3.882352941176471,161,2010-10-10 13:38:00,2010-05-02 11:31:00,1,1,15418,United Kingdom,3,At Risk / Lapsed
3030,24,1,135.86,135.86,28.75,0,2011-11-15 09:23:00,2011-11-15 09:23:00,0,0,15419,United Kingdom,1,Promising
3031,433,6,743.0,123.83333333333331,15.071428571428571,300,2010-10-01 15:46:00,2009-12-05 13:29:00,1,1,15420,United Kingdom,3,At Risk / Lapsed
3032,58,10,3805.34,380.534,6.098101265822785,673,2011-10-12 09:20:00,2009-12-07 15:10:00,0,1,15421,United Kingdom,0,Champions
3033,322,7,1619.97,231.42428571428573,5.916666666666667,347,2011-01-20 16:17:00,2010-02-07 11:52:00,1,1,15422,United Kingdom,2,Loyal Customers
3034,37,3,266.89,88.96333333333332,14.142857142857142,583,2011-11-01 14:01:00,2010-03-28 13:42:00,0,1,15423,United Kingdom,1,Promising
3035,253,3,597.78,199.26,26.454545454545453,208,2011-03-30 13:02:00,2010-09-02 17:17:00,1,1,15424,United Kingdom,1,Promising
3036,399,4,1941.12,485.28,7.27972027972028,263,2010-11-04 18:13:00,2010-02-14 12:36:00,1,1,15425,United Kingdom,2,Loyal Customers
3037,18,9,2538.92,282.1022222222222,2.3564356435643563,567,2011-11-20 15:36:00,2010-05-02 15:10:00,0,1,15426,United Kingdom,2,Loyal Customers
3038,32,3,1430.54,476.8466666666666,3.3116438356164384,13,2011-11-06 14:29:00,2011-10-23 14:47:00,0,1,15427,United Kingdom,2,Loyal Customers
3039,14,4,762.75,190.6875,7.886363636363637,706,2011-11-24 16:54:00,2009-12-17 17:46:00,0,1,15428,United Kingdom,2,Loyal Customers
3040,26,2,397.35,198.675,4.634146341463414,48,2011-11-13 12:28:00,2011-09-25 13:42:00,0,1,15429,United Kingdom,1,Promising
3041,467,2,954.75,477.375,8.583333333333334,60,2010-08-29 10:42:00,2010-06-29 15:04:00,1,1,15430,United Kingdom,3,At Risk / Lapsed
3042,502,1,153.24,153.24,42.0,0,2010-07-25 12:44:00,2010-07-25 12:44:00,1,0,15431,United Kingdom,3,At Risk / Lapsed
3043,22,2,320.76,160.38,5.75,518,2011-11-16 16:30:00,2010-06-16 14:34:00,0,1,15432,United Kingdom,1,Promising
3044,213,2,533.3,266.65,13.024390243902438,53,2011-05-10 10:45:00,2011-03-17 14:12:00,1,1,15433,United Kingdom,1,Promising
3045,7,11,2567.06,233.3690909090909,10.619402985074627,675,2011-12-01 13:33:00,2010-01-24 15:35:00,0,1,15434,United Kingdom,0,Champions
3046,21,1,149.29,149.29,1.862068965517241,0,2011-11-17 16:39:00,2011-11-17 16:39:00,0,0,15435,United Kingdom,1,Promising
3047,11,3,1067.75,355.9166666666667,1.972508591065292,221,2011-11-27 16:05:00,2011-04-19 16:52:00,0,1,15436,United Kingdom,2,Loyal Customers
3048,261,2,393.45,196.725,3.1052631578947367,378,2011-03-22 13:11:00,2010-03-09 10:45:00,1,1,15437,United Kingdom,1,Promising
3049,130,1,156.57999999999998,156.57999999999998,2.36,0,2011-07-31 14:19:00,2011-07-31 14:19:00,1,0,15438,United Kingdom,1,Promising
3050,404,4,1269.05,317.2625,10.035087719298245,248,2010-10-31 10:38:00,2010-02-24 12:05:00,1,1,15439,United Kingdom,3,At Risk / Lapsed
3051,54,3,383.68,127.89333333333332,3.177419354838709,154,2011-10-16 12:16:00,2011-05-15 11:30:00,0,1,15440,United Kingdom,1,Promising
3052,395,3,1254.21,418.07,10.298245614035087,334,2010-11-08 15:50:00,2009-12-09 14:55:00,1,1,15441,United Kingdom,3,At Risk / Lapsed
3053,248,1,594.0,594.0,60.0,0,2011-04-05 12:24:00,2011-04-05 12:24:00,1,0,15442,United Kingdom,1,Promising
3054,1,14,5114.23,365.3021428571428,4.3184,640,2011-12-08 10:40:00,2010-03-07 12:10:00,0,1,15443,United Kingdom,0,Champions
3055,8,2,1411.21,705.605,3.546728971962617,31,2011-11-30 17:37:00,2011-10-30 16:12:00,0,1,15444,United Kingdom,2,Loyal Customers
3056,263,2,284.5,142.25,8.428571428571429,326,2011-03-20 15:06:00,2010-04-28 15:00:00,1,1,15445,United Kingdom,1,Promising
3057,376,3,396.75,132.25,2.36036036036036,349,2010-11-28 11:59:00,2009-12-13 13:53:00,1,1,15446,United Kingdom,3,At Risk / Lapsed
3058,330,5,492.88,98.576,7.862068965517241,294,2011-01-13 11:26:00,2010-03-24 14:40:00,1,1,15447,United Kingdom,3,At Risk / Lapsed
3059,312,2,788.81,394.405,9.93877551020408,361,2011-01-31 10:42:00,2010-02-03 13:29:00,1,1,15448,United Kingdom,3,At Risk / Lapsed
3060,25,3,974.52,324.84,13.533333333333331,235,2011-11-13 15:02:00,2011-03-23 10:43:00,0,1,15449,United Kingdom,2,Loyal Customers
3061,29,1,429.84,429.84,12.533333333333331,0,2011-11-09 17:11:00,2011-11-09 17:11:00,0,0,15450,United Kingdom,1,Promising
3062,433,2,226.86,113.43,1.2666666666666666,164,2010-10-01 13:40:00,2010-04-19 14:08:00,1,1,15451,United Kingdom,3,At Risk / Lapsed
3063,29,6,1785.11,297.5183333333334,5.4623115577889445,481,2011-11-10 12:13:00,2010-07-16 14:23:00,0,1,15452,United Kingdom,2,Loyal Customers
3064,1,7,1371.77,195.96714285714285,3.0,185,2011-12-08 10:59:00,2011-06-05 12:37:00,0,1,15453,United Kingdom,2,Loyal Customers
3065,361,2,303.89,151.945,3.615384615384616,256,2010-12-12 14:21:00,2010-03-31 13:15:00,1,1,15454,United Kingdom,3,At Risk / Lapsed
3066,597,1,38.25,38.25,1.5,0,2010-04-21 12:43:00,2010-04-21 12:43:00,1,0,15455,United Kingdom,3,At Risk / Lapsed
3067,282,10,2091.52,209.152,12.013215859030836,448,2011-03-01 13:51:00,2009-12-08 12:54:00,1,1,15456,United Kingdom,2,Loyal Customers
3068,261,1,237.07,237.07,2.2758620689655173,0,2011-03-22 15:31:00,2011-03-22 15:31:00,1,0,15457,United Kingdom,1,Promising
3069,24,2,370.44,185.22,23.07692307692308,376,2011-11-14 13:08:00,2010-11-02 19:50:00,0,1,15458,United Kingdom,1,Promising
3070,416,2,202.83,101.415,17.285714285714285,80,2010-10-18 15:25:00,2010-07-30 14:31:00,1,1,15459,United Kingdom,3,At Risk / Lapsed
3071,353,1,214.26,214.26,1.9107142857142856,0,2010-12-20 16:08:00,2010-12-20 16:08:00,1,0,15460,United Kingdom,3,At Risk / Lapsed
3072,460,2,429.7,214.85,115.0,170,2010-09-05 12:31:00,2010-03-18 12:40:00,1,1,15461,United Kingdom,3,At Risk / Lapsed
3073,93,4,737.05,184.2625,12.073170731707316,351,2011-09-06 13:11:00,2010-09-20 10:23:00,1,1,15462,United Kingdom,2,Loyal Customers
3074,28,1,126.14,126.14,15.142857142857142,0,2011-11-10 12:57:00,2011-11-10 12:57:00,0,0,15463,United Kingdom,1,Promising
3075,337,1,1044.65,1044.65,2.2451612903225806,0,2011-01-05 15:56:00,2011-01-05 15:56:00,1,0,15464,United Kingdom,3,At Risk / Lapsed
3076,19,32,12636.15,394.8796875,10.545801526717558,710,2011-11-20 10:11:00,2009-12-10 09:42:00,0,1,15465,United Kingdom,0,Champions
3077,84,4,1560.46,390.115,3.5916030534351147,651,2011-09-15 14:08:00,2009-12-03 12:28:00,0,1,15466,United Kingdom,2,Loyal Customers
3078,8,3,524.88,174.96,5.961538461538462,142,2011-11-30 14:17:00,2011-07-10 14:42:00,0,1,15467,United Kingdom,1,Promising
3079,50,3,1430.48,476.82666666666665,17.5,341,2011-10-19 13:49:00,2010-11-12 09:39:00,0,1,15468,United Kingdom,2,Loyal Customers
3080,49,3,874.25,291.4166666666667,6.674418604651163,388,2011-10-20 16:21:00,2010-09-27 10:09:00,0,1,15469,United Kingdom,2,Loyal Customers
3081,575,1,63.42,63.42,58.0,0,2010-05-13 09:35:00,2010-05-13 09:35:00,1,0,15470,United Kingdom,3,At Risk / Lapsed
3082,1,3,1292.01,430.67,4.32258064516129,548,2011-12-07 14:12:00,2010-06-07 12:17:00,0,1,15471,United Kingdom,2,Loyal Customers
3083,112,1,371.56,371.56,3.3026315789473686,0,2011-08-18 15:17:00,2011-08-18 15:17:00,1,0,15472,United Kingdom,1,Promising
3084,13,8,2046.0,255.75,55.42857142857143,430,2011-11-25 15:15:00,2010-09-21 09:14:00,0,1,15473,United Kingdom,2,Loyal Customers
3085,595,1,150.35,150.35,2.8947368421052637,0,2010-04-23 11:14:00,2010-04-23 11:14:00,1,0,15474,United Kingdom,3,At Risk / Lapsed
3086,76,1,454.11,454.11,11.0,0,2011-09-23 15:20:00,2011-09-23 15:20:00,0,0,15475,United Kingdom,1,Promising
3087,379,4,2209.98,552.495,14.860759493670884,62,2010-11-24 15:17:00,2010-09-23 14:00:00,1,1,15476,United Kingdom,2,Loyal Customers
3088,649,1,368.4,368.4,108.0,0,2010-02-28 10:37:00,2010-02-28 10:37:00,1,0,15477,United Kingdom,3,At Risk / Lapsed
3089,39,3,1940.98,646.9933333333333,12.597014925373134,534,2011-10-30 14:19:00,2010-05-13 18:49:00,0,1,15478,United Kingdom,2,Loyal Customers
3090,732,1,147.4,147.4,4.222222222222222,0,2009-12-06 15:08:00,2009-12-06 15:08:00,1,0,15479,United Kingdom,3,At Risk / Lapsed
3091,115,3,3592.25,1197.4166666666667,8.685446009389672,559,2011-08-15 14:32:00,2010-02-01 14:52:00,1,1,15480,Malta,2,Loyal Customers
3092,400,1,1993.34,1993.34,38.1578947368421,0,2010-11-03 14:52:00,2010-11-03 14:52:00,1,0,15481,Norway,3,At Risk / Lapsed
3093,15,18,14377.36,798.7422222222223,44.31972789115646,721,2011-11-24 10:46:00,2009-12-02 16:59:00,0,1,15482,United Kingdom,0,Champions
3094,160,10,810.68,81.068,3.25,522,2011-07-01 13:07:00,2010-01-24 15:42:00,1,1,15483,United Kingdom,2,Loyal Customers
3095,0,6,4652.1,775.35,16.975,732,2011-12-08 15:03:00,2009-12-05 15:18:00,0,1,15484,United Kingdom,2,Loyal Customers
3096,29,7,5750.51,821.5014285714286,16.0,707,2011-11-09 14:31:00,2009-12-01 17:31:00,0,1,15485,United Kingdom,0,Champions
3097,526,1,102.0,102.0,40.0,0,2010-06-30 13:15:00,2010-06-30 13:15:00,1,0,15486,United Kingdom,3,At Risk / Lapsed
3098,679,1,231.32,231.32,10.285714285714286,0,2010-01-29 12:07:00,2010-01-29 12:07:00,1,0,15487,United Kingdom,3,At Risk / Lapsed
3099,92,5,431.92,86.384,22.818181818181817,490,2011-09-08 10:11:00,2010-05-05 13:03:00,1,1,15488,United Kingdom,2,Loyal Customers
3100,22,8,2419.61,302.45125,11.087719298245617,670,2011-11-17 08:53:00,2010-01-15 16:58:00,0,1,15489,United Kingdom,2,Loyal Customers
3101,429,1,210.85,210.85,3.28,0,2010-10-05 13:11:00,2010-10-05 13:11:00,1,0,15490,United Kingdom,3,At Risk / Lapsed
3102,94,6,3100.09,516.6816666666667,10.688311688311687,140,2011-09-05 15:56:00,2011-04-18 10:04:00,1,1,15491,United Kingdom,2,Loyal Customers
3103,27,2,659.4599999999999,329.73,13.8,46,2011-11-11 14:53:00,2011-09-26 14:02:00,0,1,15492,United Kingdom,1,Promising
3104,32,9,4113.19,457.0211111111111,1.972176759410802,622,2011-11-07 12:04:00,2010-02-23 11:14:00,0,1,15493,United Kingdom,0,Champions
3105,20,5,3702.6,740.52,8.293478260869565,707,2011-11-18 14:51:00,2009-12-10 20:16:00,0,1,15494,United Kingdom,2,Loyal Customers
3106,378,1,246.5,246.5,9.7,0,2010-11-25 13:46:00,2010-11-25 13:46:00,1,0,15495,United Kingdom,3,At Risk / Lapsed
3107,630,1,146.14,146.14,4.454545454545454,0,2010-03-18 13:16:00,2010-03-18 13:16:00,1,0,15496,United Kingdom,3,At Risk / Lapsed
3108,17,9,8657.39,961.9322222222222,24.272727272727277,703,2011-11-22 11:51:00,2009-12-18 15:08:00,0,1,15497,United Kingdom,0,Champions
3109,2,44,25949.58,589.7631818181818,13.001031991744066,720,2011-12-07 12:48:00,2009-12-16 17:27:00,0,1,15498,United Kingdom,0,Champions
3110,723,1,158.65,158.65,1.4390243902439024,0,2009-12-16 12:17:00,2009-12-16 12:17:00,1,0,15499,United Kingdom,3,At Risk / Lapsed
3111,7,4,1131.56,282.89,8.411764705882353,73,2011-12-01 13:47:00,2011-09-19 13:47:00,0,1,15500,United Kingdom,2,Loyal Customers
3112,404,2,399.95,199.975,2.971014492753623,10,2010-10-31 11:15:00,2010-10-20 12:47:00,1,1,15501,United Kingdom,3,At Risk / Lapsed
3113,15,12,10472.32,872.6933333333333,16.51129943502825,539,2011-11-24 12:48:00,2010-06-03 11:12:00,0,1,15502,United Kingdom,0,Champions
3114,362,2,257.3,128.65,1.1111111111111112,363,2010-12-12 10:57:00,2009-12-13 11:34:00,1,1,15503,United Kingdom,3,At Risk / Lapsed
3115,80,4,391.45,97.8625,2.1904761904761907,584,2011-09-19 13:45:00,2010-02-12 12:34:00,0,1,15504,United Kingdom,1,Promising
3116,52,5,3610.96,722.192,24.63917525773196,102,2011-10-18 07:56:00,2011-07-07 13:33:00,0,1,15505,United Kingdom,2,Loyal Customers
3117,22,6,2030.33,338.3883333333333,5.996336996336996,454,2011-11-17 12:11:00,2010-08-19 12:38:00,0,1,15506,United Kingdom,2,Loyal Customers
3118,171,1,475.86,475.86,3.555555555555556,0,2011-06-21 11:19:00,2011-06-21 11:19:00,1,0,15507,United Kingdom,1,Promising
3119,188,6,1000.27,166.71166666666667,4.782608695652174,46,2011-06-03 15:43:00,2011-04-18 15:31:00,1,1,15508,United Kingdom,2,Loyal Customers
3120,379,1,152.41,152.41,2.230769230769231,0,2010-11-24 14:48:00,2010-11-24 14:48:00,1,0,15509,United Kingdom,3,At Risk / Lapsed
3121,330,1,250.0,250.0,2.0,0,2011-01-13 12:10:00,2011-01-13 12:10:00,1,0,15510,United Kingdom,3,At Risk / Lapsed
3122,11,5,900.53,180.106,1.7025316455696202,73,2011-11-28 09:43:00,2011-09-15 15:05:00,0,1,15511,United Kingdom,2,Loyal Customers
3123,155,4,331.58,82.895,7.34375,520,2011-07-07 10:20:00,2010-02-01 13:23:00,1,1,15512,United Kingdom,1,Promising
3124,32,35,27750.55,792.8728571428571,19.272241992882563,661,2011-11-06 14:36:00,2010-01-13 14:59:00,0,1,15513,United Kingdom,0,Champions
3125,11,18,6388.28,354.90444444444444,12.876582278481012,722,2011-11-27 14:40:00,2009-12-04 16:37:00,0,1,15514,United Kingdom,0,Champions
3126,386,1,171.81,171.81,18.714285714285715,0,2010-11-17 13:39:00,2010-11-17 13:39:00,1,0,15515,United Kingdom,3,At Risk / Lapsed
3127,44,3,62.43,20.81,1.8,1,2011-10-26 10:51:00,2011-10-24 11:33:00,0,1,15516,United Kingdom,1,Promising
3128,232,1,267.03,267.03,10.851851851851851,0,2011-04-20 14:02:00,2011-04-20 14:02:00,1,0,15517,United Kingdom,1,Promising
3129,63,15,4189.99,279.3326666666666,6.272321428571429,655,2011-10-06 13:05:00,2009-12-20 12:21:00,0,1,15518,United Kingdom,0,Champions
3130,382,2,344.61,172.305,3.135135135135135,63,2010-11-21 14:35:00,2010-09-19 13:57:00,1,1,15519,United Kingdom,3,At Risk / Lapsed
3131,1,1,343.5,343.5,17.444444444444443,0,2011-12-08 10:58:00,2011-12-08 10:58:00,0,0,15520,United Kingdom,1,Promising
3132,39,16,7087.64,442.9775,11.231920199501246,663,2011-10-30 13:42:00,2010-01-05 10:19:00,0,1,15521,United Kingdom,0,Champions
3133,32,2,397.99,198.995,10.214285714285714,54,2011-11-07 11:26:00,2011-09-13 12:26:00,0,1,15522,United Kingdom,1,Promising
3134,83,16,17259.19,1078.699375,73.74056603773585,653,2011-09-16 16:29:00,2009-12-02 15:16:00,0,1,15523,United Kingdom,0,Champions
3135,24,2,591.4,295.7,3.111111111111111,582,2011-11-15 12:09:00,2010-04-12 09:19:00,0,1,15524,United Kingdom,1,Promising
3136,1,4,1162.65,290.6625,2.8105726872246697,380,2011-12-07 14:43:00,2010-11-22 12:10:00,0,1,15525,United Kingdom,2,Loyal Customers
3137,32,2,148.44,74.22,6.0,0,2011-11-06 15:04:00,2011-11-06 15:01:00,0,1,15526,United Kingdom,1,Promising
3138,18,23,5554.04,241.48,6.737804878048781,705,2011-11-21 12:17:00,2009-12-15 17:31:00,0,1,15527,United Kingdom,0,Champions
3139,253,1,229.33,229.33,4.730769230769231,0,2011-03-30 16:14:00,2011-03-30 16:14:00,1,0,15528,United Kingdom,1,Promising
3140,22,12,5076.77,423.0641666666667,5.564455569461828,371,2011-11-17 11:29:00,2010-11-10 14:26:00,0,1,15529,United Kingdom,0,Champions
3141,21,5,1808.68,361.736,9.352112676056338,491,2011-11-18 12:25:00,2010-07-15 11:10:00,0,1,15530,United Kingdom,2,Loyal Customers
3142,7,2,1972.39,986.195,4.954337899543379,22,2011-12-01 18:43:00,2011-11-09 17:47:00,0,1,15531,United Kingdom,2,Loyal Customers
3143,24,10,3717.2,371.72,2.1628664495114007,523,2011-11-14 14:51:00,2010-06-08 14:52:00,0,1,15532,United Kingdom,0,Champions
3144,18,3,807.57,269.19,3.4819277108433737,69,2011-11-20 15:35:00,2011-09-11 15:41:00,0,1,15533,United Kingdom,2,Loyal Customers
3145,725,1,162.25,162.25,7.875,0,2009-12-14 12:48:00,2009-12-14 12:48:00,1,0,15534,United Kingdom,3,At Risk / Lapsed
3146,172,6,1044.37,174.0616666666667,2.4153846153846152,275,2011-06-19 16:02:00,2010-09-16 20:04:00,1,1,15535,United Kingdom,2,Loyal Customers
3147,408,1,259.09,259.09,15.125,0,2010-10-26 16:31:00,2010-10-26 16:31:00,1,0,15536,United Kingdom,3,At Risk / Lapsed
3148,162,1,110.92,110.92,1.2083333333333333,0,2011-06-29 13:10:00,2011-06-29 13:10:00,1,0,15537,United Kingdom,1,Promising
3149,537,6,3358.4,559.7333333333332,72.57142857142857,125,2010-06-20 10:49:00,2010-02-14 12:38:00,1,1,15538,United Kingdom,3,At Risk / Lapsed
3150,6,1,538.46,538.46,10.0,0,2011-12-02 13:36:00,2011-12-02 13:36:00,0,0,15539,United Kingdom,1,Promising
3151,10,2,460.68,230.34,14.32258064516129,364,2011-11-28 13:51:00,2010-11-29 11:10:00,0,1,15540,United Kingdom,1,Promising
3152,113,1,85.13000000000001,85.13000000000001,1.6896551724137931,0,2011-08-17 14:58:00,2011-08-17 14:58:00,1,0,15541,United Kingdom,1,Promising
3153,511,3,855.71,285.2366666666667,1.8495575221238936,225,2010-07-15 13:32:00,2009-12-02 11:53:00,1,1,15542,United Kingdom,3,At Risk / Lapsed
3154,287,2,242.26,121.13,2.982142857142857,171,2011-02-24 15:26:00,2010-09-06 11:28:00,1,1,15543,United Kingdom,1,Promising
3155,8,20,8162.43,408.1215,12.601436265709156,671,2011-11-30 16:43:00,2010-01-28 14:39:00,0,1,15544,United Kingdom,0,Champions
3156,53,2,424.3,212.15,2.135135135135135,316,2011-10-16 13:24:00,2010-12-03 17:28:00,0,1,15545,United Kingdom,1,Promising
3157,606,2,1079.1,539.5500000000001,16.5,0,2010-04-12 11:51:00,2010-04-12 11:45:00,1,1,15546,United Kingdom,3,At Risk / Lapsed
3158,6,26,10002.65,384.71730769230766,5.455981941309255,725,2011-12-02 12:52:00,2009-12-06 13:40:00,0,1,15547,United Kingdom,0,Champions
3159,595,1,158.09,158.09,2.782608695652174,0,2010-04-23 12:20:00,2010-04-23 12:20:00,1,0,15548,United Kingdom,3,At Risk / Lapsed
3160,76,8,2330.41,291.30125,5.83125,620,2011-09-23 16:22:00,2010-01-11 13:16:00,0,1,15549,United Kingdom,2,Loyal Customers
3161,3,12,2211.05,184.2541666666667,4.846808510638298,732,2011-12-05 15:38:00,2009-12-03 15:15:00,0,1,15550,United Kingdom,0,Champions
3162,36,7,1679.81,239.97285714285712,5.566433566433567,513,2011-11-03 12:37:00,2010-06-07 15:05:00,0,1,15551,United Kingdom,2,Loyal Customers
3163,216,2,252.52,126.26,5.533333333333333,405,2011-05-06 14:47:00,2010-03-26 16:17:00,1,1,15552,United Kingdom,1,Promising
3164,59,1,428.93,428.93,8.163636363636364,0,2011-10-10 14:02:00,2011-10-10 14:02:00,0,0,15553,United Kingdom,1,Promising
3165,277,1,217.2,217.2,5.285714285714286,0,2011-03-07 09:00:00,2011-03-07 09:00:00,1,0,15554,United Kingdom,1,Promising
3166,11,36,12052.56,334.7933333333333,5.403985507246377,721,2011-11-27 16:19:00,2009-12-06 11:58:00,0,1,15555,United Kingdom,0,Champions
3167,23,1,279.77,279.77,7.612903225806452,0,2011-11-15 16:08:00,2011-11-15 16:08:00,0,0,15556,United Kingdom,1,Promising
3168,28,1,468.91,468.91,11.210526315789474,0,2011-11-11 12:46:00,2011-11-11 12:46:00,0,0,15557,United Kingdom,1,Promising
3169,638,1,202.68,202.68,3.1739130434782608,0,2010-03-10 15:25:00,2010-03-10 15:25:00,1,0,15558,United Kingdom,3,At Risk / Lapsed
3170,567,1,1109.4,1109.4,8.483870967741936,0,2010-05-20 14:06:00,2010-05-20 14:06:00,1,0,15559,United Kingdom,3,At Risk / Lapsed
3171,397,2,153.52,76.76,7.2,0,2010-11-07 10:15:00,2010-11-07 10:14:00,1,1,15560,United Kingdom,3,At Risk / Lapsed
3172,11,8,1934.39,241.79875,14.5,651,2011-11-28 11:07:00,2010-02-14 12:22:00,0,1,15561,United Kingdom,2,Loyal Customers
3173,351,3,671.4300000000001,223.81000000000003,16.96969696969697,374,2010-12-23 09:55:00,2009-12-13 15:17:00,1,1,15562,United Kingdom,3,At Risk / Lapsed
3174,21,6,2820.46,470.07666666666665,11.549019607843135,658,2011-11-17 12:59:00,2010-01-28 11:36:00,0,1,15563,United Kingdom,2,Loyal Customers
3175,462,2,70.74000000000001,35.370000000000005,10.5,212,2010-09-02 15:52:00,2010-02-01 15:58:00,1,1,15564,United Kingdom,3,At Risk / Lapsed
3176,49,2,173.16,86.58,7.5,20,2011-10-20 14:33:00,2011-09-30 10:44:00,0,1,15565,United Kingdom,1,Promising
3177,392,2,227.87,113.935,12.75,331,2010-11-12 12:11:00,2009-12-15 14:53:00,1,1,15566,United Kingdom,3,At Risk / Lapsed
3178,18,1,186.01,186.01,31.857142857142858,0,2011-11-21 10:48:00,2011-11-21 10:48:00,0,0,15567,United Kingdom,1,Promising
3179,2,3,758.29,252.7633333333333,8.69811320754717,70,2011-12-07 11:27:00,2011-09-27 14:37:00,0,1,15568,United Kingdom,2,Loyal Customers
3180,103,10,3583.45,358.345,12.385714285714286,545,2011-08-28 10:15:00,2010-02-28 10:55:00,1,1,15569,United Kingdom,0,Champions
3181,6,25,9254.14,370.1656,5.483204134366925,614,2011-12-02 14:47:00,2010-03-28 14:04:00,0,1,15570,United Kingdom,0,Champions
3182,11,14,3892.35,278.025,4.0183333333333335,721,2011-11-28 10:02:00,2009-12-06 12:10:00,0,1,15571,United Kingdom,0,Champions
3183,4,10,3965.2,396.52,6.090379008746356,599,2011-12-05 10:09:00,2010-04-14 14:38:00,0,1,15572,United Kingdom,0,Champions
3184,31,5,1180.47,236.094,3.6619047619047618,697,2011-11-08 11:38:00,2009-12-10 14:19:00,0,1,15573,United Kingdom,2,Loyal Customers
3185,177,6,1450.48,241.74666666666667,2.713432835820896,286,2011-06-15 12:01:00,2010-09-01 14:37:00,1,1,15574,United Kingdom,2,Loyal Customers
3186,619,1,30.1,30.1,2.0,0,2010-03-30 12:50:00,2010-03-30 12:50:00,1,0,15575,United Kingdom,3,At Risk / Lapsed
3187,37,1,921.37,921.37,9.16279069767442,0,2011-11-02 12:03:00,2011-11-02 12:03:00,0,0,15576,United Kingdom,1,Promising
3188,150,5,396.03,79.206,2.0338983050847457,575,2011-07-11 17:03:00,2009-12-13 16:17:00,1,1,15577,United Kingdom,2,Loyal Customers
3189,161,1,127.1,127.1,4.0,0,2011-06-30 13:03:00,2011-06-30 13:03:00,1,0,15578,United Kingdom,1,Promising
3190,68,5,1250.63,250.12600000000003,4.428571428571429,363,2011-10-02 12:45:00,2010-10-03 14:37:00,0,1,15579,United Kingdom,2,Loyal Customers
3191,376,8,1375.39,171.92375,4.2444444444444445,293,2010-11-28 11:00:00,2010-02-07 11:21:00,1,1,15580,United Kingdom,2,Loyal Customers
3192,155,34,4777.5,140.51470588235293,4.467142857142857,581,2011-07-06 14:04:00,2009-12-02 12:19:00,1,1,15581,United Kingdom,0,Champions
3193,24,3,682.9100000000001,227.63666666666668,10.295454545454543,195,2011-11-15 09:55:00,2011-05-03 13:36:00,0,1,15582,United Kingdom,1,Promising
3194,375,1,95.96,95.96,1.435897435897436,0,2010-11-28 15:04:00,2010-11-28 15:04:00,1,0,15583,United Kingdom,3,At Risk / Lapsed
3195,23,6,1268.2,211.36666666666667,2.1954545454545453,646,2011-11-16 10:55:00,2010-02-07 12:16:00,0,1,15584,United Kingdom,2,Loyal Customers
3196,176,1,455.3,455.3,10.32258064516129,0,2011-06-16 08:38:00,2011-06-16 08:38:00,1,0,15585,United Kingdom,1,Promising
3197,592,3,1139.1,379.7,35.21052631578947,108,2010-04-26 11:00:00,2010-01-08 10:02:00,1,1,15586,United Kingdom,3,At Risk / Lapsed
3198,49,7,1522.0800000000002,217.44000000000003,37.71428571428572,441,2011-10-20 13:37:00,2010-08-05 08:44:00,0,1,15587,United Kingdom,2,Loyal Customers
3199,677,1,579.6,579.6,24.0,0,2010-01-31 12:19:00,2010-01-31 12:19:00,1,0,15588,United Kingdom,3,At Risk / Lapsed
3200,255,3,478.53,159.51000000000002,8.379310344827585,54,2011-03-29 09:54:00,2011-02-02 10:46:00,1,1,15589,United Kingdom,1,Promising
3201,381,5,1496.6,299.32,9.563218390804598,224,2010-11-22 14:49:00,2010-04-12 10:09:00,1,1,15590,United Kingdom,2,Loyal Customers
3202,582,3,217.9,72.63333333333334,8.285714285714286,91,2010-05-06 09:23:00,2010-02-04 09:20:00,1,1,15591,United Kingdom,3,At Risk / Lapsed
3203,46,1,388.58,388.58,14.75,0,2011-10-24 08:59:00,2011-10-24 08:59:00,0,0,15592,United Kingdom,1,Promising
3204,70,1,199.8,199.8,12.0,0,2011-09-30 11:46:00,2011-09-30 11:46:00,0,0,15593,United Kingdom,1,Promising
3205,15,5,1771.78,354.356,9.54368932038835,218,2011-11-24 08:53:00,2011-04-19 10:08:00,0,1,15594,United Kingdom,2,Loyal Customers
3206,487,1,357.6,357.6,36.0,0,2010-08-09 12:27:00,2010-08-09 12:27:00,1,0,15595,United Kingdom,3,At Risk / Lapsed
3207,100,9,3130.04,347.78222222222223,7.818181818181818,398,2011-08-31 10:55:00,2010-07-28 11:46:00,1,1,15596,United Kingdom,2,Loyal Customers
3208,34,2,563.37,281.685,10.62162162162162,540,2011-11-04 13:26:00,2010-05-13 13:10:00,0,1,15597,United Kingdom,1,Promising
3209,52,2,548.02,274.01,11.22222222222222,374,2011-10-17 16:04:00,2010-10-08 09:20:00,0,1,15598,United Kingdom,1,Promising
3210,26,3,1250.06,416.68666666666667,13.228915662650602,419,2011-11-13 11:44:00,2010-09-20 10:15:00,0,1,15599,United Kingdom,2,Loyal Customers
3211,427,4,1199.31,299.8275,9.253521126760564,165,2010-10-07 14:30:00,2010-04-25 11:50:00,1,1,15600,United Kingdom,3,At Risk / Lapsed
3212,10,30,14960.12,498.6706666666667,12.684633027522937,727,2011-11-28 15:15:00,2009-12-01 14:53:00,0,1,15601,United Kingdom,0,Champions
3213,7,16,3230.51,201.906875,18.3515625,729,2011-12-01 14:14:00,2009-12-02 09:35:00,0,1,15602,United Kingdom,0,Champions
3214,78,2,88.48,44.24,32.0,569,2011-09-22 10:04:00,2010-03-01 16:02:00,0,1,15603,United Kingdom,1,Promising
3215,51,1,216.39,216.39,9.352941176470589,0,2011-10-18 14:47:00,2011-10-18 14:47:00,0,0,15604,United Kingdom,1,Promising
3216,35,9,1936.8,215.2,6.414414414414415,658,2011-11-03 14:17:00,2010-01-14 14:03:00,0,1,15605,United Kingdom,2,Loyal Customers
3217,60,17,5230.99,307.70529411764704,11.137931034482758,586,2011-10-09 15:47:00,2010-03-02 14:48:00,0,1,15606,United Kingdom,0,Champions
3218,336,9,1708.97,189.8855555555556,13.486238532110091,364,2011-01-07 12:44:00,2010-01-08 12:16:00,1,1,15607,United Kingdom,2,Loyal Customers
3219,27,5,1785.98,357.196,12.01904761904762,387,2011-11-11 13:20:00,2010-10-20 10:10:00,0,1,15608,United Kingdom,2,Loyal Customers
3220,183,1,298.48,298.48,9.25,0,2011-06-08 13:00:00,2011-06-08 13:00:00,1,0,15609,United Kingdom,1,Promising
3221,51,1,112.46,112.46,11.0,0,2011-10-19 10:36:00,2011-10-19 10:36:00,0,0,15610,United Kingdom,1,Promising
3222,9,24,2976.28,124.01166666666668,8.097826086956522,673,2011-11-30 12:36:00,2010-01-25 14:50:00,0,1,15611,United Kingdom,0,Champions
3223,35,2,195.15,97.575,8.666666666666666,25,2011-11-03 14:52:00,2011-10-09 12:49:00,0,1,15612,United Kingdom,1,Promising
3224,609,1,433.72,433.72,25.925925925925927,0,2010-04-08 12:51:00,2010-04-08 12:51:00,1,0,15613,United Kingdom,3,At Risk / Lapsed
3225,437,4,3147.36,786.84,20.14814814814815,188,2010-09-28 10:46:00,2010-03-23 11:13:00,1,1,15614,United Kingdom,2,Loyal Customers
3226,9,47,21373.97,454.7653191489362,13.41842397336293,726,2011-11-29 14:42:00,2009-12-02 15:28:00,0,1,15615,United Kingdom,0,Champions
3227,437,1,317.11,317.11,10.538461538461538,0,2010-09-27 13:10:00,2010-09-27 13:10:00,1,0,15616,United Kingdom,3,At Risk / Lapsed
3228,395,3,828.5500000000001,276.18333333333334,11.547619047619047,111,2010-11-08 16:07:00,2010-07-20 13:16:00,1,1,15617,United Kingdom,3,At Risk / Lapsed
3229,32,4,776.85,194.2125,10.295454545454543,103,2011-11-07 08:34:00,2011-07-26 10:13:00,0,1,15618,United Kingdom,2,Loyal Customers
3230,10,1,336.40000000000003,336.40000000000003,45.333333333333336,0,2011-11-29 08:14:00,2011-11-29 08:14:00,0,0,15619,United Kingdom,1,Promising
3231,56,4,1942.36,485.59,9.682170542635658,353,2011-10-14 12:41:00,2010-10-26 11:32:00,0,1,15620,United Kingdom,2,Loyal Customers
3232,3,4,1293.03,323.2575,31.3125,17,2011-12-05 14:01:00,2011-11-18 11:49:00,0,1,15621,United Kingdom,2,Loyal Customers
3233,42,17,7852.61,461.9182352941176,9.603286384976526,602,2011-10-27 16:44:00,2010-03-04 10:29:00,0,1,15622,United Kingdom,0,Champions
3234,140,8,2437.05,304.63125,10.064814814814817,588,2011-07-21 17:26:00,2009-12-10 14:46:00,1,1,15623,United Kingdom,2,Loyal Customers
3235,116,4,588.13,147.0325,10.5,139,2011-08-15 11:38:00,2011-03-28 13:32:00,1,1,15624,United Kingdom,2,Loyal Customers
3236,103,9,3236.4,359.6,17.660818713450293,438,2011-08-28 10:21:00,2010-06-15 15:23:00,1,1,15625,United Kingdom,2,Loyal Customers
3237,74,3,1067.52,355.84,14.225,346,2011-09-26 10:03:00,2010-10-14 17:16:00,0,1,15626,United Kingdom,2,Loyal Customers
3238,456,2,566.9,283.45,14.333333333333334,65,2010-09-08 14:14:00,2010-07-05 11:56:00,1,1,15627,United Kingdom,3,At Risk / Lapsed
3239,4,17,5652.26,332.4858823529412,12.00943396226415,721,2011-12-05 10:24:00,2009-12-13 13:39:00,0,1,15628,United Kingdom,0,Champions
3240,449,4,2240.9,560.225,19.714285714285715,82,2010-09-15 13:46:00,2010-06-25 11:39:00,1,1,15629,United Kingdom,3,At Risk / Lapsed
3241,44,3,1481.4,493.8,12.3375,599,2011-10-25 15:36:00,2010-03-05 14:30:00,0,1,15630,United Kingdom,2,Loyal Customers
3242,641,1,596.67,596.67,13.461538461538462,0,2010-03-07 14:52:00,2010-03-07 14:52:00,1,0,15631,United Kingdom,3,At Risk / Lapsed
3243,15,8,3285.31,410.66375,12.62874251497006,259,2011-11-24 09:51:00,2011-03-10 08:29:00,0,1,15632,United Kingdom,2,Loyal Customers
3244,508,13,4335.96,333.5353846153846,11.636363636363637,221,2010-07-18 13:54:00,2009-12-08 17:51:00,1,1,15633,United Kingdom,0,Champions
3245,16,2,554.65,277.325,6.676470588235294,366,2011-11-22 16:28:00,2010-11-21 15:30:00,0,1,15634,United Kingdom,1,Promising
3246,395,1,100.35,100.35,2.5,0,2010-11-09 08:58:00,2010-11-09 08:58:00,1,0,15635,United Kingdom,3,At Risk / Lapsed
3247,89,4,1444.58,361.145,9.824561403508772,479,2011-09-11 11:17:00,2010-05-19 11:37:00,0,1,15636,United Kingdom,2,Loyal Customers
3248,52,5,797.59,159.518,15.878048780487806,671,2011-10-18 08:28:00,2009-12-15 17:54:00,0,1,15637,United Kingdom,2,Loyal Customers
3249,378,6,2265.2,377.5333333333333,45.36,231,2010-11-26 11:52:00,2010-04-08 14:37:00,1,1,15638,United Kingdom,2,Loyal Customers
3250,133,3,1065.08,355.02666666666664,12.304347826086955,471,2011-07-28 14:30:00,2010-04-13 13:11:00,1,1,15639,United Kingdom,2,Loyal Customers
3251,3,29,23793.23,820.4562068965517,16.307692307692307,720,2011-12-05 14:35:00,2009-12-14 16:36:00,0,1,15640,United Kingdom,0,Champions
3252,104,12,5345.55,445.4625,14.218649517684888,627,2011-08-26 14:04:00,2009-12-06 15:31:00,1,1,15641,United Kingdom,0,Champions
3253,729,1,105.78000000000002,105.78000000000002,45.0,0,2009-12-10 11:51:00,2009-12-10 11:51:00,1,0,15642,United Kingdom,3,At Risk / Lapsed
3254,191,3,664.0,221.33333333333331,7.454545454545454,90,2011-06-01 07:38:00,2011-03-02 14:34:00,1,1,15643,United Kingdom,1,Promising
3255,165,4,803.54,200.885,2.3706896551724137,94,2011-06-26 14:54:00,2011-03-23 15:37:00,1,1,15644,United Kingdom,2,Loyal Customers
3256,18,3,1054.75,351.5833333333333,5.895522388059701,406,2011-11-21 11:55:00,2010-10-10 12:51:00,0,1,15645,United Kingdom,2,Loyal Customers
3257,157,5,974.61,194.922,12.364705882352942,252,2011-07-05 09:53:00,2010-10-25 13:06:00,1,1,15646,United Kingdom,2,Loyal Customers
3258,414,1,169.0,169.0,11.272727272727272,0,2010-10-20 15:09:00,2010-10-20 15:09:00,1,0,15647,United Kingdom,3,At Risk / Lapsed
3259,203,2,639.5,319.75,9.083333333333334,62,2011-05-19 15:53:00,2011-03-17 18:59:00,1,1,15648,United Kingdom,1,Promising
3260,335,4,2170.35,542.5875,40.41666666666666,50,2011-01-07 13:34:00,2010-11-17 16:22:00,1,1,15649,United Kingdom,2,Loyal Customers
3261,521,2,553.88,276.94,5.833333333333333,106,2010-07-06 10:41:00,2010-03-21 11:46:00,1,1,15650,United Kingdom,3,At Risk / Lapsed
3262,36,5,1259.06,251.812,14.516666666666667,559,2011-11-03 08:41:00,2010-04-22 13:26:00,0,1,15651,United Kingdom,2,Loyal Customers
3263,90,5,1405.94,281.188,6.441176470588236,393,2011-09-09 14:22:00,2010-08-11 16:58:00,0,1,15652,United Kingdom,2,Loyal Customers
3264,92,2,877.4399999999999,438.72,200.0,23,2011-09-08 10:49:00,2011-08-16 09:50:00,1,1,15653,United Kingdom,1,Promising
3265,8,2,922.53,461.265,22.61904761904762,16,2011-11-30 13:08:00,2011-11-13 15:15:00,0,1,15654,United Kingdom,1,Promising
3266,242,1,560.67,560.67,9.529411764705882,0,2011-04-10 15:25:00,2011-04-10 15:25:00,1,0,15655,United Kingdom,1,Promising
3267,44,4,748.5,187.125,7.297872340425532,238,2011-10-25 14:56:00,2011-02-28 15:32:00,0,1,15656,United Kingdom,2,Loyal Customers
3268,22,1,30.0,30.0,24.0,0,2011-11-17 12:19:00,2011-11-17 12:19:00,0,0,15657,United Kingdom,1,Promising
3269,189,8,2423.4700000000003,302.93375000000003,5.956896551724138,546,2011-06-02 15:22:00,2009-12-03 11:19:00,1,1,15658,United Kingdom,2,Loyal Customers
3270,43,3,532.49,177.49666666666667,7.666666666666667,609,2011-10-27 09:23:00,2010-02-24 13:32:00,0,1,15659,United Kingdom,1,Promising
3271,24,15,2812.99,187.53266666666664,11.75776397515528,647,2011-11-14 16:58:00,2010-02-05 16:01:00,0,1,15660,United Kingdom,0,Champions
3272,316,8,1215.95,151.99375,17.704545454545453,261,2011-01-26 13:56:00,2010-05-10 07:59:00,1,1,15661,United Kingdom,2,Loyal Customers
3273,660,2,283.73,141.865,12.083333333333334,77,2010-02-16 16:47:00,2009-12-01 13:49:00,1,1,15662,United Kingdom,3,At Risk / Lapsed
3274,105,1,138.14,138.14,11.77777777777778,0,2011-08-25 15:50:00,2011-08-25 15:50:00,1,0,15663,United Kingdom,1,Promising
3275,50,4,1231.53,307.8825,7.594202898550725,598,2011-10-20 10:57:00,2010-02-28 12:50:00,0,1,15664,United Kingdom,2,Loyal Customers
3276,167,5,3987.07,797.414,9.70979020979021,466,2011-06-24 14:57:00,2010-03-14 15:07:00,1,1,15665,United Kingdom,2,Loyal Customers
3277,471,2,632.9399999999999,316.47,7.0,23,2010-08-24 16:14:00,2010-08-01 15:41:00,1,1,15666,United Kingdom,3,At Risk / Lapsed
3278,39,1,301.32,301.32,18.46153846153846,0,2011-10-31 10:56:00,2011-10-31 10:56:00,0,0,15667,United Kingdom,1,Promising
3279,217,1,76.32000000000001,76.32000000000001,72.0,0,2011-05-06 10:39:00,2011-05-06 10:39:00,1,0,15668,United Kingdom,1,Promising
3280,39,4,684.34,171.085,10.363636363636363,223,2011-10-30 16:03:00,2011-03-21 09:13:00,0,1,15669,United Kingdom,2,Loyal Customers
3281,296,2,325.2,162.6,6.947368421052632,259,2011-02-16 10:50:00,2010-06-01 15:34:00,1,1,15670,United Kingdom,1,Promising
3282,18,7,2657.13,379.59,21.78205128205128,252,2011-11-21 12:43:00,2011-03-14 09:37:00,0,1,15671,United Kingdom,2,Loyal Customers
3283,724,1,45.3,45.3,3.333333333333333,0,2009-12-14 16:52:00,2009-12-14 16:52:00,1,0,15672,United Kingdom,3,At Risk / Lapsed
3284,87,9,6204.32,689.3688888888888,12.21641791044776,567,2011-09-12 16:12:00,2010-02-22 14:28:00,0,1,15673,United Kingdom,0,Champions
3285,72,12,6613.52,551.1266666666667,10.42,657,2011-09-27 15:17:00,2009-12-08 17:08:00,0,1,15674,United Kingdom,0,Champions
3286,80,4,542.04,135.51,17.82857142857143,322,2011-09-19 13:48:00,2010-10-31 14:14:00,0,1,15675,United Kingdom,2,Loyal Customers
3287,18,3,3435.76,1145.253333333333,11.148514851485148,265,2011-11-21 12:40:00,2011-03-01 10:19:00,0,1,15676,United Kingdom,2,Loyal Customers
3288,48,3,1305.63,435.21,9.375,414,2011-10-21 15:36:00,2010-09-02 12:08:00,0,1,15677,United Kingdom,2,Loyal Customers
3289,52,3,1825.94,608.6466666666666,11.108695652173912,469,2011-10-18 09:25:00,2010-07-05 12:49:00,0,1,15678,United Kingdom,2,Loyal Customers
3290,23,4,781.28,195.32,10.636363636363637,158,2011-11-15 16:19:00,2011-06-10 08:24:00,0,1,15679,United Kingdom,2,Loyal Customers
3291,8,10,4507.58,450.758,11.556390977443607,728,2011-11-30 13:46:00,2009-12-02 12:15:00,0,1,15680,United Kingdom,0,Champions
3292,24,14,2989.7,213.55,15.818181818181818,539,2011-11-14 16:30:00,2010-05-24 14:18:00,0,1,15681,United Kingdom,0,Champions
3293,598,2,318.24,159.12,8.88,88,2010-04-19 15:30:00,2010-01-21 14:37:00,1,1,15682,United Kingdom,3,At Risk / Lapsed
3294,116,2,524.54,262.27,12.76923076923077,356,2011-08-14 12:56:00,2010-08-23 12:01:00,1,1,15683,United Kingdom,1,Promising
3295,546,3,173.95,57.98333333333333,7.0,188,2010-06-10 18:51:00,2009-12-04 16:13:00,1,1,15684,United Kingdom,3,At Risk / Lapsed
3296,449,1,55.98,55.98,2.117647058823529,0,2010-09-15 13:43:00,2010-09-15 13:43:00,1,0,15685,United Kingdom,3,At Risk / Lapsed
3297,419,1,90.0,90.0,72.0,0,2010-10-15 13:50:00,2010-10-15 13:50:00,1,0,15686,United Kingdom,3,At Risk / Lapsed
3298,8,9,2993.1,332.56666666666666,7.891566265060241,321,2011-12-01 08:33:00,2011-01-13 15:13:00,0,1,15687,United Kingdom,2,Loyal Customers
3299,418,1,190.57,190.57,3.5185185185185186,0,2010-10-17 12:06:00,2010-10-17 12:06:00,1,0,15688,United Kingdom,3,At Risk / Lapsed
3300,119,3,521.03,173.67666666666665,8.625,497,2011-08-12 09:37:00,2010-04-01 09:53:00,1,1,15689,United Kingdom,1,Promising
3301,3,2,239.76,119.88,21.473684210526315,96,2011-12-05 15:59:00,2011-08-31 11:40:00,0,1,15690,United Kingdom,1,Promising
3302,251,4,571.3,142.825,15.142857142857142,480,2011-04-01 15:13:00,2009-12-06 16:01:00,1,1,15691,United Kingdom,2,Loyal Customers
3303,27,1,191.04,191.04,11.5,0,2011-11-11 14:12:00,2011-11-11 14:12:00,0,0,15692,United Kingdom,1,Promising
3304,658,1,37.5,37.5,30.0,0,2010-02-18 14:37:00,2010-02-18 14:37:00,1,0,15693,United Kingdom,3,At Risk / Lapsed
3305,0,23,10795.81,469.3830434782608,17.253246753246753,731,2011-12-09 09:44:00,2009-12-07 15:43:00,0,1,15694,United Kingdom,0,Champions
3306,266,4,1131.04,282.76,8.203389830508474,414,2011-03-18 08:32:00,2010-01-27 10:56:00,1,1,15695,United Kingdom,2,Loyal Customers
3307,32,13,3881.22,298.55538461538464,6.271493212669683,650,2011-11-06 14:02:00,2010-01-24 14:36:00,0,1,15696,United Kingdom,0,Champions
3308,689,1,246.75,246.75,9.071428571428571,0,2010-01-19 09:10:00,2010-01-19 09:10:00,1,0,15697,United Kingdom,3,At Risk / Lapsed
3309,623,1,46.2,46.2,30.0,0,2010-03-25 17:38:00,2010-03-25 17:38:00,1,0,15698,United Kingdom,3,At Risk / Lapsed
3310,17,1,309.65,309.65,6.277777777777778,0,2011-11-22 08:26:00,2011-11-22 08:26:00,0,0,15699,United Kingdom,1,Promising
3311,171,2,696.68,348.34,4.151162790697675,1,2011-06-20 16:53:00,2011-06-19 15:36:00,1,1,15700,United Kingdom,1,Promising
3312,1,4,1529.0,382.25,3.965217391304348,108,2011-12-07 14:39:00,2011-08-21 12:36:00,0,1,15701,United Kingdom,2,Loyal Customers
3313,475,2,140.39,70.19500000000001,3.433333333333333,205,2010-08-20 14:50:00,2010-01-26 17:23:00,1,1,15702,Nigeria,3,At Risk / Lapsed
3314,264,1,211.5,211.5,13.2,0,2011-03-20 10:51:00,2011-03-20 10:51:00,1,0,15703,United Kingdom,1,Promising
3315,139,6,3734.66,622.4433333333334,8.377450980392156,442,2011-07-22 13:35:00,2010-05-05 14:51:00,1,1,15704,United Kingdom,2,Loyal Customers
3316,200,1,143.1,143.1,10.333333333333334,0,2011-05-22 15:37:00,2011-05-22 15:37:00,1,0,15705,United Kingdom,1,Promising
3317,63,4,1060.56,265.14,5.836363636363636,52,2011-10-07 10:09:00,2011-08-15 14:32:00,0,1,15706,United Kingdom,2,Loyal Customers
3318,34,4,916.98,229.245,2.897560975609756,51,2011-11-04 14:35:00,2011-09-14 14:19:00,0,1,15707,United Kingdom,2,Loyal Customers
3319,40,9,4204.4400000000005,467.1600000000001,4.240641711229946,384,2011-10-30 10:54:00,2010-10-10 11:33:00,0,1,15708,United Kingdom,0,Champions
3320,283,2,327.85,163.925,6.25925925925926,305,2011-03-01 10:38:00,2010-04-29 18:31:00,1,1,15709,United Kingdom,1,Promising
3321,416,1,898.87,898.87,5.827272727272727,0,2010-10-18 17:05:00,2010-10-18 17:05:00,1,0,15710,United Kingdom,3,At Risk / Lapsed
3322,556,2,420.25,210.125,7.96,128,2010-06-01 12:14:00,2010-01-24 12:13:00,1,1,15711,United Kingdom,3,At Risk / Lapsed
3323,8,12,3472.4100000000003,289.3675,7.692771084337349,729,2011-11-30 14:09:00,2009-12-01 11:17:00,0,1,15712,United Kingdom,0,Champions
3324,142,4,1010.79,252.6975,8.360655737704919,580,2011-07-19 13:34:00,2009-12-16 09:41:00,1,1,15713,United Kingdom,2,Loyal Customers
3325,11,5,783.96,156.792,7.520833333333333,543,2011-11-28 11:26:00,2010-06-02 12:08:00,0,1,15714,United Kingdom,2,Loyal Customers
3326,555,5,658.02,131.60399999999998,6.473684210526316,63,2010-06-02 09:56:00,2010-03-30 12:17:00,1,1,15715,United Kingdom,3,At Risk / Lapsed
3327,145,11,3012.14,273.8309090909091,5.596273291925466,586,2011-07-17 11:59:00,2009-12-07 12:42:00,1,1,15716,United Kingdom,0,Champions
3328,233,5,607.0,121.4,9.333333333333334,358,2011-04-19 13:21:00,2010-04-26 10:41:00,1,1,15717,United Kingdom,2,Loyal Customers
3329,539,1,293.79,293.79,5.277777777777778,0,2010-06-17 16:20:00,2010-06-17 16:20:00,1,0,15718,United Kingdom,3,At Risk / Lapsed
3330,32,31,10194.32,328.8490322580645,3.0271339739966083,705,2011-11-07 12:29:00,2009-12-01 12:47:00,0,1,15719,United Kingdom,0,Champions
3331,23,2,739.22,369.61,2.1372549019607843,525,2011-11-15 14:48:00,2010-06-07 15:40:00,0,1,15720,United Kingdom,1,Promising
3332,11,1,471.4,471.4,4.619047619047619,0,2011-11-28 12:14:00,2011-11-28 12:14:00,0,0,15721,United Kingdom,1,Promising
3333,35,11,5234.0,475.8181818181818,12.803370786516854,604,2011-11-04 11:43:00,2010-03-09 15:05:00,0,1,15722,United Kingdom,0,Champions
3334,364,4,930.7,232.675,3.4715447154471546,209,2010-12-10 11:12:00,2010-05-14 12:55:00,1,1,15723,United Kingdom,3,At Risk / Lapsed
3335,200,3,310.85,103.61666666666667,6.882352941176471,199,2011-05-22 14:40:00,2010-11-04 10:22:00,1,1,15724,United Kingdom,1,Promising
3336,14,1,415.25,415.25,6.90625,0,2011-11-24 14:51:00,2011-11-24 14:51:00,0,0,15725,United Kingdom,1,Promising
3337,389,1,321.91,321.91,5.3478260869565215,0,2010-11-14 16:12:00,2010-11-14 16:12:00,1,0,15726,United Kingdom,3,At Risk / Lapsed
3338,16,15,9371.71,624.7806666666667,8.624817518248175,668,2011-11-23 12:36:00,2010-01-24 12:12:00,0,1,15727,United Kingdom,0,Champions
3339,379,2,544.6,272.3,11.0,64,2010-11-25 10:39:00,2010-09-21 14:46:00,1,1,15728,United Kingdom,3,At Risk / Lapsed
3340,212,3,192.55,64.18333333333334,4.2727272727272725,190,2011-05-11 12:36:00,2010-11-01 13:44:00,1,1,15729,United Kingdom,1,Promising
3341,65,5,1726.58,345.316,9.55855855855856,365,2011-10-05 12:31:00,2010-10-04 14:15:00,0,1,15730,United Kingdom,2,Loyal Customers
3342,553,1,125.3,125.3,15.25,0,2010-06-04 10:10:00,2010-06-04 10:10:00,1,0,15731,United Kingdom,3,At Risk / Lapsed
3343,211,10,1682.07,168.207,13.086538461538462,461,2011-05-11 14:24:00,2010-02-04 10:10:00,1,1,15732,United Kingdom,2,Loyal Customers
3344,282,1,162.3,162.3,6.2,0,2011-03-02 09:05:00,2011-03-02 09:05:00,1,0,15733,United Kingdom,1,Promising
3345,114,4,2263.3,565.825,12.0,432,2011-08-17 10:50:00,2010-06-10 14:25:00,1,1,15734,United Kingdom,2,Loyal Customers
3346,420,1,327.68,327.68,10.842105263157896,0,2010-10-14 13:38:00,2010-10-14 13:38:00,1,0,15735,United Kingdom,3,At Risk / Lapsed
3347,434,2,1767.12,883.56,12.08,0,2010-09-30 14:20:00,2010-09-30 14:19:00,1,1,15736,United Kingdom,3,At Risk / Lapsed
3348,14,8,1188.12,148.515,8.408450704225352,228,2011-11-25 11:21:00,2011-04-11 10:01:00,0,1,15737,United Kingdom,2,Loyal Customers
3349,18,41,13372.97,326.17,18.719758064516128,710,2011-11-21 08:26:00,2009-12-10 15:52:00,0,1,15738,United Kingdom,0,Champions
3350,65,1,449.12,449.12,59.0,0,2011-10-04 13:42:00,2011-10-04 13:42:00,0,0,15739,United Kingdom,1,Promising
3351,48,1,154.88,154.88,16.88888888888889,0,2011-10-21 14:29:00,2011-10-21 14:29:00,0,0,15740,United Kingdom,1,Promising
3352,457,2,208.62,104.31,5.833333333333333,160,2010-09-07 16:21:00,2010-03-31 11:55:00,1,1,15741,United Kingdom,3,At Risk / Lapsed
3353,618,1,156.87,156.87,1.2439024390243902,0,2010-03-30 15:25:00,2010-03-30 15:25:00,1,0,15742,United Kingdom,3,At Risk / Lapsed
3354,15,4,775.96,193.99,2.488372093023256,168,2011-11-23 17:19:00,2011-06-08 10:14:00,0,1,15743,United Kingdom,2,Loyal Customers
3355,77,1,34.8,34.8,40.0,0,2011-09-23 09:52:00,2011-09-23 09:52:00,0,0,15744,United Kingdom,1,Promising
3356,18,4,1094.59,273.6475,6.790322580645161,217,2011-11-20 13:45:00,2011-04-17 13:04:00,0,1,15745,United Kingdom,2,Loyal Customers
3357,133,1,196.88,196.88,6.357142857142857,0,2011-07-28 15:21:00,2011-07-28 15:21:00,1,0,15746,United Kingdom,1,Promising
3358,12,9,2499.81,277.75666666666666,6.222222222222222,678,2011-11-27 12:26:00,2010-01-18 11:21:00,0,1,15747,United Kingdom,2,Loyal Customers
3359,39,3,609.8100000000001,203.27,7.25,408,2011-10-30 12:51:00,2010-09-16 16:52:00,0,1,15748,United Kingdom,1,Promising
3360,234,3,44534.3,14844.766666666668,1802.8,97,2011-04-18 13:20:00,2011-01-11 12:55:00,1,1,15749,United Kingdom,0,Champions
3361,2,18,6793.51,377.4172222222222,7.102167182662539,735,2011-12-07 12:34:00,2009-12-01 17:19:00,0,1,15750,United Kingdom,0,Champions
3362,460,11,1380.44,125.49454545454546,3.407692307692308,272,2010-09-05 12:44:00,2009-12-06 13:08:00,1,1,15751,United Kingdom,2,Loyal Customers
3363,39,9,4184.56,464.9511111111112,4.908333333333333,417,2011-10-31 11:37:00,2010-09-08 11:56:00,0,1,15752,United Kingdom,0,Champions
3364,304,1,79.2,79.2,144.0,0,2011-02-08 12:41:00,2011-02-08 12:41:00,1,0,15753,United Kingdom,3,At Risk / Lapsed
3365,50,9,3037.61,337.51222222222225,13.450381679389311,604,2011-10-19 14:40:00,2010-02-22 13:31:00,0,1,15754,United Kingdom,2,Loyal Customers
3366,9,17,5993.12,352.53647058823526,10.8733153638814,725,2011-11-29 14:57:00,2009-12-04 08:24:00,0,1,15755,United Kingdom,0,Champions
3367,60,4,528.01,132.0025,1.2617801047120418,187,2011-10-09 13:30:00,2011-04-04 14:00:00,0,1,15756,United Kingdom,2,Loyal Customers
3368,65,6,2940.36,490.06,9.103626943005182,481,2011-10-05 12:14:00,2010-06-10 13:47:00,0,1,15757,United Kingdom,2,Loyal Customers
3369,24,1,205.25,205.25,5.222222222222222,0,2011-11-15 10:48:00,2011-11-15 10:48:00,0,0,15758,United Kingdom,1,Promising
3370,217,7,830.9300000000001,118.70428571428572,30.764705882352946,519,2011-05-05 15:13:00,2009-12-02 10:08:00,1,1,15759,United Kingdom,2,Loyal Customers
3371,442,1,143.05,143.05,6.2,0,2010-09-23 09:33:00,2010-09-23 09:33:00,1,0,15761,United Kingdom,3,At Risk / Lapsed
3372,64,2,583.75,291.875,6.783783783783784,12,2011-10-05 16:15:00,2011-09-23 15:17:00,0,1,15762,United Kingdom,1,Promising
3373,31,2,1086.92,543.46,4.442622950819672,45,2011-11-08 09:44:00,2011-09-23 12:10:00,0,1,15763,United Kingdom,1,Promising
3374,87,8,4503.08,562.885,11.82730923694779,390,2011-09-12 17:58:00,2010-08-18 13:58:00,0,1,15764,United Kingdom,2,Loyal Customers
3375,666,1,370.63,370.63,13.4,0,2010-02-11 10:25:00,2010-02-11 10:25:00,1,0,15765,United Kingdom,3,At Risk / Lapsed
3376,63,3,831.06,277.02,12.846153846153848,618,2011-10-06 17:03:00,2010-01-26 15:55:00,0,1,15766,United Kingdom,2,Loyal Customers
3377,115,34,15308.89,450.2614705882353,3.4892384105960264,620,2011-08-16 10:48:00,2009-12-03 12:10:00,1,1,15768,United Kingdom,0,Champions
3378,6,46,88704.32,1928.354782608696,219.2142857142857,721,2011-12-02 13:52:00,2009-12-11 09:58:00,0,1,15769,United Kingdom,0,Champions
3379,612,1,321.45,321.45,3.7222222222222223,0,2010-04-06 11:47:00,2010-04-06 11:47:00,1,0,15770,United Kingdom,3,At Risk / Lapsed
3380,603,3,1006.54,335.5133333333333,18.285714285714285,89,2010-04-14 13:56:00,2010-01-15 12:14:00,1,1,15771,United Kingdom,3,At Risk / Lapsed
3381,417,1,280.88,280.88,6.875,0,2010-10-17 13:33:00,2010-10-17 13:33:00,1,0,15772,United Kingdom,3,At Risk / Lapsed
3382,5,2,774.52,387.26,8.72340425531915,403,2011-12-04 12:48:00,2010-10-26 15:27:00,0,1,15773,United Kingdom,1,Promising
3383,68,6,1287.09,214.515,4.256880733944954,587,2011-10-02 12:04:00,2010-02-21 12:57:00,0,1,15774,United Kingdom,2,Loyal Customers
3384,244,2,150.5,75.25,28.88888888888889,386,2011-04-08 12:56:00,2010-03-18 07:32:00,1,1,15775,United Kingdom,1,Promising
3385,132,1,241.62,241.62,7.666666666666667,0,2011-07-29 13:46:00,2011-07-29 13:46:00,1,0,15776,United Kingdom,1,Promising
3386,240,7,1762.61,251.80142857142852,15.35897435897436,327,2011-04-12 16:43:00,2010-05-20 10:37:00,1,1,15777,United Kingdom,2,Loyal Customers
3387,430,1,307.95,307.95,5.941176470588236,0,2010-10-04 15:10:00,2010-10-04 15:10:00,1,0,15778,United Kingdom,3,At Risk / Lapsed
3388,462,2,124.08,62.040000000000006,2.5,69,2010-09-02 16:40:00,2010-06-25 15:55:00,1,1,15779,United Kingdom,3,At Risk / Lapsed
3389,183,3,475.28,158.42666666666668,7.586206896551724,174,2011-06-09 12:01:00,2010-12-17 11:43:00,1,1,15780,United Kingdom,1,Promising
3390,24,3,345.46,115.15333333333332,9.0,280,2011-11-14 14:57:00,2011-02-07 09:15:00,0,1,15781,United Kingdom,1,Promising
3391,9,4,4014.1,1003.525,30.229508196721312,420,2011-11-30 10:49:00,2010-10-05 15:43:00,0,1,15782,United Kingdom,2,Loyal Customers
3392,10,1,246.3,246.3,15.142857142857142,0,2011-11-29 09:50:00,2011-11-29 09:50:00,0,0,15783,United Kingdom,1,Promising
3393,467,2,848.3299999999999,424.165,8.86046511627907,204,2010-08-29 10:38:00,2010-02-05 14:42:00,1,1,15784,United Kingdom,3,At Risk / Lapsed
3394,32,16,5969.93,373.120625,19.906666666666663,691,2011-11-07 11:33:00,2009-12-15 16:28:00,0,1,15785,United Kingdom,0,Champions
3395,45,5,8501.62,1700.324,12.810752688172045,490,2011-10-24 14:13:00,2010-06-21 10:13:00,0,1,15786,United Kingdom,2,Loyal Customers
3396,25,3,933.26,311.08666666666664,2.67,35,2011-11-13 14:55:00,2011-10-09 13:11:00,0,1,15787,United Kingdom,2,Loyal Customers
3397,508,1,221.83,221.83,8.214285714285714,0,2010-07-19 12:48:00,2010-07-19 12:48:00,1,0,15788,United Kingdom,3,At Risk / Lapsed
3398,357,6,1962.01,327.00166666666667,18.108695652173918,265,2010-12-16 14:35:00,2010-03-26 11:21:00,1,1,15789,United Kingdom,2,Loyal Customers
3399,9,1,218.75,218.75,3.323529411764706,0,2011-11-29 14:53:00,2011-11-29 14:53:00,0,0,15790,United Kingdom,1,Promising
3400,43,5,3608.34,721.668,11.796407185628745,598,2011-10-27 10:14:00,2010-03-08 09:41:00,0,1,15791,United Kingdom,2,Loyal Customers
3401,399,2,933.84,466.92,10.63157894736842,218,2010-11-05 08:21:00,2010-03-31 09:42:00,1,1,15792,United Kingdom,3,At Risk / Lapsed
3402,14,8,2399.57,299.94625,56.16666666666666,723,2011-11-25 09:31:00,2009-12-01 12:54:00,0,1,15793,United Kingdom,2,Loyal Customers
3403,735,2,777.0,388.5,19.2,0,2009-12-03 13:04:00,2009-12-02 15:10:00,1,1,15794,United Kingdom,3,At Risk / Lapsed
3404,149,8,1979.87,247.48375,10.770992366412214,540,2011-07-13 10:43:00,2010-01-18 11:31:00,1,1,15795,United Kingdom,2,Loyal Customers
3405,0,17,5170.63,304.15470588235297,5.931506849315069,617,2011-12-08 19:55:00,2010-03-31 13:10:00,0,1,15796,United Kingdom,0,Champions
3406,112,5,2806.08,561.216,116.36363636363636,568,2011-08-18 17:04:00,2010-01-27 13:12:00,1,1,15797,United Kingdom,2,Loyal Customers
3407,492,3,1535.37,511.79,11.024096385542167,188,2010-08-04 09:13:00,2010-01-27 11:55:00,1,1,15798,United Kingdom,3,At Risk / Lapsed
3408,75,4,1421.34,355.335,8.707792207792208,342,2011-09-25 12:46:00,2010-10-17 14:26:00,0,1,15799,United Kingdom,2,Loyal Customers
3409,106,7,1227.07,175.29571428571427,2.478448275862069,511,2011-08-24 14:23:00,2010-03-31 13:17:00,1,1,15800,United Kingdom,2,Loyal Customers
3410,45,3,1063.95,354.65000000000003,8.90625,63,2011-10-24 13:52:00,2011-08-22 09:53:00,0,1,15801,United Kingdom,2,Loyal Customers
3411,50,4,1929.66,482.415,20.19607843137255,624,2011-10-19 14:56:00,2010-02-01 16:29:00,0,1,15803,United Kingdom,2,Loyal Customers
3412,0,13,4206.39,323.5684615384616,9.790076335877863,198,2011-12-09 12:31:00,2011-05-25 10:12:00,0,1,15804,United Kingdom,0,Champions
3413,22,30,10148.93,338.29766666666666,11.7296786389414,706,2011-11-16 16:32:00,2009-12-10 12:57:00,0,1,15805,United Kingdom,0,Champions
3414,45,3,784.58,261.5266666666667,19.41935483870968,230,2011-10-24 14:35:00,2011-03-08 09:24:00,0,1,15806,United Kingdom,2,Loyal Customers
3415,49,5,1817.52,363.504,17.40909090909091,615,2011-10-20 14:10:00,2010-02-11 15:32:00,0,1,15807,United Kingdom,2,Loyal Customers
3416,305,21,18133.3,863.4904761904761,8.561064087061668,431,2011-02-06 14:33:00,2009-12-01 16:30:00,1,1,15808,United Kingdom,0,Champions
3417,35,7,1274.44,182.06285714285715,12.06896551724138,499,2011-11-03 16:40:00,2010-06-22 14:23:00,0,1,15809,United Kingdom,2,Loyal Customers
3418,78,8,2999.04,374.88,9.957831325301203,594,2011-09-22 09:38:00,2010-02-04 18:18:00,0,1,15810,United Kingdom,2,Loyal Customers
3419,21,7,3682.4,526.0571428571428,6.347222222222222,365,2011-11-17 15:31:00,2010-11-16 16:46:00,0,1,15811,United Kingdom,2,Loyal Customers
3420,106,12,5201.47,433.4558333333334,27.6,617,2011-08-24 14:19:00,2009-12-15 13:40:00,1,1,15812,United Kingdom,0,Champions
3421,207,2,1303.91,651.9549999999999,15.075,31,2011-05-16 08:13:00,2011-04-14 09:09:00,1,1,15813,United Kingdom,2,Loyal Customers
3422,16,6,2634.44,439.0733333333333,17.632653061224488,586,2011-11-23 08:17:00,2010-04-15 14:31:00,0,1,15814,United Kingdom,2,Loyal Customers
3423,63,5,2100.6,420.12,37.87755102040816,196,2011-10-07 12:42:00,2011-03-25 08:43:00,0,1,15815,United Kingdom,2,Loyal Customers
3424,541,2,144.14999999999998,72.07499999999999,4.909090909090909,0,2010-06-15 13:36:00,2010-06-15 12:54:00,1,1,15816,United Kingdom,3,At Risk / Lapsed
3425,420,3,2766.4,922.1333333333332,10.5,122,2010-10-15 11:07:00,2010-06-14 13:31:00,1,1,15817,United Kingdom,3,At Risk / Lapsed
3426,587,1,340.5,340.5,25.818181818181817,0,2010-04-30 12:58:00,2010-04-30 12:58:00,1,0,15818,United Kingdom,3,At Risk / Lapsed
3427,48,10,3934.79,393.479,11.261538461538462,582,2011-10-21 14:50:00,2010-03-18 11:08:00,0,1,15819,United Kingdom,0,Champions
3428,319,1,206.98,206.98,7.529411764705882,0,2011-01-24 12:00:00,2011-01-24 12:00:00,1,0,15820,United Kingdom,3,At Risk / Lapsed
3429,43,2,570.96,285.48,3.2580645161290325,17,2011-10-26 15:48:00,2011-10-09 13:28:00,0,1,15821,United Kingdom,1,Promising
3430,2,6,1840.06,306.6766666666667,14.615384615384617,729,2011-12-06 14:50:00,2009-12-06 15:12:00,0,1,15822,United Kingdom,2,Loyal Customers
3431,728,2,3867.17,1933.585,11.512987012987011,2,2009-12-10 18:03:00,2009-12-08 15:12:00,1,1,15823,United Kingdom,3,At Risk / Lapsed
3432,452,2,890.94,445.47,18.384615384615383,78,2010-09-12 13:20:00,2010-06-25 15:10:00,1,1,15824,United Kingdom,3,At Risk / Lapsed
3433,171,1,532.94,532.94,11.0,0,2011-06-20 13:27:00,2011-06-20 13:27:00,1,0,15825,United Kingdom,1,Promising
3434,55,4,2598.28,649.57,15.327731092436975,511,2011-10-14 16:05:00,2010-05-20 17:00:00,0,1,15826,United Kingdom,2,Loyal Customers
3435,72,28,3794.07,135.5025,7.896103896103896,627,2011-09-27 15:35:00,2010-01-08 11:25:00,0,1,15827,United Kingdom,0,Champions
3436,374,1,1108.82,1108.82,4.95945945945946,0,2010-11-29 16:41:00,2010-11-29 16:41:00,1,0,15828,United Kingdom,3,At Risk / Lapsed
3437,98,2,636.14,318.07,19.529411764705884,41,2011-09-01 16:45:00,2011-07-22 10:23:00,1,1,15829,United Kingdom,1,Promising
3438,37,1,576.0,576.0,10.64102564102564,0,2011-11-02 10:40:00,2011-11-02 10:40:00,0,0,15830,United Kingdom,1,Promising
3439,57,3,794.64,264.88,16.545454545454547,265,2011-10-12 13:14:00,2011-01-19 14:52:00,0,1,15831,United Kingdom,2,Loyal Customers
3440,253,1,836.79,836.79,8.61111111111111,0,2011-03-30 15:29:00,2011-03-30 15:29:00,1,0,15832,United Kingdom,1,Promising
3441,737,1,80.4,80.4,4.8,0,2009-12-02 11:59:00,2009-12-02 11:59:00,1,0,15833,United Kingdom,3,At Risk / Lapsed
3442,69,7,3761.89,537.4128571428571,4.86058981233244,354,2011-09-30 14:41:00,2010-10-11 14:05:00,0,1,15834,United Kingdom,2,Loyal Customers
3443,43,4,954.09,238.5225,8.78,286,2011-10-26 15:47:00,2011-01-13 10:35:00,0,1,15835,United Kingdom,2,Loyal Customers
3444,49,1,137.37,137.37,2.6,0,2011-10-20 17:13:00,2011-10-20 17:13:00,0,0,15836,United Kingdom,1,Promising
3445,64,2,777.01,388.505,7.788461538461538,420,2011-10-06 09:01:00,2010-08-11 10:16:00,0,1,15837,United Kingdom,1,Promising
3446,10,34,74163.0,2181.264705882353,309.39712918660285,713,2011-11-28 14:00:00,2009-12-15 09:51:00,0,1,15838,United Kingdom,0,Champions
3447,32,3,1048.49,349.49666666666667,10.887096774193548,114,2011-11-06 13:54:00,2011-07-14 16:35:00,0,1,15839,United Kingdom,2,Loyal Customers
3448,58,2,355.56,177.78,14.666666666666666,113,2011-10-12 09:08:00,2011-06-20 11:42:00,0,1,15840,United Kingdom,1,Promising
3449,72,9,2742.41,304.7122222222222,25.98913043478261,657,2011-09-28 12:15:00,2009-12-10 08:29:00,0,1,15841,United Kingdom,2,Loyal Customers
3450,392,2,548.8,274.4,11.84,134,2010-11-11 14:08:00,2010-06-30 09:06:00,1,1,15842,United Kingdom,3,At Risk / Lapsed
3451,303,1,118.95000000000002,118.95000000000002,3.375,0,2011-02-09 10:19:00,2011-02-09 10:19:00,1,0,15843,United Kingdom,3,At Risk / Lapsed
3452,45,1,130.73999999999998,130.73999999999998,12.181818181818182,0,2011-10-24 15:19:00,2011-10-24 15:19:00,0,0,15844,United Kingdom,1,Promising
3453,17,11,4426.28,402.3890909090909,12.229885057471265,664,2011-11-22 09:42:00,2010-01-26 14:44:00,0,1,15845,United Kingdom,0,Champions
3454,384,1,107.01,107.01,2.7241379310344827,0,2010-11-19 14:40:00,2010-11-19 14:40:00,1,0,15846,United Kingdom,3,At Risk / Lapsed
3455,37,5,822.57,164.514,13.395833333333334,603,2011-11-01 14:41:00,2010-03-08 08:47:00,0,1,15847,United Kingdom,2,Loyal Customers
3456,621,1,137.99,137.99,1.3235294117647058,0,2010-03-28 10:54:00,2010-03-28 10:54:00,1,0,15848,United Kingdom,3,At Risk / Lapsed
3457,18,6,1006.75,167.79166666666666,4.289389067524116,707,2011-11-20 14:14:00,2009-12-13 13:27:00,0,1,15850,United Kingdom,2,Loyal Customers
3458,526,1,109.73,109.73,8.375,0,2010-07-01 12:34:00,2010-07-01 12:34:00,1,0,15851,United Kingdom,3,At Risk / Lapsed
3459,186,3,257.26,85.75333333333333,1.818181818181818,340,2011-06-06 11:22:00,2010-07-01 10:16:00,1,1,15852,United Kingdom,1,Promising
3460,51,1,110.8,110.8,4.5,0,2011-10-19 10:38:00,2011-10-19 10:38:00,0,0,15853,United Kingdom,1,Promising
3461,3,21,5578.28,265.6323809523809,6.60546875,725,2011-12-05 13:39:00,2009-12-10 12:08:00,0,1,15854,United Kingdom,0,Champions
3462,136,6,1052.72,175.45333333333335,7.494736842105263,339,2011-07-26 10:20:00,2010-08-20 17:15:00,1,1,15855,United Kingdom,2,Loyal Customers
3463,3,52,33846.01,650.8848076923077,17.879752431476568,732,2011-12-05 17:09:00,2009-12-03 14:02:00,0,1,15856,United Kingdom,0,Champions
3464,18,2,570.48,285.24,24.33333333333333,411,2011-11-21 12:18:00,2010-10-05 16:43:00,0,1,15857,United Kingdom,1,Promising
3465,15,13,3936.34,302.79538461538465,6.083507306889353,714,2011-11-24 12:48:00,2009-12-10 11:42:00,0,1,15858,United Kingdom,0,Champions
3466,431,1,438.46,438.46,7.909090909090909,0,2010-10-03 12:52:00,2010-10-03 12:52:00,1,0,15859,United Kingdom,3,At Risk / Lapsed
3467,40,17,2461.46,144.79176470588234,3.725490196078432,692,2011-10-30 11:25:00,2009-12-06 12:31:00,0,1,15860,United Kingdom,0,Champions
3468,11,12,4360.9,363.4083333333333,4.876590330788804,667,2011-11-27 15:59:00,2010-01-28 19:41:00,0,1,15861,United Kingdom,0,Champions
3469,7,13,2861.37,220.1053846153846,2.9267857142857143,714,2011-12-01 13:28:00,2009-12-17 11:33:00,0,1,15862,United Kingdom,0,Champions
3470,25,5,355.1,71.02000000000001,2.103896103896104,697,2011-11-14 12:49:00,2009-12-17 10:20:00,0,1,15863,United Kingdom,1,Promising
3471,21,7,2180.76,311.5371428571429,64.6086956521739,358,2011-11-17 13:32:00,2010-11-23 15:02:00,0,1,15864,United Kingdom,2,Loyal Customers
3472,40,5,2241.42,448.284,9.055555555555555,662,2011-10-30 12:43:00,2010-01-05 13:58:00,0,1,15865,United Kingdom,2,Loyal Customers
3473,100,1,211.89,211.89,2.883720930232558,0,2011-08-30 14:09:00,2011-08-30 14:09:00,1,0,15866,United Kingdom,1,Promising
3474,4,31,8981.52,289.72645161290325,4.8174831892411145,719,2011-12-04 13:32:00,2009-12-14 15:16:00,0,1,15867,United Kingdom,0,Champions
3475,582,1,94.53,94.53,14.25,0,2010-05-05 14:11:00,2010-05-05 14:11:00,1,0,15868,United Kingdom,3,At Risk / Lapsed
3476,276,3,321.11,107.03666666666668,8.029411764705882,349,2011-03-07 17:23:00,2010-03-23 16:50:00,1,1,15869,United Kingdom,1,Promising
3477,32,4,857.46,214.365,3.5244755244755246,413,2011-11-07 10:58:00,2010-09-19 16:22:00,0,1,15870,United Kingdom,2,Loyal Customers
3478,436,1,33.099999999999994,33.099999999999994,1.0,0,2010-09-28 14:16:00,2010-09-28 14:16:00,1,0,15871,United Kingdom,3,At Risk / Lapsed
3479,14,4,729.25,182.3125,2.484042553191489,535,2011-11-25 11:55:00,2010-06-07 14:53:00,0,1,15872,United Kingdom,2,Loyal Customers
3480,499,4,313.92,78.47999999999999,192.0,1,2010-07-28 12:41:00,2010-07-27 11:58:00,1,1,15873,United Kingdom,3,At Risk / Lapsed
3481,63,21,11284.76,537.3695238095238,14.91812865497076,637,2011-10-07 12:31:00,2010-01-07 13:56:00,0,1,15874,United Kingdom,0,Champions
3482,645,1,108.52,108.52,3.217391304347826,0,2010-03-03 16:51:00,2010-03-03 16:51:00,1,0,15875,United Kingdom,3,At Risk / Lapsed
3483,408,2,1449.14,724.5699999999999,80.54545454545455,39,2010-10-26 18:58:00,2010-09-17 15:26:00,1,1,15876,United Kingdom,3,At Risk / Lapsed
3484,1,2,490.33,245.165,2.9206349206349205,16,2011-12-08 11:53:00,2011-11-22 11:18:00,0,1,15877,United Kingdom,1,Promising
3485,561,2,330.77,165.385,4.764705882352941,171,2010-05-27 12:17:00,2009-12-06 12:28:00,1,1,15878,United Kingdom,3,At Risk / Lapsed
3486,403,4,1137.8,284.45,3.569832402234637,317,2010-10-31 16:21:00,2009-12-17 19:54:00,1,1,15879,United Kingdom,3,At Risk / Lapsed
3487,368,1,658.0600000000001,658.0600000000001,2.1041666666666665,0,2010-12-05 13:00:00,2010-12-05 13:00:00,1,0,15880,United Kingdom,3,At Risk / Lapsed
3488,311,5,501.39,100.278,8.96551724137931,52,2011-01-31 16:59:00,2010-12-10 13:32:00,1,1,15881,United Kingdom,2,Loyal Customers
3489,198,8,1491.42,186.4275,10.821917808219178,530,2011-05-25 11:35:00,2009-12-10 15:33:00,1,1,15882,United Kingdom,2,Loyal Customers
3490,1,2,396.48,198.24,4.551020408163265,31,2011-12-07 17:05:00,2011-11-06 14:50:00,0,1,15883,United Kingdom,1,Promising
3491,431,2,244.6,122.3,10.857142857142858,303,2010-10-03 15:55:00,2009-12-03 18:23:00,1,1,15884,United Kingdom,3,At Risk / Lapsed
3492,92,13,1921.82,147.8323076923077,5.486725663716814,594,2011-09-07 14:56:00,2010-01-21 12:47:00,1,1,15885,United Kingdom,0,Champions
3493,59,4,1052.87,263.21750000000003,10.758064516129032,537,2011-10-10 14:25:00,2010-04-20 15:03:00,0,1,15886,United Kingdom,2,Loyal Customers
3494,406,3,1027.15,342.3833333333334,16.35135135135135,148,2010-10-29 08:36:00,2010-06-02 11:53:00,1,1,15887,United Kingdom,3,At Risk / Lapsed
3495,80,3,423.49,141.16333333333333,3.5135135135135136,446,2011-09-20 12:30:00,2010-07-01 11:51:00,0,1,15888,United Kingdom,1,Promising
3496,156,8,1675.72,209.465,2.6123595505617976,572,2011-07-06 11:10:00,2009-12-10 12:21:00,1,1,15889,United Kingdom,2,Loyal Customers
3497,394,5,535.65,107.13,11.9,210,2010-11-10 12:46:00,2010-04-14 08:43:00,1,1,15890,United Kingdom,3,At Risk / Lapsed
3498,226,1,509.13,509.13,7.067796610169491,0,2011-04-27 12:35:00,2011-04-27 12:35:00,1,0,15891,United Kingdom,1,Promising
3499,668,1,128.2,128.2,1.2105263157894737,0,2010-02-08 16:23:00,2010-02-08 16:23:00,1,0,15892,United Kingdom,3,At Risk / Lapsed
3500,481,1,305.28000000000003,305.28000000000003,288.0,0,2010-08-15 11:12:00,2010-08-15 11:12:00,1,0,15893,United Kingdom,3,At Risk / Lapsed
3501,252,2,408.39,204.195,3.9565217391304346,115,2011-03-31 13:50:00,2010-12-05 14:06:00,1,1,15894,United Kingdom,1,Promising
3502,149,1,179.17,179.17,8.545454545454545,0,2011-07-13 10:27:00,2011-07-13 10:27:00,1,0,15895,United Kingdom,1,Promising
3503,193,2,208.59,104.295,10.136363636363637,0,2011-05-29 13:50:00,2011-05-29 13:32:00,1,1,15897,United Kingdom,1,Promising
3504,0,25,5509.34,220.3736,3.5058823529411764,726,2011-12-08 15:23:00,2009-12-11 16:11:00,0,1,15898,United Kingdom,0,Champions
3505,368,1,112.5,112.5,9.75,0,2010-12-06 10:36:00,2010-12-06 10:36:00,1,0,15899,United Kingdom,3,At Risk / Lapsed
3506,23,4,886.5699999999999,221.6425,5.206349206349207,539,2011-11-16 12:19:00,2010-05-26 11:27:00,0,1,15900,United Kingdom,2,Loyal Customers
3507,16,6,667.89,111.315,4.2875,527,2011-11-23 12:43:00,2010-06-14 12:39:00,0,1,15901,United Kingdom,2,Loyal Customers
3508,379,1,145.01,145.01,6.888888888888889,0,2010-11-24 16:57:00,2010-11-24 16:57:00,1,0,15902,United Kingdom,3,At Risk / Lapsed
3509,9,12,8939.84,744.9866666666667,33.8448275862069,684,2011-11-30 08:08:00,2010-01-14 10:57:00,0,1,15903,United Kingdom,0,Champions
3510,7,1,164.68,164.68,2.8,0,2011-12-01 14:50:00,2011-12-01 14:50:00,0,0,15904,United Kingdom,1,Promising
3511,542,1,114.69,114.69,3.727272727272727,0,2010-06-14 16:00:00,2010-06-14 16:00:00,1,0,15905,United Kingdom,3,At Risk / Lapsed
3512,19,10,2530.19,253.019,3.72636815920398,431,2011-11-20 12:24:00,2010-09-15 12:17:00,0,1,15906,United Kingdom,2,Loyal Customers
3513,3,3,881.87,293.95666666666665,2.12,206,2011-12-06 12:21:00,2011-05-13 13:01:00,0,1,15907,United Kingdom,2,Loyal Customers
3514,490,2,758.62,379.31,4.325,21,2010-08-06 11:56:00,2010-07-15 19:21:00,1,1,15908,United Kingdom,3,At Risk / Lapsed
3515,173,1,191.94,191.94,14.0,0,2011-06-19 10:38:00,2011-06-19 10:38:00,1,0,15909,United Kingdom,1,Promising
3516,0,15,2661.17,177.41133333333337,3.4806451612903224,686,2011-12-09 10:51:00,2010-01-21 11:51:00,0,1,15910,United Kingdom,0,Champions
3517,623,8,1683.79,210.47375,3.0625,106,2010-03-26 12:06:00,2009-12-09 13:26:00,1,1,15911,United Kingdom,3,At Risk / Lapsed
3518,177,9,1074.7,119.41111111111113,7.989473684210527,551,2011-06-14 14:29:00,2009-12-10 12:58:00,1,1,15912,United Kingdom,2,Loyal Customers
3519,533,1,6.300000000000001,6.300000000000001,3.0,0,2010-06-23 16:31:00,2010-06-23 16:31:00,1,0,15913,United Kingdom,3,At Risk / Lapsed
3520,377,2,205.99,102.995,11.461538461538462,0,2010-11-26 16:10:00,2010-11-26 16:09:00,1,1,15914,United Kingdom,3,At Risk / Lapsed
3521,401,1,364.24,364.24,3.6875,0,2010-11-03 11:13:00,2010-11-03 11:13:00,1,0,15915,United Kingdom,3,At Risk / Lapsed
3522,15,13,3377.69,259.8223076923077,5.275862068965517,712,2011-11-23 13:46:00,2009-12-10 16:21:00,0,1,15916,United Kingdom,0,Champions
3523,247,5,530.17,106.034,1.7464788732394363,489,2011-04-06 10:40:00,2009-12-02 14:55:00,1,1,15917,United Kingdom,2,Loyal Customers
3524,190,3,582.88,194.2933333333333,3.9344262295081966,441,2011-06-02 11:42:00,2010-03-18 11:40:00,1,1,15918,United Kingdom,1,Promising
3525,19,2,739.77,369.885,3.4782608695652173,349,2011-11-20 11:28:00,2010-12-06 11:26:00,0,1,15919,United Kingdom,1,Promising
3526,153,8,565.19,70.64875,2.219047619047619,571,2011-07-08 15:25:00,2009-12-14 13:09:00,1,1,15920,United Kingdom,2,Loyal Customers
3527,172,4,765.61,191.4025,4.324675324675325,468,2011-06-20 11:03:00,2010-03-09 11:03:00,1,1,15921,United Kingdom,2,Loyal Customers
3528,372,1,739.0,739.0,12.545454545454543,0,2010-12-01 13:51:00,2010-12-01 13:51:00,1,0,15922,United Kingdom,3,At Risk / Lapsed
3529,372,1,254.16,254.16,5.809523809523809,0,2010-12-02 12:16:00,2010-12-02 12:16:00,1,0,15923,United Kingdom,3,At Risk / Lapsed
3530,730,1,102.82,102.82,6.866666666666666,0,2009-12-08 15:00:00,2009-12-08 15:00:00,1,0,15924,United Kingdom,3,At Risk / Lapsed
3531,193,1,207.15,207.15,7.75,0,2011-05-29 15:35:00,2011-05-29 15:35:00,1,0,15925,United Kingdom,1,Promising
3532,541,1,134.44,134.44,22.142857142857142,0,2010-06-15 15:23:00,2010-06-15 15:23:00,1,0,15926,United Kingdom,3,At Risk / Lapsed
3533,646,1,106.54,106.54,4.4,0,2010-03-02 13:25:00,2010-03-02 13:25:00,1,0,15927,United Kingdom,3,At Risk / Lapsed
3534,655,1,293.53,293.53,14.909090909090908,0,2010-02-21 15:16:00,2010-02-21 15:16:00,1,0,15928,United Kingdom,3,At Risk / Lapsed
3535,643,1,594.0,594.0,120.0,0,2010-03-05 14:56:00,2010-03-05 14:56:00,1,0,15929,United Kingdom,3,At Risk / Lapsed
3536,66,1,426.63,426.63,6.619047619047619,0,2011-10-03 14:52:00,2011-10-03 14:52:00,0,0,15930,United Kingdom,1,Promising
3537,427,1,239.9,239.9,8.428571428571429,0,2010-10-07 16:46:00,2010-10-07 16:46:00,1,0,15931,United Kingdom,3,At Risk / Lapsed
3538,3,8,2495.87,311.98375,20.217391304347824,285,2011-12-05 17:13:00,2011-02-23 14:50:00,0,1,15932,United Kingdom,2,Loyal Customers
3539,20,3,1107.46,369.15333333333336,11.95945945945946,65,2011-11-18 13:14:00,2011-09-14 12:05:00,0,1,15933,United Kingdom,2,Loyal Customers
3540,417,2,2190.66,1095.33,74.6896551724138,11,2010-10-18 10:13:00,2010-10-06 12:08:00,1,1,15934,United Kingdom,3,At Risk / Lapsed
3541,238,1,108.04,108.04,10.363636363636363,0,2011-04-14 13:27:00,2011-04-14 13:27:00,1,0,15935,United Kingdom,1,Promising
3542,378,2,282.79,141.395,11.105263157894736,88,2010-11-25 16:39:00,2010-08-29 11:42:00,1,1,15936,United Kingdom,3,At Risk / Lapsed
3543,63,1,145.35,145.35,10.428571428571429,0,2011-10-06 15:48:00,2011-10-06 15:48:00,0,0,15937,United Kingdom,1,Promising
3544,111,9,734.81,81.64555555555555,11.512820512820513,444,2011-08-19 12:56:00,2010-06-01 09:42:00,1,1,15938,United Kingdom,2,Loyal Customers
3545,89,15,9004.84,600.3226666666667,40.69934640522876,284,2011-09-11 11:30:00,2010-11-30 12:07:00,0,1,15939,United Kingdom,0,Champions
3546,310,1,35.8,35.8,4.0,0,2011-02-01 16:18:00,2011-02-01 16:18:00,1,0,15940,United Kingdom,3,At Risk / Lapsed
3547,636,1,405.0,405.0,10.0,0,2010-03-12 14:45:00,2010-03-12 14:45:00,1,0,15941,United Kingdom,3,At Risk / Lapsed
3548,133,1,337.44,337.44,16.571428571428573,0,2011-07-29 09:01:00,2011-07-29 09:01:00,1,0,15942,United Kingdom,1,Promising
3549,649,2,271.29,135.64499999999998,15.25,28,2010-02-28 12:49:00,2010-01-31 11:04:00,1,1,15943,United Kingdom,3,At Risk / Lapsed
3550,276,4,2164.24,541.06,22.605263157894736,449,2011-03-08 10:33:00,2009-12-13 12:57:00,1,1,15944,United Kingdom,2,Loyal Customers
3551,364,4,827.27,206.8175,13.233333333333333,372,2010-12-09 13:14:00,2009-12-01 13:47:00,1,1,15945,United Kingdom,3,At Risk / Lapsed
3552,502,3,2304.18,768.06,62.07692307692308,131,2010-07-25 12:18:00,2010-03-16 10:49:00,1,1,15946,United Kingdom,3,At Risk / Lapsed
3553,82,1,1708.24,1708.24,30.96551724137931,0,2011-09-18 10:46:00,2011-09-18 10:46:00,0,0,15947,United Kingdom,1,Promising
3554,7,3,1509.09,503.03,8.968421052631578,416,2011-12-01 15:32:00,2010-10-11 12:16:00,0,1,15948,United Kingdom,2,Loyal Customers
3555,16,2,364.72,182.36,14.947368421052632,54,2011-11-23 09:09:00,2011-09-29 17:34:00,0,1,15949,United Kingdom,1,Promising
3556,31,10,7120.91,712.091,8.534351145038167,650,2011-11-08 11:09:00,2010-01-26 11:39:00,0,1,15950,United Kingdom,0,Champions
3557,8,3,1013.17,337.7233333333333,7.11864406779661,372,2011-12-01 08:34:00,2010-11-23 18:20:00,0,1,15951,United Kingdom,2,Loyal Customers
3558,33,4,781.91,195.4775,4.654761904761905,191,2011-11-06 11:18:00,2011-04-28 12:55:00,0,1,15952,United Kingdom,2,Loyal Customers
3559,14,18,3648.08,202.67111111111112,10.115384615384617,721,2011-11-24 15:32:00,2009-12-03 14:00:00,0,1,15953,United Kingdom,0,Champions
3560,588,1,187.8,187.8,6.2105263157894735,0,2010-04-29 13:35:00,2010-04-29 13:35:00,1,0,15954,United Kingdom,3,At Risk / Lapsed
3561,23,22,8658.36,393.5618181818182,11.638121546961326,629,2011-11-15 14:15:00,2010-02-23 16:36:00,0,1,15955,United Kingdom,0,Champions
3562,550,2,617.6,308.8,15.444444444444445,175,2010-06-06 13:06:00,2009-12-13 11:16:00,1,1,15956,United Kingdom,3,At Risk / Lapsed
3563,31,3,921.25,307.0833333333333,3.102739726027397,389,2011-11-08 12:14:00,2010-10-15 12:11:00,0,1,15957,United Kingdom,2,Loyal Customers
3564,73,4,462.12,115.53,2.3692307692307693,476,2011-09-26 13:41:00,2010-06-07 10:59:00,0,1,15958,United Kingdom,1,Promising
3565,681,3,542.89,180.9633333333333,3.788732394366197,0,2010-01-26 16:38:00,2010-01-26 16:19:00,1,1,15959,United Kingdom,3,At Risk / Lapsed
3566,373,4,410.95,102.7375,9.923076923076923,61,2010-11-30 15:57:00,2010-09-30 15:50:00,1,1,15960,United Kingdom,3,At Risk / Lapsed
3567,378,1,451.29,451.29,3.6666666666666665,0,2010-11-25 15:59:00,2010-11-25 15:59:00,1,0,15961,United Kingdom,3,At Risk / Lapsed
3568,448,1,289.48,289.48,4.1454545454545455,0,2010-09-16 13:48:00,2010-09-16 13:48:00,1,0,15962,United Kingdom,3,At Risk / Lapsed
3569,19,2,470.76,235.38,10.642857142857142,25,2011-11-20 11:33:00,2011-10-25 13:05:00,0,1,15963,United Kingdom,1,Promising
3570,662,1,269.21000000000004,269.21000000000004,4.65,0,2010-02-14 15:30:00,2010-02-14 15:30:00,1,0,15964,United Kingdom,3,At Risk / Lapsed
3571,16,13,2928.13,225.24076923076925,3.985632183908046,719,2011-11-22 16:44:00,2009-12-03 11:45:00,0,1,15965,United Kingdom,0,Champions
3572,450,1,426.53,426.53,10.185185185185183,0,2010-09-15 10:44:00,2010-09-15 10:44:00,1,0,15966,United Kingdom,3,At Risk / Lapsed
3573,22,12,2966.0,247.16666666666663,2.464583333333333,715,2011-11-16 15:41:00,2009-12-01 13:29:00,0,1,15967,United Kingdom,0,Champions
3574,387,1,401.8,401.8,3.0632911392405062,0,2010-11-16 13:04:00,2010-11-16 13:04:00,1,0,15968,United Kingdom,3,At Risk / Lapsed
3575,2,5,1127.05,225.41,6.371428571428571,519,2011-12-07 11:06:00,2010-07-05 13:10:00,0,1,15969,United Kingdom,2,Loyal Customers
3576,303,2,1017.32,508.66,20.75,295,2011-02-09 12:08:00,2010-04-20 11:30:00,1,1,15970,United Kingdom,3,At Risk / Lapsed
3577,17,18,5897.88,327.66,54.8780487804878,714,2011-11-22 12:50:00,2009-12-08 09:46:00,0,1,15971,United Kingdom,0,Champions
3578,455,5,1769.33,353.866,3.366906474820144,143,2010-09-09 13:20:00,2010-04-18 14:06:00,1,1,15972,United Kingdom,3,At Risk / Lapsed
3579,366,2,973.44,486.72,21.428571428571427,62,2010-12-08 11:42:00,2010-10-07 08:33:00,1,1,15973,United Kingdom,3,At Risk / Lapsed
3580,38,7,3442.15,491.7357142857143,12.852272727272728,249,2011-10-31 13:13:00,2011-02-24 10:10:00,0,1,15974,United Kingdom,2,Loyal Customers
3581,83,1,371.01,371.01,10.125,0,2011-09-16 13:33:00,2011-09-16 13:33:00,0,0,15975,United Kingdom,1,Promising
3582,164,6,1680.31,280.0516666666667,2.776595744680851,385,2011-06-27 13:00:00,2010-06-06 14:01:00,1,1,15976,United Kingdom,2,Loyal Customers
3583,16,2,1054.73,527.365,15.63076923076923,21,2011-11-22 13:29:00,2011-10-31 16:24:00,0,1,15977,United Kingdom,1,Promising
3584,76,3,3279.42,1093.14,18.94573643410853,567,2011-09-23 15:21:00,2010-03-05 14:39:00,0,1,15978,United Kingdom,2,Loyal Customers
3585,602,1,329.22,329.22,20.454545454545453,0,2010-04-16 11:35:00,2010-04-16 11:35:00,1,0,15979,United Kingdom,3,At Risk / Lapsed
3586,88,7,6543.68,934.8114285714286,41.93043478260869,467,2011-09-12 09:41:00,2010-06-01 14:40:00,0,1,15980,United Kingdom,0,Champions
3587,24,21,9362.77,445.8461904761905,16.760416666666668,595,2011-11-15 08:00:00,2010-03-29 10:07:00,0,1,15981,United Kingdom,0,Champions
3588,604,1,324.51,324.51,2.911111111111111,0,2010-04-13 15:47:00,2010-04-13 15:47:00,1,0,15982,United Kingdom,3,At Risk / Lapsed
3589,21,8,3924.02,490.5025,7.750798722044728,711,2011-11-17 17:34:00,2009-12-06 12:52:00,0,1,15983,United Kingdom,2,Loyal Customers
3590,2,30,8515.72,283.8573333333333,8.20709219858156,735,2011-12-07 12:16:00,2009-12-01 13:38:00,0,1,15984,United Kingdom,0,Champions
3591,122,7,2715.28,387.8971428571429,26.442307692307693,438,2011-08-08 16:31:00,2010-05-27 15:51:00,1,1,15985,United Kingdom,2,Loyal Customers
3592,29,2,354.42,177.21,14.72,351,2011-11-09 15:17:00,2010-11-23 10:02:00,0,1,15986,United Kingdom,1,Promising
3593,11,8,1649.47,206.18375,9.46629213483146,367,2011-11-27 15:38:00,2010-11-25 12:56:00,0,1,15987,United Kingdom,2,Loyal Customers
3594,18,3,736.39,245.4633333333333,3.983193277310925,637,2011-11-20 13:23:00,2010-02-21 11:36:00,0,1,15988,United Kingdom,2,Loyal Customers
3595,375,2,368.31,184.155,1.9651162790697676,361,2010-11-29 12:03:00,2009-12-02 15:51:00,1,1,15989,United Kingdom,3,At Risk / Lapsed
3596,43,7,1997.75,285.3928571428572,6.135593220338983,605,2011-10-26 15:58:00,2010-02-28 12:30:00,0,1,15990,United Kingdom,2,Loyal Customers
3597,533,1,150.55,150.55,6.833333333333333,0,2010-06-23 15:50:00,2010-06-23 15:50:00,1,0,15991,United Kingdom,3,At Risk / Lapsed
3598,3,3,896.6,298.8666666666667,9.51851851851852,449,2011-12-06 11:00:00,2010-09-12 11:52:00,0,1,15992,United Kingdom,2,Loyal Customers
3599,8,7,2768.97,395.5671428571428,3.7472324723247232,35,2011-12-01 10:45:00,2011-10-26 16:21:00,0,1,15993,United Kingdom,2,Loyal Customers
3600,54,3,1175.68,391.8933333333334,4.277777777777778,581,2011-10-16 12:28:00,2010-03-14 11:55:00,0,1,15994,United Kingdom,2,Loyal Customers
3601,413,1,694.54,694.54,3.2,0,2010-10-21 13:57:00,2010-10-21 13:57:00,1,0,15995,United Kingdom,3,At Risk / Lapsed
3602,87,7,1649.65,235.6642857142857,3.6,308,2011-09-12 15:14:00,2010-11-07 15:49:00,0,1,15996,United Kingdom,2,Loyal Customers
3603,36,16,8274.14,517.13375,3.754385964912281,702,2011-11-03 12:45:00,2009-12-01 11:45:00,0,1,15998,United Kingdom,0,Champions
3604,735,1,20.4,20.4,24.0,0,2009-12-04 12:31:00,2009-12-04 12:31:00,1,0,15999,United Kingdom,3,At Risk / Lapsed
3605,2,3,12393.7,4131.233333333334,567.7777777777778,0,2011-12-07 12:17:00,2011-12-07 12:14:00,0,1,16000,United Kingdom,2,Loyal Customers
3606,380,1,583.39,583.39,11.620689655172416,0,2010-11-23 17:10:00,2010-11-23 17:10:00,1,0,16001,United Kingdom,3,At Risk / Lapsed
3607,624,1,169.21,169.21,1.6666666666666667,0,2010-03-24 13:08:00,2010-03-24 13:08:00,1,0,16002,United Kingdom,3,At Risk / Lapsed
3608,29,10,5613.83,561.383,10.886699507389162,706,2011-11-10 09:57:00,2009-12-03 18:51:00,0,1,16003,United Kingdom,0,Champions
3609,474,5,2146.39,429.278,11.955555555555556,208,2010-08-22 11:48:00,2010-01-25 13:56:00,1,1,16004,United Kingdom,3,At Risk / Lapsed
3610,11,10,2365.07,236.507,2.6231884057971016,438,2011-11-27 13:47:00,2010-09-15 13:21:00,0,1,16005,United Kingdom,2,Loyal Customers
3611,210,2,332.82,166.41,2.628205128205128,176,2011-05-12 13:12:00,2010-11-17 12:03:00,1,1,16006,United Kingdom,1,Promising
3612,47,7,3053.06,436.1514285714285,4.004566210045662,495,2011-10-23 11:05:00,2010-06-14 13:18:00,0,1,16007,United Kingdom,2,Loyal Customers
3613,23,15,5339.13,355.942,12.794466403162057,606,2011-11-16 10:32:00,2010-03-19 11:07:00,0,1,16008,United Kingdom,0,Champions
3614,21,4,972.11,243.0275,4.463414634146342,137,2011-11-17 16:51:00,2011-07-03 11:26:00,0,1,16009,United Kingdom,2,Loyal Customers
3615,245,11,1694.86,154.0781818181818,3.179930795847751,165,2011-04-08 10:14:00,2010-10-24 10:54:00,1,1,16010,United Kingdom,2,Loyal Customers
3616,7,29,5837.26,201.2848275862069,7.726457399103139,730,2011-12-01 16:31:00,2009-12-01 12:02:00,0,1,16011,United Kingdom,0,Champions
3617,34,5,2978.59,595.7180000000001,7.364016736401673,494,2011-11-04 13:25:00,2010-06-28 11:39:00,0,1,16012,United Kingdom,2,Loyal Customers
3618,3,84,57140.44,680.2433333333333,118.17351598173516,728,2011-12-06 10:36:00,2009-12-08 10:24:00,0,1,16013,United Kingdom,0,Champions
3619,37,5,1100.28,220.056,1.68,639,2011-11-02 12:04:00,2010-01-31 12:43:00,0,1,16014,United Kingdom,2,Loyal Customers
3620,3,3,704.26,234.75333333333333,5.033333333333333,45,2011-12-06 10:58:00,2011-10-21 12:56:00,0,1,16015,United Kingdom,2,Loyal Customers
3621,2,11,2446.42,222.4018181818182,2.8071625344352618,399,2011-12-06 14:35:00,2010-11-02 13:27:00,0,1,16016,United Kingdom,0,Champions
3622,46,5,1545.58,309.116,4.884615384615385,656,2011-10-23 12:56:00,2010-01-05 12:06:00,0,1,16017,United Kingdom,2,Loyal Customers
3623,38,4,698.13,174.5325,8.982142857142858,693,2011-10-31 14:13:00,2009-12-07 13:57:00,0,1,16018,United Kingdom,2,Loyal Customers
3624,46,27,17329.16,641.8207407407407,17.267990074441688,678,2011-10-24 11:51:00,2009-12-14 14:12:00,0,1,16019,United Kingdom,0,Champions
3625,16,3,851.01,283.67,10.58695652173913,48,2011-11-23 11:18:00,2011-10-05 13:54:00,0,1,16020,United Kingdom,2,Loyal Customers
3626,394,2,487.03,243.515,2.1904761904761907,149,2010-11-09 14:48:00,2010-06-13 11:05:00,1,1,16021,United Kingdom,3,At Risk / Lapsed
3627,259,1,602.63,602.63,3.591549295774648,0,2011-03-24 13:16:00,2011-03-24 13:16:00,1,0,16022,United Kingdom,1,Promising
3628,45,3,719.81,239.93666666666664,3.5445544554455446,220,2011-10-24 16:34:00,2011-03-18 13:32:00,0,1,16023,United Kingdom,2,Loyal Customers
3629,11,3,478.71,159.57,5.831325301204819,399,2011-11-27 13:26:00,2010-10-24 11:40:00,0,1,16024,United Kingdom,1,Promising
3630,29,1,439.66,439.66,12.071428571428571,0,2011-11-10 11:45:00,2011-11-10 11:45:00,0,0,16025,United Kingdom,1,Promising
3631,42,1,236.09,236.09,7.59375,0,2011-10-27 13:53:00,2011-10-27 13:53:00,0,0,16026,United Kingdom,1,Promising
3632,91,15,2048.36,136.55733333333333,59.97142857142857,608,2011-09-09 10:47:00,2010-01-08 13:21:00,1,1,16027,United Kingdom,0,Champions
3633,595,1,82.2,82.2,3.6,0,2010-04-23 11:45:00,2010-04-23 11:45:00,1,0,16028,United Kingdom,3,At Risk / Lapsed
3634,38,106,113892.39,1074.4565094339623,147.99212598425197,692,2011-11-01 10:27:00,2009-12-08 11:23:00,0,1,16029,United Kingdom,0,Champions
3635,309,1,331.24,331.24,9.758620689655173,0,2011-02-03 11:28:00,2011-02-03 11:28:00,1,0,16030,United Kingdom,3,At Risk / Lapsed
3636,91,2,547.9,273.95,4.295918367346939,154,2011-09-08 13:07:00,2011-04-06 14:23:00,1,1,16031,United Kingdom,1,Promising
3637,455,6,1965.72,327.62,6.985714285714286,67,2010-09-09 18:00:00,2010-07-04 13:31:00,1,1,16032,United Kingdom,2,Loyal Customers
3638,5,27,10764.45,398.6833333333333,3.0700361010830326,479,2011-12-04 12:44:00,2010-08-11 16:44:00,0,1,16033,United Kingdom,0,Champions
3639,195,6,911.32,151.88666666666666,10.446428571428571,213,2011-05-27 16:17:00,2010-10-26 13:00:00,1,1,16034,United Kingdom,2,Loyal Customers
3640,559,1,217.73,217.73,1.5714285714285714,0,2010-05-28 15:09:00,2010-05-28 15:09:00,1,0,16035,United Kingdom,3,At Risk / Lapsed
3641,86,4,2556.84,639.21,9.778571428571428,533,2011-09-13 14:53:00,2010-03-29 14:47:00,0,1,16036,United Kingdom,2,Loyal Customers
3642,269,5,1509.34,301.868,10.788732394366198,378,2011-03-15 09:13:00,2010-03-01 12:31:00,1,1,16037,United Kingdom,2,Loyal Customers
3643,7,3,471.78,157.26000000000002,9.384615384615383,194,2011-12-02 12:40:00,2011-05-22 11:29:00,0,1,16038,United Kingdom,1,Promising
3644,423,2,456.4,228.2,12.78125,204,2010-10-12 10:44:00,2010-03-21 15:17:00,1,1,16039,United Kingdom,3,At Risk / Lapsed
3645,64,7,2416.9,345.2714285714286,9.48,544,2011-10-05 13:47:00,2010-04-09 10:12:00,0,1,16040,United Kingdom,2,Loyal Customers
3646,30,3,3166.4,1055.4666666666667,264.0,110,2011-11-09 12:25:00,2011-07-21 16:27:00,0,1,16041,United Kingdom,2,Loyal Customers
3647,21,8,2245.32,280.665,11.085271317829458,431,2011-11-17 17:50:00,2010-09-12 12:00:00,0,1,16042,United Kingdom,2,Loyal Customers
3648,37,8,1856.59,232.07375,13.849315068493151,444,2011-11-02 12:50:00,2010-08-15 11:26:00,0,1,16043,United Kingdom,2,Loyal Customers
3649,434,1,340.84000000000003,340.84000000000003,8.947368421052632,0,2010-09-30 18:12:00,2010-09-30 18:12:00,1,0,16044,United Kingdom,3,At Risk / Lapsed
3650,119,8,3434.9300000000003,429.36625,14.243243243243244,378,2011-08-12 12:41:00,2010-07-29 12:50:00,1,1,16045,United Kingdom,2,Loyal Customers
3651,561,1,235.78,235.78,11.272727272727272,0,2010-05-26 13:18:00,2010-05-26 13:18:00,1,0,16046,United Kingdom,3,At Risk / Lapsed
3652,681,1,107.14,107.14,1.0,0,2010-01-26 16:34:00,2010-01-26 16:34:00,1,0,16047,EIRE,3,At Risk / Lapsed
3653,372,4,1075.23,268.8075,12.931818181818182,176,2010-12-01 15:28:00,2010-06-08 12:36:00,1,1,16048,United Kingdom,3,At Risk / Lapsed
3654,39,6,1852.15,308.69166666666666,2.334020618556701,475,2011-10-30 13:19:00,2010-07-11 13:53:00,0,1,16049,United Kingdom,2,Loyal Customers
3655,173,3,300.7,100.23333333333332,18.476190476190474,227,2011-06-19 11:44:00,2010-11-03 15:55:00,1,1,16050,United Kingdom,1,Promising
3656,681,1,188.44,188.44,6.666666666666667,0,2010-01-27 09:38:00,2010-01-27 09:38:00,1,0,16051,United Kingdom,3,At Risk / Lapsed
3657,53,1,362.06,362.06,8.294117647058824,0,2011-10-16 15:13:00,2011-10-16 15:13:00,0,0,16052,United Kingdom,1,Promising
3658,32,6,3634.84,605.8066666666667,15.809278350515465,578,2011-11-07 11:21:00,2010-04-08 11:11:00,0,1,16053,United Kingdom,2,Loyal Customers
3659,144,4,2111.88,527.97,6.483606557377049,471,2011-07-17 13:08:00,2010-04-01 18:37:00,1,1,16054,United Kingdom,2,Loyal Customers
3660,220,1,134.8,134.8,2.75,0,2011-05-03 09:26:00,2011-05-03 09:26:00,1,0,16055,United Kingdom,1,Promising
3661,44,1,650.75,650.75,5.227272727272728,0,2011-10-25 15:19:00,2011-10-25 15:19:00,0,0,16056,United Kingdom,1,Promising
3662,15,10,3854.85,385.485,7.756880733944954,684,2011-11-23 15:23:00,2010-01-07 17:11:00,0,1,16057,United Kingdom,0,Champions
3663,405,1,62.7,62.7,9.0,0,2010-10-29 16:48:00,2010-10-29 16:48:00,1,0,16058,United Kingdom,3,At Risk / Lapsed
3664,65,12,3171.82,264.3183333333333,3.6234718826405863,503,2011-10-05 09:56:00,2010-05-19 13:04:00,0,1,16059,United Kingdom,0,Champions
3665,400,3,541.95,180.65,10.125,93,2010-11-04 12:10:00,2010-08-02 15:26:00,1,1,16060,United Kingdom,3,At Risk / Lapsed
3666,430,1,89.65,89.65,6.333333333333333,0,2010-10-04 15:29:00,2010-10-04 15:29:00,1,0,16061,United Kingdom,3,At Risk / Lapsed
3667,9,8,2863.45,357.93125,11.0,526,2011-11-30 12:15:00,2010-06-21 13:32:00,0,1,16062,United Kingdom,2,Loyal Customers
3668,259,1,335.32,335.32,11.391304347826088,0,2011-03-24 14:56:00,2011-03-24 14:55:00,1,0,16063,United Kingdom,1,Promising
3669,724,1,109.31,109.31,3.235294117647059,0,2009-12-14 16:11:00,2009-12-14 16:11:00,1,0,16064,United Kingdom,3,At Risk / Lapsed
3670,364,8,2359.27,294.90875,3.368544600938967,97,2010-12-09 13:03:00,2010-09-02 13:27:00,1,1,16065,United Kingdom,2,Loyal Customers
3671,16,5,1521.04,304.208,9.257425742574258,107,2011-11-23 11:54:00,2011-08-07 14:33:00,0,1,16066,United Kingdom,2,Loyal Customers
3672,562,3,3269.11,1089.7033333333334,18.176470588235293,112,2010-05-26 12:33:00,2010-02-02 18:01:00,1,1,16067,United Kingdom,3,At Risk / Lapsed
3673,593,1,115.73,115.73,1.3714285714285714,0,2010-04-25 11:52:00,2010-04-25 11:52:00,1,0,16068,United Kingdom,3,At Risk / Lapsed
3674,417,1,457.7,457.7,5.52,0,2010-10-18 10:32:00,2010-10-18 10:32:00,1,0,16069,United Kingdom,3,At Risk / Lapsed
3675,21,2,852.15,426.075,13.848484848484848,9,2011-11-17 15:50:00,2011-11-07 16:36:00,0,1,16070,United Kingdom,1,Promising
3676,44,4,1076.8,269.2,9.547945205479452,610,2011-10-26 11:14:00,2010-02-22 14:48:00,0,1,16071,United Kingdom,2,Loyal Customers
3677,287,4,4180.09,1045.0225,2.975517890772128,260,2011-02-24 14:32:00,2010-06-08 16:47:00,1,1,16072,United Kingdom,2,Loyal Customers
3678,296,1,122.4,122.4,48.0,0,2011-02-15 15:41:00,2011-02-15 15:41:00,1,0,16073,United Kingdom,1,Promising
3679,389,1,252.5,252.5,1.52,0,2010-11-14 13:19:00,2010-11-14 13:19:00,1,0,16074,United Kingdom,3,At Risk / Lapsed
3680,502,2,736.9300000000001,368.465,6.609756097560975,61,2010-07-25 11:31:00,2010-05-24 15:57:00,1,1,16075,United Kingdom,3,At Risk / Lapsed
3681,2,10,2234.73,223.473,11.124031007751938,205,2011-12-06 14:59:00,2011-05-15 12:31:00,0,1,16076,United Kingdom,2,Loyal Customers
3682,625,1,2300.4,2300.4,105.0,0,2010-03-24 10:42:00,2010-03-24 10:42:00,1,0,16077,United Kingdom,3,At Risk / Lapsed
3683,283,2,362.99,181.495,5.128205128205129,385,2011-03-01 09:47:00,2010-02-08 13:29:00,1,1,16078,United Kingdom,1,Promising
3684,16,3,1352.0,450.6666666666667,41.142857142857146,23,2011-11-23 12:48:00,2011-10-30 13:06:00,0,1,16079,United Kingdom,2,Loyal Customers
3685,81,4,602.5600000000001,150.64,9.933333333333334,368,2011-09-19 10:42:00,2010-09-15 14:19:00,0,1,16080,United Kingdom,2,Loyal Customers
3686,55,8,4436.56,554.57,5.717948717948718,618,2011-10-14 13:06:00,2010-02-03 12:46:00,0,1,16081,United Kingdom,2,Loyal Customers
3687,669,1,106.75,106.75,2.4375,0,2010-02-07 15:16:00,2010-02-07 15:16:00,1,0,16082,United Kingdom,3,At Risk / Lapsed
3688,100,4,2351.42,587.855,21.323943661971832,287,2011-08-31 10:47:00,2010-11-16 11:53:00,1,1,16083,United Kingdom,2,Loyal Customers
3689,298,1,436.18,436.18,5.684210526315789,0,2011-02-13 16:05:00,2011-02-13 16:05:00,1,0,16084,United Kingdom,3,At Risk / Lapsed
3690,22,12,2324.71,193.72583333333333,3.6970509383378016,664,2011-11-16 13:24:00,2010-01-20 14:03:00,0,1,16085,United Kingdom,0,Champions
3691,58,10,2864.99,286.499,11.138686131386862,677,2011-10-11 13:09:00,2009-12-02 13:20:00,0,1,16086,United Kingdom,2,Loyal Customers
3692,388,5,1739.92,347.98400000000004,66.4,300,2010-11-15 16:44:00,2010-01-19 12:30:00,1,1,16087,United Kingdom,2,Loyal Customers
3693,575,2,1437.43,718.715,62.16666666666666,15,2010-05-13 10:16:00,2010-04-27 10:56:00,1,1,16088,United Kingdom,3,At Risk / Lapsed
3694,385,2,263.49,131.745,2.5319148936170213,122,2010-11-18 13:51:00,2010-07-18 15:51:00,1,1,16089,United Kingdom,3,At Risk / Lapsed
3695,623,1,180.56,180.56,3.2222222222222223,0,2010-03-25 13:05:00,2010-03-25 13:05:00,1,0,16090,United Kingdom,3,At Risk / Lapsed
3696,154,2,315.06,157.53,8.555555555555555,43,2011-07-08 08:45:00,2011-05-25 09:18:00,1,1,16091,United Kingdom,1,Promising
3697,114,6,1587.94,264.6566666666667,13.2,464,2011-08-17 10:46:00,2010-05-09 16:10:00,1,1,16092,United Kingdom,2,Loyal Customers
3698,106,1,17.0,17.0,20.0,0,2011-08-25 11:09:00,2011-08-25 11:09:00,1,0,16093,United Kingdom,1,Promising
3699,11,11,3695.56,335.96,10.306122448979592,590,2011-11-28 12:45:00,2010-04-16 14:00:00,0,1,16094,United Kingdom,0,Champions
3700,455,1,447.05,447.05,8.833333333333334,0,2010-09-09 16:54:00,2010-09-09 16:54:00,1,0,16095,United Kingdom,3,At Risk / Lapsed
3701,263,4,1584.97,396.2425,10.606060606060606,380,2011-03-20 13:38:00,2010-03-04 15:44:00,1,1,16096,United Kingdom,2,Loyal Customers
3702,239,1,185.05,185.05,8.7,0,2011-04-13 13:47:00,2011-04-13 13:47:00,1,0,16097,United Kingdom,1,Promising
3703,87,14,4441.3,317.2357142857143,13.22222222222222,637,2011-09-13 09:59:00,2009-12-15 09:40:00,0,1,16098,United Kingdom,0,Champions
3704,49,7,1573.2,224.7428571428572,13.91304347826087,596,2011-10-20 13:13:00,2010-03-03 11:13:00,0,1,16099,United Kingdom,2,Loyal Customers
3705,462,1,582.64,582.64,11.83783783783784,0,2010-09-03 11:39:00,2010-09-03 11:39:00,1,0,16100,United Kingdom,3,At Risk / Lapsed
3706,70,4,3229.16,807.29,9.604166666666666,490,2011-09-30 10:18:00,2010-05-27 12:50:00,0,1,16101,United Kingdom,2,Loyal Customers
3707,41,3,1842.14,614.0466666666667,16.526315789473685,86,2011-10-28 13:19:00,2011-08-03 12:50:00,0,1,16102,United Kingdom,2,Loyal Customers
3708,6,22,6191.71,281.44136363636363,13.195,693,2011-12-02 14:16:00,2010-01-08 12:08:00,0,1,16103,United Kingdom,0,Champions
3709,61,9,2774.46,308.2733333333333,4.512931034482759,671,2011-10-09 10:23:00,2009-12-06 10:41:00,0,1,16104,United Kingdom,2,Loyal Customers
3710,248,5,2386.19,477.238,19.318181818181817,355,2011-04-05 10:13:00,2010-04-14 13:27:00,1,1,16105,United Kingdom,2,Loyal Customers
3711,65,1,108.38,108.38,12.333333333333334,0,2011-10-05 10:37:00,2011-10-05 10:37:00,0,0,16106,United Kingdom,1,Promising
3712,17,7,3204.1600000000003,457.7371428571429,37.935483870967744,165,2011-11-22 09:40:00,2011-06-09 18:42:00,0,1,16107,United Kingdom,2,Loyal Customers
3713,84,4,2235.92,558.98,10.911111111111111,546,2011-09-16 11:48:00,2010-03-18 14:14:00,0,1,16108,United Kingdom,2,Loyal Customers
3714,218,3,939.48,313.16,35.225806451612904,479,2011-05-05 09:17:00,2010-01-10 10:37:00,1,1,16109,United Kingdom,2,Loyal Customers
3715,44,4,1781.59,445.3975,2.046511627906977,477,2011-10-25 14:35:00,2010-07-05 13:04:00,0,1,16110,United Kingdom,2,Loyal Customers
3716,427,1,549.33,549.33,3.191780821917808,0,2010-10-07 19:51:00,2010-10-07 19:51:00,1,0,16111,United Kingdom,3,At Risk / Lapsed
3717,142,4,195.74,48.935,35.875,195,2011-07-19 14:28:00,2011-01-05 11:47:00,1,1,16112,United Kingdom,1,Promising
3718,182,1,161.38,161.38,5.866666666666666,0,2011-06-09 16:16:00,2011-06-09 16:16:00,1,0,16113,United Kingdom,1,Promising
3719,170,1,135.75000000000003,135.75000000000003,5.375,0,2011-06-22 10:13:00,2011-06-22 10:13:00,1,0,16114,United Kingdom,1,Promising
3720,9,12,2553.8,212.8166666666667,3.79236276849642,564,2011-11-30 11:32:00,2010-05-14 11:59:00,0,1,16115,United Kingdom,0,Champions
3721,211,1,612.78,612.78,7.294117647058823,0,2011-05-12 12:01:00,2011-05-12 12:01:00,1,0,16116,United Kingdom,1,Promising
3722,189,3,654.4,218.13333333333333,3.606741573033708,401,2011-06-03 11:42:00,2010-04-27 11:50:00,1,1,16117,United Kingdom,1,Promising
3723,652,1,4376.25,4376.25,69.53658536585365,0,2010-02-25 09:40:00,2010-02-25 09:40:00,1,0,16118,United Kingdom,3,At Risk / Lapsed
3724,7,8,1720.81,215.10125,15.01851851851852,715,2011-12-01 15:11:00,2009-12-16 11:56:00,0,1,16119,United Kingdom,2,Loyal Customers
3725,58,6,2967.51,494.585,23.48913043478261,362,2011-10-11 14:22:00,2010-10-13 15:07:00,0,1,16120,United Kingdom,2,Loyal Customers
3726,56,5,1450.04,290.008,2.5552325581395348,508,2011-10-13 12:59:00,2010-05-23 10:52:00,0,1,16121,United Kingdom,2,Loyal Customers
3727,72,6,1001.34,166.89,21.84375,352,2011-09-27 15:34:00,2010-10-10 15:26:00,0,1,16122,United Kingdom,2,Loyal Customers
3728,51,1,307.78,307.78,10.625,0,2011-10-19 09:18:00,2011-10-19 09:18:00,0,0,16123,United Kingdom,1,Promising
3729,316,4,1772.49,443.1225,9.71951219512195,415,2011-01-26 14:45:00,2009-12-07 10:33:00,1,1,16124,United Kingdom,2,Loyal Customers
3730,366,14,4581.7,327.2642857142857,6.476666666666667,358,2010-12-07 15:48:00,2009-12-14 15:38:00,1,1,16125,United Kingdom,0,Champions
3731,28,15,14644.6,976.3066666666668,16.11548556430446,708,2011-11-10 16:03:00,2009-12-02 13:34:00,0,1,16126,United Kingdom,0,Champions
3732,38,2,801.31,400.655,5.213333333333333,687,2011-10-31 13:58:00,2009-12-13 12:19:00,0,1,16127,United Kingdom,1,Promising
3733,17,11,3801.05,345.55,13.434065934065934,493,2011-11-22 11:14:00,2010-07-16 16:30:00,0,1,16128,United Kingdom,0,Champions
3734,406,3,1396.05,465.35,13.135416666666666,100,2010-10-28 14:29:00,2010-07-20 12:32:00,1,1,16129,United Kingdom,3,At Risk / Lapsed
3735,421,4,987.48,246.87,5.381818181818182,195,2010-10-13 15:14:00,2010-04-01 13:58:00,1,1,16130,United Kingdom,3,At Risk / Lapsed
3736,51,12,9957.42,829.785,21.771689497716896,686,2011-10-19 11:53:00,2009-12-02 10:09:00,0,1,16131,United Kingdom,0,Champions
3737,543,2,664.1999999999999,332.1,16.470588235294116,83,2010-06-13 13:49:00,2010-03-22 10:25:00,1,1,16132,United Kingdom,3,At Risk / Lapsed
3738,3,56,22992.26,410.5760714285715,25.09742647058824,614,2011-12-06 11:24:00,2010-03-31 12:21:00,0,1,16133,United Kingdom,0,Champions
3739,21,5,2145.34,429.068,14.112068965517242,519,2011-11-18 10:05:00,2010-06-17 09:48:00,0,1,16134,United Kingdom,2,Loyal Customers
3740,262,2,819.45,409.725,10.128205128205128,321,2011-03-22 12:30:00,2010-05-05 09:35:00,1,1,16135,United Kingdom,1,Promising
3741,59,4,946.8,236.7,14.652173913043478,603,2011-10-11 09:10:00,2010-02-14 12:49:00,0,1,16136,United Kingdom,2,Loyal Customers
3742,679,1,422.7,422.7,7.5,0,2010-01-28 15:04:00,2010-01-28 15:04:00,1,0,16137,United Kingdom,3,At Risk / Lapsed
3743,378,3,910.35,303.45,20.91891891891892,212,2010-11-26 12:13:00,2010-04-28 09:51:00,1,1,16138,United Kingdom,3,At Risk / Lapsed
3744,18,5,1111.15,222.23,10.56140350877193,717,2011-11-21 08:37:00,2009-12-03 13:51:00,0,1,16139,United Kingdom,2,Loyal Customers
3745,65,3,1557.6,519.2,19.380281690140844,376,2011-10-05 12:15:00,2010-09-24 12:03:00,0,1,16140,United Kingdom,2,Loyal Customers
3746,87,2,955.94,477.97,8.2,328,2011-09-12 13:11:00,2010-10-18 14:12:00,0,1,16141,United Kingdom,1,Promising
3747,249,1,535.34,535.34,11.405405405405403,0,2011-04-04 10:16:00,2011-04-04 10:16:00,1,0,16142,United Kingdom,1,Promising
3748,2,12,4910.83,409.23583333333335,8.414225941422593,726,2011-12-06 14:13:00,2009-12-10 09:44:00,0,1,16143,United Kingdom,0,Champions
3749,246,1,175.2,175.2,16.0,0,2011-04-07 10:09:00,2011-04-07 10:09:00,1,0,16144,United Kingdom,1,Promising
3750,8,19,6805.4400000000005,358.1810526315789,13.308080808080808,575,2011-12-01 10:33:00,2010-05-04 13:31:00,0,1,16145,United Kingdom,0,Champions
3751,156,4,946.38,236.595,13.268292682926829,291,2011-07-05 14:20:00,2010-09-17 10:46:00,1,1,16146,United Kingdom,2,Loyal Customers
3752,133,5,2398.91,479.782,10.257352941176473,538,2011-07-29 09:57:00,2010-02-05 12:26:00,1,1,16147,United Kingdom,2,Loyal Customers
3753,295,2,386.62,193.31,27.77777777777778,140,2011-02-16 14:01:00,2010-09-29 10:12:00,1,1,16148,United Kingdom,1,Promising
3754,4,3,422.22,140.74,19.933333333333334,424,2011-12-05 11:29:00,2010-10-06 15:54:00,0,1,16149,United Kingdom,1,Promising
3755,42,10,4395.59,439.559,9.092436974789916,679,2011-10-28 12:39:00,2009-12-17 15:33:00,0,1,16150,United Kingdom,0,Champions
3756,268,1,1829.04,1829.04,22.13793103448276,0,2011-03-16 09:47:00,2011-03-16 09:47:00,1,0,16152,United Kingdom,1,Promising
3757,49,11,5133.49,466.6809090909091,16.34070796460177,512,2011-10-21 10:50:00,2010-05-26 12:41:00,0,1,16153,United Kingdom,0,Champions
3758,381,5,796.9,159.38,10.3125,158,2010-11-23 12:03:00,2010-06-18 11:23:00,1,1,16155,United Kingdom,3,At Risk / Lapsed
3759,8,20,6188.18,309.409,12.279693486590038,728,2011-12-01 12:42:00,2009-12-02 17:06:00,0,1,16156,United Kingdom,0,Champions
3760,15,3,656.69,218.89666666666668,19.27777777777778,56,2011-11-24 11:41:00,2011-09-28 11:48:00,0,1,16157,United Kingdom,1,Promising
3761,521,9,628.32,69.81333333333333,5.2,211,2010-07-05 13:55:00,2009-12-05 15:00:00,1,1,16158,United Kingdom,3,At Risk / Lapsed
3762,281,4,1232.79,308.1975,12.211538461538462,455,2011-03-03 12:27:00,2009-12-03 11:51:00,1,1,16159,United Kingdom,2,Loyal Customers
3763,64,2,1025.44,512.72,58.1,20,2011-10-05 14:19:00,2011-09-15 10:53:00,0,1,16160,United Kingdom,1,Promising
3764,1,43,12744.26,296.3781395348837,5.520452567449956,668,2011-12-08 12:10:00,2010-02-08 11:06:00,0,1,16161,United Kingdom,0,Champions
3765,251,1,37.4,37.4,2.0,0,2011-04-01 15:03:00,2011-04-01 15:03:00,1,0,16162,United Kingdom,1,Promising
3766,231,6,2849.58,474.93,10.52054794520548,505,2011-04-21 15:15:00,2009-12-02 10:00:00,1,1,16163,United Kingdom,2,Loyal Customers
3767,16,3,822.48,274.16,12.735294117647058,25,2011-11-22 15:04:00,2011-10-28 09:12:00,0,1,16164,United Kingdom,2,Loyal Customers
3768,504,1,79.9,79.9,2.0,0,2010-07-22 14:17:00,2010-07-22 14:17:00,1,0,16165,United Kingdom,3,At Risk / Lapsed
3769,427,2,435.83,217.915,7.863636363636363,263,2010-10-07 15:44:00,2010-01-17 14:16:00,1,1,16166,United Kingdom,3,At Risk / Lapsed
3770,413,5,1386.12,277.22400000000005,23.714285714285715,324,2010-10-21 15:33:00,2009-12-01 10:46:00,1,1,16167,United Kingdom,2,Loyal Customers
3771,10,66,10636.47,161.15863636363636,16.501618122977348,726,2011-11-29 12:45:00,2009-12-03 12:38:00,0,1,16168,United Kingdom,0,Champions
3772,7,4,1822.97,455.7425,15.588235294117649,67,2011-12-01 15:28:00,2011-09-25 11:33:00,0,1,16169,United Kingdom,2,Loyal Customers
3773,50,20,6869.0,343.45,13.763636363636364,608,2011-10-20 08:21:00,2010-02-18 13:50:00,0,1,16170,United Kingdom,0,Champions
3774,58,1,73.2,73.2,8.0,0,2011-10-11 14:51:00,2011-10-11 14:51:00,0,0,16171,United Kingdom,1,Promising
3775,94,8,1884.55,235.56875,12.557522123893806,417,2011-09-05 13:22:00,2010-07-14 15:34:00,1,1,16172,United Kingdom,2,Loyal Customers
3776,15,6,1418.32,236.38666666666663,6.845238095238095,82,2011-11-24 10:53:00,2011-09-02 15:23:00,0,1,16173,United Kingdom,2,Loyal Customers
3777,125,7,2246.75,320.9642857142857,22.015384615384612,476,2011-08-05 13:26:00,2010-04-15 15:12:00,1,1,16174,United Kingdom,2,Loyal Customers
3778,93,7,1836.44,262.34857142857146,9.510204081632653,469,2011-09-06 14:32:00,2010-05-25 12:01:00,1,1,16175,United Kingdom,2,Loyal Customers
3779,420,4,2052.69,513.1725,13.22222222222222,198,2010-10-14 13:54:00,2010-03-29 14:52:00,1,1,16176,United Kingdom,2,Loyal Customers
3780,49,8,2247.31,280.91375,8.652542372881356,596,2011-10-20 12:57:00,2010-03-02 14:03:00,0,1,16177,United Kingdom,2,Loyal Customers
3781,137,2,612.6,306.3,12.16,263,2011-07-24 16:05:00,2010-11-03 14:46:00,1,1,16178,United Kingdom,1,Promising
3782,60,1,215.83,215.83,9.0,0,2011-10-10 09:41:00,2011-10-10 09:41:00,0,0,16179,United Kingdom,1,Promising
3783,99,13,16249.87,1249.99,30.009174311926607,434,2011-08-31 16:28:00,2010-06-23 13:19:00,1,1,16180,United Kingdom,0,Champions
3784,72,1,305.54,305.54,13.818181818181818,0,2011-09-27 13:38:00,2011-09-27 13:38:00,0,0,16181,United Kingdom,1,Promising
3785,71,9,9971.65,1107.961111111111,115.4313725490196,568,2011-09-28 13:23:00,2010-03-09 09:34:00,0,1,16182,United Kingdom,0,Champions
3786,66,4,1077.81,269.4525,8.560975609756097,340,2011-10-03 14:59:00,2010-10-28 14:43:00,0,1,16183,United Kingdom,2,Loyal Customers
3787,63,6,1158.79,193.13166666666663,12.466666666666669,147,2011-10-06 17:43:00,2011-05-12 13:33:00,0,1,16184,United Kingdom,2,Loyal Customers
3788,16,3,644.72,214.90666666666667,8.025,547,2011-11-23 09:41:00,2010-05-24 11:04:00,0,1,16185,United Kingdom,1,Promising
3789,22,26,9026.11,347.1580769230769,13.0,707,2011-11-17 12:43:00,2009-12-09 15:36:00,0,1,16186,United Kingdom,0,Champions
3790,31,15,6911.4400000000005,460.7626666666667,17.11186440677966,252,2011-11-08 09:50:00,2011-02-28 13:34:00,0,1,16187,United Kingdom,0,Champions
3791,44,5,1087.66,217.532,11.324324324324325,364,2011-10-26 12:19:00,2010-10-27 11:50:00,0,1,16188,United Kingdom,2,Loyal Customers
3792,15,2,215.48,107.74,12.181818181818182,69,2011-11-24 11:47:00,2011-09-15 15:21:00,0,1,16189,United Kingdom,1,Promising
3793,39,8,2723.55,340.44375,10.344537815126053,685,2011-10-30 15:59:00,2009-12-14 11:59:00,0,1,16190,United Kingdom,2,Loyal Customers
3794,2,24,15677.82,653.2425,40.293103448275865,725,2011-12-07 11:26:00,2009-12-11 12:24:00,0,1,16191,United Kingdom,0,Champions
3795,735,1,351.3,351.3,18.90909090909091,0,2009-12-04 12:28:00,2009-12-04 12:28:00,1,0,16192,United Kingdom,3,At Risk / Lapsed
3796,236,2,630.43,315.215,9.973684210526317,174,2011-04-17 11:45:00,2010-10-25 10:25:00,1,1,16193,United Kingdom,1,Promising
3797,374,1,308.6,308.6,17.5,0,2010-11-29 13:28:00,2010-11-29 13:28:00,1,0,16194,United Kingdom,3,At Risk / Lapsed
3798,722,1,323.25,323.25,7.6875,0,2009-12-16 14:09:00,2009-12-16 14:09:00,1,0,16195,United Kingdom,3,At Risk / Lapsed
3799,488,1,93.3,93.3,6.5,0,2010-08-08 11:40:00,2010-08-08 11:40:00,1,0,16196,United Kingdom,3,At Risk / Lapsed
3800,468,9,2016.71,224.07888888888888,15.268817204301076,254,2010-08-27 12:56:00,2009-12-16 11:44:00,1,1,16197,United Kingdom,2,Loyal Customers
3801,74,2,1030.04,515.02,11.96875,362,2011-09-25 14:58:00,2010-09-28 13:59:00,0,1,16198,United Kingdom,1,Promising
3802,391,7,942.75,134.67857142857142,32.1,238,2010-11-12 12:55:00,2010-03-18 18:47:00,1,1,16199,United Kingdom,2,Loyal Customers
3803,3,12,5608.1,467.3416666666667,5.00489396411093,732,2011-12-05 14:40:00,2009-12-02 15:04:00,0,1,16200,United Kingdom,0,Champions
3804,2,5,2112.12,422.424,11.459677419354838,412,2011-12-06 16:02:00,2010-10-20 12:00:00,0,1,16201,United Kingdom,2,Loyal Customers
3805,360,9,2501.99,277.9988888888889,10.540322580645162,376,2010-12-14 10:43:00,2009-12-02 10:48:00,1,1,16202,United Kingdom,2,Loyal Customers
3806,58,6,1114.54,185.75666666666663,7.883116883116883,445,2011-10-12 12:31:00,2010-07-23 13:09:00,0,1,16203,United Kingdom,2,Loyal Customers
3807,22,3,918.71,306.2366666666667,6.643564356435643,707,2011-11-16 13:40:00,2009-12-08 17:44:00,0,1,16204,United Kingdom,2,Loyal Customers
3808,30,7,1813.51,259.0728571428571,7.387755102040816,511,2011-11-09 09:32:00,2010-06-15 11:58:00,0,1,16205,United Kingdom,2,Loyal Customers
3809,54,13,2577.12,198.24,5.7656903765690375,629,2011-10-16 10:41:00,2010-01-24 15:25:00,0,1,16206,United Kingdom,0,Champions
3810,24,1,394.38,394.38,7.368421052631579,0,2011-11-14 13:51:00,2011-11-14 13:51:00,0,0,16207,United Kingdom,1,Promising
3811,44,10,3440.45,344.045,6.090909090909091,608,2011-10-26 11:36:00,2010-02-24 14:24:00,0,1,16208,United Kingdom,0,Champions
3812,88,9,4146.78,460.7533333333333,28.28358208955224,458,2011-09-12 11:58:00,2010-06-11 11:58:00,0,1,16209,United Kingdom,0,Champions
3813,1,33,38469.51,1165.7427272727273,51.11469534050179,735,2011-12-08 12:36:00,2009-12-02 12:54:00,0,1,16210,United Kingdom,0,Champions
3814,88,3,1090.59,363.53,14.416666666666666,349,2011-09-12 12:11:00,2010-09-27 15:24:00,0,1,16211,United Kingdom,2,Loyal Customers
3815,18,4,1293.71,323.4275,7.32051282051282,650,2011-11-20 13:00:00,2010-02-07 15:26:00,0,1,16212,United Kingdom,2,Loyal Customers
3816,78,1,159.0,159.0,8.0,0,2011-09-22 10:03:00,2011-09-22 10:03:00,0,0,16213,United Kingdom,1,Promising
3817,170,4,2038.25,509.5625,13.346938775510203,264,2011-06-22 11:30:00,2010-09-30 13:57:00,1,1,16214,United Kingdom,2,Loyal Customers
3818,80,1,242.35,242.35,7.428571428571429,0,2011-09-20 10:18:00,2011-09-20 10:18:00,0,0,16215,United Kingdom,1,Promising
3819,266,1,914.93,914.93,6.864864864864865,0,2011-03-17 15:34:00,2011-03-17 15:34:00,1,0,16216,United Kingdom,1,Promising
3820,234,2,304.25,152.125,6.066666666666666,46,2011-04-18 13:31:00,2011-03-02 15:28:00,1,1,16217,United Kingdom,1,Promising
3821,29,13,4439.97,341.53615384615387,19.73780487804878,531,2011-11-10 09:59:00,2010-05-27 16:09:00,0,1,16218,United Kingdom,0,Champions
3822,500,1,40.8,40.8,48.0,0,2010-07-27 11:44:00,2010-07-27 11:44:00,1,0,16219,United Kingdom,3,At Risk / Lapsed
3823,36,9,2185.21,242.8011111111111,6.0,449,2011-11-03 11:43:00,2010-08-10 13:32:00,0,1,16221,United Kingdom,2,Loyal Customers
3824,317,2,1272.05,636.025,3.193103448275862,402,2011-01-25 13:38:00,2009-12-18 14:31:00,1,1,16222,United Kingdom,3,At Risk / Lapsed
3825,374,2,1087.05,543.525,5.227642276422764,20,2010-11-30 11:50:00,2010-11-09 12:07:00,1,1,16223,United Kingdom,3,At Risk / Lapsed
3826,56,5,1616.54,323.308,13.405172413793103,330,2011-10-13 17:51:00,2010-11-17 13:14:00,0,1,16224,United Kingdom,2,Loyal Customers
3827,44,15,2859.31,190.62066666666664,4.27,625,2011-10-26 08:30:00,2010-02-07 12:41:00,0,1,16225,United Kingdom,0,Champions
3828,202,5,672.1700000000001,134.43400000000003,16.806451612903224,210,2011-05-20 14:41:00,2010-10-22 11:19:00,1,1,16226,United Kingdom,2,Loyal Customers
3829,224,3,1027.22,342.4066666666667,12.823529411764708,310,2011-04-28 13:33:00,2010-06-22 13:28:00,1,1,16227,United Kingdom,2,Loyal Customers
3830,384,3,885.71,295.2366666666667,10.27777777777778,14,2010-11-19 14:20:00,2010-11-04 18:54:00,1,1,16228,United Kingdom,3,At Risk / Lapsed
3831,86,6,2867.86,477.9766666666667,7.340909090909091,477,2011-09-13 17:16:00,2010-05-24 12:59:00,0,1,16229,United Kingdom,2,Loyal Customers
3832,189,2,542.03,271.015,10.428571428571429,30,2011-06-03 10:06:00,2011-05-03 15:12:00,1,1,16230,United Kingdom,1,Promising
3833,378,4,1074.47,268.6175,5.63,218,2010-11-25 15:00:00,2010-04-21 12:06:00,1,1,16231,United Kingdom,3,At Risk / Lapsed
3834,43,7,2712.97,387.5671428571428,17.60952380952381,506,2011-10-27 12:16:00,2010-06-07 14:04:00,0,1,16232,United Kingdom,2,Loyal Customers
3835,70,9,1965.71,218.41222222222223,9.186666666666667,666,2011-09-29 17:27:00,2009-12-02 13:23:00,0,1,16233,United Kingdom,2,Loyal Customers
3836,475,3,333.18,111.06,11.333333333333334,85,2010-08-20 14:33:00,2010-05-27 10:39:00,1,1,16234,United Kingdom,3,At Risk / Lapsed
3837,40,8,2043.71,255.46375,6.9035087719298245,429,2011-10-30 10:56:00,2010-08-26 12:10:00,0,1,16235,United Kingdom,2,Loyal Customers
3838,77,1,432.2,432.2,9.2,0,2011-09-22 14:10:00,2011-09-22 14:10:00,0,0,16236,United Kingdom,1,Promising
3839,436,1,136.65,136.65,8.142857142857142,0,2010-09-28 17:02:00,2010-09-28 17:02:00,1,0,16237,United Kingdom,3,At Risk / Lapsed
3840,422,1,63.66,63.66,14.166666666666666,0,2010-10-13 12:36:00,2010-10-13 12:36:00,1,0,16238,United Kingdom,3,At Risk / Lapsed
3841,56,6,1492.2,248.7,19.77142857142857,406,2011-10-14 08:29:00,2010-09-02 19:17:00,0,1,16239,United Kingdom,2,Loyal Customers
3842,23,2,3718.8,1859.4,12.155555555555557,53,2011-11-15 14:30:00,2011-09-23 13:44:00,0,1,16240,United Kingdom,2,Loyal Customers
3843,9,16,4267.46,266.71625,2.409650924024641,400,2011-11-30 11:08:00,2010-10-25 13:40:00,0,1,16241,United Kingdom,0,Champions
3844,7,14,7404.65,528.9035714285714,5.834821428571429,625,2011-12-01 15:12:00,2010-03-15 16:02:00,0,1,16242,United Kingdom,0,Champions
3845,33,2,409.1,204.55,2.156862745098039,21,2011-11-06 12:32:00,2011-10-16 12:09:00,0,1,16243,United Kingdom,1,Promising
3846,211,2,2579.38,1289.69,9.571428571428571,160,2011-05-12 10:18:00,2010-12-02 11:41:00,1,1,16244,United Kingdom,2,Loyal Customers
3847,23,3,1413.66,471.22,11.266666666666667,233,2011-11-16 10:14:00,2011-03-28 09:30:00,0,1,16245,United Kingdom,2,Loyal Customers
3848,459,2,821.35,410.675,3.8181818181818175,209,2010-09-06 12:04:00,2010-02-08 12:32:00,1,1,16246,United Kingdom,3,At Risk / Lapsed
3849,169,1,114.56,114.56,11.375,0,2011-06-22 14:23:00,2011-06-22 14:23:00,1,0,16247,United Kingdom,1,Promising
3850,61,1,152.94,152.94,11.142857142857142,0,2011-10-09 11:32:00,2011-10-09 11:32:00,0,0,16248,United Kingdom,1,Promising
3851,52,5,1800.07,360.014,13.768115942028986,186,2011-10-18 10:07:00,2011-04-14 13:50:00,0,1,16249,United Kingdom,2,Loyal Customers
3852,260,3,791.38,263.7933333333333,7.673469387755102,125,2011-03-23 15:07:00,2010-11-18 10:43:00,1,1,16250,United Kingdom,2,Loyal Customers
3853,511,1,128.31,128.31,2.2,0,2010-07-15 14:55:00,2010-07-15 14:55:00,1,0,16251,United Kingdom,3,At Risk / Lapsed
3854,382,1,295.09000000000003,295.09000000000003,7.523809523809524,0,2010-11-22 11:57:00,2010-11-22 11:57:00,1,0,16252,United Kingdom,3,At Risk / Lapsed
3855,66,7,7272.2,1038.8857142857144,20.303030303030305,664,2011-10-04 09:09:00,2009-12-08 17:24:00,0,1,16253,United Kingdom,0,Champions
3856,377,3,967.44,322.48,7.337837837837838,253,2010-11-26 13:22:00,2010-03-17 15:43:00,1,1,16254,United Kingdom,3,At Risk / Lapsed
3857,16,15,4904.25,326.95,5.709737827715355,668,2011-11-23 12:40:00,2010-01-24 12:21:00,0,1,16255,United Kingdom,0,Champions
3858,266,3,1629.37,543.1233333333333,54.82758620689656,331,2011-03-18 12:18:00,2010-04-21 10:34:00,1,1,16256,United Kingdom,2,Loyal Customers
3859,176,1,46.95,46.95,1.0,0,2011-06-16 10:11:00,2011-06-16 10:11:00,1,0,16257,United Kingdom,1,Promising
3860,44,15,11942.52,796.168,20.930232558139537,593,2011-10-25 13:30:00,2010-03-10 14:19:00,0,1,16258,United Kingdom,0,Champions
3861,409,3,340.94,113.64666666666666,1.6823529411764706,194,2010-10-25 14:27:00,2010-04-13 16:57:00,1,1,16259,United Kingdom,3,At Risk / Lapsed
3862,50,1,1035.45,1035.45,17.27777777777778,0,2011-10-20 09:40:00,2011-10-20 09:40:00,0,0,16260,United Kingdom,1,Promising
3863,16,6,1041.16,173.52666666666667,2.785276073619632,425,2011-11-22 17:23:00,2010-09-23 16:40:00,0,1,16261,United Kingdom,2,Loyal Customers
3864,377,1,755.15,755.15,9.695652173913045,0,2010-11-26 13:22:00,2010-11-26 13:22:00,1,0,16262,United Kingdom,3,At Risk / Lapsed
3865,422,1,348.16,348.16,9.38095238095238,0,2010-10-12 14:52:00,2010-10-12 14:52:00,1,0,16263,United Kingdom,3,At Risk / Lapsed
3866,437,2,823.53,411.765,9.77777777777778,7,2010-09-27 15:00:00,2010-09-19 16:14:00,1,1,16264,United Kingdom,3,At Risk / Lapsed
3867,8,12,6935.17,577.9308333333333,9.537091988130564,398,2011-11-30 16:41:00,2010-10-28 15:18:00,0,1,16265,United Kingdom,0,Champions
3868,73,14,1757.95,125.56785714285716,7.256880733944954,599,2011-09-27 12:08:00,2010-02-04 16:21:00,0,1,16266,United Kingdom,0,Champions
3869,590,1,186.66,186.66,28.285714285714285,0,2010-04-27 14:10:00,2010-04-27 14:10:00,1,0,16267,United Kingdom,3,At Risk / Lapsed
3870,70,2,667.65,333.825,11.844444444444443,0,2011-09-29 18:30:00,2011-09-29 18:30:00,0,1,16268,United Kingdom,1,Promising
3871,437,1,717.57,717.57,10.924528301886792,0,2010-09-28 11:50:00,2010-09-28 11:50:00,1,0,16269,United Kingdom,3,At Risk / Lapsed
3872,352,1,1141.24,1141.24,12.74074074074074,0,2010-12-21 14:26:00,2010-12-21 14:26:00,1,0,16270,United Kingdom,3,At Risk / Lapsed
3873,15,8,3367.82,420.9775,7.936026936026936,627,2011-11-24 12:12:00,2010-03-07 12:03:00,0,1,16271,United Kingdom,2,Loyal Customers
3874,116,1,411.7,411.7,8.96,0,2011-08-15 10:54:00,2011-08-15 10:53:00,1,0,16272,United Kingdom,1,Promising
3875,647,2,318.34000000000003,159.17000000000002,2.6666666666666665,7,2010-03-01 13:24:00,2010-02-21 16:02:00,1,1,16273,United Kingdom,3,At Risk / Lapsed
3876,372,1,663.1,663.1,2.3968253968253967,0,2010-12-01 15:35:00,2010-12-01 15:35:00,1,0,16274,United Kingdom,3,At Risk / Lapsed
3877,196,3,2151.11,717.0366666666667,11.423423423423424,444,2011-05-27 12:41:00,2010-03-08 14:41:00,1,1,16275,United Kingdom,2,Loyal Customers
3878,176,3,2629.3900000000003,876.4633333333335,56.42307692307692,430,2011-06-16 09:34:00,2010-04-11 12:02:00,1,1,16276,United Kingdom,2,Loyal Customers
3879,733,1,188.69,188.69,1.434782608695652,0,2009-12-06 11:27:00,2009-12-06 11:27:00,1,0,16277,United Kingdom,3,At Risk / Lapsed
3880,99,3,1117.84,372.6133333333333,6.218181818181818,399,2011-08-31 17:12:00,2010-07-28 15:40:00,1,1,16278,United Kingdom,2,Loyal Customers
3881,20,9,5698.28,633.1422222222222,10.583333333333334,575,2011-11-18 15:00:00,2010-04-22 14:09:00,0,1,16279,United Kingdom,0,Champions
3882,724,1,238.05,238.05,6.3125,0,2009-12-14 15:49:00,2009-12-14 15:49:00,1,0,16280,United Kingdom,3,At Risk / Lapsed
3883,71,3,3424.02,1141.34,40.256410256410255,610,2011-09-28 14:57:00,2010-01-26 13:41:00,0,1,16281,United Kingdom,2,Loyal Customers
3884,339,3,1307.58,435.86,23.939393939393938,378,2011-01-04 11:42:00,2009-12-21 11:52:00,1,1,16282,United Kingdom,2,Loyal Customers
3885,5,8,4348.62,543.5775,4.9311531841652325,643,2011-12-04 12:08:00,2010-02-28 14:12:00,0,1,16283,United Kingdom,0,Champions
3886,30,3,1018.48,339.49333333333334,5.067669172932331,362,2011-11-08 16:12:00,2010-11-11 13:27:00,0,1,16284,United Kingdom,2,Loyal Customers
3887,645,1,176.9,176.9,1.935483870967742,0,2010-03-03 16:03:00,2010-03-03 16:03:00,1,0,16285,United Kingdom,3,At Risk / Lapsed
3888,476,2,328.95,164.475,5.941176470588236,146,2010-08-19 14:48:00,2010-03-26 09:58:00,1,1,16286,United Kingdom,3,At Risk / Lapsed
3889,169,5,1006.98,201.396,33.95238095238095,519,2011-06-23 09:08:00,2010-01-19 09:46:00,1,1,16287,United Kingdom,2,Loyal Customers
3890,469,1,129.85,129.85,2.7142857142857144,0,2010-08-26 14:45:00,2010-08-26 14:45:00,1,0,16288,United Kingdom,3,At Risk / Lapsed
3891,461,1,136.31,136.31,4.619047619047619,0,2010-09-03 14:02:00,2010-09-03 14:02:00,1,0,16289,United Kingdom,3,At Risk / Lapsed
3892,464,4,1957.7,489.425,7.717741935483871,101,2010-09-01 11:52:00,2010-05-23 11:46:00,1,1,16290,United Kingdom,3,At Risk / Lapsed
3893,681,1,117.72,117.72,1.0,0,2010-01-26 16:26:00,2010-01-26 16:26:00,1,0,16291,Portugal,3,At Risk / Lapsed
3894,121,5,1253.76,250.752,11.096774193548388,482,2011-08-10 12:24:00,2010-04-14 13:29:00,1,1,16292,United Kingdom,2,Loyal Customers
3895,21,15,4657.95,310.53,8.390041493775934,707,2011-11-18 09:58:00,2009-12-11 09:58:00,0,1,16293,United Kingdom,0,Champions
3896,476,1,126.05,126.05,6.75,0,2010-08-20 12:01:00,2010-08-20 12:01:00,1,0,16294,United Kingdom,3,At Risk / Lapsed
3897,9,4,1328.55,332.1375,10.645569620253164,54,2011-11-30 08:17:00,2011-10-06 10:45:00,0,1,16295,United Kingdom,2,Loyal Customers
3898,625,4,1313.67,328.4175,8.716216216216216,95,2010-03-23 13:11:00,2009-12-18 12:03:00,1,1,16296,United Kingdom,3,At Risk / Lapsed
3899,268,1,301.9,301.9,10.3,0,2011-03-16 08:29:00,2011-03-16 08:29:00,1,0,16297,United Kingdom,1,Promising
3900,22,7,1085.7,155.1,6.553191489361702,419,2011-11-17 11:59:00,2010-09-23 15:23:00,0,1,16298,United Kingdom,2,Loyal Customers
3901,476,1,193.65,193.65,8.916666666666666,0,2010-08-19 17:46:00,2010-08-19 17:46:00,1,0,16299,United Kingdom,3,At Risk / Lapsed
3902,429,3,1367.32,455.7733333333333,2.701680672268908,245,2010-10-05 13:14:00,2010-02-02 11:40:00,1,1,16300,United Kingdom,3,At Risk / Lapsed
3903,736,1,107.33,107.33,6.833333333333333,0,2009-12-03 10:20:00,2009-12-03 10:20:00,1,0,16301,United Kingdom,3,At Risk / Lapsed
3904,126,1,233.22,233.22,14.363636363636363,0,2011-08-05 09:44:00,2011-08-05 09:44:00,1,0,16302,United Kingdom,1,Promising
3905,25,7,7928.27,1132.61,13.493006993006992,605,2011-11-14 10:49:00,2010-03-18 14:12:00,0,1,16303,United Kingdom,0,Champions
3906,694,1,381.66,381.66,9.12,0,2010-01-14 08:30:00,2010-01-14 08:30:00,1,0,16304,United Kingdom,3,At Risk / Lapsed
3907,138,1,361.22,361.22,11.636363636363637,0,2011-07-24 12:18:00,2011-07-24 12:18:00,1,0,16305,United Kingdom,1,Promising
3908,213,7,1192.82,170.40285714285713,10.753623188405795,221,2011-05-10 12:12:00,2010-10-01 09:36:00,1,1,16306,United Kingdom,2,Loyal Customers
3909,428,3,1194.92,398.3066666666667,14.973333333333333,147,2010-10-06 14:31:00,2010-05-11 14:40:00,1,1,16307,United Kingdom,3,At Risk / Lapsed
3910,37,7,5120.0,731.4285714285714,2285.714285714286,686,2011-11-02 11:24:00,2009-12-15 15:48:00,0,1,16308,United Kingdom,2,Loyal Customers
3911,105,2,706.57,353.285,11.11904761904762,134,2011-08-25 15:35:00,2011-04-13 11:46:00,1,1,16309,United Kingdom,1,Promising
3912,413,2,460.08,230.04,9.642857142857142,227,2010-10-21 14:47:00,2010-03-07 15:41:00,1,1,16310,United Kingdom,3,At Risk / Lapsed
3913,17,2,616.26,308.13,10.64864864864865,31,2011-11-22 08:54:00,2011-10-21 13:13:00,0,1,16311,United Kingdom,1,Promising
3914,431,1,171.15,171.15,5.3,0,2010-10-03 14:15:00,2010-10-03 14:15:00,1,0,16312,United Kingdom,3,At Risk / Lapsed
3915,2,2,274.15000000000003,137.07500000000002,10.3125,46,2011-12-06 13:02:00,2011-10-21 09:04:00,0,1,16313,United Kingdom,1,Promising
3916,389,3,1491.4,497.1333333333334,10.258064516129032,83,2010-11-15 12:06:00,2010-08-24 11:52:00,1,1,16314,United Kingdom,3,At Risk / Lapsed
3917,330,2,402.71,201.355,6.217391304347826,205,2011-01-13 11:57:00,2010-06-21 13:53:00,1,1,16315,United Kingdom,3,At Risk / Lapsed
3918,63,13,5744.91,441.91615384615386,10.292929292929292,428,2011-10-06 13:48:00,2010-08-03 14:38:00,0,1,16316,United Kingdom,0,Champions
3919,119,5,2192.51,438.50200000000007,10.564102564102564,465,2011-08-12 12:46:00,2010-05-04 10:17:00,1,1,16317,United Kingdom,2,Loyal Customers
3920,34,1,328.15,328.15,10.473684210526317,0,2011-11-04 13:05:00,2011-11-04 13:05:00,0,0,16318,United Kingdom,1,Promising
3921,217,1,404.4,404.4,24.0,0,2011-05-06 11:27:00,2011-05-06 11:27:00,1,0,16319,United Kingdom,1,Promising
3922,171,6,5628.99,938.165,13.771784232365146,509,2011-06-20 15:25:00,2010-01-27 13:29:00,1,1,16320,Unspecified,2,Loyal Customers
3923,71,7,604.5500000000001,86.36428571428573,11.26086956521739,666,2011-09-28 14:55:00,2009-12-01 10:36:00,0,1,16321,Australia,2,Loyal Customers
3924,0,2,326.75,163.375,6.243243243243243,35,2011-12-08 15:41:00,2011-11-03 14:33:00,0,1,16322,United Kingdom,1,Promising
3925,195,2,353.66,176.83,36.5,381,2011-05-27 14:48:00,2010-05-11 09:48:00,1,1,16323,United Kingdom,1,Promising
3926,127,3,408.59,136.1966666666667,2.4324324324324325,48,2011-08-03 12:58:00,2011-06-15 14:26:00,1,1,16324,United Kingdom,1,Promising
3927,46,12,3597.5,299.7916666666667,17.855072463768117,688,2011-10-24 08:48:00,2009-12-04 13:21:00,0,1,16325,United Kingdom,0,Champions
3928,5,24,4626.25,192.76041666666663,2.3218884120171674,674,2011-12-04 10:11:00,2010-01-28 13:23:00,0,1,16326,United Kingdom,0,Champions
3929,13,16,10634.04,664.6275,8.973432518597237,711,2011-11-25 13:23:00,2009-12-14 13:06:00,0,1,16327,United Kingdom,0,Champions
3930,562,1,310.83,310.83,8.8125,0,2010-05-25 14:02:00,2010-05-25 14:02:00,1,0,16328,United Kingdom,3,At Risk / Lapsed
3931,427,4,1664.92,416.23,7.663461538461538,311,2010-10-08 12:44:00,2009-12-01 11:34:00,1,1,16329,United Kingdom,3,At Risk / Lapsed
3932,17,7,625.38,89.34,2.786324786324786,644,2011-11-22 12:24:00,2010-02-15 12:36:00,0,1,16330,United Kingdom,2,Loyal Customers
3933,431,6,2037.7,339.6166666666667,22.235294117647054,210,2010-10-03 13:47:00,2010-03-07 10:55:00,1,1,16331,United Kingdom,2,Loyal Customers
3934,27,11,1997.49,181.59,5.724489795918367,561,2011-11-11 14:22:00,2010-04-29 13:41:00,0,1,16332,United Kingdom,2,Loyal Customers
3935,7,22,26626.8,1210.3090909090909,715.2,302,2011-12-02 12:19:00,2011-02-03 10:50:00,0,1,16333,United Kingdom,0,Champions
3936,491,1,263.73,263.73,3.814814814814815,0,2010-08-04 16:38:00,2010-08-04 16:38:00,1,0,16334,United Kingdom,3,At Risk / Lapsed
3937,551,7,2753.52,393.36,2.781163434903047,184,2010-06-06 11:35:00,2009-12-04 10:18:00,1,1,16335,United Kingdom,3,At Risk / Lapsed
3938,420,4,3517.69,879.4225,21.66176470588235,211,2010-10-15 12:32:00,2010-03-18 08:05:00,1,1,16336,United Kingdom,2,Loyal Customers
3939,36,1,151.05,151.05,8.7,0,2011-11-03 10:03:00,2011-11-03 10:03:00,0,0,16337,United Kingdom,1,Promising
3940,156,1,214.8,214.8,8.545454545454545,0,2011-07-05 13:56:00,2011-07-05 13:56:00,1,0,16338,United Kingdom,1,Promising
3941,283,1,94.05,94.05,1.1666666666666667,0,2011-02-28 13:41:00,2011-02-28 13:41:00,1,0,16339,United Kingdom,1,Promising
3942,106,3,1496.24,498.7466666666666,3.69467787114846,444,2011-08-24 14:53:00,2010-06-06 13:26:00,1,1,16340,United Kingdom,2,Loyal Customers
3943,24,7,3850.79,550.1128571428571,19.126582278481013,584,2011-11-15 09:12:00,2010-04-09 10:30:00,0,1,16341,United Kingdom,2,Loyal Customers
3944,74,4,322.41,80.6025,10.466666666666669,104,2011-09-25 14:36:00,2011-06-13 10:10:00,0,1,16342,United Kingdom,1,Promising
3945,15,3,614.12,204.70666666666668,4.423076923076923,391,2011-11-23 17:45:00,2010-10-28 14:15:00,0,1,16343,United Kingdom,1,Promising
3946,157,4,842.42,210.605,15.347826086956522,510,2011-07-04 15:50:00,2010-02-09 12:16:00,1,1,16344,United Kingdom,2,Loyal Customers
3947,43,2,1178.79,589.395,5.657407407407407,438,2011-10-26 16:03:00,2010-08-13 17:13:00,0,1,16345,United Kingdom,2,Loyal Customers
3948,384,1,224.51,224.51,19.266666666666666,0,2010-11-19 15:55:00,2010-11-19 15:55:00,1,0,16346,United Kingdom,3,At Risk / Lapsed
3949,10,11,3442.96,312.99636363636364,5.014619883040936,626,2011-11-28 13:14:00,2010-03-12 12:41:00,0,1,16347,United Kingdom,0,Champions
3950,31,8,1742.08,217.76,4.595238095238095,398,2011-11-07 15:44:00,2010-10-05 13:57:00,0,1,16348,United Kingdom,2,Loyal Customers
3951,290,1,53.5,53.5,1.0,0,2011-02-22 12:40:00,2011-02-22 12:40:00,1,0,16349,United Kingdom,1,Promising
3952,20,9,2253.89,250.4322222222222,8.827868852459016,406,2011-11-18 15:53:00,2010-10-07 16:33:00,0,1,16350,United Kingdom,2,Loyal Customers
3953,332,13,3330.03,256.1561538461538,11.577540106951872,402,2011-01-11 10:26:00,2009-12-04 16:12:00,1,1,16351,United Kingdom,0,Champions
3954,17,2,494.44,247.22,10.714285714285714,20,2011-11-22 10:32:00,2011-11-02 08:44:00,0,1,16352,United Kingdom,1,Promising
3955,3,38,9999.46,263.1436842105263,20.29310344827586,728,2011-12-06 12:23:00,2009-12-07 13:55:00,0,1,16353,United Kingdom,0,Champions
3956,62,5,1119.46,223.892,4.228571428571429,528,2011-10-07 14:28:00,2010-04-27 13:33:00,0,1,16354,United Kingdom,2,Loyal Customers
3957,374,1,416.35,416.35,3.7291666666666665,0,2010-11-29 14:21:00,2010-11-29 14:21:00,1,0,16355,United Kingdom,3,At Risk / Lapsed
3958,197,6,415.87,69.31166666666667,3.2203389830508478,354,2011-05-26 11:51:00,2010-06-06 11:26:00,1,1,16356,United Kingdom,2,Loyal Customers
3959,32,4,868.37,217.0925,8.27659574468085,347,2011-11-06 16:04:00,2010-11-23 18:52:00,0,1,16357,United Kingdom,2,Loyal Customers
3960,0,5,2919.65,583.9300000000001,13.409090909090908,393,2011-12-08 15:09:00,2010-11-10 11:36:00,0,1,16358,United Kingdom,2,Loyal Customers
3961,6,16,2697.75,168.609375,14.112,654,2011-12-02 17:04:00,2010-02-16 10:39:00,0,1,16359,United Kingdom,0,Champions
3962,4,6,3450.41,575.0683333333333,3.3176100628930816,83,2011-12-05 12:16:00,2011-09-12 13:50:00,0,1,16360,United Kingdom,2,Loyal Customers
3963,9,4,891.21,222.8025,4.019230769230769,61,2011-11-30 12:32:00,2011-09-29 13:13:00,0,1,16361,United Kingdom,2,Loyal Customers
3964,31,6,922.16,153.69333333333333,5.188888888888889,405,2011-11-07 13:01:00,2010-09-28 09:24:00,0,1,16362,United Kingdom,2,Loyal Customers
3965,52,1,109.36,109.36,10.4,0,2011-10-17 14:14:00,2011-10-17 14:14:00,0,0,16363,United Kingdom,1,Promising
3966,11,2,705.79,352.895,5.365384615384615,125,2011-11-28 11:27:00,2011-07-25 14:35:00,0,1,16364,United Kingdom,1,Promising
3967,17,15,3307.2,220.48,8.73076923076923,710,2011-11-22 11:24:00,2009-12-11 12:41:00,0,1,16365,United Kingdom,0,Champions
3968,18,4,1548.13,387.0325,11.307692307692308,704,2011-11-21 08:19:00,2009-12-16 10:39:00,0,1,16366,United Kingdom,2,Loyal Customers
3969,36,3,1350.48,450.16,4.946188340807175,345,2011-11-02 13:13:00,2010-11-21 13:23:00,0,1,16367,United Kingdom,2,Loyal Customers
3970,1,3,621.44,207.14666666666668,3.411111111111111,433,2011-12-07 13:12:00,2010-09-30 11:30:00,0,1,16368,United Kingdom,1,Promising
3971,17,7,2654.48,379.2114285714286,9.491017964071856,592,2011-11-21 16:25:00,2010-04-07 16:52:00,0,1,16369,United Kingdom,2,Loyal Customers
3972,81,4,1301.91,325.4775,2.8959276018099547,142,2011-09-18 15:55:00,2011-04-28 16:40:00,0,1,16370,United Kingdom,2,Loyal Customers
3973,448,1,157.2,157.2,9.818181818181818,0,2010-09-17 12:09:00,2010-09-17 12:09:00,1,0,16371,United Kingdom,3,At Risk / Lapsed
3974,32,5,1290.31,258.062,2.292063492063492,573,2011-11-06 13:08:00,2010-04-11 15:20:00,0,1,16372,United Kingdom,2,Loyal Customers
3975,381,2,309.49,154.745,4.103448275862069,29,2010-11-22 15:50:00,2010-10-24 13:10:00,1,1,16373,United Kingdom,3,At Risk / Lapsed
3976,65,5,1709.55,341.91,2.232558139534884,522,2011-10-04 15:21:00,2010-04-30 13:10:00,0,1,16374,United Kingdom,2,Loyal Customers
3977,469,2,104.0,52.0,5.6923076923076925,0,2010-08-26 14:25:00,2010-08-26 14:12:00,1,1,16375,United Kingdom,3,At Risk / Lapsed
3978,8,2,974.96,487.48,5.663934426229508,8,2011-12-01 11:38:00,2011-11-22 16:47:00,0,1,16376,United Kingdom,1,Promising
3979,266,2,1308.48,654.24,292.8,350,2011-03-17 15:41:00,2010-04-01 10:36:00,1,1,16377,United Kingdom,2,Loyal Customers
3980,246,3,362.95,120.98333333333332,11.608695652173912,63,2011-04-06 15:07:00,2011-02-02 12:42:00,1,1,16378,United Kingdom,1,Promising
3981,3,4,2157.4,539.35,13.055555555555555,74,2011-12-05 15:38:00,2011-09-22 09:33:00,0,1,16379,United Kingdom,2,Loyal Customers
3982,60,1,1743.15,1743.15,46.064516129032256,0,2011-10-09 15:40:00,2011-10-09 15:40:00,0,0,16380,United Kingdom,1,Promising
3983,395,2,247.85,123.925,1.7704918032786885,22,2010-11-09 09:56:00,2010-10-17 13:06:00,1,1,16381,United Kingdom,3,At Risk / Lapsed
3984,407,2,353.1,176.55,3.7954545454545454,142,2010-10-27 16:23:00,2010-06-07 12:42:00,1,1,16382,United Kingdom,3,At Risk / Lapsed
3985,74,7,2887.99,412.57,3.9849624060150375,598,2011-09-26 12:45:00,2010-02-04 13:18:00,0,1,16383,United Kingdom,2,Loyal Customers
3986,89,4,1358.95,339.7375,10.62962962962963,500,2011-09-11 11:19:00,2010-04-28 14:01:00,0,1,16384,United Kingdom,2,Loyal Customers
3987,59,5,1028.55,205.71,4.082706766917293,571,2011-10-10 13:12:00,2010-03-18 12:45:00,0,1,16385,United Kingdom,2,Loyal Customers
3988,28,3,1068.16,356.05333333333334,5.035971223021583,359,2011-11-11 12:28:00,2010-11-17 11:19:00,0,1,16386,United Kingdom,2,Loyal Customers
3989,322,5,882.46,176.49200000000002,5.149425287356322,315,2011-01-21 11:34:00,2010-03-11 12:22:00,1,1,16387,United Kingdom,2,Loyal Customers
3990,653,1,186.05,186.05,6.384615384615385,0,2010-02-24 10:20:00,2010-02-24 10:20:00,1,0,16388,United Kingdom,3,At Risk / Lapsed
3991,52,4,1382.07,345.5175,36.52941176470589,229,2011-10-17 14:41:00,2011-03-01 15:47:00,0,1,16389,United Kingdom,2,Loyal Customers
3992,536,3,467.5,155.83333333333334,5.809523809523809,142,2010-06-21 10:11:00,2010-01-29 15:25:00,1,1,16390,United Kingdom,3,At Risk / Lapsed
3993,400,4,1048.86,262.215,2.3609271523178808,161,2010-11-04 12:27:00,2010-05-27 11:27:00,1,1,16391,United Kingdom,3,At Risk / Lapsed
3994,269,3,755.45,251.8166666666667,4.216783216783217,292,2011-03-15 12:11:00,2010-05-27 11:17:00,1,1,16392,United Kingdom,2,Loyal Customers
3995,1,23,5482.57,238.37260869565216,4.077939233817702,736,2011-12-07 12:51:00,2009-12-01 12:13:00,0,1,16393,United Kingdom,0,Champions
3996,56,5,1555.34,311.068,31.373493975903614,232,2011-10-14 09:48:00,2011-02-23 10:58:00,0,1,16394,United Kingdom,2,Loyal Customers
3997,60,14,3517.56,251.2542857142857,4.581358609794629,673,2011-10-10 12:50:00,2009-12-06 12:26:00,0,1,16395,United Kingdom,0,Champions
3998,475,1,137.8,137.8,10.0,0,2010-08-20 14:17:00,2010-08-20 14:17:00,1,0,16396,United Kingdom,3,At Risk / Lapsed
3999,627,1,123.13,123.13,4.777777777777778,0,2010-03-21 15:36:00,2010-03-21 15:36:00,1,0,16397,United Kingdom,3,At Risk / Lapsed
4000,153,2,1705.8,852.9,9.24390243902439,99,2011-07-08 15:16:00,2011-03-31 09:38:00,1,1,16398,United Kingdom,2,Loyal Customers
4001,18,3,628.42,209.47333333333333,3.981651376146789,370,2011-11-20 16:12:00,2010-11-15 15:03:00,0,1,16399,United Kingdom,1,Promising
4002,94,9,3059.85,339.9833333333333,7.737827715355805,636,2011-09-06 12:27:00,2009-12-08 12:38:00,1,1,16400,United Kingdom,2,Loyal Customers
4003,0,23,6847.45,297.71521739130435,16.665745856353592,554,2011-12-08 18:15:00,2010-06-02 13:13:00,0,1,16401,United Kingdom,0,Champions
4004,264,2,499.1,249.55,2.234234234234234,104,2011-03-20 12:25:00,2010-12-05 13:42:00,1,1,16402,United Kingdom,1,Promising
4005,311,1,177.5,177.5,11.4,0,2011-01-31 13:39:00,2011-01-31 13:39:00,1,0,16403,United Kingdom,3,At Risk / Lapsed
4006,69,1,443.05,443.05,6.826086956521739,0,2011-09-30 14:55:00,2011-09-30 14:55:00,0,0,16404,United Kingdom,1,Promising
4007,301,2,167.25,83.625,37.4,7,2011-02-10 15:24:00,2011-02-02 17:08:00,1,1,16405,United Kingdom,3,At Risk / Lapsed
4008,18,3,528.36,176.12,1.7364864864864864,635,2011-11-21 11:57:00,2010-02-24 11:51:00,0,1,16406,United Kingdom,1,Promising
4009,12,14,2761.65,197.2607142857143,6.435555555555555,419,2011-11-27 11:05:00,2010-10-03 13:56:00,0,1,16407,United Kingdom,0,Champions
4010,590,1,231.93,231.93,5.044444444444444,0,2010-04-27 14:08:00,2010-04-27 14:08:00,1,0,16408,United Kingdom,3,At Risk / Lapsed
4011,35,12,5652.74,471.06166666666667,4.727741935483871,690,2011-11-03 16:45:00,2009-12-13 15:38:00,0,1,16409,United Kingdom,0,Champions
4012,733,1,130.32,130.32,69.6,0,2009-12-05 14:51:00,2009-12-05 14:51:00,1,0,16410,United Kingdom,3,At Risk / Lapsed
4013,18,4,884.9399999999999,221.235,2.63681592039801,408,2011-11-20 13:23:00,2010-10-07 15:09:00,0,1,16411,United Kingdom,2,Loyal Customers
4014,53,5,593.19,118.638,2.360655737704918,619,2011-10-17 12:35:00,2010-02-04 13:46:00,0,1,16412,United Kingdom,2,Loyal Customers
4015,56,2,522.03,261.015,4.161764705882353,318,2011-10-14 12:08:00,2010-11-29 12:49:00,0,1,16413,United Kingdom,1,Promising
4016,21,5,551.21,110.242,3.1904761904761907,672,2011-11-18 09:42:00,2010-01-14 10:21:00,0,1,16414,United Kingdom,2,Loyal Customers
4017,43,3,696.76,232.25333333333333,3.503448275862069,632,2011-10-26 13:35:00,2010-02-01 12:30:00,0,1,16415,United Kingdom,1,Promising
4018,26,9,2957.88,328.65333333333336,11.817204301075268,628,2011-11-13 12:50:00,2010-02-23 12:00:00,0,1,16416,United Kingdom,2,Loyal Customers
4019,492,1,35.7,35.7,6.0,0,2010-08-04 09:08:00,2010-08-04 09:08:00,1,0,16417,United Kingdom,3,At Risk / Lapsed
4020,44,5,1028.74,205.748,3.615384615384616,378,2011-10-26 12:39:00,2010-10-13 12:31:00,0,1,16418,United Kingdom,2,Loyal Customers
4021,112,8,1463.7,182.9625,7.788888888888889,555,2011-08-19 12:33:00,2010-02-09 13:26:00,1,1,16419,United Kingdom,2,Loyal Customers
4022,395,1,75.0,75.0,60.0,0,2010-11-08 15:15:00,2010-11-08 15:15:00,1,0,16420,United Kingdom,3,At Risk / Lapsed
4023,375,3,526.27,175.42333333333332,3.236842105263158,93,2010-11-28 13:31:00,2010-08-27 12:02:00,1,1,16421,United Kingdom,3,At Risk / Lapsed
4024,16,108,63397.07,587.0099074074074,93.0718309859155,679,2011-11-22 14:00:00,2010-01-12 11:57:00,0,1,16422,United Kingdom,0,Champions
4025,24,1,346.12,346.12,12.77777777777778,0,2011-11-15 09:21:00,2011-11-15 09:21:00,0,0,16423,United Kingdom,1,Promising
4026,190,2,443.06,221.53,16.307692307692307,191,2011-06-01 13:40:00,2010-11-22 11:24:00,1,1,16424,United Kingdom,1,Promising
4027,301,1,302.7,302.7,9.476190476190476,0,2011-02-10 14:30:00,2011-02-10 14:30:00,1,0,16425,United Kingdom,3,At Risk / Lapsed
4028,1,10,1863.76,186.376,3.441926345609065,273,2011-12-07 14:01:00,2011-03-08 15:45:00,0,1,16426,United Kingdom,2,Loyal Customers
4029,262,2,241.06,120.53,17.333333333333332,21,2011-03-21 17:10:00,2011-02-28 15:18:00,1,1,16427,United Kingdom,1,Promising
4030,413,3,638.49,212.83,4.52755905511811,84,2010-10-22 12:22:00,2010-07-30 12:10:00,1,1,16428,United Kingdom,3,At Risk / Lapsed
4031,105,1,284.55,284.55,4.5,0,2011-08-25 13:54:00,2011-08-25 13:54:00,1,0,16429,United Kingdom,1,Promising
4032,56,6,1102.94,183.82333333333332,11.333333333333334,624,2011-10-13 14:47:00,2010-01-27 12:45:00,0,1,16430,United Kingdom,2,Loyal Customers
4033,212,3,623.28,207.76,5.815789473684211,84,2011-05-10 14:09:00,2011-02-15 14:02:00,1,1,16431,United Kingdom,1,Promising
4034,63,1,287.4,287.4,34.5,0,2011-10-06 13:59:00,2011-10-06 13:59:00,0,0,16432,United Kingdom,1,Promising
4035,27,2,384.52,192.26,6.294117647058823,380,2011-11-11 14:09:00,2010-10-27 12:26:00,0,1,16433,United Kingdom,1,Promising
4036,28,12,2673.69,222.8075,7.277777777777778,661,2011-11-10 14:28:00,2010-01-17 14:51:00,0,1,16434,United Kingdom,0,Champions
4037,511,3,1003.07,334.3566666666666,4.864,2,2010-07-15 18:22:00,2010-07-13 13:29:00,1,1,16435,United Kingdom,3,At Risk / Lapsed
4038,667,3,319.14,106.38,5.675,64,2010-02-09 13:19:00,2009-12-06 16:02:00,1,1,16436,United Kingdom,3,At Risk / Lapsed
4039,380,2,301.25,150.625,9.38095238095238,48,2010-11-23 16:59:00,2010-10-06 12:34:00,1,1,16437,United Kingdom,3,At Risk / Lapsed
4040,5,5,798.35,159.67000000000002,3.507575757575758,76,2011-12-04 10:51:00,2011-09-18 13:31:00,0,1,16438,United Kingdom,2,Loyal Customers
4041,721,1,310.70000000000005,310.70000000000005,8.222222222222221,0,2009-12-17 14:22:00,2009-12-17 14:22:00,1,0,16439,United Kingdom,3,At Risk / Lapsed
4042,7,6,3856.97,642.8283333333334,6.866449511400652,486,2011-12-02 12:02:00,2010-08-03 11:32:00,0,1,16440,United Kingdom,2,Loyal Customers
4043,66,5,1013.18,202.636,5.678571428571429,559,2011-10-03 17:48:00,2010-03-22 18:00:00,0,1,16441,United Kingdom,2,Loyal Customers
4044,1,5,891.98,178.39600000000002,2.348178137651822,725,2011-12-08 11:43:00,2009-12-13 11:05:00,0,1,16442,United Kingdom,2,Loyal Customers
4045,520,1,162.24,162.24,96.0,0,2010-07-07 11:57:00,2010-07-07 11:57:00,1,0,16443,United Kingdom,3,At Risk / Lapsed
4046,45,17,3625.88,213.2870588235294,5.242587601078167,578,2011-10-24 13:50:00,2010-03-24 14:06:00,0,1,16444,United Kingdom,0,Champions
4047,33,4,583.16,145.79,1.5944444444444446,377,2011-11-06 12:32:00,2010-10-24 12:39:00,0,1,16445,United Kingdom,2,Loyal Customers
4048,0,2,168472.5,84236.25,26999.0,204,2011-12-09 09:15:00,2011-05-18 09:52:00,0,1,16446,United Kingdom,0,Champions
4049,135,3,727.1,242.36666666666667,4.632352941176471,524,2011-07-27 12:45:00,2010-02-17 14:09:00,1,1,16447,United Kingdom,2,Loyal Customers
4050,197,2,361.12,180.56,3.52,272,2011-05-25 16:28:00,2010-08-25 16:58:00,1,1,16448,United Kingdom,1,Promising
4051,197,2,707.69,353.845,9.175,82,2011-05-26 10:25:00,2011-03-04 12:15:00,1,1,16449,United Kingdom,1,Promising
4052,149,3,1505.73,501.91,15.83720930232558,506,2011-07-13 11:47:00,2010-02-21 15:46:00,1,1,16450,United Kingdom,2,Loyal Customers
4053,87,3,1013.15,337.71666666666664,8.061538461538461,647,2011-09-13 09:17:00,2009-12-04 15:11:00,0,1,16451,United Kingdom,2,Loyal Customers
4054,630,2,332.17,166.085,11.055555555555555,63,2010-03-19 12:39:00,2010-01-15 12:22:00,1,1,16452,United Kingdom,3,At Risk / Lapsed
4055,530,2,251.71,125.855,9.266666666666667,17,2010-06-27 12:46:00,2010-06-09 13:15:00,1,1,16453,United Kingdom,3,At Risk / Lapsed
4056,63,3,29.950000000000003,9.983333333333334,2.6666666666666665,547,2011-10-06 16:57:00,2010-04-07 15:54:00,0,1,16454,United Kingdom,1,Promising
4057,63,11,4376.87,397.8972727272727,13.84375,556,2011-10-07 12:17:00,2010-03-30 10:31:00,0,1,16455,United Kingdom,0,Champions
4058,98,13,6788.34,522.1800000000001,9.061425061425062,521,2011-09-01 13:50:00,2010-03-29 11:16:00,1,1,16456,United Kingdom,0,Champions
4059,217,1,208.36,208.36,15.555555555555555,0,2011-05-05 13:19:00,2011-05-05 13:19:00,1,0,16457,United Kingdom,1,Promising
4060,2,30,5690.89,189.6963333333333,8.910761154855644,559,2011-12-07 09:34:00,2010-05-26 14:38:00,0,1,16458,United Kingdom,0,Champions
4061,729,1,71.78999999999999,71.78999999999999,11.8,0,2009-12-10 12:42:00,2009-12-10 12:42:00,1,0,16459,United Kingdom,3,At Risk / Lapsed
4062,27,3,811.23,270.41,6.636363636363637,53,2011-11-11 13:46:00,2011-09-19 10:15:00,0,1,16460,United Kingdom,2,Loyal Customers
4063,177,3,1539.83,513.2766666666666,3.693227091633466,468,2011-06-15 12:07:00,2010-03-03 13:57:00,1,1,16461,United Kingdom,2,Loyal Customers
4064,73,3,136.0,45.333333333333336,5.333333333333333,210,2011-09-27 10:24:00,2011-03-01 08:58:00,0,1,16462,United Kingdom,1,Promising
4065,20,4,1422.4,355.6,14.182926829268292,182,2011-11-18 14:01:00,2011-05-19 14:45:00,0,1,16463,United Kingdom,2,Loyal Customers
4066,19,3,1298.66,432.8866666666667,4.139130434782609,122,2011-11-20 12:11:00,2011-07-20 13:53:00,0,1,16464,United Kingdom,2,Loyal Customers
4067,420,2,746.24,373.12,10.5,23,2010-10-15 09:27:00,2010-09-21 10:46:00,1,1,16465,United Kingdom,3,At Risk / Lapsed
4068,33,15,3767.09,251.13933333333333,5.288690476190476,608,2011-11-06 11:35:00,2010-03-07 14:31:00,0,1,16466,United Kingdom,0,Champions
4069,508,7,2869.16,409.88,307.6666666666667,228,2010-07-19 11:49:00,2009-12-02 11:59:00,1,1,16467,United Kingdom,2,Loyal Customers
4070,73,3,787.52,262.50666666666666,8.244444444444444,407,2011-09-26 14:13:00,2010-08-15 13:10:00,0,1,16468,United Kingdom,2,Loyal Customers
4071,23,5,803.9,160.78,1.711340206185567,490,2011-11-16 12:25:00,2010-07-13 13:17:00,0,1,16469,United Kingdom,2,Loyal Customers
4072,51,11,2416.85,219.7136363636364,2.852564102564102,676,2011-10-19 12:11:00,2009-12-11 12:21:00,0,1,16470,United Kingdom,2,Loyal Customers
4073,274,4,1189.98,297.495,10.806451612903226,377,2011-03-10 09:41:00,2010-02-25 10:07:00,1,1,16471,United Kingdom,2,Loyal Customers
4074,433,2,789.6,394.8,6.461538461538462,163,2010-10-01 13:56:00,2010-04-21 11:48:00,1,1,16472,United Kingdom,3,At Risk / Lapsed
4075,164,4,470.83,117.7075,10.571428571428571,209,2011-06-28 09:10:00,2010-11-30 16:29:00,1,1,16473,United Kingdom,1,Promising
4076,6,7,1810.49,258.64142857142855,2.699404761904762,137,2011-12-02 13:02:00,2011-07-17 14:51:00,0,1,16474,United Kingdom,2,Loyal Customers
4077,87,4,544.3,136.075,11.392857142857142,185,2011-09-12 14:37:00,2011-03-11 09:39:00,0,1,16475,United Kingdom,2,Loyal Customers
4078,431,1,350.35,350.35,7.791666666666667,0,2010-10-04 10:29:00,2010-10-04 10:29:00,1,0,16476,United Kingdom,3,At Risk / Lapsed
4079,63,11,4320.02,392.7290909090909,10.123076923076924,421,2011-10-07 09:44:00,2010-08-12 09:43:00,0,1,16477,United Kingdom,0,Champions
4080,24,3,331.0,110.33333333333331,13.176470588235292,40,2011-11-14 15:51:00,2011-10-05 12:02:00,0,1,16478,United Kingdom,1,Promising
4081,9,2,300.83,150.415,2.914285714285714,0,2011-11-29 13:40:00,2011-11-29 13:04:00,0,1,16479,United Kingdom,1,Promising
4082,75,1,769.29,769.29,8.584905660377359,0,2011-09-25 11:40:00,2011-09-25 11:40:00,0,0,16480,United Kingdom,1,Promising
4083,681,1,453.38,453.38,12.5625,0,2010-01-26 13:09:00,2010-01-26 13:09:00,1,0,16481,United Kingdom,3,At Risk / Lapsed
4084,15,1,220.62,220.62,19.22222222222222,0,2011-11-24 12:33:00,2011-11-24 12:33:00,0,0,16482,United Kingdom,1,Promising
4085,191,1,139.35,139.35,2.3157894736842106,0,2011-05-31 13:08:00,2011-05-31 13:08:00,1,0,16483,United Kingdom,1,Promising
4086,173,2,404.3,202.15,8.0,17,2011-06-19 12:06:00,2011-06-02 10:39:00,1,1,16484,United Kingdom,1,Promising
4087,76,5,2287.19,457.438,8.006944444444445,656,2011-09-23 15:50:00,2009-12-06 12:28:00,0,1,16485,United Kingdom,2,Loyal Customers
4088,537,1,134.36,134.36,3.4285714285714284,0,2010-06-20 12:16:00,2010-06-20 12:16:00,1,0,16486,United Kingdom,3,At Risk / Lapsed
4089,576,2,209.4,104.7,4.6571428571428575,81,2010-05-11 13:38:00,2010-02-18 17:36:00,1,1,16487,United Kingdom,3,At Risk / Lapsed
4090,32,3,498.8,166.26666666666668,25.103448275862068,115,2011-11-06 13:42:00,2011-07-14 11:46:00,0,1,16488,United Kingdom,1,Promising
4091,379,2,303.7,151.85,6.333333333333333,55,2010-11-24 14:40:00,2010-09-29 15:02:00,1,1,16489,United Kingdom,3,At Risk / Lapsed
4092,435,1,205.41000000000005,205.41000000000005,8.692307692307692,0,2010-09-29 16:30:00,2010-09-29 16:30:00,1,0,16490,United Kingdom,3,At Risk / Lapsed
4093,46,2,1533.16,766.58,12.183908045977011,366,2011-10-24 10:18:00,2010-10-22 15:42:00,0,1,16491,United Kingdom,2,Loyal Customers
4094,540,1,385.56,385.56,10.217391304347826,0,2010-06-17 08:20:00,2010-06-17 08:20:00,1,0,16492,United Kingdom,3,At Risk / Lapsed
4095,79,7,2132.09,304.5842857142857,17.90990990990991,543,2011-09-21 11:10:00,2010-03-26 13:05:00,0,1,16493,United Kingdom,2,Loyal Customers
4096,296,1,826.53,826.53,13.5,0,2011-02-16 12:49:00,2011-02-16 12:49:00,1,0,16494,United Kingdom,1,Promising
4097,2,3,648.26,216.08666666666667,3.727272727272727,272,2011-12-06 13:20:00,2011-03-08 16:38:00,0,1,16495,United Kingdom,1,Promising
4098,8,6,2330.77,388.4616666666666,12.782608695652174,500,2011-12-01 10:31:00,2010-07-18 13:42:00,0,1,16496,United Kingdom,2,Loyal Customers
4099,49,23,6695.28,291.0991304347826,9.050445103857566,686,2011-10-21 10:55:00,2009-12-03 14:11:00,0,1,16497,United Kingdom,0,Champions
4100,160,2,100.97,50.485,3.0,0,2011-07-01 15:07:00,2011-06-30 19:52:00,1,1,16498,United Kingdom,1,Promising
4101,359,8,2578.34,322.2925,9.47222222222222,186,2010-12-14 13:31:00,2010-06-11 12:22:00,1,1,16499,United Kingdom,2,Loyal Customers
4102,4,9,843.9100000000001,93.76777777777778,11.352941176470589,538,2011-12-05 12:04:00,2010-06-14 14:54:00,0,1,16500,United Kingdom,2,Loyal Customers
4103,382,1,1191.23,1191.23,3.1557788944723617,0,2010-11-21 14:10:00,2010-11-21 14:10:00,1,0,16501,United Kingdom,3,At Risk / Lapsed
4104,619,2,258.55,129.275,5.365853658536586,0,2010-03-29 13:44:00,2010-03-29 13:39:00,1,1,16502,United Kingdom,3,At Risk / Lapsed
4105,106,11,3614.34,328.5763636363636,7.206572769953052,429,2011-08-25 11:46:00,2010-06-21 14:07:00,1,1,16503,United Kingdom,0,Champions
4106,24,1,465.88,465.88,6.144578313253012,0,2011-11-14 15:18:00,2011-11-14 15:18:00,0,0,16504,United Kingdom,1,Promising
4107,31,1,777.6,777.6,144.0,0,2011-11-08 12:14:00,2011-11-08 12:14:00,0,0,16505,United Kingdom,1,Promising
4108,19,2,90.3,45.150000000000006,14.0,20,2011-11-20 12:17:00,2011-10-30 15:50:00,0,1,16506,United Kingdom,1,Promising
4109,571,1,142.71,142.71,2.921052631578948,0,2010-05-16 12:56:00,2010-05-16 12:56:00,1,0,16507,United Kingdom,3,At Risk / Lapsed
4110,629,1,240.95,240.95,2.395348837209302,0,2010-03-19 13:41:00,2010-03-19 13:41:00,1,0,16508,United Kingdom,3,At Risk / Lapsed
4111,296,1,363.7,363.7,4.923076923076923,0,2011-02-16 09:25:00,2011-02-16 09:25:00,1,0,16509,United Kingdom,1,Promising
4112,371,6,2005.35,334.225,8.21774193548387,319,2010-12-02 13:39:00,2010-01-17 12:30:00,1,1,16510,United Kingdom,2,Loyal Customers
4113,21,6,1758.49,293.08166666666665,2.5247524752475248,626,2011-11-18 10:41:00,2010-03-01 12:21:00,0,1,16511,United Kingdom,2,Loyal Customers
4114,4,4,874.59,218.6475,11.628571428571428,38,2011-12-05 10:18:00,2011-10-27 14:56:00,0,1,16513,United Kingdom,2,Loyal Customers
4115,51,10,3179.06,317.906,6.665254237288136,488,2011-10-18 13:10:00,2010-06-17 12:17:00,0,1,16515,United Kingdom,0,Champions
4116,29,1,101.7,101.7,9.666666666666666,0,2011-11-09 14:59:00,2011-11-09 14:59:00,0,0,16516,United Kingdom,1,Promising
4117,276,1,162.7,162.7,5.647058823529412,0,2011-03-07 13:50:00,2011-03-07 13:50:00,1,0,16517,United Kingdom,1,Promising
4118,60,4,959.37,239.8425,7.705882352941177,495,2011-10-09 15:04:00,2010-06-01 13:31:00,0,1,16518,United Kingdom,2,Loyal Customers
4119,24,4,540.66,135.165,4.325,623,2011-11-14 15:41:00,2010-03-01 13:51:00,0,1,16519,United Kingdom,2,Loyal Customers
4120,185,6,2474.14,412.3566666666666,3.063106796116505,460,2011-06-06 13:24:00,2010-03-02 16:50:00,1,1,16520,United Kingdom,2,Loyal Customers
4121,414,3,1136.36,378.7866666666666,4.2923728813559325,232,2010-10-20 13:09:00,2010-03-01 13:22:00,1,1,16521,United Kingdom,3,At Risk / Lapsed
4122,435,2,433.36,216.68,11.77777777777778,14,2010-09-30 10:54:00,2010-09-15 13:32:00,1,1,16522,United Kingdom,3,At Risk / Lapsed
4123,1,28,11916.33,425.5832142857143,13.420485175202156,682,2011-12-08 09:06:00,2010-01-24 13:14:00,0,1,16523,United Kingdom,0,Champions
4124,445,2,306.19,153.095,4.886792452830188,245,2010-09-19 13:37:00,2010-01-17 13:16:00,1,1,16524,United Kingdom,3,At Risk / Lapsed
4125,1,48,24562.74,511.72375000000005,40.408839779005525,735,2011-12-07 15:07:00,2009-12-02 13:53:00,0,1,16525,United Kingdom,0,Champions
4126,171,2,717.21,358.605,7.9714285714285715,412,2011-06-21 12:02:00,2010-05-04 16:34:00,1,1,16526,United Kingdom,1,Promising
4127,80,2,1232.94,616.47,9.6986301369863,343,2011-09-19 16:21:00,2010-10-11 13:25:00,0,1,16527,United Kingdom,2,Loyal Customers
4128,3,1,244.41,244.41,10.058823529411764,0,2011-12-06 12:45:00,2011-12-06 12:45:00,0,0,16528,United Kingdom,1,Promising
4129,189,4,1986.8,496.7,5.7734375,340,2011-06-02 17:23:00,2010-06-27 13:29:00,1,1,16529,United Kingdom,2,Loyal Customers
4130,667,1,48.35,48.35,5.666666666666667,0,2010-02-09 15:30:00,2010-02-09 15:30:00,1,0,16530,United Kingdom,3,At Risk / Lapsed
4131,21,11,2298.33,208.9390909090909,13.5,419,2011-11-17 16:29:00,2010-09-24 09:49:00,0,1,16531,United Kingdom,2,Loyal Customers
4132,17,5,8756.64,1751.328,424.0,603,2011-11-22 11:08:00,2010-03-29 10:26:00,0,1,16532,United Kingdom,2,Loyal Customers
4133,18,3,1082.81,360.93666666666667,3.471590909090909,48,2011-11-20 13:08:00,2011-10-02 15:07:00,0,1,16533,United Kingdom,2,Loyal Customers
4134,641,1,635.9,635.9,4.666666666666667,0,2010-03-07 15:47:00,2010-03-07 15:47:00,1,0,16534,United Kingdom,3,At Risk / Lapsed
4135,4,2,952.04,476.02,9.471428571428572,380,2011-12-04 15:18:00,2010-11-19 13:01:00,0,1,16535,United Kingdom,1,Promising
4136,109,1,548.12,548.12,4.62962962962963,0,2011-08-21 15:54:00,2011-08-21 15:54:00,1,0,16536,United Kingdom,1,Promising
4137,640,1,10.55,10.55,9.5,0,2010-03-08 13:41:00,2010-03-08 13:41:00,1,0,16537,United Kingdom,3,At Risk / Lapsed
4138,540,3,395.07,131.69,6.195121951219512,54,2010-06-16 16:59:00,2010-04-23 16:25:00,1,1,16538,United Kingdom,3,At Risk / Lapsed
4139,2,10,3732.01,373.201,8.651315789473685,529,2011-12-07 08:41:00,2010-06-25 15:24:00,0,1,16539,United Kingdom,0,Champions
4140,413,1,205.75,205.75,3.6206896551724137,0,2010-10-21 17:22:00,2010-10-21 17:22:00,1,0,16540,United Kingdom,3,At Risk / Lapsed
4141,734,1,424.03,424.03,4.552631578947368,0,2009-12-04 13:22:00,2009-12-04 13:22:00,1,0,16541,United Kingdom,3,At Risk / Lapsed
4142,53,2,257.32,128.66,10.142857142857142,347,2011-10-17 10:47:00,2010-11-03 14:44:00,0,1,16542,United Kingdom,1,Promising
4143,591,1,292.21,292.21,17.61111111111111,0,2010-04-27 11:38:00,2010-04-27 11:38:00,1,0,16543,United Kingdom,3,At Risk / Lapsed
4144,519,4,376.7000000000001,94.175,13.636363636363637,142,2010-07-08 11:11:00,2010-02-15 13:20:00,1,1,16544,United Kingdom,3,At Risk / Lapsed
4145,164,2,689.82,344.91,40.25,210,2011-06-28 10:37:00,2010-11-29 10:39:00,1,1,16545,United Kingdom,1,Promising
4146,290,5,5606.47,1121.294,46.45744680851064,151,2011-02-22 11:20:00,2010-09-23 15:43:00,1,1,16546,United Kingdom,2,Loyal Customers
4147,545,1,104.26,104.26,4.32,0,2010-06-11 13:02:00,2010-06-11 13:02:00,1,0,16547,United Kingdom,3,At Risk / Lapsed
4148,598,1,30.15,30.15,1.0,0,2010-04-19 16:15:00,2010-04-19 16:15:00,1,0,16548,United Kingdom,3,At Risk / Lapsed
4149,9,34,12781.8,375.9352941176471,2.2913029421273845,610,2011-11-29 15:06:00,2010-03-28 15:45:00,0,1,16549,United Kingdom,0,Champions
4150,108,18,9362.34,520.13,7.057356608478803,628,2011-08-23 11:12:00,2009-12-02 11:24:00,1,1,16550,United Kingdom,0,Champions
4151,95,7,2237.12,319.5885714285714,23.59090909090909,630,2011-09-05 09:38:00,2009-12-13 16:12:00,1,1,16551,United Kingdom,2,Loyal Customers
4152,242,2,475.02,237.51,11.727272727272728,130,2011-04-11 10:04:00,2010-12-01 12:36:00,1,1,16552,United Kingdom,1,Promising
4153,162,33,16584.01,502.54575757575753,56.25684931506849,502,2011-06-29 15:42:00,2010-02-11 18:46:00,1,1,16553,United Kingdom,0,Champions
4154,41,8,2841.72,355.215,8.059880239520957,682,2011-10-28 14:51:00,2009-12-15 09:42:00,0,1,16554,United Kingdom,2,Loyal Customers
4155,34,6,1915.68,319.28000000000003,27.51515151515152,470,2011-11-04 14:31:00,2010-07-22 13:39:00,0,1,16555,United Kingdom,2,Loyal Customers
4156,66,17,8012.58,471.3282352941176,9.031120331950207,666,2011-10-04 11:36:00,2009-12-07 10:51:00,0,1,16556,United Kingdom,0,Champions
4157,23,2,281.85,140.925,10.090909090909092,113,2011-11-15 14:04:00,2011-07-25 13:28:00,0,1,16557,United Kingdom,1,Promising
4158,0,38,13873.51,365.09236842105264,10.36923076923077,735,2011-12-09 10:20:00,2009-12-03 18:11:00,0,1,16558,United Kingdom,0,Champions
4159,396,1,175.0,175.0,3.588235294117647,0,2010-11-07 13:52:00,2010-11-07 13:52:00,1,0,16559,United Kingdom,3,At Risk / Lapsed
4160,26,8,3048.38,381.0475,8.095959595959595,704,2011-11-13 10:35:00,2009-12-08 12:05:00,0,1,16560,United Kingdom,2,Loyal Customers
4161,5,2,511.12,255.56,7.870967741935484,54,2011-12-04 11:50:00,2011-10-11 09:53:00,0,1,16561,United Kingdom,1,Promising
4162,476,1,223.86,223.86,7.764705882352941,0,2010-08-20 11:45:00,2010-08-20 11:45:00,1,0,16562,United Kingdom,3,At Risk / Lapsed
4163,53,6,4412.56,735.4266666666667,29.03370786516854,684,2011-10-17 11:51:00,2009-12-01 18:35:00,0,1,16563,United Kingdom,2,Loyal Customers
4164,568,1,87.8,87.8,8.0,0,2010-05-19 14:41:00,2010-05-19 14:41:00,1,0,16564,United Kingdom,3,At Risk / Lapsed
4165,363,4,773.05,193.2625,19.181818181818183,191,2010-12-10 15:21:00,2010-06-02 12:47:00,1,1,16565,United Kingdom,3,At Risk / Lapsed
4166,14,5,614.66,122.932,20.11111111111111,277,2011-11-24 16:34:00,2011-02-20 10:29:00,0,1,16566,United Kingdom,2,Loyal Customers
4167,193,2,865.6,432.8,28.457142857142856,142,2011-05-29 13:57:00,2011-01-07 09:31:00,1,1,16567,United Kingdom,1,Promising
4168,427,2,1020.9,510.4500000000001,73.2,213,2010-10-08 10:54:00,2010-03-08 14:51:00,1,1,16568,United Kingdom,3,At Risk / Lapsed
4169,2,5,1455.23,291.046,28.228571428571428,720,2011-12-06 15:32:00,2009-12-16 15:05:00,0,1,16569,United Kingdom,2,Loyal Customers
4170,14,20,7434.31,371.7155,17.809128630705395,604,2011-11-24 17:02:00,2010-03-30 09:32:00,0,1,16570,United Kingdom,0,Champions
4171,26,10,4248.74,424.874,14.52156862745098,605,2011-11-13 11:46:00,2010-03-18 09:12:00,0,1,16571,United Kingdom,0,Champions
4172,126,3,1009.6,336.53333333333336,9.333333333333334,148,2011-08-04 16:34:00,2011-03-09 12:04:00,1,1,16572,United Kingdom,2,Loyal Customers
4173,84,2,663.61,331.805,8.571428571428571,205,2011-09-16 09:13:00,2011-02-22 15:14:00,0,1,16573,United Kingdom,1,Promising
4174,70,3,1301.78,433.9266666666667,11.651162790697674,587,2011-09-29 13:39:00,2010-02-19 11:46:00,0,1,16574,United Kingdom,2,Loyal Customers
4175,419,2,540.87,270.435,9.787878787878787,101,2010-10-15 13:37:00,2010-07-06 10:42:00,1,1,16576,United Kingdom,3,At Risk / Lapsed
4176,666,1,380.0,380.0,6.173913043478261,0,2010-02-11 09:45:00,2010-02-11 09:45:00,1,0,16577,United Kingdom,3,At Risk / Lapsed
4177,625,1,156.6,156.6,12.0,0,2010-03-23 15:11:00,2010-03-23 15:11:00,1,0,16578,United Kingdom,3,At Risk / Lapsed
4178,425,1,295.05,295.05,8.5,0,2010-10-10 11:58:00,2010-10-10 11:58:00,1,0,16579,United Kingdom,3,At Risk / Lapsed
4179,182,1,105.84,105.84,14.88888888888889,0,2011-06-10 10:05:00,2011-06-10 10:05:00,1,0,16581,United Kingdom,1,Promising
4180,112,1,313.62,313.62,27.33333333333333,0,2011-08-18 17:02:00,2011-08-18 17:02:00,1,0,16582,United Kingdom,1,Promising
4181,373,2,531.4,265.7,8.25,299,2010-12-01 12:03:00,2010-02-04 12:18:00,1,1,16583,United Kingdom,3,At Risk / Lapsed
4182,79,5,3156.17,631.234,23.32926829268293,581,2011-09-20 13:45:00,2010-02-16 10:41:00,0,1,16584,United Kingdom,2,Loyal Customers
4183,593,2,341.59,170.795,8.38888888888889,101,2010-04-25 10:34:00,2010-01-13 13:31:00,1,1,16585,United Kingdom,3,At Risk / Lapsed
4184,248,3,1462.78,487.5933333333333,12.428571428571429,386,2011-04-05 09:32:00,2010-03-14 11:24:00,1,1,16586,United Kingdom,2,Loyal Customers
4185,231,1,225.15,225.15,5.461538461538462,0,2011-04-21 15:51:00,2011-04-21 15:51:00,1,0,16587,United Kingdom,1,Promising
4186,385,4,1361.28,340.32,12.422535211267606,188,2010-11-18 17:56:00,2010-05-14 13:43:00,1,1,16588,United Kingdom,2,Loyal Customers
4187,70,4,612.36,153.09,12.181818181818182,378,2011-09-29 14:50:00,2010-09-15 14:56:00,0,1,16589,United Kingdom,2,Loyal Customers
4188,400,2,605.9,302.95,8.275862068965518,13,2010-11-04 09:06:00,2010-10-21 12:09:00,1,1,16590,United Kingdom,3,At Risk / Lapsed
4189,68,1,213.5,213.5,4.1,0,2011-10-02 10:43:00,2011-10-02 10:43:00,0,0,16591,United Kingdom,1,Promising
4190,3,28,7807.91,278.8539285714286,12.85981308411215,716,2011-12-05 13:49:00,2009-12-18 15:57:00,0,1,16592,United Kingdom,0,Champions
4191,50,8,1071.14,133.89249999999998,4.833333333333333,684,2011-10-20 12:41:00,2009-12-05 10:44:00,0,1,16593,United Kingdom,2,Loyal Customers
4192,74,1,181.09,181.09,1.2075471698113207,0,2011-09-25 14:08:00,2011-09-25 14:08:00,0,0,16594,United Kingdom,1,Promising
4193,60,5,1757.75,351.55,2.944690265486725,630,2011-10-09 13:15:00,2010-01-17 12:12:00,0,1,16595,United Kingdom,2,Loyal Customers
4194,15,4,579.63,144.9075,7.566666666666666,713,2011-11-24 10:02:00,2009-12-10 13:09:00,0,1,16596,United Kingdom,2,Loyal Customers
4195,3,1,90.04,90.04,26.285714285714285,0,2011-12-05 15:44:00,2011-12-05 15:44:00,0,0,16597,United Kingdom,1,Promising
4196,285,1,145.04999999999998,145.04999999999998,7.3,0,2011-02-27 11:42:00,2011-02-27 11:42:00,1,0,16598,United Kingdom,1,Promising
4197,385,1,172.8,172.8,13.25,0,2010-11-19 12:45:00,2010-11-19 12:45:00,1,0,16599,United Kingdom,3,At Risk / Lapsed
4198,3,13,2153.41,165.64692307692306,16.923076923076923,717,2011-12-05 16:00:00,2009-12-18 12:59:00,0,1,16600,United Kingdom,0,Champions
4199,40,3,675.83,225.27666666666667,5.705882352941177,582,2011-10-30 11:09:00,2010-03-26 13:39:00,0,1,16601,United Kingdom,1,Promising
4200,35,2,763.33,381.665,10.725,352,2011-11-03 15:54:00,2010-11-16 09:13:00,0,1,16602,United Kingdom,1,Promising
4201,74,2,482.47,241.235,14.117647058823527,16,2011-09-26 10:06:00,2011-09-09 13:02:00,0,1,16603,United Kingdom,1,Promising
4202,562,2,432.45,216.225,14.583333333333334,5,2010-05-26 09:10:00,2010-05-20 16:34:00,1,1,16604,United Kingdom,3,At Risk / Lapsed
4203,723,1,60.48,60.48,144.0,0,2009-12-15 19:03:00,2009-12-15 19:03:00,1,0,16605,United Kingdom,3,At Risk / Lapsed
4204,403,2,357.66,178.83,6.727272727272728,30,2010-10-31 13:57:00,2010-10-01 13:21:00,1,1,16606,United Kingdom,3,At Risk / Lapsed
4205,17,25,5706.87,228.2748,14.885906040268456,571,2011-11-22 10:24:00,2010-04-29 14:01:00,0,1,16607,United Kingdom,0,Champions
4206,453,2,1286.62,643.3100000000001,5.0578512396694215,209,2010-09-12 11:44:00,2010-02-14 11:57:00,1,1,16608,United Kingdom,3,At Risk / Lapsed
4207,14,7,5493.46,784.78,8.768115942028986,237,2011-11-24 13:32:00,2011-04-01 10:11:00,0,1,16609,United Kingdom,0,Champions
4208,218,1,75.66,75.66,11.0,0,2011-05-04 13:13:00,2011-05-04 13:13:00,1,0,16610,United Kingdom,1,Promising
4209,185,6,1785.13,297.5216666666667,7.945454545454545,452,2011-06-06 15:46:00,2010-03-10 16:07:00,1,1,16611,United Kingdom,2,Loyal Customers
4210,32,9,3245.43,360.6033333333333,8.497005988023952,703,2011-11-07 07:38:00,2009-12-03 15:54:00,0,1,16612,United Kingdom,2,Loyal Customers
4211,69,1,618.59,618.59,9.766666666666667,0,2011-09-30 15:52:00,2011-09-30 15:52:00,0,0,16613,United Kingdom,1,Promising
4212,182,3,1179.79,393.2633333333333,7.122448979591836,395,2011-06-10 11:36:00,2010-05-10 15:18:00,1,1,16614,United Kingdom,2,Loyal Customers
4213,625,1,291.5,291.5,11.105263157894736,0,2010-03-23 15:13:00,2010-03-23 15:13:00,1,0,16615,United Kingdom,3,At Risk / Lapsed
4214,14,2,500.42,250.21,11.212121212121213,142,2011-11-24 16:31:00,2011-07-05 13:38:00,0,1,16616,United Kingdom,1,Promising
4215,235,1,151.85,151.85,18.2,0,2011-04-18 10:35:00,2011-04-18 10:35:00,1,0,16617,United Kingdom,1,Promising
4216,30,5,2647.59,529.518,14.197916666666666,291,2011-11-08 13:52:00,2011-01-21 11:55:00,0,1,16618,United Kingdom,2,Loyal Customers
4217,263,4,1938.33,484.5825,9.094827586206897,391,2011-03-21 08:18:00,2010-02-22 12:05:00,1,1,16619,United Kingdom,2,Loyal Customers
4218,3,6,1758.93,293.15500000000003,12.191489361702128,734,2011-12-06 12:19:00,2009-12-01 14:35:00,0,1,16620,United Kingdom,2,Loyal Customers
4219,51,4,813.48,203.37,10.413793103448276,226,2011-10-19 11:38:00,2011-03-07 11:32:00,0,1,16621,United Kingdom,2,Loyal Customers
4220,543,1,225.4,225.4,3.6666666666666665,0,2010-06-14 10:44:00,2010-06-14 10:44:00,1,0,16622,United Kingdom,3,At Risk / Lapsed
4221,245,4,1015.24,253.81,8.666666666666666,346,2011-04-08 10:09:00,2010-04-26 14:04:00,1,1,16623,United Kingdom,2,Loyal Customers
4222,80,2,810.5699999999999,405.285,10.166666666666666,116,2011-09-20 12:39:00,2011-05-26 14:20:00,0,1,16624,United Kingdom,1,Promising
4223,274,5,1654.03,330.806,10.676767676767676,269,2011-03-10 12:50:00,2010-06-14 11:56:00,1,1,16625,United Kingdom,2,Loyal Customers
4224,0,17,4413.1,259.59411764705885,15.027932960893857,265,2011-12-09 11:56:00,2011-03-18 12:27:00,0,1,16626,United Kingdom,0,Champions
4225,78,1,322.8,322.8,8.1,0,2011-09-21 14:38:00,2011-09-21 14:38:00,0,0,16627,United Kingdom,1,Promising
4226,29,7,2318.1,331.15714285714284,10.08,612,2011-11-10 12:45:00,2010-03-08 12:24:00,0,1,16628,United Kingdom,2,Loyal Customers
4227,73,2,408.63,204.315,8.15,22,2011-09-27 10:34:00,2011-09-04 16:12:00,0,1,16629,United Kingdom,1,Promising
4228,406,1,106.8,106.8,18.0,0,2010-10-28 14:30:00,2010-10-28 14:30:00,1,0,16630,United Kingdom,3,At Risk / Lapsed
4229,481,7,1892.52,270.36,9.6875,170,2010-08-15 11:20:00,2010-02-26 10:49:00,1,1,16631,United Kingdom,2,Loyal Customers
4230,485,2,406.4,203.2,9.48148148148148,95,2010-08-11 11:39:00,2010-05-07 16:46:00,1,1,16632,United Kingdom,3,At Risk / Lapsed
4231,16,6,2883.1,480.51666666666665,7.486842105263157,216,2011-11-22 13:41:00,2011-04-19 14:36:00,0,1,16633,United Kingdom,2,Loyal Customers
4232,222,6,1814.61,302.435,14.516483516483516,465,2011-05-01 12:09:00,2010-01-21 09:30:00,1,1,16634,United Kingdom,2,Loyal Customers
4233,406,1,473.0,473.0,11.08,0,2010-10-29 09:41:00,2010-10-29 09:41:00,1,0,16635,United Kingdom,3,At Risk / Lapsed
4234,437,4,3802.04,950.51,29.945205479452056,207,2010-09-27 13:13:00,2010-03-03 14:06:00,1,1,16636,United Kingdom,2,Loyal Customers
4235,31,4,1154.47,288.6175,13.434782608695652,193,2011-11-07 13:17:00,2011-04-28 10:20:00,0,1,16637,United Kingdom,2,Loyal Customers
4236,22,15,2430.53,162.03533333333334,11.792857142857144,455,2011-11-17 11:09:00,2010-08-18 13:33:00,0,1,16638,United Kingdom,0,Champions
4237,30,4,1747.98,436.995,9.271604938271604,377,2011-11-08 13:20:00,2010-10-26 18:23:00,0,1,16639,United Kingdom,2,Loyal Customers
4238,397,1,179.4,179.4,11.23076923076923,0,2010-11-07 10:48:00,2010-11-07 10:48:00,1,0,16640,United Kingdom,3,At Risk / Lapsed
4239,105,2,554.5,277.25,12.61111111111111,596,2011-08-26 12:49:00,2010-01-07 12:22:00,1,1,16641,United Kingdom,1,Promising
4240,4,3,1077.45,359.15000000000003,14.351851851851851,410,2011-12-05 11:31:00,2010-10-20 14:22:00,0,1,16642,United Kingdom,2,Loyal Customers
4241,245,2,923.11,461.555,10.054545454545456,176,2011-04-08 08:24:00,2010-10-13 09:47:00,1,1,16643,United Kingdom,1,Promising
4242,177,2,833.78,416.89,13.32258064516129,34,2011-06-15 12:39:00,2011-05-11 12:53:00,1,1,16644,United Kingdom,1,Promising
4243,735,1,160.39,160.39,8.357142857142858,0,2009-12-04 09:49:00,2009-12-04 09:49:00,1,0,16645,United Kingdom,3,At Risk / Lapsed
4244,448,1,678.8,678.8,36.96551724137931,0,2010-09-16 13:28:00,2010-09-16 13:28:00,1,0,16646,United Kingdom,3,At Risk / Lapsed
4245,169,4,541.9,135.475,12.0,374,2011-06-23 11:47:00,2010-06-13 15:52:00,1,1,16647,United Kingdom,2,Loyal Customers
4246,42,3,672.8,224.26666666666665,13.594594594594597,547,2011-10-28 08:58:00,2010-04-28 14:58:00,0,1,16648,United Kingdom,1,Promising
4247,519,1,306.58000000000004,306.58000000000004,4.1,0,2010-07-07 15:41:00,2010-07-07 15:41:00,1,0,16649,United Kingdom,3,At Risk / Lapsed
4248,71,7,1916.11,273.73,15.418367346938776,447,2011-09-29 09:51:00,2010-07-08 14:18:00,0,1,16650,United Kingdom,2,Loyal Customers
4249,586,1,136.2,136.2,10.0,0,2010-05-02 11:46:00,2010-05-02 11:46:00,1,0,16651,United Kingdom,3,At Risk / Lapsed
4250,58,16,17550.39,1096.899375,27.189090909090908,573,2011-10-12 09:38:00,2010-03-17 10:22:00,0,1,16652,United Kingdom,0,Champions
4251,15,2,1212.66,606.33,10.623188405797102,55,2011-11-23 14:51:00,2011-09-29 13:38:00,0,1,16653,United Kingdom,2,Loyal Customers
4252,140,8,1711.47,213.93375,8.46987951807229,471,2011-07-21 15:23:00,2010-04-06 13:29:00,1,1,16654,United Kingdom,2,Loyal Customers
4253,17,13,6423.26,494.0969230769231,6.6745762711864405,659,2011-11-22 11:25:00,2010-01-31 15:40:00,0,1,16655,United Kingdom,0,Champions
4254,21,30,16833.170000000002,561.1056666666667,109.45390070921984,713,2011-11-17 14:43:00,2009-12-04 12:59:00,0,1,16656,United Kingdom,0,Champions
4255,9,4,874.43,218.6075,5.885416666666667,244,2011-11-30 11:48:00,2011-03-30 12:02:00,0,1,16657,United Kingdom,2,Loyal Customers
4256,367,5,804.07,160.81400000000002,4.414285714285715,250,2010-12-06 13:47:00,2010-03-30 16:24:00,1,1,16658,United Kingdom,3,At Risk / Lapsed
4257,188,1,39.12,39.12,36.0,0,2011-06-03 15:03:00,2011-06-03 15:03:00,1,0,16659,United Kingdom,1,Promising
4258,15,7,1879.55,268.50714285714287,41.29166666666666,678,2011-11-23 14:53:00,2010-01-14 11:09:00,0,1,16660,United Kingdom,2,Loyal Customers
4259,539,4,932.76,233.19,5.870967741935484,181,2010-06-17 15:24:00,2009-12-17 15:39:00,1,1,16661,United Kingdom,3,At Risk / Lapsed
4260,393,1,151.05,151.05,1.25,0,2010-11-10 16:56:00,2010-11-10 16:56:00,1,0,16662,United Kingdom,3,At Risk / Lapsed
4261,728,1,165.0,165.0,100.0,0,2009-12-10 13:12:00,2009-12-10 13:12:00,1,0,16663,United Kingdom,3,At Risk / Lapsed
4262,568,1,109.2,109.2,3.0,0,2010-05-19 17:11:00,2010-05-19 17:11:00,1,0,16664,United Kingdom,3,At Risk / Lapsed
4263,361,1,135.39999999999998,135.39999999999998,6.555555555555555,0,2010-12-12 14:03:00,2010-12-12 14:03:00,1,0,16665,United Kingdom,3,At Risk / Lapsed
4264,18,2,217.71,108.855,7.375,601,2011-11-20 14:01:00,2010-03-28 15:13:00,0,1,16666,United Kingdom,1,Promising
4265,67,2,567.1800000000001,283.59000000000003,4.538461538461538,216,2011-10-02 15:26:00,2011-02-28 12:57:00,0,1,16667,United Kingdom,1,Promising
4266,14,13,862.42,66.34,14.58490566037736,615,2011-11-24 17:43:00,2010-03-18 18:25:00,0,1,16668,United Kingdom,2,Loyal Customers
4267,23,2,1344.48,672.24,5.655844155844156,54,2011-11-16 12:26:00,2011-09-22 14:13:00,0,1,16669,United Kingdom,2,Loyal Customers
4268,16,20,8030.150000000001,401.5075000000001,9.348453608247423,712,2011-11-23 09:34:00,2009-12-10 15:28:00,0,1,16670,United Kingdom,0,Champions
4269,27,3,1692.27,564.09,145.83333333333334,136,2011-11-11 13:40:00,2011-06-28 11:20:00,0,1,16671,United Kingdom,2,Loyal Customers
4270,1,20,8134.94,406.747,24.84210526315789,264,2011-12-07 16:29:00,2011-03-18 10:15:00,0,1,16672,United Kingdom,0,Champions
4271,678,1,171.13,171.13,5.0,0,2010-01-29 14:22:00,2010-01-29 14:22:00,1,0,16673,United Kingdom,3,At Risk / Lapsed
4272,54,2,304.24,152.12,1.946236559139785,43,2011-10-16 11:31:00,2011-09-02 13:59:00,0,1,16674,United Kingdom,1,Promising
4273,441,2,608.86,304.43,12.869565217391305,36,2010-09-24 12:15:00,2010-08-18 13:11:00,1,1,16675,United Kingdom,3,At Risk / Lapsed
4274,33,6,2361.9,393.65,6.969924812030075,384,2011-11-06 12:01:00,2010-10-17 13:07:00,0,1,16676,United Kingdom,2,Loyal Customers
4275,410,2,880.62,440.31,9.72340425531915,240,2010-10-24 14:53:00,2010-02-25 16:11:00,1,1,16677,United Kingdom,3,At Risk / Lapsed
4276,2,12,3109.99,259.1658333333333,14.705521472392638,280,2011-12-07 12:17:00,2011-03-02 09:24:00,0,1,16678,United Kingdom,0,Champions
4277,365,3,793.06,264.3533333333333,13.142857142857142,180,2010-12-08 13:51:00,2010-06-10 18:35:00,1,1,16679,United Kingdom,3,At Risk / Lapsed
4278,42,3,821.45,273.81666666666666,13.0,491,2011-10-27 17:35:00,2010-06-23 09:30:00,0,1,16680,United Kingdom,2,Loyal Customers
4279,72,7,1921.84,274.5485714285714,30.448979591836736,568,2011-09-28 11:11:00,2010-03-08 14:10:00,0,1,16681,United Kingdom,2,Loyal Customers
4280,4,5,1028.0,205.6,34.666666666666664,183,2011-12-05 12:13:00,2011-06-05 11:02:00,0,1,16682,United Kingdom,2,Loyal Customers
4281,533,1,320.25,320.25,10.555555555555555,0,2010-06-24 10:36:00,2010-06-24 10:36:00,1,0,16683,United Kingdom,3,At Risk / Lapsed
4282,3,55,147142.77,2675.3230909090908,145.974930362117,728,2011-12-05 14:06:00,2009-12-07 12:56:00,0,1,16684,United Kingdom,0,Champions
4283,60,2,324.24,162.12,6.387096774193548,0,2011-10-09 13:58:00,2011-10-09 13:44:00,0,1,16685,United Kingdom,1,Promising
4284,46,16,4881.07,305.066875,3.325875486381323,685,2011-10-23 13:49:00,2009-12-06 15:48:00,0,1,16686,United Kingdom,0,Champions
4285,390,1,157.63,157.63,17.625,0,2010-11-14 11:46:00,2010-11-14 11:46:00,1,0,16687,United Kingdom,3,At Risk / Lapsed
4286,0,4,1260.86,315.215,12.96774193548387,59,2011-12-08 15:24:00,2011-10-10 12:23:00,0,1,16688,United Kingdom,2,Loyal Customers
4287,75,2,422.6,211.3,25.384615384615383,6,2011-09-25 11:39:00,2011-09-18 13:29:00,0,1,16689,United Kingdom,1,Promising
4288,71,4,353.03,88.2575,11.0,379,2011-09-28 15:02:00,2010-09-14 15:00:00,0,1,16690,United Kingdom,1,Promising
4289,417,2,178.83,89.415,8.363636363636363,143,2010-10-17 15:03:00,2010-05-27 14:55:00,1,1,16691,United Kingdom,3,At Risk / Lapsed
4290,255,4,1764.6999999999998,441.175,219.25,185,2011-03-28 14:46:00,2010-09-24 11:31:00,1,1,16692,United Kingdom,2,Loyal Customers
4291,68,5,1179.48,235.896,3.9166666666666665,587,2011-10-02 11:10:00,2010-02-21 12:42:00,0,1,16693,United Kingdom,2,Loyal Customers
4292,722,1,98.3,98.3,8.666666666666666,0,2009-12-16 15:45:00,2009-12-16 15:45:00,1,0,16694,United Kingdom,3,At Risk / Lapsed
4293,561,2,191.9,95.95,5.257142857142857,0,2010-05-27 12:36:00,2010-05-27 12:24:00,1,1,16695,United Kingdom,3,At Risk / Lapsed
4294,134,4,657.9000000000001,164.47500000000002,14.6,112,2011-07-27 14:23:00,2011-04-05 15:20:00,1,1,16696,United Kingdom,2,Loyal Customers
4295,240,1,112.75,112.75,1.2857142857142858,0,2011-04-12 17:12:00,2011-04-12 17:12:00,1,0,16697,United Kingdom,1,Promising
4296,226,2,1998.0,999.0,168.0,26,2011-04-27 10:52:00,2011-03-31 13:33:00,1,1,16698,United Kingdom,2,Loyal Customers
4297,379,7,994.6,142.0857142857143,10.32258064516129,355,2010-11-24 14:38:00,2009-12-04 13:31:00,1,1,16699,United Kingdom,2,Loyal Customers
4298,8,25,9167.71,366.7084,13.00945179584121,729,2011-12-01 11:00:00,2009-12-02 10:51:00,0,1,16700,United Kingdom,0,Champions
4299,8,26,9916.73,381.4126923076923,40.16727272727272,729,2011-12-01 11:10:00,2009-12-01 19:19:00,0,1,16701,United Kingdom,0,Champions
4300,414,4,1109.53,277.3825,7.666666666666667,316,2010-10-20 14:10:00,2009-12-07 16:40:00,1,1,16702,United Kingdom,3,At Risk / Lapsed
4301,617,2,664.16,332.08,8.018518518518519,53,2010-03-31 14:02:00,2010-02-05 14:14:00,1,1,16704,United Kingdom,3,At Risk / Lapsed
4302,0,42,43515.05,1036.0726190476191,32.32028985507247,729,2011-12-09 12:08:00,2009-12-09 13:34:00,0,1,16705,United Kingdom,0,Champions
4303,36,3,531.35,177.11666666666667,2.024390243902439,76,2011-11-02 13:50:00,2011-08-17 15:53:00,0,1,16706,United Kingdom,1,Promising
4304,399,4,533.41,133.3525,6.092307692307692,239,2010-11-04 14:39:00,2010-03-09 15:16:00,1,1,16707,United Kingdom,3,At Risk / Lapsed
4305,45,1,656.63,656.63,10.555555555555555,0,2011-10-25 12:20:00,2011-10-25 12:20:00,0,0,16708,United Kingdom,1,Promising
4306,84,14,9056.01,646.8578571428571,10.798013245033111,645,2011-09-16 10:56:00,2009-12-09 13:16:00,0,1,16709,United Kingdom,0,Champions
4307,18,22,6291.77,285.98954545454546,4.533748701973001,716,2011-11-20 14:50:00,2009-12-04 13:41:00,0,1,16710,United Kingdom,0,Champions
4308,2,9,2868.48,318.72,36.72727272727273,734,2011-12-06 16:32:00,2009-12-02 13:22:00,0,1,16711,United Kingdom,2,Loyal Customers
4309,8,13,4225.22,325.0169230769231,3.982692307692308,391,2011-11-30 13:48:00,2010-11-03 15:45:00,0,1,16712,United Kingdom,0,Champions
4310,18,32,14529.99,454.0621875,6.53921568627451,705,2011-11-21 12:36:00,2009-12-15 12:49:00,0,1,16713,United Kingdom,0,Champions
4311,316,3,1482.33,494.11,7.587155963302752,353,2011-01-26 13:46:00,2010-02-07 11:17:00,1,1,16714,United Kingdom,2,Loyal Customers
4312,77,2,625.52,312.76,41.92857142857143,484,2011-09-22 18:15:00,2010-05-26 12:35:00,0,1,16715,United Kingdom,1,Promising
4313,266,3,2149.6800000000003,716.5600000000001,114.0,363,2011-03-18 10:03:00,2010-03-19 11:05:00,1,1,16716,United Kingdom,2,Loyal Customers
4314,23,14,6970.93,497.92357142857145,8.821917808219178,708,2011-11-16 12:16:00,2009-12-07 15:55:00,0,1,16717,United Kingdom,0,Champions
4315,368,5,3612.13,722.426,10.547511312217194,363,2010-12-05 13:03:00,2009-12-06 13:07:00,1,1,16718,United Kingdom,2,Loyal Customers
4316,14,14,3939.35,281.38214285714287,5.636781609195403,711,2011-11-25 09:27:00,2009-12-13 10:59:00,0,1,16719,United Kingdom,0,Champions
4317,25,3,566.74,188.91333333333333,3.2661870503597124,695,2011-11-13 16:22:00,2009-12-17 17:54:00,0,1,16720,United Kingdom,1,Promising
4318,261,1,292.47,292.47,4.648648648648648,0,2011-03-22 16:08:00,2011-03-22 16:08:00,1,0,16721,United Kingdom,1,Promising
4319,16,22,8989.08,408.5945454545454,20.477326968973745,718,2011-11-22 13:28:00,2009-12-03 19:23:00,0,1,16722,United Kingdom,0,Champions
4320,90,4,1231.36,307.84,7.725806451612903,643,2011-09-09 13:01:00,2009-12-04 13:23:00,0,1,16723,United Kingdom,2,Loyal Customers
4321,404,1,147.35,147.35,4.0588235294117645,0,2010-10-31 11:40:00,2010-10-31 11:40:00,1,0,16724,United Kingdom,3,At Risk / Lapsed
4322,301,13,1808.96,139.15076923076924,2.0510752688172045,424,2011-02-10 16:52:00,2009-12-13 15:54:00,1,1,16725,United Kingdom,2,Loyal Customers
4323,25,7,2063.88,294.84000000000003,5.049618320610687,384,2011-11-13 14:53:00,2010-10-24 16:09:00,0,1,16726,United Kingdom,2,Loyal Customers
4324,363,4,1377.77,344.4425,5.2,324,2010-12-10 13:48:00,2010-01-20 10:48:00,1,1,16727,United Kingdom,2,Loyal Customers
4325,45,4,1048.28,262.07,2.5513307984790874,218,2011-10-24 14:36:00,2011-03-20 13:28:00,0,1,16728,United Kingdom,2,Loyal Customers
4326,37,21,7202.01,342.9528571428572,8.729770992366412,203,2011-11-01 14:29:00,2011-04-12 14:22:00,0,1,16729,United Kingdom,0,Champions
4327,51,3,743.11,247.70333333333332,12.121951219512194,267,2011-10-18 14:11:00,2011-01-24 14:01:00,0,1,16730,United Kingdom,2,Loyal Customers
4328,647,1,170.3,170.3,2.952380952380953,0,2010-03-01 15:05:00,2010-03-01 15:05:00,1,0,16731,United Kingdom,3,At Risk / Lapsed
4329,31,4,4387.64,1096.91,10.923076923076923,699,2011-11-08 09:54:00,2009-12-08 13:04:00,0,1,16732,United Kingdom,2,Loyal Customers
4330,529,1,259.68,259.68,9.333333333333334,0,2010-06-28 10:12:00,2010-06-28 10:12:00,1,0,16733,United Kingdom,3,At Risk / Lapsed
4331,51,3,646.76,215.58666666666667,6.634615384615385,61,2011-10-18 13:44:00,2011-08-17 15:00:00,0,1,16734,United Kingdom,1,Promising
4332,78,14,6217.41,444.1007142857143,14.421768707482991,653,2011-09-22 11:49:00,2009-12-08 09:24:00,0,1,16735,United Kingdom,0,Champions
4333,505,5,2956.56,591.312,7.3426573426573425,230,2010-07-22 10:09:00,2009-12-03 16:12:00,1,1,16736,United Kingdom,3,At Risk / Lapsed
4334,52,2,835.1999999999999,417.6,288.0,524,2011-10-17 13:03:00,2010-05-11 09:53:00,0,1,16737,United Kingdom,1,Promising
4335,297,1,3.75,3.75,3.0,0,2011-02-15 09:46:00,2011-02-15 09:46:00,1,0,16738,United Kingdom,1,Promising
4336,176,2,786.43,393.215,10.289473684210526,359,2011-06-16 09:17:00,2010-06-21 09:38:00,1,1,16739,United Kingdom,1,Promising
4337,394,1,226.91,226.91,3.4375,0,2010-11-09 13:34:00,2010-11-09 13:34:00,1,0,16740,United Kingdom,3,At Risk / Lapsed
4338,624,1,173.06,173.06,7.363636363636363,0,2010-03-24 15:15:00,2010-03-24 15:15:00,1,0,16741,United Kingdom,3,At Risk / Lapsed
4339,492,13,2334.97,179.6130769230769,24.825242718446603,230,2010-08-04 10:52:00,2009-12-16 17:22:00,1,1,16742,United Kingdom,2,Loyal Customers
4340,28,14,4212.15,300.86785714285713,9.991913746630727,566,2011-11-10 13:13:00,2010-04-22 13:21:00,0,1,16743,United Kingdom,0,Champions
4341,10,7,1291.91,184.55857142857144,3.3813559322033897,161,2011-11-28 13:06:00,2011-06-19 15:13:00,0,1,16744,United Kingdom,2,Loyal Customers
4342,86,17,7180.7,422.3941176470588,18.92676056338028,225,2011-09-14 11:58:00,2011-02-01 11:31:00,0,1,16745,United Kingdom,0,Champions
4343,4,42,18045.05,429.6440476190476,12.116089613034625,730,2011-12-05 12:33:00,2009-12-04 13:00:00,0,1,16746,United Kingdom,0,Champions
4344,37,2,836.06,418.03,13.88095238095238,30,2011-11-02 11:37:00,2011-10-03 10:18:00,0,1,16747,United Kingdom,1,Promising
4345,17,14,3637.33,259.8092857142857,12.89090909090909,711,2011-11-22 10:17:00,2009-12-10 12:28:00,0,1,16748,United Kingdom,0,Champions
4346,590,2,4157.88,2078.94,26.52777777777778,132,2010-04-27 13:06:00,2009-12-15 14:05:00,1,1,16749,United Kingdom,3,At Risk / Lapsed
4347,44,5,623.93,124.786,2.2526315789473683,187,2011-10-26 12:48:00,2011-04-21 16:53:00,0,1,16750,United Kingdom,2,Loyal Customers
4348,30,1,1764.72,1764.72,41.24,0,2011-11-09 10:48:00,2011-11-09 10:48:00,0,0,16751,United Kingdom,1,Promising
4349,372,1,415.0,415.0,6.0,0,2010-12-02 12:18:00,2010-12-02 12:18:00,1,0,16752,United Kingdom,3,At Risk / Lapsed
4350,57,1,223.92,223.92,5.5588235294117645,0,2011-10-12 13:14:00,2011-10-12 13:14:00,0,0,16753,United Kingdom,1,Promising
4351,371,29,67502.47,2327.671379310345,477.6830985915493,269,2010-12-02 17:38:00,2010-03-08 11:32:00,1,1,16754,United Kingdom,0,Champions
4352,113,7,2864.68,409.24,6.222570532915361,615,2011-08-17 13:21:00,2009-12-09 14:25:00,1,1,16755,United Kingdom,2,Loyal Customers
4353,214,7,1312.37,187.48142857142855,8.949367088607595,425,2011-05-09 09:33:00,2010-03-09 15:56:00,1,1,16756,United Kingdom,2,Loyal Customers
4354,318,2,270.48,135.24,12.0,90,2011-01-25 11:59:00,2010-10-26 15:09:00,1,1,16757,United Kingdom,3,At Risk / Lapsed
4355,64,1,369.34,369.34,9.227272727272728,0,2011-10-05 14:47:00,2011-10-05 14:47:00,0,0,16758,United Kingdom,1,Promising
4356,7,3,789.79,263.2633333333333,14.5,23,2011-12-02 12:42:00,2011-11-09 09:06:00,0,1,16759,United Kingdom,2,Loyal Customers
4357,429,1,228.0,228.0,9.882352941176473,0,2010-10-05 15:55:00,2010-10-05 15:55:00,1,0,16760,United Kingdom,3,At Risk / Lapsed
4358,96,1,316.62,316.62,26.23076923076923,0,2011-09-04 11:15:00,2011-09-04 11:15:00,1,0,16761,United Kingdom,1,Promising
4359,19,3,1207.24,402.41333333333336,7.619047619047619,124,2011-11-20 11:43:00,2011-07-18 12:52:00,0,1,16762,United Kingdom,2,Loyal Customers
4360,198,2,964.7,482.35,11.181818181818182,539,2011-05-25 11:52:00,2009-12-01 15:26:00,1,1,16763,United Kingdom,1,Promising
4361,3,13,2790.9500000000003,214.68846153846155,1.79,139,2011-12-06 11:41:00,2011-07-19 17:17:00,0,1,16764,United Kingdom,0,Champions
4362,293,2,454.75,227.375,5.980769230769231,88,2011-02-18 15:41:00,2010-11-22 13:42:00,1,1,16765,United Kingdom,1,Promising
4363,272,2,1145.6,572.8,15.764705882352942,0,2011-03-11 15:22:00,2011-03-11 13:34:00,1,1,16766,United Kingdom,1,Promising
4364,30,15,8052.41,536.8273333333333,22.184375,559,2011-11-09 09:42:00,2010-04-28 16:49:00,0,1,16767,United Kingdom,0,Champions
4365,47,9,1698.57,188.73,4.807453416149069,684,2011-10-23 10:38:00,2009-12-07 11:47:00,0,1,16768,United Kingdom,2,Loyal Customers
4366,259,4,1117.05,279.2625,3.0412371134020617,465,2011-03-24 13:41:00,2009-12-14 11:10:00,1,1,16769,United Kingdom,2,Loyal Customers
4367,57,9,1909.73,212.19222222222223,3.2115942028985507,416,2011-10-13 12:21:00,2010-08-22 16:08:00,0,1,16770,United Kingdom,2,Loyal Customers
4368,32,10,3921.1,392.11,5.654320987654321,697,2011-11-06 13:28:00,2009-12-09 11:52:00,0,1,16771,United Kingdom,0,Champions
4369,422,3,3698.05,1232.6833333333332,10.102941176470589,298,2010-10-12 13:19:00,2009-12-18 10:50:00,1,1,16772,United Kingdom,2,Loyal Customers
4370,56,3,421.24,140.41333333333333,3.876923076923077,675,2011-10-13 14:37:00,2009-12-06 15:01:00,0,1,16773,United Kingdom,1,Promising
4371,67,8,1567.48,195.935,5.908396946564886,593,2011-10-03 12:41:00,2010-02-16 16:53:00,0,1,16774,United Kingdom,2,Loyal Customers
4372,9,16,3052.74,190.79625,3.67870036101083,431,2011-11-29 15:22:00,2010-09-23 17:34:00,0,1,16775,United Kingdom,0,Champions
4373,59,2,592.51,296.255,3.452380952380953,355,2011-10-10 13:04:00,2010-10-20 12:13:00,0,1,16776,United Kingdom,1,Promising
4374,79,5,1292.18,258.43600000000004,3.309859154929577,552,2011-09-20 13:41:00,2010-03-17 12:42:00,0,1,16777,United Kingdom,2,Loyal Customers
4375,73,2,245.94,122.97,12.125,199,2011-09-26 13:48:00,2011-03-10 15:21:00,0,1,16778,United Kingdom,1,Promising
4376,1,53,33165.94,625.7724528301887,18.63107721639657,734,2011-12-07 14:54:00,2009-12-03 13:03:00,0,1,16779,United Kingdom,0,Champions
4377,99,3,596.4,198.8,3.6666666666666665,306,2011-08-31 16:09:00,2010-10-28 19:41:00,1,1,16780,United Kingdom,1,Promising
4378,371,2,934.25,467.125,5.446428571428571,297,2010-12-02 14:26:00,2010-02-08 13:56:00,1,1,16781,United Kingdom,3,At Risk / Lapsed
4379,9,38,10000.32,263.1663157894737,2.378253325621747,720,2011-11-29 13:20:00,2009-12-09 11:58:00,0,1,16782,United Kingdom,0,Champions
4380,436,1,391.95,391.95,6.52,0,2010-09-29 11:53:00,2010-09-29 11:53:00,1,0,16783,United Kingdom,3,At Risk / Lapsed
4381,19,5,892.33,178.466,3.1265822784810124,601,2011-11-20 12:20:00,2010-03-28 12:55:00,0,1,16784,United Kingdom,2,Loyal Customers
4382,409,1,533.78,533.78,8.942857142857143,0,2010-10-26 10:36:00,2010-10-26 10:36:00,1,0,16785,United Kingdom,3,At Risk / Lapsed
4383,393,1,51.84,51.84,72.0,0,2010-11-11 08:25:00,2010-11-11 08:25:00,1,0,16786,United Kingdom,3,At Risk / Lapsed
4384,397,4,1017.53,254.3825,4.214285714285714,300,2010-11-07 11:01:00,2010-01-10 11:12:00,1,1,16787,United Kingdom,3,At Risk / Lapsed
4385,122,5,1927.28,385.456,2.0209643605870022,547,2011-08-08 14:53:00,2010-02-07 12:40:00,1,1,16788,United Kingdom,2,Loyal Customers
4386,7,1,80.8,80.8,6.4,0,2011-12-01 15:12:00,2011-12-01 15:12:00,0,0,16789,United Kingdom,1,Promising
4387,3,6,1545.62,257.6033333333333,9.655913978494624,34,2011-12-06 11:53:00,2011-11-02 11:23:00,0,1,16790,United Kingdom,2,Loyal Customers
4388,28,15,3944.88,262.992,2.725,707,2011-11-10 19:12:00,2009-12-03 18:08:00,0,1,16791,United Kingdom,0,Champions
4389,281,5,623.46,124.692,3.176470588235294,422,2011-03-02 14:41:00,2010-01-04 13:47:00,1,1,16792,United Kingdom,2,Loyal Customers
4390,56,1,243.84,243.84,9.125,0,2011-10-13 15:08:00,2011-10-13 15:08:00,0,0,16793,United Kingdom,1,Promising
4391,0,15,2050.68,136.712,3.143712574850299,623,2011-12-08 17:54:00,2010-03-25 15:17:00,0,1,16794,United Kingdom,0,Champions
4392,364,3,2477.29,825.7633333333333,3.614427860696517,318,2010-12-09 14:08:00,2010-01-25 13:14:00,1,1,16795,United Kingdom,2,Loyal Customers
4393,88,1,305.62,305.62,10.333333333333334,0,2011-09-11 14:01:00,2011-09-11 14:01:00,0,0,16796,United Kingdom,1,Promising
4394,392,5,1802.02,360.404,2.256281407035176,344,2010-11-11 19:14:00,2009-12-02 13:33:00,1,1,16797,United Kingdom,2,Loyal Customers
4395,553,3,841.16,280.38666666666666,1.21301775147929,174,2010-06-03 19:01:00,2009-12-10 19:35:00,1,1,16798,United Kingdom,3,At Risk / Lapsed
4396,431,2,452.78,226.39,1.7608695652173914,21,2010-10-03 14:28:00,2010-09-12 12:46:00,1,1,16799,United Kingdom,3,At Risk / Lapsed
4397,10,1,1162.65,1162.65,3.358974358974359,0,2011-11-28 14:06:00,2011-11-28 14:06:00,0,0,16800,United Kingdom,1,Promising
4398,162,4,1594.23,398.5575,6.573333333333333,110,2011-06-29 15:33:00,2011-03-11 13:56:00,1,1,16801,United Kingdom,2,Loyal Customers
4399,678,2,582.61,291.305,6.962264150943396,51,2010-01-29 13:44:00,2009-12-09 13:00:00,1,1,16802,United Kingdom,3,At Risk / Lapsed
4400,64,1,332.3,332.3,10.208333333333334,0,2011-10-05 14:28:00,2011-10-05 14:28:00,0,0,16803,United Kingdom,1,Promising
4401,22,3,536.99,178.99666666666667,4.1,247,2011-11-16 16:43:00,2011-03-14 15:48:00,0,1,16804,United Kingdom,1,Promising
4402,173,4,1076.34,269.085,4.512096774193548,551,2011-06-19 11:23:00,2009-12-14 15:17:00,1,1,16805,United Kingdom,2,Loyal Customers
4403,102,4,736.21,184.0525,3.858695652173913,135,2011-08-28 15:27:00,2011-04-14 19:59:00,1,1,16806,United Kingdom,2,Loyal Customers
4404,142,6,2123.88,353.98,10.091549295774648,480,2011-07-20 12:00:00,2010-03-26 14:38:00,1,1,16807,United Kingdom,2,Loyal Customers
4405,98,2,288.42,144.21,8.521739130434783,175,2011-09-01 19:34:00,2011-03-10 19:05:00,1,1,16808,United Kingdom,1,Promising
4406,22,9,1727.43,191.93666666666667,4.22007722007722,582,2011-11-16 15:45:00,2010-04-13 15:34:00,0,1,16809,United Kingdom,2,Loyal Customers
4407,191,2,842.0400000000001,421.02,10.941176470588236,228,2011-05-31 15:32:00,2010-10-15 15:32:00,1,1,16810,United Kingdom,1,Promising
4408,4,2,547.07,273.535,17.035714285714285,12,2011-12-05 11:39:00,2011-11-22 17:19:00,0,1,16811,United Kingdom,1,Promising
4409,360,4,2392.0,598.0,9.704347826086956,21,2010-12-14 12:35:00,2010-11-22 14:36:00,1,1,16812,United Kingdom,2,Loyal Customers
4410,7,10,1652.18,165.21800000000002,3.523474178403756,196,2011-12-01 14:03:00,2011-05-19 13:28:00,0,1,16813,United Kingdom,2,Loyal Customers
4411,13,36,12188.24,338.5622222222222,6.331626120358515,593,2011-11-25 13:27:00,2010-04-11 12:45:00,0,1,16814,United Kingdom,0,Champions
4412,453,2,406.02,203.01,3.246575342465753,82,2010-09-12 10:59:00,2010-06-21 12:05:00,1,1,16815,United Kingdom,3,At Risk / Lapsed
4413,102,4,417.06,104.265,9.785714285714286,254,2011-08-28 14:16:00,2010-12-16 17:01:00,1,1,16816,United Kingdom,1,Promising
4414,2,13,2804.9,215.7615384615385,10.364238410596029,429,2011-12-07 11:03:00,2010-10-04 09:06:00,0,1,16817,United Kingdom,0,Champions
4415,10,11,3349.57,304.50636363636363,11.51063829787234,194,2011-11-29 10:41:00,2011-05-18 11:42:00,0,1,16818,United Kingdom,0,Champions
4416,464,2,182.59,91.295,14.882352941176473,0,2010-08-31 17:37:00,2010-08-31 17:31:00,1,1,16819,United Kingdom,3,At Risk / Lapsed
4417,95,1,497.61,497.61,11.807692307692308,0,2011-09-05 12:06:00,2011-09-05 12:06:00,1,0,16820,United Kingdom,1,Promising
4418,381,1,113.35,113.35,1.8571428571428568,0,2010-11-23 10:04:00,2010-11-23 10:04:00,1,0,16821,United Kingdom,3,At Risk / Lapsed
4419,685,1,181.39,181.39,15.545454545454543,0,2010-01-22 14:22:00,2010-01-22 14:22:00,1,0,16822,United Kingdom,3,At Risk / Lapsed
4420,226,7,2243.09,320.4414285714286,6.739884393063584,510,2011-04-26 15:00:00,2009-12-02 09:57:00,1,1,16823,United Kingdom,2,Loyal Customers
4421,15,3,686.24,228.74666666666667,10.0,378,2011-11-24 12:38:00,2010-11-11 12:21:00,0,1,16824,United Kingdom,1,Promising
4422,38,5,1826.89,365.378,20.265625,495,2011-11-01 11:51:00,2010-06-23 13:14:00,0,1,16825,United Kingdom,2,Loyal Customers
4423,50,1,341.7,341.7,7.181818181818182,0,2011-10-19 14:05:00,2011-10-19 14:05:00,0,0,16826,United Kingdom,1,Promising
4424,392,5,387.18,77.436,11.272727272727272,195,2010-11-11 14:04:00,2010-04-29 19:07:00,1,1,16827,United Kingdom,3,At Risk / Lapsed
4425,111,1,113.5,113.5,8.285714285714286,0,2011-08-19 13:24:00,2011-08-19 13:24:00,1,0,16828,United Kingdom,1,Promising
4426,156,2,513.32,256.66,7.962962962962963,231,2011-07-06 10:48:00,2010-11-16 18:11:00,1,1,16829,United Kingdom,1,Promising
4427,38,4,1207.5,301.875,9.32,687,2011-11-01 11:35:00,2009-12-13 12:11:00,0,1,16830,United Kingdom,2,Loyal Customers
4428,564,1,91.8,91.8,8.0,0,2010-05-24 09:08:00,2010-05-24 09:08:00,1,0,16831,United Kingdom,3,At Risk / Lapsed
4429,183,5,417.61,83.522,8.523809523809524,274,2011-06-08 15:36:00,2010-09-07 12:35:00,1,1,16832,United Kingdom,2,Loyal Customers
4430,0,6,2409.04,401.50666666666666,9.543478260869565,621,2011-12-08 14:39:00,2010-03-26 15:31:00,0,1,16833,United Kingdom,2,Loyal Customers
4431,227,2,898.96,449.48,15.833333333333334,446,2011-04-26 09:37:00,2010-02-03 14:24:00,1,1,16834,United Kingdom,1,Promising
4432,127,6,1538.41,256.4016666666667,5.919540229885057,441,2011-08-03 13:50:00,2010-05-19 08:41:00,1,1,16835,United Kingdom,2,Loyal Customers
4433,39,4,782.37,195.5925,12.833333333333334,534,2011-10-31 10:05:00,2010-05-14 12:52:00,0,1,16836,United Kingdom,2,Loyal Customers
4434,30,11,3170.98,288.2709090909091,9.472727272727273,214,2011-11-08 14:27:00,2011-04-08 08:48:00,0,1,16837,United Kingdom,0,Champions
4435,196,4,1159.61,289.9025,8.627118644067796,465,2011-05-26 13:13:00,2010-02-14 15:27:00,1,1,16838,United Kingdom,2,Loyal Customers
4436,8,44,22310.49,507.05659090909097,32.47042253521127,657,2011-12-01 09:03:00,2010-02-11 15:02:00,0,1,16839,United Kingdom,0,Champions
4437,602,2,139.85,69.925,13.0,71,2010-04-15 15:48:00,2010-02-03 12:42:00,1,1,16840,United Kingdom,3,At Risk / Lapsed
4438,36,12,4006.06,333.8383333333333,15.881278538812785,660,2011-11-03 11:51:00,2010-01-12 11:32:00,0,1,16841,United Kingdom,0,Champions
4439,100,3,1264.19,421.3966666666667,11.0,201,2011-08-31 10:42:00,2011-02-10 14:51:00,1,1,16842,United Kingdom,2,Loyal Customers
4440,42,35,19571.43,559.1837142857142,31.043624161073826,686,2011-10-28 09:06:00,2009-12-10 11:40:00,0,1,16843,United Kingdom,0,Champions
4441,562,2,614.34,307.17,8.78125,20,2010-05-26 10:29:00,2010-05-06 09:16:00,1,1,16844,United Kingdom,3,At Risk / Lapsed
4442,617,1,253.88,253.88,8.35,0,2010-03-31 13:09:00,2010-03-31 13:09:00,1,0,16845,United Kingdom,3,At Risk / Lapsed
4443,49,3,842.41,280.80333333333334,11.0,589,2011-10-20 13:55:00,2010-03-10 12:03:00,0,1,16846,United Kingdom,2,Loyal Customers
4444,42,2,614.89,307.445,6.891891891891892,574,2011-10-27 13:29:00,2010-03-31 13:32:00,0,1,16847,United Kingdom,1,Promising
4445,52,4,1411.62,352.905,9.176470588235292,379,2011-10-18 08:42:00,2010-10-03 11:01:00,0,1,16848,United Kingdom,2,Loyal Customers
4446,186,1,124.57,124.57,4.125,0,2011-06-06 09:16:00,2011-06-06 09:16:00,1,0,16849,United Kingdom,1,Promising
4447,333,1,332.41,332.41,13.105263157894736,0,2011-01-10 11:09:00,2011-01-10 11:09:00,1,0,16850,United Kingdom,3,At Risk / Lapsed
4448,3,3,342.45,114.15,13.55,47,2011-12-05 13:32:00,2011-10-19 09:48:00,0,1,16851,United Kingdom,1,Promising
4449,9,2,144.91000000000005,72.45500000000001,6.222222222222222,165,2011-11-29 13:22:00,2011-06-16 15:49:00,0,1,16852,United Kingdom,1,Promising
4450,416,2,1408.96,704.48,13.293333333333331,223,2010-10-18 16:31:00,2010-03-09 14:32:00,1,1,16854,United Kingdom,3,At Risk / Lapsed
4451,23,2,328.4,164.2,8.631578947368421,19,2011-11-16 12:03:00,2011-10-27 16:31:00,0,1,16855,United Kingdom,1,Promising
4452,14,3,358.49,119.49666666666668,9.0,427,2011-11-25 08:59:00,2010-09-23 13:11:00,0,1,16856,United Kingdom,1,Promising
4453,442,1,352.8,352.8,15.272727272727272,0,2010-09-23 10:49:00,2010-09-23 10:49:00,1,0,16857,United Kingdom,3,At Risk / Lapsed
4454,368,10,4668.28,466.828,11.132352941176473,355,2010-12-06 09:52:00,2009-12-15 11:09:00,1,1,16858,United Kingdom,2,Loyal Customers
4455,144,7,1932.41,276.05857142857144,17.263636363636362,500,2011-07-18 12:19:00,2010-03-04 12:37:00,1,1,16859,United Kingdom,2,Loyal Customers
4456,452,3,1610.62,536.8733333333333,14.534883720930232,209,2010-09-13 10:05:00,2010-02-15 13:46:00,1,1,16860,United Kingdom,3,At Risk / Lapsed
4457,59,5,946.59,189.318,12.571428571428571,448,2011-10-11 09:05:00,2010-07-19 11:44:00,0,1,16861,United Kingdom,2,Loyal Customers
4458,546,4,662.33,165.5825,14.657142857142857,154,2010-06-10 13:05:00,2010-01-07 12:57:00,1,1,16862,United Kingdom,3,At Risk / Lapsed
4459,30,3,998.52,332.84,13.303571428571429,378,2011-11-08 15:26:00,2010-10-26 10:03:00,0,1,16863,United Kingdom,2,Loyal Customers
4460,433,2,409.25,204.625,16.647058823529413,164,2010-10-01 16:16:00,2010-04-20 11:56:00,1,1,16864,United Kingdom,3,At Risk / Lapsed
4461,401,1,130.95,130.95,9.8125,0,2010-11-03 11:34:00,2010-11-03 11:34:00,1,0,16865,United Kingdom,3,At Risk / Lapsed
4462,140,3,207.74,69.24666666666666,5.454545454545454,20,2011-07-22 10:06:00,2011-07-01 12:34:00,1,1,16866,United Kingdom,1,Promising
4463,689,1,76.74000000000001,76.74000000000001,9.666666666666666,0,2010-01-19 09:11:00,2010-01-19 09:11:00,1,0,16867,United Kingdom,3,At Risk / Lapsed
4464,393,3,384.56,128.18666666666667,2.24,199,2010-11-10 13:17:00,2010-04-25 11:31:00,1,1,16868,United Kingdom,3,At Risk / Lapsed
4465,22,4,817.12,204.28,4.590551181102362,152,2011-11-17 12:02:00,2011-06-17 13:01:00,0,1,16869,United Kingdom,2,Loyal Customers
4466,468,1,450.16,450.16,9.928571428571429,0,2010-08-27 13:53:00,2010-08-27 13:53:00,1,0,16870,United Kingdom,3,At Risk / Lapsed
4467,21,6,2812.34,468.72333333333336,9.145985401459852,248,2011-11-17 19:27:00,2011-03-14 10:31:00,0,1,16871,United Kingdom,2,Loyal Customers
4468,76,6,1213.13,202.18833333333336,59.94444444444444,385,2011-09-23 16:05:00,2010-09-02 17:36:00,0,1,16872,United Kingdom,2,Loyal Customers
4469,4,12,14617.39,1218.1158333333333,16.798828125,663,2011-12-05 12:05:00,2010-02-09 14:17:00,0,1,16873,United Kingdom,0,Champions
4470,378,1,209.89,209.89,2.5161290322580645,0,2010-11-25 13:08:00,2010-11-25 13:08:00,1,0,16874,United Kingdom,3,At Risk / Lapsed
4471,66,11,4234.53,384.9572727272727,9.12608695652174,636,2011-10-03 13:39:00,2010-01-05 09:16:00,0,1,16875,United Kingdom,0,Champions
4472,403,1,136.01,136.01,5.65625,0,2010-11-01 11:59:00,2010-11-01 11:59:00,1,0,16876,United Kingdom,3,At Risk / Lapsed
4473,11,6,846.62,141.10333333333332,2.935897435897436,195,2011-11-27 13:47:00,2011-05-15 16:13:00,0,1,16877,United Kingdom,2,Loyal Customers
4474,83,1,13.3,13.3,4.0,0,2011-09-16 17:39:00,2011-09-16 17:39:00,0,0,16878,United Kingdom,1,Promising
4475,30,8,1813.21,226.65125,4.939890710382514,462,2011-11-09 11:33:00,2010-08-03 13:54:00,0,1,16880,United Kingdom,2,Loyal Customers
4476,66,1,432.0,432.0,600.0,0,2011-10-04 10:33:00,2011-10-04 10:33:00,0,0,16881,United Kingdom,1,Promising
4477,66,3,705.12,235.04,10.871794871794872,250,2011-10-04 10:42:00,2011-01-26 17:43:00,0,1,16882,United Kingdom,1,Promising
4478,186,19,2374.09,124.9521052631579,3.767605633802817,548,2011-06-05 12:51:00,2009-12-04 12:07:00,1,1,16883,United Kingdom,0,Champions
4479,37,4,1070.97,267.7425,7.027027027027027,532,2011-11-02 11:52:00,2010-05-18 12:00:00,0,1,16884,United Kingdom,2,Loyal Customers
4480,14,4,683.35,170.8375,2.6444444444444444,370,2011-11-24 13:40:00,2010-11-19 12:51:00,0,1,16885,United Kingdom,2,Loyal Customers
4481,455,1,134.0,134.0,6.0,0,2010-09-09 15:08:00,2010-09-09 15:08:00,1,0,16886,United Kingdom,3,At Risk / Lapsed
4482,34,3,658.17,219.39,4.188118811881188,703,2011-11-04 14:07:00,2009-12-01 13:41:00,0,1,16887,United Kingdom,1,Promising
4483,400,3,434.2,144.73333333333332,2.7884615384615383,300,2010-11-04 12:39:00,2010-01-07 13:07:00,1,1,16888,United Kingdom,3,At Risk / Lapsed
4484,194,6,2526.65,421.10833333333335,7.423963133640553,371,2011-05-29 11:05:00,2010-05-23 10:46:00,1,1,16889,United Kingdom,2,Loyal Customers
4485,476,3,277.91,92.63666666666668,13.38888888888889,105,2010-08-20 11:23:00,2010-05-06 16:27:00,1,1,16890,United Kingdom,3,At Risk / Lapsed
4486,1,11,1945.2,176.83636363636364,1.5343035343035345,733,2011-12-08 11:15:00,2009-12-04 12:37:00,0,1,16891,United Kingdom,2,Loyal Customers
4487,0,7,754.75,107.82142857142856,2.678832116788321,729,2011-12-08 13:18:00,2009-12-08 14:20:00,0,1,16892,United Kingdom,2,Loyal Customers
4488,366,2,395.4,197.7,1.3587786259541983,9,2010-12-08 12:06:00,2010-11-28 15:14:00,1,1,16893,United Kingdom,3,At Risk / Lapsed
4489,501,3,1306.96,435.65333333333336,2.689839572192513,33,2010-07-25 15:43:00,2010-06-22 14:21:00,1,1,16894,United Kingdom,3,At Risk / Lapsed
4490,64,5,1102.9,220.58,2.5828220858895707,601,2011-10-06 12:15:00,2010-02-12 11:07:00,0,1,16895,United Kingdom,2,Loyal Customers
4491,554,1,103.95,103.95,1.0,0,2010-06-02 15:40:00,2010-06-02 15:40:00,1,0,16896,United Kingdom,3,At Risk / Lapsed
4492,298,2,289.78,144.89,1.972972972972973,14,2011-02-13 15:02:00,2011-01-30 11:52:00,1,1,16897,United Kingdom,1,Promising
4493,25,5,997.29,199.458,2.817857142857143,550,2011-11-13 15:44:00,2010-05-12 12:18:00,0,1,16898,United Kingdom,2,Loyal Customers
4494,7,8,1695.77,211.97125,4.687861271676301,389,2011-12-02 12:03:00,2010-11-07 15:00:00,0,1,16899,United Kingdom,2,Loyal Customers
4495,16,3,882.16,294.05333333333334,10.666666666666666,46,2011-11-23 10:32:00,2011-10-07 13:17:00,0,1,16900,United Kingdom,2,Loyal Customers
4496,728,1,204.26,204.26,1.826086956521739,0,2009-12-10 16:30:00,2009-12-10 16:30:00,1,0,16901,United Kingdom,3,At Risk / Lapsed
4497,115,1,1706.88,1706.88,14.295454545454543,0,2011-08-15 14:17:00,2011-08-15 14:17:00,1,0,16902,United Kingdom,1,Promising
4498,28,3,1041.75,347.25,3.93956043956044,386,2011-11-10 15:32:00,2010-10-20 14:42:00,0,1,16903,United Kingdom,2,Loyal Customers
4499,3,20,4995.26,249.763,2.953563714902808,406,2011-12-05 13:10:00,2010-10-24 16:03:00,0,1,16904,United Kingdom,0,Champions
4500,4,17,4958.67,291.6864705882353,6.13677811550152,723,2011-12-04 14:01:00,2009-12-10 20:04:00,0,1,16905,United Kingdom,0,Champions
4501,81,7,1410.07,201.4385714285714,2.7783018867924527,493,2011-09-19 11:49:00,2010-05-13 13:23:00,0,1,16906,United Kingdom,2,Loyal Customers
4502,28,9,1650.81,183.4233333333333,2.1404958677685952,497,2011-11-10 18:04:00,2010-07-01 17:30:00,0,1,16907,United Kingdom,2,Loyal Customers
4503,721,1,252.59,252.59,3.05,0,2009-12-17 13:35:00,2009-12-17 13:35:00,1,0,16908,United Kingdom,3,At Risk / Lapsed
4504,71,1,379.14,379.14,24.22222222222222,0,2011-09-28 16:45:00,2011-09-28 16:45:00,0,0,16909,United Kingdom,1,Promising
4505,3,8,1508.96,188.62,1.6220183486238533,86,2011-12-05 12:51:00,2011-09-09 14:14:00,0,1,16910,United Kingdom,2,Loyal Customers
4506,635,2,255.25,127.625,4.6,25,2010-03-14 12:18:00,2010-02-16 16:12:00,1,1,16911,United Kingdom,3,At Risk / Lapsed
4507,28,15,4460.51,297.36733333333336,9.819767441860463,701,2011-11-11 12:18:00,2009-12-09 12:32:00,0,1,16912,United Kingdom,0,Champions
4508,289,3,423.91,141.3033333333333,12.72222222222222,361,2011-02-22 12:56:00,2010-02-26 12:06:00,1,1,16913,United Kingdom,1,Promising
4509,35,1,183.76,183.76,3.733333333333333,0,2011-11-03 15:27:00,2011-11-03 15:27:00,0,0,16914,United Kingdom,1,Promising
4510,8,11,1543.18,140.2890909090909,2.5675675675675675,560,2011-11-30 16:39:00,2010-05-19 13:32:00,0,1,16915,United Kingdom,2,Loyal Customers
4511,23,4,1092.55,273.1375,2.960474308300395,391,2011-11-16 12:08:00,2010-10-20 12:56:00,0,1,16916,United Kingdom,2,Loyal Customers
4512,276,2,1851.88,925.94,15.84,355,2011-03-08 11:55:00,2010-03-17 15:24:00,1,1,16917,United Kingdom,2,Loyal Customers
4513,49,16,3206.54,200.40875,4.5506607929515415,687,2011-10-21 12:50:00,2009-12-03 12:27:00,0,1,16918,United Kingdom,0,Champions
4514,155,24,5108.01,212.83375,3.783018867924529,320,2011-07-06 13:35:00,2010-08-19 15:28:00,1,1,16919,United Kingdom,0,Champions
4515,410,1,355.45,355.45,3.5217391304347827,0,2010-10-24 14:07:00,2010-10-24 14:07:00,1,0,16920,United Kingdom,3,At Risk / Lapsed
4516,60,3,409.21,136.40333333333334,3.125,539,2011-10-09 16:22:00,2010-04-18 15:34:00,0,1,16921,United Kingdom,1,Promising
4517,572,1,611.08,611.08,2.30327868852459,0,2010-05-16 11:24:00,2010-05-16 11:24:00,1,0,16922,United Kingdom,3,At Risk / Lapsed
4518,11,32,13157.13,411.1603125,5.715604801477378,665,2011-11-27 13:00:00,2010-01-31 11:14:00,0,1,16923,United Kingdom,0,Champions
4519,20,3,829.89,276.63,5.765432098765432,62,2011-11-18 12:53:00,2011-09-16 12:54:00,0,1,16924,United Kingdom,2,Loyal Customers
4520,539,1,125.65,125.65,6.833333333333333,0,2010-06-17 15:03:00,2010-06-17 15:03:00,1,0,16925,United Kingdom,3,At Risk / Lapsed
4521,370,5,1399.86,279.97200000000004,2.109090909090909,155,2010-12-03 13:42:00,2010-07-01 12:57:00,1,1,16926,United Kingdom,2,Loyal Customers
4522,115,3,543.05,181.01666666666665,165.5,245,2011-08-16 11:10:00,2010-12-13 11:57:00,1,1,16927,United Kingdom,1,Promising
4523,79,26,3914.33,150.55115384615385,8.3,594,2011-09-20 15:10:00,2010-02-03 12:30:00,0,1,16928,United Kingdom,0,Champions
4524,3,7,1295.39,185.0557142857143,12.064935064935066,151,2011-12-06 08:37:00,2011-07-07 12:39:00,0,1,16929,United Kingdom,2,Loyal Customers
4525,25,3,378.89,126.29666666666668,6.39622641509434,42,2011-11-13 16:13:00,2011-10-02 14:25:00,0,1,16930,United Kingdom,1,Promising
4526,4,23,5184.27,225.40304347826088,3.477249747219413,391,2011-12-04 13:15:00,2010-11-07 13:24:00,0,1,16931,United Kingdom,0,Champions
4527,52,3,412.55,137.51666666666668,1.631578947368421,517,2011-10-17 14:12:00,2010-05-17 14:15:00,0,1,16932,United Kingdom,1,Promising
4528,0,9,3099.3,344.3666666666667,5.4361702127659575,728,2011-12-08 12:54:00,2009-12-09 15:03:00,0,1,16933,United Kingdom,2,Loyal Customers
4529,54,6,2083.14,347.19,6.638297872340425,566,2011-10-16 12:40:00,2010-03-28 12:43:00,0,1,16934,United Kingdom,2,Loyal Customers
4530,381,3,530.86,176.95333333333335,3.9565217391304346,39,2010-11-23 09:16:00,2010-10-14 13:09:00,1,1,16935,United Kingdom,3,At Risk / Lapsed
4531,25,2,548.29,274.145,2.4388489208633093,359,2011-11-14 11:04:00,2010-11-19 11:54:00,0,1,16936,United Kingdom,1,Promising
4532,498,1,196.25,196.25,2.510204081632653,0,2010-07-28 17:56:00,2010-07-28 17:56:00,1,0,16937,United Kingdom,3,At Risk / Lapsed
4533,8,9,6995.360000000001,777.2622222222222,6.117718446601942,651,2011-12-01 10:20:00,2010-02-17 14:47:00,0,1,16938,United Kingdom,0,Champions
4534,488,3,433.85,144.61666666666667,5.585365853658536,160,2010-08-08 12:24:00,2010-02-28 13:33:00,1,1,16939,United Kingdom,3,At Risk / Lapsed
4535,51,8,6427.66,803.4575,7.158982511923688,679,2011-10-18 13:15:00,2009-12-08 13:08:00,0,1,16940,United Kingdom,0,Champions
4536,611,1,33.0,33.0,6.0,0,2010-04-07 11:13:00,2010-04-07 11:13:00,1,0,16941,United Kingdom,3,At Risk / Lapsed
4537,12,9,1904.99,211.6655555555556,2.9061371841155235,215,2011-11-27 12:40:00,2011-04-26 11:59:00,0,1,16942,United Kingdom,2,Loyal Customers
4538,211,3,816.73,272.24333333333334,4.393939393939394,106,2011-05-12 11:57:00,2011-01-25 14:00:00,1,1,16943,United Kingdom,2,Loyal Customers
4539,609,1,101.36,101.36,3.857142857142857,0,2010-04-09 11:03:00,2010-04-09 11:03:00,1,0,16944,United Kingdom,3,At Risk / Lapsed
4540,21,33,8548.16,259.0351515151515,12.424050632911392,709,2011-11-18 11:39:00,2009-12-09 11:33:00,0,1,16945,United Kingdom,0,Champions
4541,382,5,1222.04,244.408,6.786666666666667,264,2010-11-21 14:06:00,2010-03-02 10:49:00,1,1,16946,United Kingdom,2,Loyal Customers
4542,235,4,946.71,236.6775,12.576923076923077,410,2011-04-18 09:38:00,2010-03-03 10:54:00,1,1,16947,United Kingdom,2,Loyal Customers
4543,138,7,868.77,124.11,48.627906976744185,517,2011-07-24 12:46:00,2010-02-21 13:48:00,1,1,16948,United Kingdom,2,Loyal Customers
4544,3,6,1286.27,214.37833333333333,13.183333333333334,312,2011-12-06 11:07:00,2011-01-27 12:11:00,0,1,16949,United Kingdom,2,Loyal Customers
4545,56,10,3705.77,370.577,16.82191780821918,627,2011-10-14 09:06:00,2010-01-24 11:26:00,0,1,16950,United Kingdom,0,Champions
4546,134,3,1277.75,425.9166666666667,15.325581395348838,169,2011-07-28 12:05:00,2011-02-08 14:58:00,1,1,16951,United Kingdom,2,Loyal Customers
4547,108,5,795.83,159.166,3.942528735632184,618,2011-08-22 13:03:00,2009-12-11 13:52:00,1,1,16952,United Kingdom,2,Loyal Customers
4548,29,1,20.8,20.8,10.0,0,2011-11-09 15:54:00,2011-11-09 15:54:00,0,0,16953,United Kingdom,1,Promising
4549,0,20,6081.88,304.094,19.83495145631068,689,2011-12-09 09:46:00,2010-01-18 14:49:00,0,1,16954,United Kingdom,0,Champions
4550,184,6,1309.41,218.235,14.43859649122807,492,2011-06-08 10:36:00,2010-01-31 11:38:00,1,1,16955,United Kingdom,2,Loyal Customers
4551,17,1,308.74,308.74,7.125,0,2011-11-22 08:56:00,2011-11-22 08:56:00,0,0,16956,United Kingdom,1,Promising
4552,238,2,416.64,208.32,10.75,42,2011-04-14 13:56:00,2011-03-03 09:25:00,1,1,16957,United Kingdom,1,Promising
4553,434,1,778.49,778.49,7.3428571428571425,0,2010-09-30 14:25:00,2010-09-30 14:25:00,1,0,16958,United Kingdom,3,At Risk / Lapsed
4554,86,1,117.35,117.35,7.0,0,2011-09-13 15:03:00,2011-09-13 15:03:00,0,0,16959,United Kingdom,1,Promising
4555,38,8,1988.93,248.61625,3.3236607142857144,608,2011-11-01 11:35:00,2010-03-02 13:36:00,0,1,16960,United Kingdom,2,Loyal Customers
4556,115,3,794.56,264.8533333333333,9.26923076923077,415,2011-08-15 13:46:00,2010-06-25 14:36:00,1,1,16961,United Kingdom,2,Loyal Customers
4557,409,1,251.04,251.04,10.533333333333331,0,2010-10-26 11:36:00,2010-10-26 11:36:00,1,0,16962,United Kingdom,3,At Risk / Lapsed
4558,186,1,110.55,110.55,5.0,0,2011-06-05 13:48:00,2011-06-05 13:48:00,1,0,16963,United Kingdom,1,Promising
4559,732,2,207.85,103.925,8.166666666666666,0,2009-12-06 12:53:00,2009-12-06 12:51:00,1,1,16964,United Kingdom,3,At Risk / Lapsed
4560,226,1,192.07,192.07,9.72,0,2011-04-27 12:08:00,2011-04-27 12:08:00,1,0,16965,United Kingdom,1,Promising
4561,7,7,2154.97,307.8528571428571,70.75,231,2011-12-01 13:40:00,2011-04-13 14:17:00,0,1,16966,United Kingdom,2,Loyal Customers
4562,188,1,319.02,319.02,15.857142857142858,0,2011-06-03 14:24:00,2011-06-03 14:24:00,1,0,16967,United Kingdom,1,Promising
4563,3,2,439.43,219.715,10.516129032258064,103,2011-12-05 15:02:00,2011-08-24 10:51:00,0,1,16968,United Kingdom,1,Promising
4564,38,3,650.41,216.8033333333333,19.428571428571427,152,2011-10-31 13:12:00,2011-06-01 12:10:00,0,1,16969,United Kingdom,1,Promising
4565,625,1,71.4,71.4,6.0,0,2010-03-23 13:50:00,2010-03-23 13:50:00,1,0,16970,United Kingdom,3,At Risk / Lapsed
4566,37,1,357.21,357.21,1.7560975609756098,0,2011-11-01 15:06:00,2011-11-01 15:06:00,0,0,16971,United Kingdom,1,Promising
4567,382,2,749.0,374.5,2.231707317073171,73,2010-11-22 10:59:00,2010-09-09 11:20:00,1,1,16972,United Kingdom,3,At Risk / Lapsed
4568,385,1,127.0,127.0,10.0,0,2010-11-18 13:56:00,2010-11-18 13:56:00,1,0,16973,United Kingdom,3,At Risk / Lapsed
4569,522,2,365.5,182.75,8.75,41,2010-07-05 10:18:00,2010-05-24 10:43:00,1,1,16974,United Kingdom,3,At Risk / Lapsed
4570,422,3,926.12,308.70666666666665,13.022222222222222,82,2010-10-12 17:53:00,2010-07-22 11:38:00,1,1,16975,United Kingdom,3,At Risk / Lapsed
4571,266,1,251.52,251.52,44.0,0,2011-03-17 16:33:00,2011-03-17 16:33:00,1,0,16976,United Kingdom,1,Promising
4572,394,4,496.0,124.0,5.071428571428571,236,2010-11-09 13:17:00,2010-03-18 11:06:00,1,1,16977,United Kingdom,3,At Risk / Lapsed
4573,77,3,768.88,256.2933333333333,4.253731343283582,588,2011-09-23 12:50:00,2010-02-11 16:27:00,0,1,16978,United Kingdom,2,Loyal Customers
4574,3,9,2859.74,317.74888888888887,11.248062015503876,446,2011-12-06 12:21:00,2010-09-15 14:30:00,0,1,16979,United Kingdom,2,Loyal Customers
4575,254,3,1422.8300000000002,474.2766666666667,9.339622641509434,173,2011-03-29 16:36:00,2010-10-07 14:05:00,1,1,16980,United Kingdom,2,Loyal Customers
4576,60,1,384.06,384.06,8.272727272727273,0,2011-10-10 12:28:00,2011-10-10 12:28:00,0,0,16982,United Kingdom,1,Promising
4577,12,11,3654.02,332.1836363636364,10.091666666666669,433,2011-11-27 12:10:00,2010-09-19 12:38:00,0,1,16983,United Kingdom,0,Champions
4578,87,9,10350.53,1150.058888888889,4.782649253731344,553,2011-09-12 13:43:00,2010-03-07 15:34:00,0,1,16984,United Kingdom,0,Champions
4579,16,23,10923.16,474.92,12.76954732510288,711,2011-11-22 13:33:00,2009-12-10 13:34:00,0,1,16985,United Kingdom,0,Champions
4580,29,11,4888.75,444.4318181818182,14.591954022988508,643,2011-11-10 11:55:00,2010-02-04 14:46:00,0,1,16986,United Kingdom,0,Champions
4581,2,11,2499.45,227.22272727272727,2.576923076923077,734,2011-12-06 17:26:00,2009-12-02 14:34:00,0,1,16987,United Kingdom,0,Champions
4582,4,2,382.67,191.335,7.9,374,2011-12-04 16:02:00,2010-11-25 09:22:00,0,1,16988,United Kingdom,1,Promising
4583,6,6,1133.25,188.875,102.75,143,2011-12-02 16:39:00,2011-07-12 09:11:00,0,1,16989,United Kingdom,2,Loyal Customers
4584,218,2,344.0,172.0,100.0,203,2011-05-05 08:30:00,2010-10-13 11:42:00,1,1,16990,United Kingdom,1,Promising
4585,420,1,1041.21,1041.21,10.716216216216216,0,2010-10-14 14:08:00,2010-10-14 14:08:00,1,0,16991,United Kingdom,3,At Risk / Lapsed
4586,10,13,5476.5,421.2692307692308,7.231578947368421,655,2011-11-29 11:50:00,2010-02-11 12:36:00,0,1,16992,United Kingdom,0,Champions
4587,463,2,1950.95,975.475,10.178571428571429,112,2010-09-02 12:16:00,2010-05-12 13:55:00,1,1,16993,United Kingdom,3,At Risk / Lapsed
4588,29,9,2123.61,235.95666666666668,12.253333333333334,387,2011-11-09 16:43:00,2010-10-18 12:24:00,0,1,16996,United Kingdom,2,Loyal Customers
4589,287,3,702.0,234.0,30.0,37,2011-02-24 17:28:00,2011-01-18 11:51:00,1,1,16997,United Kingdom,1,Promising
4590,149,5,402.0,80.4,17.333333333333332,294,2011-07-13 09:44:00,2010-09-21 14:39:00,1,1,16998,United Kingdom,2,Loyal Customers
4591,22,2,484.82,242.41,12.782608695652174,50,2011-11-16 13:53:00,2011-09-26 15:43:00,0,1,16999,United Kingdom,1,Promising
4592,395,2,406.3,203.15,10.166666666666666,11,2010-11-08 13:35:00,2010-10-27 14:16:00,1,1,17000,United Kingdom,3,At Risk / Lapsed
4593,0,19,6640.8,349.5157894736842,13.752727272727272,623,2011-12-09 09:38:00,2010-03-25 12:41:00,0,1,17001,United Kingdom,0,Champions
4594,85,7,2571.55,367.36428571428576,15.05952380952381,555,2011-09-15 12:40:00,2010-03-08 15:46:00,0,1,17002,United Kingdom,2,Loyal Customers
4595,401,4,828.21,207.0525,4.45045045045045,176,2010-11-02 13:15:00,2010-05-10 11:20:00,1,1,17003,United Kingdom,3,At Risk / Lapsed
4596,45,4,2324.36,581.09,17.869565217391305,377,2011-10-24 14:25:00,2010-10-11 15:43:00,0,1,17004,United Kingdom,2,Loyal Customers
4597,470,2,622.36,311.18,38.388888888888886,118,2010-08-26 10:57:00,2010-04-30 10:55:00,1,1,17005,United Kingdom,3,At Risk / Lapsed
4598,4,8,1635.27,204.40875,4.434108527131783,639,2011-12-05 12:09:00,2010-03-05 13:33:00,0,1,17006,United Kingdom,2,Loyal Customers
4599,50,7,1120.1,160.0142857142857,10.701492537313433,386,2011-10-20 10:47:00,2010-09-28 13:51:00,0,1,17007,United Kingdom,2,Loyal Customers
4600,428,1,81.36,81.36,24.0,0,2010-10-06 15:19:00,2010-10-06 15:19:00,1,0,17008,United Kingdom,3,At Risk / Lapsed
4601,550,1,242.06,242.06,30.545454545454547,0,2010-06-06 16:01:00,2010-06-06 16:01:00,1,0,17009,United Kingdom,3,At Risk / Lapsed
4602,17,1,195.36,195.36,10.727272727272728,0,2011-11-21 14:49:00,2011-11-21 14:49:00,0,0,17010,United Kingdom,1,Promising
4603,29,3,671.7,223.9,28.285714285714285,621,2011-11-09 13:30:00,2010-02-26 09:47:00,0,1,17011,United Kingdom,1,Promising
4604,724,1,360.61,360.61,6.972222222222222,0,2009-12-14 17:34:00,2009-12-14 17:34:00,1,0,17012,United Kingdom,3,At Risk / Lapsed
4605,7,3,583.4300000000001,194.4766666666667,3.375,58,2011-12-01 14:09:00,2011-10-04 11:36:00,0,1,17014,United Kingdom,1,Promising
4606,28,3,1838.61,612.87,9.242990654205608,156,2011-11-11 10:45:00,2011-06-07 13:19:00,0,1,17015,United Kingdom,2,Loyal Customers
4607,576,1,552.4,552.4,7.536585365853658,0,2010-05-12 12:32:00,2010-05-12 12:32:00,1,0,17016,United Kingdom,3,At Risk / Lapsed
4608,2,29,14110.61,486.5727586206897,24.97877358490566,733,2011-12-07 09:32:00,2009-12-03 13:22:00,0,1,17017,United Kingdom,0,Champions
4609,40,6,2287.7,381.2833333333333,12.324324324324325,694,2011-10-30 11:42:00,2009-12-05 10:27:00,0,1,17018,United Kingdom,2,Loyal Customers
4610,10,11,3945.81,358.71,3.7869565217391306,726,2011-11-28 13:06:00,2009-12-02 11:52:00,0,1,17019,United Kingdom,0,Champions
4611,541,2,935.62,467.81,12.46376811594203,104,2010-06-15 13:06:00,2010-03-03 12:27:00,1,1,17020,United Kingdom,3,At Risk / Lapsed
4612,441,6,1182.22,197.03666666666663,20.666666666666668,146,2010-09-23 20:01:00,2010-04-29 20:05:00,1,1,17021,United Kingdom,3,At Risk / Lapsed
4613,30,2,260.0,130.0,11.25,401,2011-11-08 17:09:00,2010-10-03 10:27:00,0,1,17022,United Kingdom,1,Promising
4614,416,3,800.18,266.72666666666663,10.816326530612244,280,2010-10-18 15:37:00,2010-01-11 15:09:00,1,1,17023,United Kingdom,3,At Risk / Lapsed
4615,44,3,95.85,31.95,23.0,112,2011-10-25 13:47:00,2011-07-05 09:31:00,0,1,17024,United Kingdom,1,Promising
4616,60,5,1510.64,302.128,24.38095238095238,580,2011-10-10 09:06:00,2010-03-08 13:37:00,0,1,17025,United Kingdom,2,Loyal Customers
4617,184,3,208.98,69.66,16.5,231,2011-06-07 14:28:00,2010-10-18 15:22:00,1,1,17026,United Kingdom,1,Promising
4618,78,9,1310.63,145.62555555555556,3.6235955056179776,651,2011-09-22 12:24:00,2009-12-10 12:10:00,0,1,17027,United Kingdom,2,Loyal Customers
4619,580,3,1593.83,531.2766666666666,9.010526315789471,140,2010-05-07 15:33:00,2009-12-18 14:28:00,1,1,17028,United Kingdom,3,At Risk / Lapsed
4620,110,7,2137.3,305.3285714285715,43.62068965517241,553,2011-08-21 11:06:00,2010-02-14 10:19:00,1,1,17029,United Kingdom,2,Loyal Customers
4621,63,1,146.87,146.87,13.272727272727272,0,2011-10-07 08:49:00,2011-10-07 08:49:00,0,0,17030,United Kingdom,1,Promising
4622,11,6,2773.85,462.3083333333333,31.9,569,2011-11-28 10:23:00,2010-05-07 14:52:00,0,1,17031,United Kingdom,2,Loyal Customers
4623,602,5,2896.69,579.338,7.111111111111111,125,2010-04-15 14:14:00,2009-12-10 15:36:00,1,1,17032,United Kingdom,3,At Risk / Lapsed
4624,85,4,1332.79,333.1975,21.775,311,2011-09-14 14:34:00,2010-11-07 12:55:00,0,1,17033,United Kingdom,2,Loyal Customers
4625,15,5,1276.42,255.284,11.96551724137931,497,2011-11-23 15:14:00,2010-07-14 12:55:00,0,1,17034,United Kingdom,2,Loyal Customers
4626,245,4,613.59,153.3975,9.909090909090908,491,2011-04-08 11:23:00,2009-12-03 10:37:00,1,1,17035,United Kingdom,2,Loyal Customers
4627,382,1,176.9,176.9,6.333333333333333,0,2010-11-21 14:26:00,2010-11-21 14:26:00,1,0,17036,United Kingdom,3,At Risk / Lapsed
4628,87,1,1267.32,1267.32,8.746666666666666,0,2011-09-13 12:49:00,2011-09-13 12:49:00,0,0,17037,United Kingdom,1,Promising
4629,29,2,743.17,371.585,8.492063492063492,384,2011-11-09 13:50:00,2010-10-20 16:04:00,0,1,17038,United Kingdom,1,Promising
4630,603,1,1954.99,1954.99,15.659090909090908,0,2010-04-14 12:56:00,2010-04-14 12:56:00,1,0,17039,United Kingdom,3,At Risk / Lapsed
4631,137,2,463.25,231.625,11.8125,412,2011-07-25 10:19:00,2010-06-07 15:08:00,1,1,17040,United Kingdom,1,Promising
4632,26,6,1655.2,275.8666666666667,10.341269841269842,573,2011-11-13 11:21:00,2010-04-18 14:25:00,0,1,17041,United Kingdom,2,Loyal Customers
4633,2,5,1036.58,207.316,10.206185567010309,244,2011-12-07 12:26:00,2011-04-06 14:53:00,0,1,17042,United Kingdom,2,Loyal Customers
4634,31,8,2593.65,324.20625,8.120603015075377,698,2011-11-07 15:33:00,2009-12-09 15:20:00,0,1,17043,United Kingdom,2,Loyal Customers
4635,24,12,11962.3,996.8583333333332,38.40268456375839,707,2011-11-14 14:28:00,2009-12-07 12:25:00,0,1,17044,United Kingdom,0,Champions
4636,112,5,827.6800000000001,165.536,5.547169811320755,316,2011-08-18 17:09:00,2010-10-06 14:52:00,1,1,17045,United Kingdom,2,Loyal Customers
4637,156,5,1906.07,381.214,19.24705882352941,463,2011-07-05 14:24:00,2010-03-29 13:46:00,1,1,17046,United Kingdom,2,Loyal Customers
4638,84,6,2289.23,381.53833333333336,8.338028169014084,646,2011-09-15 13:27:00,2009-12-08 08:48:00,0,1,17047,United Kingdom,2,Loyal Customers
4639,117,7,2071.68,295.9542857142857,10.574257425742577,572,2011-08-14 11:49:00,2010-01-18 13:55:00,1,1,17048,United Kingdom,2,Loyal Customers
4640,2,19,9942.53,523.291052631579,7.657706093189964,643,2011-12-07 10:48:00,2010-03-04 10:23:00,0,1,17049,United Kingdom,0,Champions
4641,95,11,4648.59,422.5990909090909,6.968481375358167,585,2011-09-04 13:48:00,2010-01-26 14:54:00,1,1,17050,United Kingdom,0,Champions
4642,193,4,706.49,176.6225,3.270967741935484,433,2011-05-29 14:13:00,2010-03-21 14:55:00,1,1,17051,United Kingdom,2,Loyal Customers
4643,27,1,399.09,399.09,3.0240963855421685,0,2011-11-11 14:50:00,2011-11-11 14:50:00,0,0,17052,United Kingdom,1,Promising
4644,130,1,498.48,498.48,9.384615384615383,0,2011-08-01 10:23:00,2011-08-01 10:23:00,1,0,17053,United Kingdom,1,Promising
4645,27,5,1356.33,271.266,9.686746987951809,216,2011-11-11 12:56:00,2011-04-08 13:14:00,0,1,17054,United Kingdom,2,Loyal Customers
4646,445,1,232.85,232.85,3.1923076923076925,0,2010-09-20 12:21:00,2010-09-20 12:21:00,1,0,17055,United Kingdom,3,At Risk / Lapsed
4647,737,1,128.60000000000002,128.60000000000002,3.25,0,2009-12-01 12:55:00,2009-12-01 12:55:00,1,0,17056,United Kingdom,3,At Risk / Lapsed
4648,595,1,288.79,288.79,2.489795918367347,0,2010-04-22 19:21:00,2010-04-22 19:21:00,1,0,17057,United Kingdom,3,At Risk / Lapsed
4649,81,3,1179.89,393.2966666666667,9.548387096774194,158,2011-09-19 10:13:00,2011-04-14 09:18:00,0,1,17058,United Kingdom,2,Loyal Customers
4650,29,9,5586.93,620.77,4.269689737470167,652,2011-11-10 12:27:00,2010-01-26 14:43:00,0,1,17059,United Kingdom,0,Champions
4651,265,1,234.24,234.24,43.2,0,2011-03-18 13:27:00,2011-03-18 13:27:00,1,0,17060,United Kingdom,1,Promising
4652,73,11,5232.2300000000005,475.6572727272728,15.414141414141412,158,2011-09-27 11:24:00,2011-04-21 13:29:00,0,1,17061,United Kingdom,0,Champions
4653,313,6,1169.06,194.84333333333333,5.515923566878981,125,2011-01-30 11:01:00,2010-09-26 11:57:00,1,1,17062,United Kingdom,2,Loyal Customers
4654,20,13,3638.53,279.8869230769231,9.263414634146342,717,2011-11-18 16:19:00,2009-12-01 12:36:00,0,1,17063,United Kingdom,0,Champions
4655,58,3,855.45,285.15000000000003,5.180327868852459,268,2011-10-12 10:18:00,2011-01-16 16:10:00,0,1,17064,United Kingdom,2,Loyal Customers
4656,637,2,194.7,97.35,6.833333333333333,0,2010-03-12 11:41:00,2010-03-12 11:40:00,1,1,17065,United Kingdom,3,At Risk / Lapsed
4657,725,1,228.34,228.34,5.166666666666667,0,2009-12-13 13:24:00,2009-12-13 13:24:00,1,0,17066,United Kingdom,3,At Risk / Lapsed
4658,724,3,454.54,151.51333333333335,24.76923076923077,6,2009-12-15 08:39:00,2009-12-08 12:03:00,1,1,17067,United Kingdom,3,At Risk / Lapsed
4659,11,47,9140.08,194.4697872340425,4.346116027531957,608,2011-11-27 13:14:00,2010-03-28 14:26:00,0,1,17068,United Kingdom,0,Champions
4660,27,14,5794.28,413.8771428571428,11.298305084745763,708,2011-11-11 17:13:00,2009-12-03 12:27:00,0,1,17069,United Kingdom,0,Champions
4661,113,2,437.42,218.71,2.2524271844660197,296,2011-08-17 17:01:00,2010-10-25 15:57:00,1,1,17070,United Kingdom,1,Promising
4662,27,13,3793.71,291.82384615384615,9.165876777251183,656,2011-11-11 16:31:00,2010-01-24 13:05:00,0,1,17071,United Kingdom,0,Champions
4663,624,1,273.35,273.35,10.095238095238097,0,2010-03-24 16:33:00,2010-03-24 16:33:00,1,0,17072,United Kingdom,3,At Risk / Lapsed
4664,17,4,1444.84,361.21,4.381502890173411,91,2011-11-22 11:47:00,2011-08-22 14:37:00,0,1,17073,United Kingdom,2,Loyal Customers
4665,562,1,203.05,203.05,4.75,0,2010-05-26 12:04:00,2010-05-26 12:04:00,1,0,17074,United Kingdom,3,At Risk / Lapsed
4666,17,10,2236.63,223.663,3.944723618090453,708,2011-11-22 11:58:00,2009-12-14 11:24:00,0,1,17075,United Kingdom,2,Loyal Customers
4667,35,6,1242.75,207.125,10.28,699,2011-11-03 17:53:00,2009-12-04 12:12:00,0,1,17076,United Kingdom,2,Loyal Customers
4668,577,1,306.0,306.0,36.0,0,2010-05-10 16:36:00,2010-05-10 16:36:00,1,0,17077,United Kingdom,3,At Risk / Lapsed
4669,35,2,375.86,187.93,28.96296296296296,0,2011-11-03 19:17:00,2011-11-03 18:49:00,0,1,17078,United Kingdom,1,Promising
4670,77,1,118.8,118.8,12.0,0,2011-09-22 15:34:00,2011-09-22 15:34:00,0,0,17079,United Kingdom,1,Promising
4671,21,7,957.53,136.79,17.242424242424242,503,2011-11-17 12:59:00,2010-07-01 16:03:00,0,1,17080,United Kingdom,2,Loyal Customers
4672,24,6,949.39,158.23166666666663,1.8405797101449275,629,2011-11-14 12:56:00,2010-02-22 13:19:00,0,1,17081,United Kingdom,2,Loyal Customers
4673,32,6,4732.03,788.6716666666666,14.858823529411763,691,2011-11-06 15:17:00,2009-12-15 11:25:00,0,1,17082,United Kingdom,2,Loyal Customers
4674,108,9,4049.79,449.9766666666667,17.0,559,2011-08-22 15:43:00,2010-02-09 11:46:00,1,1,17083,United Kingdom,0,Champions
4675,34,3,5001.21,1667.07,11.309608540925266,361,2011-11-04 14:54:00,2010-11-08 14:20:00,0,1,17084,United Kingdom,2,Loyal Customers
4676,122,28,7839.27,279.9739285714286,3.607106598984772,610,2011-08-08 14:15:00,2009-12-06 12:16:00,1,1,17085,United Kingdom,0,Champions
4677,6,6,2050.08,341.68,19.36458333333333,56,2011-12-02 13:54:00,2011-10-07 11:22:00,0,1,17086,United Kingdom,2,Loyal Customers
4678,737,1,221.53,221.53,9.416666666666666,0,2009-12-02 10:41:00,2009-12-02 10:41:00,1,0,17087,United Kingdom,3,At Risk / Lapsed
4679,27,4,1991.01,497.7525,7.547826086956522,225,2011-11-11 14:23:00,2011-03-31 09:48:00,0,1,17088,United Kingdom,2,Loyal Customers
4680,385,1,128.45,128.45,8.75,0,2010-11-18 15:33:00,2010-11-18 15:33:00,1,0,17089,United Kingdom,3,At Risk / Lapsed
4681,3,13,3080.1800000000003,236.9369230769231,14.933333333333334,503,2011-12-05 13:44:00,2010-07-19 16:02:00,0,1,17090,United Kingdom,0,Champions
4682,2,19,7789.2,409.9578947368421,8.19017094017094,720,2011-12-07 10:43:00,2009-12-16 15:45:00,0,1,17091,United Kingdom,0,Champions
4683,49,11,5511.41,501.0372727272727,9.612244897959185,625,2011-10-20 19:51:00,2010-02-02 16:42:00,0,1,17092,United Kingdom,0,Champions
4684,592,1,235.88,235.88,8.76923076923077,0,2010-04-26 10:22:00,2010-04-26 10:22:00,1,0,17093,United Kingdom,3,At Risk / Lapsed
4685,321,2,402.2000000000001,201.1,11.77777777777778,101,2011-01-21 13:09:00,2010-10-12 10:48:00,1,1,17094,United Kingdom,3,At Risk / Lapsed
4686,22,7,2572.25,367.4642857142857,12.372262773722628,701,2011-11-17 12:21:00,2009-12-15 12:32:00,0,1,17095,United Kingdom,2,Loyal Customers
4687,14,11,3697.93,336.17545454545456,7.604878048780487,540,2011-11-24 15:01:00,2010-06-02 14:48:00,0,1,17096,United Kingdom,0,Champions
4688,1,9,1318.08,146.45333333333332,2.1140065146579805,428,2011-12-07 17:05:00,2010-10-05 14:09:00,0,1,17097,Spain,2,Loyal Customers
4689,381,3,591.0699999999999,197.0233333333333,6.944444444444445,159,2010-11-23 12:13:00,2010-06-17 10:30:00,1,1,17098,United Kingdom,3,At Risk / Lapsed
4690,532,1,582.17,582.17,7.925,0,2010-06-24 16:25:00,2010-06-24 16:25:00,1,0,17099,United Kingdom,3,At Risk / Lapsed
4691,17,2,971.74,485.87,12.307692307692308,0,2011-11-21 16:36:00,2011-11-21 16:36:00,0,1,17100,United Kingdom,1,Promising
4692,9,7,2507.05,358.15000000000003,16.095890410958905,539,2011-11-29 13:57:00,2010-06-07 15:12:00,0,1,17101,United Kingdom,2,Loyal Customers
4693,261,1,25.5,25.5,2.0,0,2011-03-23 10:08:00,2011-03-23 10:08:00,1,0,17102,United Kingdom,1,Promising
4694,721,1,424.3,424.3,14.71875,0,2009-12-17 14:08:00,2009-12-17 14:08:00,1,0,17103,United Kingdom,3,At Risk / Lapsed
4695,423,1,474.03,474.03,7.842105263157895,0,2010-10-12 12:21:00,2010-10-12 12:21:00,1,0,17104,United Kingdom,3,At Risk / Lapsed
4696,158,2,665.78,332.89,7.7,147,2011-07-03 15:53:00,2011-02-06 14:46:00,1,1,17105,United Kingdom,1,Promising
4697,388,1,481.58,481.58,3.0,0,2010-11-15 14:11:00,2010-11-15 14:11:00,1,0,17106,United Kingdom,3,At Risk / Lapsed
4698,32,10,16052.72,1605.272,11.238805970149254,643,2011-11-06 14:14:00,2010-01-31 15:47:00,0,1,17107,United Kingdom,0,Champions
4699,663,1,174.95,174.95,3.4444444444444446,0,2010-02-14 12:22:00,2010-02-14 12:22:00,1,0,17108,United Kingdom,3,At Risk / Lapsed
4700,28,8,1291.71,161.46375,5.669064748201439,468,2011-11-10 16:59:00,2010-07-30 12:42:00,0,1,17109,United Kingdom,2,Loyal Customers
4701,164,3,499.9,166.63333333333333,2.7755102040816326,444,2011-06-27 12:58:00,2010-04-08 13:32:00,1,1,17110,United Kingdom,1,Promising
4702,46,2,459.58,229.79,12.104166666666666,378,2011-10-23 15:59:00,2010-10-10 15:21:00,0,1,17111,United Kingdom,1,Promising
4703,502,1,197.57,197.57,2.765957446808511,0,2010-07-25 11:14:00,2010-07-25 11:14:00,1,0,17112,United Kingdom,3,At Risk / Lapsed
4704,573,6,2305.59,384.265,5.778481012658228,123,2010-05-14 13:59:00,2010-01-11 10:14:00,1,1,17113,United Kingdom,3,At Risk / Lapsed
4705,5,8,801.12,100.14,1.7479674796747968,329,2011-12-04 12:17:00,2011-01-09 11:39:00,0,1,17114,United Kingdom,2,Loyal Customers
4706,7,7,2761.49,394.4985714285714,7.375,726,2011-12-01 14:30:00,2009-12-05 12:13:00,0,1,17115,United Kingdom,2,Loyal Customers
4707,647,1,389.78,389.78,8.340425531914894,0,2010-03-01 16:29:00,2010-03-01 16:29:00,1,0,17116,United Kingdom,3,At Risk / Lapsed
4708,287,1,116.2,116.2,7.555555555555555,0,2011-02-24 13:54:00,2011-02-24 13:54:00,1,0,17117,United Kingdom,1,Promising
4709,317,1,157.02,157.02,15.4,0,2011-01-26 12:19:00,2011-01-26 12:19:00,1,0,17118,United Kingdom,3,At Risk / Lapsed
4710,2,2,606.91,303.455,9.542857142857144,56,2011-12-06 14:40:00,2011-10-11 11:03:00,0,1,17119,United Kingdom,1,Promising
4711,232,1,307.46,307.46,6.666666666666667,0,2011-04-20 15:21:00,2011-04-20 15:21:00,1,0,17120,United Kingdom,1,Promising
4712,402,1,314.74,314.74,8.833333333333334,0,2010-11-02 11:47:00,2010-11-02 11:47:00,1,0,17121,United Kingdom,3,At Risk / Lapsed
4713,118,4,570.5,142.625,12.266666666666667,380,2011-08-12 14:33:00,2010-07-28 09:34:00,1,1,17122,United Kingdom,2,Loyal Customers
4714,161,3,966.67,322.2233333333333,15.5,410,2011-07-01 10:47:00,2010-05-16 11:52:00,1,1,17123,United Kingdom,2,Loyal Customers
4715,184,1,294.24,294.24,4.161290322580645,0,2011-06-07 14:02:00,2011-06-07 14:02:00,1,0,17124,United Kingdom,1,Promising
4716,49,1,230.5,230.5,8.028571428571428,0,2011-10-20 14:41:00,2011-10-20 14:41:00,0,0,17125,United Kingdom,1,Promising
4717,151,9,2008.93,223.21444444444444,3.1981981981981984,313,2011-07-10 13:52:00,2010-08-31 13:41:00,1,1,17126,United Kingdom,2,Loyal Customers
4718,428,5,1155.0300000000002,231.00600000000003,9.18918918918919,306,2010-10-07 09:54:00,2009-12-04 15:18:00,1,1,17127,United Kingdom,3,At Risk / Lapsed
4719,334,1,157.09,157.09,5.428571428571429,0,2011-01-09 12:02:00,2011-01-09 12:02:00,1,0,17128,United Kingdom,3,At Risk / Lapsed
4720,519,1,31.85,31.85,2.5,0,2010-07-07 13:46:00,2010-07-07 13:46:00,1,0,17129,United Kingdom,3,At Risk / Lapsed
4721,4,5,2463.17,492.634,7.335820895522388,70,2011-12-04 12:52:00,2011-09-25 12:42:00,0,1,17131,United Kingdom,2,Loyal Customers
4722,451,2,1220.91,610.4549999999999,13.56338028169014,36,2010-09-13 16:31:00,2010-08-08 13:49:00,1,1,17132,United Kingdom,3,At Risk / Lapsed
4723,15,12,14622.33,1218.5275,180.4821428571429,612,2011-11-24 12:27:00,2010-03-21 12:31:00,0,1,17133,United Kingdom,0,Champions
4724,106,3,625.3,208.4333333333333,4.0,335,2011-08-25 09:53:00,2010-09-23 18:32:00,1,1,17134,United Kingdom,1,Promising
4725,15,10,1931.96,193.196,12.609271523178808,563,2011-11-23 16:48:00,2010-05-09 16:03:00,0,1,17135,United Kingdom,2,Loyal Customers
4726,661,1,231.68,231.68,18.285714285714285,0,2010-02-15 13:13:00,2010-02-15 13:13:00,1,0,17136,United Kingdom,3,At Risk / Lapsed
4727,415,6,1099.81,183.30166666666665,4.07185628742515,261,2010-10-19 14:51:00,2010-01-31 12:27:00,1,1,17137,United Kingdom,2,Loyal Customers
4728,275,7,4417.27,631.0385714285715,7.90625,397,2011-03-09 11:54:00,2010-02-04 14:19:00,1,1,17138,United Kingdom,2,Loyal Customers
4729,15,25,19566.76,782.6704,12.194306930693068,681,2011-11-24 10:12:00,2010-01-11 11:31:00,0,1,17139,United Kingdom,0,Champions
4730,246,1,454.12,454.12,16.444444444444443,0,2011-04-06 13:33:00,2011-04-06 13:33:00,1,0,17140,United Kingdom,1,Promising
4731,417,4,727.58,181.895,2.611111111111111,266,2010-10-17 14:54:00,2010-01-24 14:19:00,1,1,17141,United Kingdom,3,At Risk / Lapsed
4732,238,4,1275.25,318.8125,3.617977528089888,445,2011-04-14 18:22:00,2010-01-24 15:23:00,1,1,17142,United Kingdom,2,Loyal Customers
4733,416,2,880.97,440.485,2.8035714285714284,98,2010-10-18 15:27:00,2010-07-12 13:26:00,1,1,17143,United Kingdom,3,At Risk / Lapsed
4734,0,2,984.57,492.285,10.0625,83,2011-12-08 17:57:00,2011-09-16 12:50:00,0,1,17144,United Kingdom,1,Promising
4735,512,4,3120.91,780.2275,14.394444444444444,145,2010-07-15 09:02:00,2010-02-19 12:07:00,1,1,17145,United Kingdom,3,At Risk / Lapsed
4736,105,13,5852.64,450.20307692307694,7.269102990033223,570,2011-08-26 12:44:00,2010-02-02 09:39:00,1,1,17146,United Kingdom,0,Champions
4737,22,9,3199.95,355.54999999999995,9.617647058823527,675,2011-11-17 12:32:00,2010-01-11 09:38:00,0,1,17147,United Kingdom,2,Loyal Customers
4738,51,1,124.88,124.88,9.11111111111111,0,2011-10-19 09:59:00,2011-10-19 09:59:00,0,0,17148,United Kingdom,1,Promising
4739,450,1,143.10000000000002,143.10000000000002,3.0,0,2010-09-14 14:56:00,2010-09-14 14:56:00,1,0,17149,United Kingdom,3,At Risk / Lapsed
4740,376,6,1357.95,226.325,4.315217391304348,357,2010-11-28 11:27:00,2009-12-06 10:51:00,1,1,17150,United Kingdom,2,Loyal Customers
4741,734,1,231.90000000000003,231.90000000000003,10.5,0,2009-12-04 14:56:00,2009-12-04 14:56:00,1,0,17151,United Kingdom,3,At Risk / Lapsed
4742,194,4,2016.5,504.125,36.0625,230,2011-05-29 12:19:00,2010-10-10 12:40:00,1,1,17152,United Kingdom,2,Loyal Customers
4743,23,1,213.78,213.78,7.428571428571429,0,2011-11-15 13:42:00,2011-11-15 13:42:00,0,0,17153,United Kingdom,1,Promising
4744,74,1,329.34,329.34,21.30434782608696,0,2011-09-25 13:42:00,2011-09-25 13:42:00,0,0,17154,United Kingdom,1,Promising
4745,17,7,892.46,127.49428571428572,13.52054794520548,719,2011-11-22 12:38:00,2009-12-03 11:34:00,0,1,17155,United Kingdom,2,Loyal Customers
4746,491,1,591.87,591.87,10.025641025641026,0,2010-08-05 11:30:00,2010-08-05 11:30:00,1,0,17156,United Kingdom,3,At Risk / Lapsed
4747,7,19,5151.9,271.15263157894736,14.836879432624114,727,2011-12-02 09:10:00,2009-12-04 13:00:00,0,1,17157,United Kingdom,0,Champions
4748,31,5,1980.0,396.0,10.150442477876108,609,2011-11-07 15:15:00,2010-03-07 15:50:00,0,1,17158,United Kingdom,2,Loyal Customers
4749,21,5,2099.59,419.918,10.36923076923077,623,2011-11-18 10:52:00,2010-03-04 14:53:00,0,1,17159,United Kingdom,2,Loyal Customers
4750,30,17,10209.16,600.5388235294117,12.887864823348696,704,2011-11-08 14:05:00,2009-12-04 10:57:00,0,1,17160,United Kingdom,0,Champions
4751,443,1,856.01,856.01,10.326923076923077,0,2010-09-21 16:44:00,2010-09-21 16:44:00,1,0,17161,United Kingdom,3,At Risk / Lapsed
4752,28,10,1715.46,171.546,9.625,276,2011-11-11 11:34:00,2011-02-07 12:27:00,0,1,17162,United Kingdom,2,Loyal Customers
4753,21,4,699.78,174.945,17.7,653,2011-11-18 08:57:00,2010-02-02 10:39:00,0,1,17163,United Kingdom,2,Loyal Customers
4754,32,7,2467.35,352.4785714285714,10.42361111111111,240,2011-11-07 09:14:00,2011-03-11 14:26:00,0,1,17164,United Kingdom,2,Loyal Customers
4755,283,6,1794.32,299.05333333333334,7.88,444,2011-02-28 16:39:00,2009-12-11 09:18:00,1,1,17165,United Kingdom,2,Loyal Customers
4756,38,2,206.34,103.17,6.5,165,2011-11-01 09:46:00,2011-05-20 08:18:00,0,1,17166,United Kingdom,1,Promising
4757,379,3,867.11,289.0366666666667,5.430379746835443,65,2010-11-25 10:05:00,2010-09-20 14:02:00,1,1,17167,United Kingdom,3,At Risk / Lapsed
4758,498,1,400.2,400.2,10.476190476190476,0,2010-07-29 12:33:00,2010-07-29 12:33:00,1,0,17168,United Kingdom,3,At Risk / Lapsed
4759,57,3,1156.73,385.57666666666665,8.946666666666667,520,2011-10-13 10:25:00,2010-05-10 13:00:00,0,1,17169,United Kingdom,2,Loyal Customers
4760,373,2,178.68,89.34,15.2,14,2010-11-30 15:55:00,2010-11-15 16:23:00,1,1,17170,United Kingdom,3,At Risk / Lapsed
4761,288,2,384.59,192.295,9.0,372,2011-02-23 16:37:00,2010-02-16 12:02:00,1,1,17171,United Kingdom,1,Promising
4762,78,3,956.57,318.8566666666666,31.153846153846157,647,2011-09-22 09:36:00,2009-12-13 11:46:00,0,1,17172,United Kingdom,2,Loyal Customers
4763,4,8,3766.6,470.825,13.046511627906977,125,2011-12-04 14:40:00,2011-07-31 15:26:00,0,1,17173,United Kingdom,2,Loyal Customers
4764,217,1,59.9,59.9,10.25,0,2011-05-06 11:47:00,2011-05-06 11:47:00,1,0,17174,United Kingdom,1,Promising
4765,43,4,1443.69,360.9225,13.746031746031743,252,2011-10-26 15:31:00,2011-02-16 14:56:00,0,1,17175,United Kingdom,2,Loyal Customers
4766,201,3,902.32,300.7733333333333,13.714285714285714,475,2011-05-22 12:41:00,2010-01-31 15:49:00,1,1,17176,United Kingdom,2,Loyal Customers
4767,504,1,119.5,119.5,1.3793103448275863,0,2010-07-22 14:53:00,2010-07-22 14:53:00,1,0,17177,United Kingdom,3,At Risk / Lapsed
4768,730,1,432.96,432.96,3.225806451612903,0,2009-12-08 16:20:00,2009-12-08 16:20:00,1,0,17178,United Kingdom,3,At Risk / Lapsed
4769,177,6,1507.26,251.21,3.9556962025316458,384,2011-06-14 16:48:00,2010-05-26 11:22:00,1,1,17179,United Kingdom,2,Loyal Customers
4770,55,11,2236.77,203.34272727272727,4.5225,630,2011-10-14 15:46:00,2010-01-21 17:43:00,0,1,17180,United Kingdom,2,Loyal Customers
4771,56,3,465.37,155.1233333333333,16.133333333333333,538,2011-10-13 14:48:00,2010-04-23 11:21:00,0,1,17181,United Kingdom,1,Promising
4772,422,2,321.3,160.65,9.0,295,2010-10-13 10:09:00,2009-12-21 15:22:00,1,1,17182,United Kingdom,3,At Risk / Lapsed
4773,7,6,3347.31,557.885,17.753424657534246,97,2011-12-02 10:07:00,2011-08-26 15:25:00,0,1,17183,United Kingdom,2,Loyal Customers
4774,568,2,198.41000000000005,99.205,5.214285714285714,161,2010-05-19 14:24:00,2009-12-09 14:17:00,1,1,17184,United Kingdom,3,At Risk / Lapsed
4775,591,3,229.46,76.48666666666666,2.7045454545454546,6,2010-04-27 12:15:00,2010-04-20 13:49:00,1,1,17185,United Kingdom,3,At Risk / Lapsed
4776,46,2,144.0,72.0,100.0,13,2011-10-24 10:20:00,2011-10-10 12:52:00,0,1,17186,United Kingdom,1,Promising
4777,226,2,467.71,233.855,18.52173913043478,299,2011-04-27 12:39:00,2010-07-01 14:38:00,1,1,17187,United Kingdom,1,Promising
4778,10,13,4592.93,353.3023076923077,14.936046511627907,719,2011-11-28 13:53:00,2009-12-08 19:16:00,0,1,17188,United Kingdom,0,Champions
4779,105,5,953.63,190.726,5.008333333333334,631,2011-08-25 19:39:00,2009-12-02 11:45:00,1,1,17189,United Kingdom,2,Loyal Customers
4780,58,7,1724.73,246.39,11.77659574468085,585,2011-10-12 11:33:00,2010-03-05 13:21:00,0,1,17190,United Kingdom,2,Loyal Customers
4781,27,15,4820.45,321.36333333333334,4.442882249560633,710,2011-11-11 16:58:00,2009-12-01 16:34:00,0,1,17191,United Kingdom,0,Champions
4782,535,1,75.28,75.28,2.25,0,2010-06-21 16:07:00,2010-06-21 16:07:00,1,0,17192,United Kingdom,3,At Risk / Lapsed
4783,35,9,2310.04,256.6711111111111,37.90909090909091,702,2011-11-04 12:47:00,2009-12-02 10:02:00,0,1,17193,United Kingdom,2,Loyal Customers
4784,360,2,776.66,388.33,7.245614035087719,169,2010-12-14 12:06:00,2010-06-27 13:16:00,1,1,17194,United Kingdom,3,At Risk / Lapsed
4785,654,1,562.98,562.98,15.67741935483871,0,2010-02-22 13:05:00,2010-02-22 13:05:00,1,0,17195,United Kingdom,3,At Risk / Lapsed
4786,427,1,327.75,327.75,1.6559139784946235,0,2010-10-08 11:31:00,2010-10-08 11:31:00,1,0,17196,United Kingdom,3,At Risk / Lapsed
4787,29,1,1013.01,1013.01,6.586206896551724,0,2011-11-10 10:32:00,2011-11-10 10:32:00,0,0,17197,United Kingdom,1,Promising
4788,23,3,1213.88,404.6266666666667,3.46242774566474,347,2011-11-16 10:39:00,2010-12-03 14:54:00,0,1,17198,United Kingdom,2,Loyal Customers
4789,581,1,135.04000000000002,135.04000000000002,29.0,0,2010-05-06 13:53:00,2010-05-06 13:53:00,1,0,17199,United Kingdom,3,At Risk / Lapsed
4790,386,4,356.71,89.1775,14.68,264,2010-11-17 13:04:00,2010-02-25 13:23:00,1,1,17200,United Kingdom,3,At Risk / Lapsed
4791,53,4,1132.6,283.15,5.758823529411765,613,2011-10-17 11:55:00,2010-02-10 12:26:00,0,1,17201,United Kingdom,2,Loyal Customers
4792,420,1,160.65,160.65,6.875,0,2010-10-15 11:25:00,2010-10-15 11:25:00,1,0,17202,United Kingdom,3,At Risk / Lapsed
4793,35,10,5564.09,556.409,17.613026819923373,352,2011-11-04 12:27:00,2010-11-16 12:52:00,0,1,17203,United Kingdom,0,Champions
4794,174,9,5504.6900000000005,611.6322222222223,14.977401129943503,372,2011-06-17 14:46:00,2010-06-10 11:37:00,1,1,17204,United Kingdom,0,Champions
4795,53,3,999.35,333.1166666666667,63.25714285714286,510,2011-10-17 12:46:00,2010-05-24 15:36:00,0,1,17205,United Kingdom,2,Loyal Customers
4796,52,1,204.24,204.24,10.857142857142858,0,2011-10-17 13:25:00,2011-10-17 13:25:00,0,0,17206,United Kingdom,1,Promising
4797,651,1,291.77,291.77,3.9322033898305087,0,2010-02-25 19:08:00,2010-02-25 19:08:00,1,0,17207,United Kingdom,3,At Risk / Lapsed
4798,395,1,111.15,111.15,4.391304347826087,0,2010-11-09 12:50:00,2010-11-09 12:50:00,1,0,17208,United Kingdom,3,At Risk / Lapsed
4799,648,3,595.7,198.5666666666667,19.026315789473685,87,2010-02-28 16:01:00,2009-12-03 11:10:00,1,1,17209,United Kingdom,3,At Risk / Lapsed
4800,392,1,251.72,251.72,4.566037735849057,0,2010-11-12 12:15:00,2010-11-12 12:15:00,1,0,17210,United Kingdom,3,At Risk / Lapsed
4801,26,13,4046.65,311.28076923076924,6.220159151193634,699,2011-11-13 12:03:00,2009-12-13 13:17:00,0,1,17211,United Kingdom,0,Champions
4802,252,3,794.41,264.80333333333334,25.06896551724138,233,2011-03-31 19:42:00,2010-08-10 09:22:00,1,1,17212,United Kingdom,2,Loyal Customers
4803,39,13,5182.3,398.6384615384616,7.754448398576512,684,2011-10-30 14:53:00,2009-12-15 10:28:00,0,1,17213,United Kingdom,0,Champions
4804,59,6,1059.12,176.52,2.693069306930693,298,2011-10-10 13:17:00,2010-12-15 15:14:00,0,1,17214,United Kingdom,2,Loyal Customers
4805,463,1,186.15,186.15,9.454545454545457,0,2010-09-01 13:39:00,2010-09-01 13:39:00,1,0,17215,United Kingdom,3,At Risk / Lapsed
4806,553,1,63.6,63.6,1.6153846153846154,0,2010-06-03 13:03:00,2010-06-03 13:03:00,1,0,17216,United Kingdom,3,At Risk / Lapsed
4807,233,2,210.1,105.05,3.4444444444444446,385,2011-04-19 17:19:00,2010-03-30 13:35:00,1,1,17217,United Kingdom,1,Promising
4808,3,18,4176.93,232.05166666666668,4.2215799614643545,678,2011-12-05 13:52:00,2010-01-25 16:12:00,0,1,17218,United Kingdom,0,Champions
4809,31,2,259.13,129.565,3.76,384,2011-11-08 11:25:00,2010-10-19 11:29:00,0,1,17219,United Kingdom,1,Promising
4810,23,21,4451.41,211.9719047619048,3.965722801788376,664,2011-11-15 13:47:00,2010-01-20 11:57:00,0,1,17220,United Kingdom,0,Champions
4811,6,5,976.62,195.324,5.75,599,2011-12-02 13:35:00,2010-04-11 15:34:00,0,1,17221,United Kingdom,2,Loyal Customers
4812,64,6,1563.61,260.6016666666667,7.702702702702703,632,2011-10-05 13:58:00,2010-01-10 15:24:00,0,1,17222,United Kingdom,2,Loyal Customers
4813,309,3,780.88,260.2933333333333,2.237113402061856,64,2011-02-02 15:57:00,2010-11-29 17:19:00,1,1,17223,United Kingdom,3,At Risk / Lapsed
4814,500,1,100.86,100.86,8.125,0,2010-07-26 13:30:00,2010-07-26 13:30:00,1,0,17224,United Kingdom,3,At Risk / Lapsed
4815,581,1,131.15,131.15,7.2,0,2010-05-07 11:38:00,2010-05-07 11:38:00,1,0,17225,United Kingdom,3,At Risk / Lapsed
4816,308,3,895.47,298.49,14.457627118644067,356,2011-02-04 11:52:00,2010-02-12 14:31:00,1,1,17226,United Kingdom,2,Loyal Customers
4817,18,12,2021.18,168.43166666666667,14.298387096774194,674,2011-11-21 10:51:00,2010-01-15 15:05:00,0,1,17227,United Kingdom,0,Champions
4818,15,13,3175.98,244.30615384615385,7.184873949579832,621,2011-11-24 10:24:00,2010-03-12 11:54:00,0,1,17228,United Kingdom,0,Champions
4819,95,2,318.76,159.38,3.9361702127659575,46,2011-09-04 13:56:00,2011-07-20 12:38:00,1,1,17229,United Kingdom,1,Promising
4820,263,18,9388.49,521.5827777777778,17.294930875576036,467,2011-03-20 16:12:00,2009-12-08 13:41:00,1,1,17230,United Kingdom,0,Champions
4821,11,25,7064.8,282.592,3.0649458784346377,719,2011-11-27 15:18:00,2009-12-07 16:38:00,0,1,17231,United Kingdom,0,Champions
4822,2,2,417.77,208.885,5.771428571428571,11,2011-12-07 12:21:00,2011-11-25 12:24:00,0,1,17232,United Kingdom,1,Promising
4823,34,3,560.86,186.95333333333332,5.137931034482759,689,2011-11-04 14:06:00,2009-12-15 12:03:00,0,1,17233,United Kingdom,1,Promising
4824,182,1,149.89,149.89,3.928571428571429,0,2011-06-10 11:20:00,2011-06-10 11:20:00,1,0,17234,United Kingdom,1,Promising
4825,24,8,1904.88,238.11,9.808080808080808,527,2011-11-14 15:51:00,2010-06-04 17:01:00,0,1,17235,United Kingdom,2,Loyal Customers
4826,12,12,1929.26,160.77166666666668,5.0886075949367084,629,2011-11-27 12:00:00,2010-03-07 13:00:00,0,1,17236,United Kingdom,0,Champions
4827,10,4,994.13,248.5325,5.2405063291139244,370,2011-11-28 15:02:00,2010-11-23 11:45:00,0,1,17237,United Kingdom,2,Loyal Customers
4828,2,32,7701.26,240.664375,3.0717863105175294,736,2011-12-07 11:35:00,2009-12-01 10:59:00,0,1,17238,United Kingdom,0,Champions
4829,312,4,1189.45,297.3625,16.09375,213,2011-01-31 09:41:00,2010-07-01 10:53:00,1,1,17239,United Kingdom,2,Loyal Customers
4830,595,1,130.6,130.6,15.428571428571429,0,2010-04-22 15:44:00,2010-04-22 15:44:00,1,0,17240,United Kingdom,3,At Risk / Lapsed
4831,384,12,2736.64,228.0533333333333,5.052941176470588,276,2010-11-19 13:01:00,2010-02-15 14:47:00,1,1,17241,United Kingdom,2,Loyal Customers
4832,107,5,2889.28,577.856,17.36904761904762,576,2011-08-23 14:55:00,2010-01-24 10:27:00,1,1,17242,United Kingdom,2,Loyal Customers
4833,0,69,20441.58,296.2547826086957,7.38909426987061,736,2011-12-08 13:26:00,2009-12-01 15:36:00,0,1,17243,United Kingdom,0,Champions
4834,52,5,1826.04,365.208,11.825,680,2011-10-17 15:19:00,2009-12-06 11:27:00,0,1,17244,United Kingdom,2,Loyal Customers
4835,204,2,371.63,185.815,12.28,484,2011-05-19 10:43:00,2010-01-19 15:39:00,1,1,17245,United Kingdom,1,Promising
4836,546,2,38.92,19.46,6.0,191,2010-06-11 12:36:00,2009-12-01 17:45:00,1,1,17246,United Kingdom,3,At Risk / Lapsed
4837,14,1,280.09000000000003,280.09000000000003,1.9444444444444444,0,2011-11-24 15:21:00,2011-11-24 15:21:00,0,0,17247,United Kingdom,1,Promising
4838,119,2,500.54,250.27,2.6538461538461537,361,2011-08-11 13:34:00,2010-08-15 11:55:00,1,1,17248,United Kingdom,1,Promising
4839,428,1,68.03,68.03,2.925925925925926,0,2010-10-07 11:33:00,2010-10-07 11:33:00,1,0,17249,United Kingdom,3,At Risk / Lapsed
4840,3,2,381.97,190.985,2.982142857142857,257,2011-12-06 12:15:00,2011-03-23 16:45:00,0,1,17250,United Kingdom,1,Promising
4841,362,3,798.98,266.32666666666665,4.833333333333333,362,2010-12-12 11:06:00,2009-12-15 10:36:00,1,1,17251,United Kingdom,3,At Risk / Lapsed
4842,116,2,348.91,174.455,2.232558139534884,69,2011-08-15 09:45:00,2011-06-06 16:41:00,1,1,17252,United Kingdom,1,Promising
4843,17,1,178.26,178.26,2.388888888888889,0,2011-11-21 12:59:00,2011-11-21 12:59:00,0,0,17253,United Kingdom,1,Promising
4844,4,3,469.48,156.49333333333334,2.700680272108844,396,2011-12-05 12:46:00,2010-11-03 14:00:00,0,1,17254,United Kingdom,1,Promising
4845,40,4,781.7,195.425,3.2032967032967035,405,2011-10-30 12:18:00,2010-09-19 15:53:00,0,1,17255,United Kingdom,2,Loyal Customers
4846,106,5,498.93,99.786,9.64516129032258,492,2011-08-24 13:30:00,2010-04-18 13:40:00,1,1,17256,United Kingdom,2,Loyal Customers
4847,435,2,189.78,94.89,13.357142857142858,0,2010-09-29 12:51:00,2010-09-29 12:49:00,1,1,17257,United Kingdom,3,At Risk / Lapsed
4848,396,2,417.3,208.65,3.418181818181818,268,2010-11-08 12:37:00,2010-02-12 15:51:00,1,1,17258,United Kingdom,3,At Risk / Lapsed
4849,147,6,1820.34,303.39,3.525641025641025,507,2011-07-14 15:01:00,2010-02-22 13:38:00,1,1,17259,United Kingdom,2,Loyal Customers
4850,410,1,120.95,120.95,3.8333333333333335,0,2010-10-24 13:21:00,2010-10-24 13:21:00,1,0,17260,United Kingdom,3,At Risk / Lapsed
4851,509,1,221.59,221.59,2.2093023255813957,0,2010-07-18 11:49:00,2010-07-18 11:49:00,1,0,17261,United Kingdom,3,At Risk / Lapsed
4852,51,11,2757.62,250.69272727272727,33.76190476190476,672,2011-10-18 12:56:00,2009-12-15 11:26:00,0,1,17262,United Kingdom,0,Champions
4853,207,1,63.440000000000005,63.440000000000005,1.565217391304348,0,2011-05-15 14:32:00,2011-05-15 14:32:00,1,0,17263,United Kingdom,1,Promising
4854,423,1,268.28,268.28,2.9324324324324325,0,2010-10-11 12:52:00,2010-10-11 12:52:00,1,0,17264,United Kingdom,3,At Risk / Lapsed
4855,138,2,550.01,275.005,3.1885245901639343,41,2011-07-24 10:49:00,2011-06-12 12:00:00,1,1,17265,United Kingdom,1,Promising
4856,1,5,501.72,100.344,2.042016806722689,638,2011-12-07 14:12:00,2010-03-09 10:42:00,0,1,17266,United Kingdom,2,Loyal Customers
4857,126,2,317.2,158.6,4.27027027027027,0,2011-08-04 17:22:00,2011-08-04 17:19:00,1,1,17267,United Kingdom,1,Promising
4858,107,11,1733.89,157.62636363636364,46.5,623,2011-08-24 10:06:00,2009-12-08 11:46:00,1,1,17268,United Kingdom,2,Loyal Customers
4859,385,1,491.81,491.81,2.512,0,2010-11-19 11:12:00,2010-11-19 11:12:00,1,0,17269,United Kingdom,3,At Risk / Lapsed
4860,468,2,601.4499999999999,300.725,8.75,262,2010-08-27 14:09:00,2009-12-07 17:18:00,1,1,17270,United Kingdom,3,At Risk / Lapsed
4861,735,1,204.3,204.3,2.3541666666666665,0,2009-12-03 13:49:00,2009-12-03 13:49:00,1,0,17271,United Kingdom,3,At Risk / Lapsed
4862,41,4,2148.63,537.1575,15.596491228070176,220,2011-10-28 16:37:00,2011-03-22 12:05:00,0,1,17272,United Kingdom,2,Loyal Customers
4863,423,1,141.12,141.12,11.083333333333334,0,2010-10-11 15:57:00,2010-10-11 15:57:00,1,0,17273,United Kingdom,3,At Risk / Lapsed
4864,34,2,573.22,286.61,3.51948051948052,360,2011-11-04 13:16:00,2010-11-09 12:06:00,0,1,17274,United Kingdom,1,Promising
4865,382,1,114.1,114.1,3.0869565217391304,0,2010-11-21 13:26:00,2010-11-21 13:26:00,1,0,17275,United Kingdom,3,At Risk / Lapsed
4866,401,1,501.24,501.24,3.576923076923077,0,2010-11-02 16:20:00,2010-11-02 16:20:00,1,0,17276,United Kingdom,3,At Risk / Lapsed
4867,227,2,1065.35,532.6750000000001,6.231884057971015,95,2011-04-26 12:47:00,2011-01-21 12:37:00,1,1,17277,United Kingdom,1,Promising
4868,240,2,271.24,135.62,11.470588235294118,323,2011-04-12 13:10:00,2010-05-23 13:49:00,1,1,17278,United Kingdom,1,Promising
4869,57,1,187.83,187.83,5.333333333333333,0,2011-10-13 11:58:00,2011-10-13 11:58:00,0,0,17279,United Kingdom,1,Promising
4870,437,1,118.86,118.86,12.333333333333334,0,2010-09-27 16:46:00,2010-09-27 16:46:00,1,0,17280,United Kingdom,3,At Risk / Lapsed
4871,373,6,797.8499999999999,132.975,49.16666666666666,299,2010-11-30 18:05:00,2010-02-04 13:00:00,1,1,17281,United Kingdom,2,Loyal Customers
4872,129,5,2308.54,461.708,11.431372549019608,418,2011-08-01 14:29:00,2010-06-09 12:07:00,1,1,17282,United Kingdom,2,Loyal Customers
4873,378,1,188.46,188.46,11.933333333333334,0,2010-11-26 11:53:00,2010-11-26 11:53:00,1,0,17283,United Kingdom,3,At Risk / Lapsed
4874,59,7,2558.6,365.5142857142857,5.559139784946237,328,2011-10-10 14:38:00,2010-11-15 17:14:00,0,1,17284,United Kingdom,2,Loyal Customers
4875,627,2,400.44,200.22,3.069767441860465,34,2010-03-21 13:38:00,2010-02-14 14:10:00,1,1,17285,United Kingdom,3,At Risk / Lapsed
4876,21,3,389.18,129.72666666666666,4.088888888888889,378,2011-11-18 12:47:00,2010-11-04 13:43:00,0,1,17286,United Kingdom,1,Promising
4877,25,21,4049.56,192.83619047619047,4.25360824742268,710,2011-11-13 13:27:00,2009-12-03 12:45:00,0,1,17287,United Kingdom,0,Champions
4878,8,11,2468.43,224.40272727272725,5.899305555555555,385,2011-11-30 16:09:00,2010-11-10 14:44:00,0,1,17288,United Kingdom,0,Champions
4879,31,9,2041.8,226.86666666666667,4.650375939849624,609,2011-11-08 12:01:00,2010-03-08 12:52:00,0,1,17289,United Kingdom,2,Loyal Customers
4880,3,8,1427.48,178.435,5.102564102564102,722,2011-12-06 12:38:00,2009-12-13 13:28:00,0,1,17290,United Kingdom,2,Loyal Customers
4881,307,1,550.8000000000001,550.8000000000001,72.0,0,2011-02-04 13:04:00,2011-02-04 13:04:00,1,0,17291,United Kingdom,3,At Risk / Lapsed
4882,471,2,271.75,135.875,8.733333333333333,107,2010-08-24 17:14:00,2010-05-09 14:52:00,1,1,17292,United Kingdom,3,At Risk / Lapsed
4883,7,17,3750.63,220.62529411764703,9.244813278008298,727,2011-12-01 14:37:00,2009-12-03 15:09:00,0,1,17293,United Kingdom,0,Champions
4884,668,2,467.79,233.895,17.470588235294116,0,2010-02-08 16:12:00,2010-02-08 14:21:00,1,1,17294,United Kingdom,3,At Risk / Lapsed
4885,28,3,547.0,182.33333333333331,4.3088235294117645,35,2011-11-11 10:49:00,2011-10-06 12:22:00,0,1,17295,United Kingdom,1,Promising
4886,729,1,338.13,338.13,6.545454545454546,0,2009-12-09 14:01:00,2009-12-09 14:01:00,1,0,17296,United Kingdom,3,At Risk / Lapsed
4887,16,1,128.18,128.18,1.326530612244898,0,2011-11-22 14:43:00,2011-11-22 14:43:00,0,0,17297,United Kingdom,1,Promising
4888,100,5,938.36,187.672,12.5,540,2011-08-30 16:43:00,2010-03-08 08:56:00,1,1,17298,United Kingdom,2,Loyal Customers
4889,11,6,993.23,165.53833333333333,8.132743362831858,469,2011-11-28 12:01:00,2010-08-15 16:00:00,0,1,17299,United Kingdom,2,Loyal Customers
4890,390,2,393.64,196.82,10.613636363636363,90,2010-11-14 10:56:00,2010-08-15 11:02:00,1,1,17300,United Kingdom,3,At Risk / Lapsed
4891,20,2,294.39,147.195,1.9115044247787607,603,2011-11-18 13:43:00,2010-03-25 13:16:00,0,1,17301,United Kingdom,1,Promising
4892,14,5,1135.63,227.12600000000003,7.2784810126582276,290,2011-11-25 09:36:00,2011-02-07 10:14:00,0,1,17302,United Kingdom,2,Loyal Customers
4893,360,1,250.04,250.04,2.7169811320754715,0,2010-12-13 13:32:00,2010-12-13 13:32:00,1,0,17303,United Kingdom,3,At Risk / Lapsed
4894,533,1,111.5,111.5,14.6,0,2010-06-23 16:23:00,2010-06-23 16:23:00,1,0,17304,United Kingdom,3,At Risk / Lapsed
4895,648,1,2135.46,2135.46,111.77777777777776,0,2010-03-01 12:47:00,2010-03-01 12:47:00,1,0,17305,United Kingdom,3,At Risk / Lapsed
4896,10,21,9782.35,465.8261904761905,190.93055555555557,393,2011-11-29 12:14:00,2010-11-01 11:38:00,0,1,17306,United Kingdom,0,Champions
4897,394,11,3999.89,363.6263636363637,76.39583333333333,293,2010-11-09 13:40:00,2010-01-19 16:38:00,1,1,17307,United Kingdom,2,Loyal Customers
4898,392,2,4511.76,2255.88,735.4285714285714,59,2010-11-11 13:19:00,2010-09-13 09:35:00,1,1,17308,United Kingdom,2,Loyal Customers
4899,94,3,320.39,106.79666666666668,5.027777777777778,577,2011-09-05 15:20:00,2010-02-04 15:49:00,1,1,17309,United Kingdom,1,Promising
4900,386,2,1025.1,512.55,201.0,147,2010-11-17 16:00:00,2010-06-23 11:38:00,1,1,17310,United Kingdom,3,At Risk / Lapsed
4901,77,6,3566.56,594.4266666666666,21.69291338582677,596,2011-09-22 14:11:00,2010-02-03 12:38:00,0,1,17311,United Kingdom,2,Loyal Customers
4902,138,3,644.3,214.76666666666665,26.571428571428573,20,2011-07-24 11:52:00,2011-07-03 13:12:00,1,1,17312,United Kingdom,1,Promising
4903,30,1,2328.84,2328.84,58.41666666666666,0,2011-11-08 15:45:00,2011-11-08 15:45:00,0,0,17313,United Kingdom,2,Loyal Customers
4904,24,17,4904.43,288.4958823529412,14.30859375,711,2011-11-15 09:41:00,2009-12-03 11:25:00,0,1,17314,United Kingdom,0,Champions
4905,1,41,9559.5,233.15853658536585,6.803763440860215,436,2011-12-08 12:15:00,2010-09-27 12:45:00,0,1,17315,United Kingdom,0,Champions
4906,419,1,124.45,124.45,1.2571428571428571,0,2010-10-15 14:35:00,2010-10-15 14:35:00,1,0,17316,United Kingdom,3,At Risk / Lapsed
4907,45,3,2600.34,866.7800000000001,127.33333333333331,43,2011-10-24 17:19:00,2011-09-11 12:45:00,0,1,17317,United Kingdom,2,Loyal Customers
4908,724,1,157.32999999999998,157.32999999999998,3.4705882352941178,0,2009-12-14 13:11:00,2009-12-14 13:11:00,1,0,17318,United Kingdom,3,At Risk / Lapsed
4909,668,1,29.1,29.1,4.666666666666667,0,2010-02-08 15:47:00,2010-02-08 15:47:00,1,0,17319,United Kingdom,3,At Risk / Lapsed
4910,99,6,2895.77,482.6283333333333,8.0,586,2011-08-31 13:31:00,2010-01-21 16:29:00,1,1,17320,United Kingdom,2,Loyal Customers
4911,7,6,1665.21,277.535,2.915129151291513,569,2011-12-01 13:41:00,2010-05-11 12:10:00,0,1,17321,United Kingdom,2,Loyal Customers
4912,375,5,922.59,184.518,3.564971751412429,360,2010-11-28 14:41:00,2009-12-03 11:46:00,1,1,17322,United Kingdom,2,Loyal Customers
4913,14,12,1547.64,128.97,4.3090909090909095,683,2011-11-24 17:29:00,2010-01-10 11:58:00,0,1,17323,United Kingdom,2,Loyal Customers
4914,17,12,2298.12,191.51,10.172185430463577,703,2011-11-22 10:34:00,2009-12-18 15:29:00,0,1,17324,United Kingdom,0,Champions
4915,279,3,609.5699999999999,203.19,11.923076923076923,361,2011-03-04 13:09:00,2010-03-08 11:31:00,1,1,17325,United Kingdom,1,Promising
4916,407,2,312.35,156.175,1.5813953488372092,121,2010-10-27 15:38:00,2010-06-28 14:05:00,1,1,17326,United Kingdom,3,At Risk / Lapsed
4917,409,2,152.35,76.175,14.75,152,2010-10-26 09:54:00,2010-05-26 11:20:00,1,1,17327,United Kingdom,3,At Risk / Lapsed
4918,672,1,104.7,104.7,14.333333333333334,0,2010-02-04 17:11:00,2010-02-04 17:11:00,1,0,17328,United Kingdom,3,At Risk / Lapsed
4919,13,5,998.53,199.706,4.134615384615385,721,2011-11-25 14:24:00,2009-12-03 16:09:00,0,1,17329,United Kingdom,2,Loyal Customers
4920,22,4,423.8,105.95,15.25,624,2011-11-17 08:56:00,2010-03-02 09:20:00,0,1,17330,United Kingdom,1,Promising
4921,123,1,175.2,175.2,16.0,0,2011-08-08 11:55:00,2011-08-08 11:55:00,1,0,17331,United Kingdom,1,Promising
4922,527,5,827.77,165.554,8.180851063829786,128,2010-06-29 16:10:00,2010-02-21 14:41:00,1,1,17332,United Kingdom,3,At Risk / Lapsed
4923,85,1,494.25,494.25,13.392857142857142,0,2011-09-15 10:11:00,2011-09-15 10:11:00,0,0,17333,United Kingdom,1,Promising
4924,301,3,635.15,211.71666666666667,18.258064516129032,104,2011-02-10 14:59:00,2010-10-29 12:16:00,1,1,17334,United Kingdom,3,At Risk / Lapsed
4925,383,2,497.04,248.52,5.833333333333333,300,2010-11-21 10:17:00,2010-01-24 11:15:00,1,1,17335,United Kingdom,3,At Risk / Lapsed
4926,471,1,81.12,81.12,48.0,0,2010-08-24 15:37:00,2010-08-24 15:37:00,1,0,17336,United Kingdom,3,At Risk / Lapsed
4927,150,4,1979.61,494.9025,2.396153846153846,158,2011-07-11 14:55:00,2011-02-02 17:06:00,1,1,17337,United Kingdom,2,Loyal Customers
4928,16,17,11880.54,698.8552941176471,4.424405218726017,621,2011-11-22 14:23:00,2010-03-10 16:09:00,0,1,17338,United Kingdom,0,Champions
4929,93,3,362.36,120.78666666666668,13.428571428571429,415,2011-09-06 13:29:00,2010-07-18 13:08:00,1,1,17339,United Kingdom,1,Promising
4930,29,18,22289.22,1238.29,14.609947643979057,633,2011-11-10 10:45:00,2010-02-14 14:54:00,0,1,17340,United Kingdom,0,Champions
4931,156,5,1688.82,337.764,3.0338028169014084,383,2011-07-06 12:33:00,2010-06-17 18:17:00,1,1,17341,United Kingdom,2,Loyal Customers
4932,379,4,1227.54,306.885,14.885714285714286,290,2010-11-25 11:07:00,2010-02-08 09:16:00,1,1,17342,United Kingdom,3,At Risk / Lapsed
4933,354,6,1259.94,209.99,5.675,380,2010-12-19 15:07:00,2009-12-03 18:30:00,1,1,17343,United Kingdom,2,Loyal Customers
4934,45,2,457.36,228.68,2.985074626865672,682,2011-10-24 12:56:00,2009-12-11 12:31:00,0,1,17344,United Kingdom,1,Promising
4935,14,10,1586.63,158.66299999999998,9.607655502392344,722,2011-11-24 15:03:00,2009-12-01 16:17:00,0,1,17345,United Kingdom,2,Loyal Customers
4936,3,26,5125.52,197.13538461538465,3.698529411764706,597,2011-12-06 12:18:00,2010-04-18 12:18:00,0,1,17346,United Kingdom,0,Champions
4937,85,1,228.96,228.96,216.0,0,2011-09-14 13:12:00,2011-09-14 13:12:00,0,0,17347,United Kingdom,1,Promising
4938,14,9,2430.99,270.11,6.204081632653061,624,2011-11-25 11:25:00,2010-03-10 12:13:00,0,1,17348,United Kingdom,2,Loyal Customers
4939,178,5,772.41,154.482,9.08235294117647,452,2011-06-13 14:29:00,2010-03-18 14:26:00,1,1,17349,United Kingdom,2,Loyal Customers
4940,7,7,1893.7,270.5285714285714,8.288732394366198,668,2011-12-01 15:47:00,2010-02-01 15:38:00,0,1,17350,United Kingdom,2,Loyal Customers
4941,35,12,1964.38,163.69833333333335,5.588235294117647,693,2011-11-03 18:45:00,2009-12-10 18:43:00,0,1,17351,United Kingdom,2,Loyal Customers
4942,695,1,36.25,36.25,3.0,0,2010-01-12 16:13:00,2010-01-12 16:13:00,1,0,17352,United Kingdom,3,At Risk / Lapsed
4943,128,4,3242.0,810.5,154.85714285714286,495,2011-08-02 17:19:00,2010-03-25 12:52:00,1,1,17353,United Kingdom,2,Loyal Customers
4944,50,4,3133.96,783.49,25.059405940594058,377,2011-10-20 10:34:00,2010-10-07 13:22:00,0,1,17354,United Kingdom,2,Loyal Customers
4945,385,1,273.31,273.31,7.545454545454546,0,2010-11-18 13:18:00,2010-11-18 13:18:00,1,0,17355,United Kingdom,3,At Risk / Lapsed
4946,311,5,946.47,189.294,10.755813953488373,376,2011-02-01 11:07:00,2010-01-20 12:14:00,1,1,17356,United Kingdom,2,Loyal Customers
4947,23,2,384.39,192.195,3.4545454545454546,0,2011-11-15 16:30:00,2011-11-15 16:29:00,0,1,17357,United Kingdom,1,Promising
4948,302,5,861.01,172.202,2.9452054794520546,350,2011-02-09 16:57:00,2010-02-24 16:42:00,1,1,17358,United Kingdom,2,Loyal Customers
4949,10,2,284.46,142.23,6.2368421052631575,636,2011-11-28 14:37:00,2010-03-01 14:48:00,0,1,17359,United Kingdom,1,Promising
4950,16,6,1200.51,200.085,2.7248908296943237,417,2011-11-22 13:11:00,2010-10-01 12:07:00,0,1,17360,United Kingdom,2,Loyal Customers
4951,48,5,871.79,174.358,6.666666666666667,627,2011-10-21 15:43:00,2010-02-01 14:30:00,0,1,17361,United Kingdom,2,Loyal Customers
4952,238,7,1024.04,146.29142857142855,3.8125,463,2011-04-14 14:43:00,2010-01-06 10:53:00,1,1,17362,United Kingdom,2,Loyal Customers
4953,394,3,920.46,306.82,14.257142857142858,6,2010-11-09 17:11:00,2010-11-02 17:25:00,1,1,17363,United Kingdom,3,At Risk / Lapsed
4954,0,28,11972.92,427.6042857142857,8.256637168141593,731,2011-12-09 09:00:00,2009-12-07 15:28:00,0,1,17364,United Kingdom,0,Champions
4955,12,15,8179.45,545.2966666666666,10.092055485498108,664,2011-11-27 12:13:00,2010-02-01 11:56:00,0,1,17365,United Kingdom,0,Champions
4956,431,2,1077.24,538.62,3.84732824427481,23,2010-10-03 16:04:00,2010-09-09 19:46:00,1,1,17366,United Kingdom,3,At Risk / Lapsed
4957,237,1,167.55,167.55,4.515151515151516,0,2011-04-15 14:21:00,2011-04-15 14:21:00,1,0,17367,United Kingdom,1,Promising
4958,22,14,2758.29,197.0207142857143,10.261061946902656,700,2011-11-16 15:26:00,2009-12-15 17:45:00,0,1,17368,United Kingdom,0,Champions
4959,455,1,979.2,979.2,1152.0,0,2010-09-10 09:49:00,2010-09-10 09:49:00,1,0,17369,United Kingdom,3,At Risk / Lapsed
4960,72,4,446.18,111.545,16.363636363636363,96,2011-09-28 10:14:00,2011-06-23 11:50:00,0,1,17370,United Kingdom,1,Promising
4961,16,6,651.37,108.56166666666668,1.951048951048951,714,2011-11-22 13:30:00,2009-12-08 12:25:00,0,1,17371,United Kingdom,2,Loyal Customers
4962,40,27,4316.46,159.8688888888889,2.8777089783281733,695,2011-10-30 11:37:00,2009-12-03 18:41:00,0,1,17372,United Kingdom,0,Champions
4963,39,7,1167.5,166.78571428571428,8.10989010989011,609,2011-10-30 15:28:00,2010-02-28 14:17:00,0,1,17373,United Kingdom,2,Loyal Customers
4964,218,3,727.11,242.37,3.690476190476191,176,2011-05-05 09:05:00,2010-11-09 17:14:00,1,1,17374,United Kingdom,1,Promising
4965,198,4,660.55,165.1375,5.5813953488372094,232,2011-05-24 15:45:00,2010-10-04 09:14:00,1,1,17375,United Kingdom,2,Loyal Customers
4966,70,4,453.64,113.41,4.4363636363636365,452,2011-09-30 12:36:00,2010-07-05 11:11:00,0,1,17376,United Kingdom,1,Promising
4967,23,78,18227.53,233.68628205128203,4.302405498281787,713,2011-11-16 11:17:00,2009-12-02 12:39:00,0,1,17377,United Kingdom,0,Champions
4968,373,1,10.95,10.95,1.0,0,2010-11-30 18:46:00,2010-11-30 18:46:00,1,0,17378,United Kingdom,3,At Risk / Lapsed
4969,10,1,389.72,389.72,7.987179487179487,0,2011-11-28 13:56:00,2011-11-28 13:56:00,0,0,17379,United Kingdom,1,Promising
4970,433,3,645.0,215.0,25.2,100,2010-10-01 16:42:00,2010-06-23 11:24:00,1,1,17380,United Kingdom,3,At Risk / Lapsed
4971,8,38,40002.37,1052.693947368421,263.0287356321839,539,2011-12-01 11:59:00,2010-06-09 12:55:00,0,1,17381,United Kingdom,0,Champions
4972,64,8,902.28,112.785,25.38888888888889,504,2011-10-05 13:05:00,2010-05-19 11:33:00,0,1,17382,United Kingdom,2,Loyal Customers
4973,3,2,304.09,152.045,3.1372549019607843,449,2011-12-05 17:36:00,2010-09-12 14:54:00,0,1,17383,United Kingdom,1,Promising
4974,18,3,507.55,169.18333333333334,6.05,447,2011-11-20 15:48:00,2010-08-29 16:01:00,0,1,17384,United Kingdom,1,Promising
4975,14,1,256.11,256.11,4.377777777777778,0,2011-11-25 11:02:00,2011-11-25 11:02:00,0,0,17385,United Kingdom,1,Promising
4976,7,7,2812.77,401.82428571428574,51.44736842105263,377,2011-12-02 11:28:00,2010-11-19 13:40:00,0,1,17386,United Kingdom,2,Loyal Customers
4977,19,2,746.81,373.405,6.868421052631579,13,2011-11-20 11:00:00,2011-11-06 11:25:00,0,1,17387,United Kingdom,1,Promising
4978,77,11,2675.37,243.21545454545452,46.45454545454545,651,2011-09-23 10:31:00,2009-12-10 11:45:00,0,1,17388,United Kingdom,0,Champions
4979,0,61,57215.33,937.9562295081968,41.67832167832168,734,2011-12-09 09:38:00,2009-12-04 12:06:00,0,1,17389,United Kingdom,0,Champions
4980,420,1,149.3,149.3,4.083333333333333,0,2010-10-15 11:29:00,2010-10-15 11:29:00,1,0,17390,United Kingdom,3,At Risk / Lapsed
4981,163,2,508.8,254.4,160.0,0,2011-06-29 09:58:00,2011-06-28 12:21:00,1,1,17391,United Kingdom,1,Promising
4982,306,3,579.92,193.30666666666664,6.492753623188406,143,2011-02-06 12:48:00,2010-09-15 16:17:00,1,1,17392,United Kingdom,3,At Risk / Lapsed
4983,410,2,381.15,190.575,4.958333333333333,77,2010-10-25 11:10:00,2010-08-08 15:53:00,1,1,17393,United Kingdom,3,At Risk / Lapsed
4984,218,1,203.87,203.87,60.25,0,2011-05-04 13:22:00,2011-05-04 13:22:00,1,0,17394,United Kingdom,1,Promising
4985,507,1,97.5,97.5,22.0,0,2010-07-19 15:34:00,2010-07-19 15:34:00,1,0,17395,United Kingdom,3,At Risk / Lapsed
4986,38,13,8789.1,676.0846153846154,49.3469387755102,402,2011-10-31 14:12:00,2010-09-24 13:04:00,0,1,17396,United Kingdom,0,Champions
4987,21,3,1198.28,399.4266666666667,5.156716417910448,394,2011-11-17 14:08:00,2010-10-19 13:20:00,0,1,17397,United Kingdom,2,Loyal Customers
4988,114,3,653.38,217.7933333333333,8.157894736842104,140,2011-08-17 09:48:00,2011-03-29 13:04:00,1,1,17398,United Kingdom,1,Promising
4989,125,8,4623.28,577.91,4.658848614072495,595,2011-08-05 15:38:00,2009-12-17 15:41:00,1,1,17400,United Kingdom,2,Loyal Customers
4990,540,1,114.85,114.85,2.833333333333333,0,2010-06-16 16:54:00,2010-06-16 16:54:00,1,0,17401,United Kingdom,3,At Risk / Lapsed
4991,4,22,5060.53,230.0240909090909,7.8059701492537314,718,2011-12-05 10:15:00,2009-12-16 17:40:00,0,1,17402,United Kingdom,0,Champions
4992,35,2,382.87,191.435,4.177777777777778,414,2011-11-03 15:18:00,2010-09-15 12:29:00,0,1,17403,United Kingdom,1,Promising
4993,3,21,47638.12,2268.481904761905,175.95138888888889,697,2011-12-05 16:26:00,2010-01-07 11:31:00,0,1,17404,Sweden,0,Champions
4994,0,3,1031.41,343.80333333333334,8.853658536585366,149,2011-12-08 17:12:00,2011-07-12 14:17:00,0,1,17405,United Kingdom,2,Loyal Customers
4995,332,13,4889.05,376.0807692307693,8.237354085603112,400,2011-01-10 15:07:00,2009-12-06 13:45:00,1,1,17406,United Kingdom,0,Champions
4996,411,1,552.9,552.9,18.52173913043478,0,2010-10-24 11:57:00,2010-10-24 11:57:00,1,0,17407,United Kingdom,3,At Risk / Lapsed
4997,162,3,316.09000000000003,105.36333333333334,20.375,350,2011-06-29 12:53:00,2010-07-13 14:02:00,1,1,17408,United Kingdom,1,Promising
4998,184,10,7793.51,779.351,39.31730769230769,543,2011-06-08 10:36:00,2009-12-11 12:17:00,1,1,17409,United Kingdom,0,Champions
4999,15,5,1214.72,242.944,9.625,199,2011-11-23 15:46:00,2011-05-08 15:21:00,0,1,17410,United Kingdom,2,Loyal Customers
5000,11,5,1425.38,285.076,8.106666666666667,724,2011-11-27 14:25:00,2009-12-03 12:02:00,0,1,17411,United Kingdom,2,Loyal Customers
5001,2,16,4417.52,276.095,11.033898305084746,734,2011-12-07 11:36:00,2009-12-02 13:51:00,0,1,17412,United Kingdom,0,Champions
5002,404,2,560.14,280.07,30.2,165,2010-10-31 12:33:00,2010-05-19 11:11:00,1,1,17413,United Kingdom,3,At Risk / Lapsed
5003,43,6,2249.52,374.92,297.9047619047619,692,2011-10-27 12:13:00,2009-12-03 16:49:00,0,1,17414,United Kingdom,2,Loyal Customers
5004,79,1,507.84,507.84,8.142857142857142,0,2011-09-21 12:50:00,2011-09-21 12:50:00,0,0,17415,United Kingdom,1,Promising
5005,29,22,17298.45,786.2931818181819,14.688442211055277,695,2011-11-10 12:47:00,2009-12-14 16:29:00,0,1,17416,United Kingdom,0,Champions
5006,548,1,164.18,164.18,4.75,0,2010-06-09 10:00:00,2010-06-09 10:00:00,1,0,17417,United Kingdom,3,At Risk / Lapsed
5007,41,3,670.0600000000001,223.35333333333332,12.404761904761903,344,2011-10-28 13:00:00,2010-11-17 13:42:00,0,1,17418,United Kingdom,1,Promising
5008,10,18,6500.52,361.14,9.70754716981132,672,2011-11-28 13:47:00,2010-01-25 13:19:00,0,1,17419,United Kingdom,0,Champions
5009,49,6,1084.43,180.73833333333332,8.75438596491228,351,2011-10-20 14:52:00,2010-11-03 13:09:00,0,1,17420,United Kingdom,2,Loyal Customers
5010,385,3,1059.41,353.1366666666667,13.913793103448276,349,2010-11-18 16:57:00,2009-12-04 15:43:00,1,1,17421,United Kingdom,3,At Risk / Lapsed
5011,15,11,3594.76,326.79636363636365,17.258536585365853,518,2011-11-23 13:27:00,2010-06-23 10:19:00,0,1,17422,United Kingdom,0,Champions
5012,45,3,1118.95,372.98333333333335,18.37209302325581,347,2011-10-24 13:36:00,2010-11-11 12:26:00,0,1,17423,United Kingdom,2,Loyal Customers
5013,18,2,759.17,379.585,9.465116279069768,41,2011-11-20 15:30:00,2011-10-10 11:37:00,0,1,17425,United Kingdom,1,Promising
5014,7,13,8077.77,621.3669230769231,12.147540983606556,652,2011-12-01 18:07:00,2010-02-17 13:39:00,0,1,17426,United Kingdom,0,Champions
5015,71,1,100.8,100.8,17.0,0,2011-09-29 11:29:00,2011-09-29 11:29:00,0,0,17427,United Kingdom,1,Promising
5016,0,45,31819.76,707.1057777777778,24.010973936899862,737,2011-12-09 09:45:00,2009-12-01 17:28:00,0,1,17428,United Kingdom,0,Champions
5017,127,5,1357.46,271.492,13.536842105263158,301,2011-08-03 13:22:00,2010-10-06 12:30:00,1,1,17429,United Kingdom,2,Loyal Customers
5018,32,4,735.17,183.7925,12.261904761904765,446,2011-11-07 09:24:00,2010-08-17 11:52:00,0,1,17430,United Kingdom,2,Loyal Customers
5019,312,1,403.3,403.3,6.790697674418604,0,2011-01-30 14:36:00,2011-01-30 14:36:00,1,0,17431,United Kingdom,3,At Risk / Lapsed
5020,17,9,1728.99,192.11,3.678832116788321,717,2011-11-21 17:33:00,2009-12-03 19:13:00,0,1,17432,United Kingdom,2,Loyal Customers
5021,87,2,569.96,284.98,3.2795698924731185,297,2011-09-12 14:24:00,2010-11-19 13:37:00,0,1,17433,United Kingdom,1,Promising
5022,1,7,2373.82,339.1171428571429,12.634328358208956,82,2011-12-07 13:16:00,2011-09-15 13:54:00,0,1,17434,United Kingdom,2,Loyal Customers
5023,410,1,331.35,331.35,13.0,0,2010-10-24 13:55:00,2010-10-24 13:55:00,1,0,17435,United Kingdom,3,At Risk / Lapsed
5024,1,5,534.06,106.81199999999998,10.470588235294118,730,2011-12-08 12:30:00,2009-12-07 12:31:00,0,1,17436,United Kingdom,2,Loyal Customers
5025,529,1,369.68,369.68,5.4423076923076925,0,2010-06-28 11:11:00,2010-06-28 11:11:00,1,0,17437,United Kingdom,3,At Risk / Lapsed
5026,253,5,1422.77,284.554,7.788732394366197,387,2011-03-31 10:26:00,2010-03-08 16:53:00,1,1,17438,United Kingdom,2,Loyal Customers
5027,655,1,325.74,325.74,46.25,0,2010-02-22 12:48:00,2010-02-22 12:48:00,1,0,17439,United Kingdom,3,At Risk / Lapsed
5028,156,4,323.58,80.895,47.0,392,2011-07-06 11:54:00,2010-06-08 14:40:00,1,1,17440,United Kingdom,1,Promising
5029,731,1,293.35,293.35,11.666666666666666,0,2009-12-07 13:32:00,2009-12-07 13:32:00,1,0,17441,United Kingdom,3,At Risk / Lapsed
5030,36,15,4620.3,308.02000000000004,11.074204946996469,625,2011-11-03 09:17:00,2010-02-15 15:54:00,0,1,17442,United Kingdom,0,Champions
5031,219,1,534.24,534.24,504.0,0,2011-05-04 10:47:00,2011-05-04 10:47:00,1,0,17443,Canada,1,Promising
5032,151,2,2389.1,1194.55,15.805970149253731,21,2011-07-11 10:33:00,2011-06-20 09:04:00,1,1,17444,Canada,2,Loyal Customers
5033,176,2,120.9,60.45,22.0,133,2011-06-16 10:42:00,2011-02-02 14:40:00,1,1,17446,United Kingdom,1,Promising
5034,39,2,541.53,270.765,12.305555555555555,31,2011-10-30 14:18:00,2011-09-29 10:10:00,0,1,17447,United Kingdom,1,Promising
5035,528,41,14448.67,352.4065853658537,10.386486486486486,115,2010-06-28 13:58:00,2010-03-04 17:29:00,1,1,17448,United Kingdom,0,Champions
5036,1,13,4865.15,374.2423076923077,4.257289879931389,728,2011-12-07 16:56:00,2009-12-09 14:16:00,0,1,17449,United Kingdom,0,Champions
5037,7,51,246813.09,4839.472352941177,200.23640661938532,429,2011-12-01 13:29:00,2010-09-27 16:59:00,0,1,17450,United Kingdom,0,Champions
5038,0,7,1721.4,245.9142857142857,12.03,104,2011-12-08 15:02:00,2011-08-26 11:54:00,0,1,17451,United Kingdom,2,Loyal Customers
5039,17,2,486.72,243.36,11.526315789473683,46,2011-11-22 09:42:00,2011-10-06 17:02:00,0,1,17453,United Kingdom,1,Promising
5040,191,10,1547.94,154.794,5.76984126984127,500,2011-05-31 13:58:00,2010-01-15 15:40:00,1,1,17454,United Kingdom,2,Loyal Customers
5041,203,1,131.7,131.7,8.25,0,2011-05-20 12:31:00,2011-05-20 12:31:00,1,0,17455,United Kingdom,1,Promising
5042,364,2,1225.42,612.71,9.48051948051948,90,2010-12-09 15:23:00,2010-09-09 15:28:00,1,1,17456,United Kingdom,3,At Risk / Lapsed
5043,126,14,5984.81,427.4864285714285,42.109375,605,2011-08-05 12:48:00,2009-12-07 14:52:00,1,1,17457,United Kingdom,0,Champions
5044,14,2,529.58,264.79,3.2790697674418605,366,2011-11-24 13:01:00,2010-11-23 11:43:00,0,1,17458,United Kingdom,1,Promising
5045,42,2,657.3,328.65,4.837837837837838,16,2011-10-27 13:25:00,2011-10-10 17:00:00,0,1,17459,United Kingdom,1,Promising
5046,93,16,2228.27,139.266875,7.050359712230216,592,2011-09-06 15:04:00,2010-01-22 13:25:00,1,1,17460,United Kingdom,0,Champions
5047,22,3,735.82,245.2733333333333,7.264150943396227,6,2011-11-17 10:21:00,2011-11-10 12:01:00,0,1,17461,United Kingdom,2,Loyal Customers
5048,59,2,675.69,337.845,8.407407407407407,223,2011-10-10 13:56:00,2011-02-28 17:01:00,0,1,17462,United Kingdom,1,Promising
5049,15,7,2535.26,362.18,4.6835443037974684,572,2011-11-23 13:40:00,2010-04-29 17:57:00,0,1,17463,United Kingdom,2,Loyal Customers
5050,157,3,907.14,302.38,15.58974358974359,461,2011-07-04 13:19:00,2010-03-30 13:15:00,1,1,17464,United Kingdom,2,Loyal Customers
5051,425,7,2542.79,363.2557142857143,10.401408450704226,310,2010-10-10 11:56:00,2009-12-03 13:25:00,1,1,17465,United Kingdom,2,Loyal Customers
5052,9,2,763.28,381.64,7.463414634146342,68,2011-11-29 13:15:00,2011-09-22 09:16:00,0,1,17466,United Kingdom,1,Promising
5053,394,1,102.6,102.6,5.0,0,2010-11-09 12:58:00,2010-11-09 12:58:00,1,0,17467,United Kingdom,3,At Risk / Lapsed
5054,9,3,194.8,64.93333333333334,23.0,364,2011-11-29 15:33:00,2010-11-29 17:25:00,0,1,17468,United Kingdom,1,Promising
5055,15,17,5051.25,297.13235294117646,8.629213483146067,706,2011-11-23 13:15:00,2009-12-16 15:06:00,0,1,17469,United Kingdom,0,Champions
5056,44,11,2804.87,254.9881818181818,17.126506024096386,463,2011-10-26 12:42:00,2010-07-19 16:16:00,0,1,17470,United Kingdom,0,Champions
5057,474,1,321.65000000000003,321.65000000000003,8.052631578947368,0,2010-08-22 11:53:00,2010-08-22 11:53:00,1,0,17471,United Kingdom,3,At Risk / Lapsed
5058,190,4,922.35,230.5875,2.4708520179372195,437,2011-06-01 14:57:00,2010-03-21 13:27:00,1,1,17472,United Kingdom,2,Loyal Customers
5059,408,2,607.0,303.5,7.9411764705882355,47,2010-10-27 11:45:00,2010-09-09 19:03:00,1,1,17473,United Kingdom,3,At Risk / Lapsed
5060,599,1,1047.0,1047.0,33.333333333333336,0,2010-04-19 10:43:00,2010-04-19 10:43:00,1,0,17474,United Kingdom,3,At Risk / Lapsed
5061,78,1,194.37,194.37,12.714285714285714,0,2011-09-21 14:55:00,2011-09-21 14:55:00,0,0,17475,United Kingdom,1,Promising
5062,395,2,489.86,244.93,7.225806451612903,341,2010-11-09 10:21:00,2009-12-02 12:09:00,1,1,17476,United Kingdom,3,At Risk / Lapsed
5063,612,2,1144.3,572.15,5.113636363636363,34,2010-04-06 10:06:00,2010-03-02 11:53:00,1,1,17477,United Kingdom,3,At Risk / Lapsed
5064,407,2,1272.8,636.4,12.9,225,2010-10-27 15:01:00,2010-03-16 14:19:00,1,1,17478,United Kingdom,3,At Risk / Lapsed
5065,632,1,389.2600000000001,389.2600000000001,14.77777777777778,0,2010-03-17 09:26:00,2010-03-17 09:26:00,1,0,17479,United Kingdom,3,At Risk / Lapsed
5066,77,2,882.23,441.115,10.962264150943396,366,2011-09-23 11:39:00,2010-09-21 12:31:00,0,1,17480,United Kingdom,1,Promising
5067,3,4,1255.59,313.8975,12.939024390243905,90,2011-12-06 12:28:00,2011-09-07 09:57:00,0,1,17481,United Kingdom,2,Loyal Customers
5068,486,2,775.64,387.82,4.528301886792453,91,2010-08-09 15:33:00,2010-05-10 14:10:00,1,1,17482,United Kingdom,3,At Risk / Lapsed
5069,64,4,591.73,147.9325,9.464285714285714,349,2011-10-05 13:10:00,2010-10-21 12:43:00,0,1,17483,United Kingdom,2,Loyal Customers
5070,575,2,209.57,104.785,24.214285714285715,47,2010-05-12 15:41:00,2010-03-25 16:17:00,1,1,17484,United Kingdom,3,At Risk / Lapsed
5071,260,1,396.87,396.87,7.958333333333333,0,2011-03-23 14:00:00,2011-03-23 14:00:00,1,0,17486,United Kingdom,1,Promising
5072,727,1,160.55,160.55,4.625,0,2009-12-11 15:06:00,2009-12-11 15:06:00,1,0,17487,United Kingdom,3,At Risk / Lapsed
5073,640,1,336.5,336.5,7.555555555555555,0,2010-03-08 14:07:00,2010-03-08 14:07:00,1,0,17488,United Kingdom,3,At Risk / Lapsed
5074,58,2,376.64,188.32,14.758620689655173,153,2011-10-12 08:56:00,2011-05-11 11:34:00,0,1,17489,United Kingdom,1,Promising
5075,0,9,2750.5,305.6111111111111,13.198275862068966,568,2011-12-09 09:08:00,2010-05-19 12:40:00,0,1,17490,United Kingdom,2,Loyal Customers
5076,0,17,5981.07,351.8276470588235,19.945054945054945,589,2011-12-08 16:18:00,2010-04-28 11:57:00,0,1,17491,United Kingdom,0,Champions
5077,247,3,1122.42,374.14,11.538461538461538,270,2011-04-05 15:21:00,2010-07-09 13:27:00,1,1,17492,United Kingdom,2,Loyal Customers
5078,384,1,100.91,100.91,7.75,0,2010-11-19 16:57:00,2010-11-19 16:57:00,1,0,17493,United Kingdom,3,At Risk / Lapsed
5079,501,1,54.7,54.7,8.666666666666666,0,2010-07-26 10:06:00,2010-07-26 10:06:00,1,0,17494,United Kingdom,3,At Risk / Lapsed
5080,7,3,806.72,268.9066666666667,7.645833333333333,383,2011-12-02 12:08:00,2010-11-14 11:50:00,0,1,17495,United Kingdom,2,Loyal Customers
5081,358,4,1412.89,353.2225,9.375,335,2010-12-16 08:39:00,2010-01-14 13:36:00,1,1,17496,United Kingdom,2,Loyal Customers
5082,389,2,287.25,143.625,8.428571428571429,220,2010-11-14 14:17:00,2010-04-08 08:01:00,1,1,17497,United Kingdom,3,At Risk / Lapsed
5083,75,1,272.22,272.22,23.176470588235293,0,2011-09-25 12:25:00,2011-09-25 12:25:00,0,0,17498,United Kingdom,1,Promising
5084,289,2,1341.39,670.695,15.295774647887324,271,2011-02-23 09:14:00,2010-05-27 09:59:00,1,1,17499,United Kingdom,2,Loyal Customers
5085,16,3,1138.0,379.3333333333333,3.4,12,2011-11-22 14:25:00,2011-11-10 09:08:00,0,1,17500,United Kingdom,2,Loyal Customers
5086,220,2,288.6,144.3,8.88888888888889,0,2011-05-03 09:47:00,2011-05-03 09:46:00,1,1,17501,United Kingdom,1,Promising
5087,8,4,689.1,172.275,13.428571428571429,19,2011-11-30 13:13:00,2011-11-10 16:39:00,0,1,17502,United Kingdom,2,Loyal Customers
5088,2,2,558.96,279.48,12.789473684210526,35,2011-12-07 09:18:00,2011-11-01 11:12:00,0,1,17503,United Kingdom,1,Promising
5089,205,18,9490.17,527.2316666666667,15.847953216374268,463,2011-05-17 12:59:00,2010-02-08 09:22:00,1,1,17504,United Kingdom,0,Champions
5090,161,5,2435.48,487.096,12.176470588235292,443,2011-07-01 12:50:00,2010-04-13 16:33:00,1,1,17505,United Kingdom,2,Loyal Customers
5091,75,1,302.2,302.2,9.928571428571429,0,2011-09-25 11:39:00,2011-09-25 11:39:00,0,0,17506,United Kingdom,1,Promising
5092,261,2,605.58,302.79,4.079545454545454,47,2011-03-23 11:48:00,2011-02-03 18:08:00,1,1,17507,United Kingdom,1,Promising
5093,280,8,4579.23,572.40375,12.515151515151516,451,2011-03-04 08:10:00,2009-12-07 11:46:00,1,1,17508,Greece,2,Loyal Customers
5094,57,8,6083.64,760.455,9.648351648351648,5,2011-10-13 10:26:00,2011-10-07 13:14:00,0,1,17509,United Kingdom,0,Champions
5095,24,2,514.56,257.28,12.057142857142855,395,2011-11-15 10:00:00,2010-10-15 10:20:00,0,1,17510,United Kingdom,1,Promising
5096,2,60,175603.55,2926.725833333333,62.61433804290947,734,2011-12-07 10:12:00,2009-12-02 10:52:00,0,1,17511,United Kingdom,0,Champions
5097,28,18,5467.820000000001,303.76777777777784,27.583756345177665,700,2011-11-11 12:11:00,2009-12-10 19:35:00,0,1,17512,United Kingdom,0,Champions
5098,71,3,1158.8,386.26666666666665,24.444444444444443,407,2011-09-28 16:42:00,2010-08-17 15:08:00,0,1,17513,United Kingdom,2,Loyal Customers
5099,127,2,522.0,261.0,3.421686746987952,541,2011-08-03 15:45:00,2010-02-08 14:00:00,1,1,17514,United Kingdom,1,Promising
5100,30,9,1602.51,178.05666666666667,2.9441340782122905,519,2011-11-08 14:04:00,2010-06-07 13:29:00,0,1,17515,United Kingdom,2,Loyal Customers
5101,14,6,947.5,157.91666666666666,2.7329842931937174,363,2011-11-24 16:51:00,2010-11-26 12:50:00,0,1,17516,United Kingdom,2,Loyal Customers
5102,308,1,153.94,153.94,9.272727272727272,0,2011-02-04 11:48:00,2011-02-04 11:48:00,1,0,17517,United Kingdom,3,At Risk / Lapsed
5103,425,2,329.42,164.71,3.467532467532468,195,2010-10-10 12:40:00,2010-03-28 13:31:00,1,1,17518,United Kingdom,3,At Risk / Lapsed
5104,16,15,5109.47,340.6313333333334,15.37837837837838,721,2011-11-22 16:43:00,2009-12-01 09:57:00,0,1,17519,United Kingdom,0,Champions
5105,53,1,546.81,546.81,12.166666666666666,0,2011-10-17 12:04:00,2011-10-17 12:04:00,0,0,17520,United Kingdom,1,Promising
5106,29,5,1278.06,255.612,10.333333333333334,404,2011-11-10 11:22:00,2010-10-01 11:49:00,0,1,17521,United Kingdom,2,Loyal Customers
5107,1,5,1066.15,213.23,14.194444444444445,216,2011-12-08 12:31:00,2011-05-05 16:31:00,0,1,17522,United Kingdom,2,Loyal Customers
5108,10,4,652.74,163.185,26.424242424242426,7,2011-11-28 13:20:00,2011-11-20 13:40:00,0,1,17523,United Kingdom,2,Loyal Customers
5109,360,3,539.14,179.71333333333334,8.418604651162791,76,2010-12-13 14:32:00,2010-09-27 16:20:00,1,1,17524,United Kingdom,3,At Risk / Lapsed
5110,359,3,1161.9,387.3,13.0,69,2010-12-15 12:05:00,2010-10-07 09:12:00,1,1,17525,United Kingdom,3,At Risk / Lapsed
5111,4,12,4166.04,347.17,15.278350515463918,717,2011-12-05 11:05:00,2009-12-17 16:18:00,0,1,17526,United Kingdom,0,Champions
5112,53,4,939.37,234.8425,10.382978723404255,164,2011-10-17 12:32:00,2011-05-05 13:43:00,0,1,17527,United Kingdom,2,Loyal Customers
5113,0,8,3628.5,453.5625,8.450592885375494,70,2011-12-08 13:27:00,2011-09-29 13:04:00,0,1,17528,United Kingdom,2,Loyal Customers
5114,609,2,1240.25,620.125,9.634146341463415,87,2010-04-08 17:51:00,2010-01-11 12:29:00,1,1,17529,United Kingdom,3,At Risk / Lapsed
5115,0,12,3087.74,257.31166666666667,3.577777777777778,732,2011-12-08 18:42:00,2009-12-06 16:17:00,0,1,17530,United Kingdom,0,Champions
5116,189,3,1266.82,422.2733333333333,8.137931034482758,428,2011-06-02 19:17:00,2010-03-31 12:57:00,1,1,17531,United Kingdom,2,Loyal Customers
5117,385,1,65.34,65.34,7.5,0,2010-11-19 08:13:00,2010-11-19 08:13:00,1,0,17532,United Kingdom,3,At Risk / Lapsed
5118,434,1,34.8,34.8,24.0,0,2010-10-01 09:14:00,2010-10-01 09:14:00,1,0,17533,United Kingdom,3,At Risk / Lapsed
5119,53,5,1668.83,333.766,9.347826086956522,598,2011-10-17 12:47:00,2010-02-25 16:55:00,0,1,17534,United Kingdom,2,Loyal Customers
5120,279,1,164.4,164.4,10.461538461538462,0,2011-03-04 15:20:00,2011-03-04 15:20:00,1,0,17535,United Kingdom,1,Promising
5121,176,3,364.83,121.61,12.5625,505,2011-06-15 13:23:00,2010-01-26 12:00:00,1,1,17536,United Kingdom,1,Promising
5122,29,2,887.67,443.835,9.445945945945946,273,2011-11-10 10:56:00,2011-02-09 13:37:00,0,1,17537,United Kingdom,1,Promising
5123,25,1,98.42,98.42,14.88888888888889,0,2011-11-14 12:12:00,2011-11-14 12:12:00,0,0,17538,United Kingdom,1,Promising
5124,627,3,1161.84,387.28,4.944055944055944,98,2010-03-21 15:23:00,2009-12-13 12:36:00,1,1,17539,United Kingdom,3,At Risk / Lapsed
5125,24,6,1590.6,265.1,9.1875,575,2011-11-15 11:56:00,2010-04-19 09:47:00,0,1,17540,United Kingdom,2,Loyal Customers
5126,509,1,119.86,119.86,1.4193548387096775,0,2010-07-18 11:36:00,2010-07-18 11:36:00,1,0,17541,United Kingdom,3,At Risk / Lapsed
5127,269,3,340.85,113.61666666666667,5.046875,371,2011-03-15 11:45:00,2010-03-08 12:08:00,1,1,17542,United Kingdom,1,Promising
5128,549,1,120.05,120.05,4.769230769230769,0,2010-06-08 12:41:00,2010-06-08 12:41:00,1,0,17543,United Kingdom,3,At Risk / Lapsed
5129,389,3,944.82,314.94,4.659090909090909,0,2010-11-14 15:08:00,2010-11-14 14:47:00,1,1,17544,United Kingdom,3,At Risk / Lapsed
5130,42,6,1409.86,234.9766666666667,2.623076923076923,534,2011-10-27 14:04:00,2010-05-11 10:04:00,0,1,17545,United Kingdom,2,Loyal Customers
5131,375,2,727.85,363.925,7.193548387096774,289,2010-11-29 09:41:00,2010-02-12 14:34:00,1,1,17547,United Kingdom,3,At Risk / Lapsed
5132,233,4,731.26,182.815,14.529411764705882,162,2011-04-20 12:01:00,2010-11-08 16:19:00,1,1,17548,United Kingdom,2,Loyal Customers
5133,23,2,148.86,74.43,35.0,27,2011-11-16 09:59:00,2011-10-19 10:05:00,0,1,17549,United Kingdom,1,Promising
5134,196,9,2506.64,278.5155555555555,3.015576323987539,472,2011-05-26 14:09:00,2010-02-07 15:07:00,1,1,17550,United Kingdom,2,Loyal Customers
5135,358,1,290.34,290.34,3.641025641025641,0,2010-12-15 14:12:00,2010-12-15 14:12:00,1,0,17551,United Kingdom,3,At Risk / Lapsed
5136,59,12,3085.29,257.1075,13.42948717948718,567,2011-10-10 17:00:00,2010-03-22 09:19:00,0,1,17552,United Kingdom,0,Champions
5137,129,4,3757.6,939.4,381.3333333333333,481,2011-08-02 10:00:00,2010-04-08 09:44:00,1,1,17553,United Kingdom,2,Loyal Customers
5138,0,5,1952.45,390.49,20.03409090909091,146,2011-12-08 14:15:00,2011-07-14 20:01:00,0,1,17554,United Kingdom,2,Loyal Customers
5139,19,5,1045.74,209.148,2.7992424242424243,566,2011-11-20 12:22:00,2010-05-02 16:02:00,0,1,17555,United Kingdom,2,Loyal Customers
5140,205,2,300.67,150.335,13.142857142857142,173,2011-05-18 10:48:00,2010-11-25 17:00:00,1,1,17556,United Kingdom,1,Promising
5141,13,4,575.46,143.865,8.857142857142858,718,2011-11-25 12:57:00,2009-12-07 10:15:00,0,1,17557,United Kingdom,2,Loyal Customers
5142,392,1,259.17,259.17,1.9285714285714288,0,2010-11-11 14:36:00,2010-11-11 14:36:00,1,0,17558,United Kingdom,3,At Risk / Lapsed
5143,512,1,167.62,167.62,22.5,0,2010-07-15 12:02:00,2010-07-15 12:02:00,1,0,17559,United Kingdom,3,At Risk / Lapsed
5144,94,8,1895.8,236.975,28.87272727272727,565,2011-09-06 09:18:00,2010-02-17 12:11:00,1,1,17560,United Kingdom,2,Loyal Customers
5145,18,4,703.02,175.755,1.9947643979057592,713,2011-11-20 12:53:00,2009-12-06 13:29:00,0,1,17561,United Kingdom,2,Loyal Customers
5146,13,7,1122.38,160.34,12.968253968253968,159,2011-11-25 14:21:00,2011-06-19 13:06:00,0,1,17562,United Kingdom,2,Loyal Customers
5147,577,2,392.38,196.19,8.827586206896552,33,2010-05-10 14:54:00,2010-04-07 10:02:00,1,1,17563,United Kingdom,3,At Risk / Lapsed
5148,23,3,454.01,151.33666666666667,2.979591836734694,55,2011-11-15 13:27:00,2011-09-20 14:00:00,0,1,17564,United Kingdom,1,Promising
5149,586,1,131.83,131.83,2.2333333333333334,0,2010-05-02 11:54:00,2010-05-02 11:54:00,1,0,17565,United Kingdom,3,At Risk / Lapsed
5150,7,2,869.77,434.885,3.5,17,2011-12-01 19:54:00,2011-11-14 13:42:00,0,1,17566,United Kingdom,1,Promising
5151,6,9,5356.03,595.1144444444444,14.134529147982065,434,2011-12-02 15:48:00,2010-09-24 10:48:00,0,1,17567,United Kingdom,0,Champions
5152,632,1,374.45,374.45,4.435483870967742,0,2010-03-16 16:45:00,2010-03-16 16:45:00,1,0,17568,United Kingdom,3,At Risk / Lapsed
5153,331,1,344.14,344.14,5.482758620689655,0,2011-01-11 14:15:00,2011-01-11 14:15:00,1,0,17569,United Kingdom,3,At Risk / Lapsed
5154,49,5,1629.66,325.932,3.055555555555556,492,2011-10-20 15:57:00,2010-06-15 12:50:00,0,1,17571,United Kingdom,2,Loyal Customers
5155,70,10,723.01,72.301,9.75,653,2011-09-29 17:53:00,2009-12-15 10:00:00,0,1,17572,United Kingdom,2,Loyal Customers
5156,28,3,380.6,126.86666666666667,12.32,64,2011-11-10 13:01:00,2011-09-07 10:36:00,0,1,17573,United Kingdom,1,Promising
5157,242,1,185.65,185.65,9.625,0,2011-04-11 09:47:00,2011-04-11 09:47:00,1,0,17574,United Kingdom,1,Promising
5158,666,1,171.7,171.7,14.4,0,2010-02-10 13:48:00,2010-02-10 13:48:00,1,0,17575,United Kingdom,3,At Risk / Lapsed
5159,7,41,8825.25,215.25,5.149054505005561,728,2011-12-01 17:56:00,2009-12-03 16:54:00,0,1,17576,United Kingdom,0,Champions
5160,644,2,348.75,174.375,8.523809523809524,23,2010-03-04 13:01:00,2010-02-09 10:10:00,1,1,17577,United Kingdom,3,At Risk / Lapsed
5161,217,7,1047.33,149.6185714285714,8.138461538461538,311,2011-05-05 18:38:00,2010-06-28 11:55:00,1,1,17578,United Kingdom,2,Loyal Customers
5162,4,4,753.28,188.32,3.98936170212766,573,2011-12-05 12:28:00,2010-05-10 14:28:00,0,1,17579,United Kingdom,2,Loyal Customers
5163,252,5,538.07,107.614,2.3870967741935485,169,2011-04-01 12:41:00,2010-10-13 14:28:00,1,1,17580,United Kingdom,2,Loyal Customers
5164,0,43,18737.95,435.76627906976745,11.731448763250883,735,2011-12-09 12:21:00,2009-12-03 12:34:00,0,1,17581,United Kingdom,0,Champions
5165,235,5,1446.95,289.39,4.942622950819672,387,2011-04-17 13:18:00,2010-03-26 12:23:00,1,1,17582,United Kingdom,2,Loyal Customers
5166,559,1,135.95,135.95,7.857142857142857,0,2010-05-28 14:24:00,2010-05-28 14:24:00,1,0,17583,United Kingdom,3,At Risk / Lapsed
5167,6,6,5309.42,884.9033333333333,19.870967741935484,676,2011-12-02 17:12:00,2010-01-25 08:17:00,0,1,17584,United Kingdom,2,Loyal Customers
5168,108,7,2064.71,294.9585714285714,6.536458333333333,368,2011-08-22 13:30:00,2010-08-18 16:39:00,1,1,17585,United Kingdom,2,Loyal Customers
5169,618,1,167.4,167.4,8.5,0,2010-03-30 13:12:00,2010-03-30 13:12:00,1,0,17586,United Kingdom,3,At Risk / Lapsed
5170,627,1,173.76,173.76,1.6097560975609757,0,2010-03-21 14:16:00,2010-03-21 14:16:00,1,0,17587,United Kingdom,3,At Risk / Lapsed
5171,99,7,2939.55,419.9357142857143,19.422535211267604,537,2011-08-31 13:37:00,2010-03-12 12:34:00,1,1,17588,United Kingdom,2,Loyal Customers
5172,59,18,13806.27,767.015,6.667436489607391,582,2011-10-10 16:58:00,2010-03-07 13:48:00,0,1,17589,United Kingdom,0,Champions
5173,1,3,1466.77,488.92333333333335,4.21025641025641,37,2011-12-07 12:55:00,2011-10-30 14:05:00,0,1,17590,United Kingdom,2,Loyal Customers
5174,72,8,2723.62,340.4525,4.663967611336032,617,2011-09-27 13:42:00,2010-01-17 16:09:00,0,1,17591,United Kingdom,2,Loyal Customers
5175,738,1,148.3,148.3,2.923076923076923,0,2009-12-01 10:49:00,2009-12-01 10:49:00,1,0,17592,United Kingdom,3,At Risk / Lapsed
5176,3,11,8092.32,735.6654545454545,13.713235294117649,731,2011-12-06 10:30:00,2009-12-04 14:35:00,0,1,17593,United Kingdom,0,Champions
5177,84,4,2497.88,624.47,13.153846153846152,519,2011-09-15 16:34:00,2010-04-14 08:53:00,0,1,17594,United Kingdom,2,Loyal Customers
5178,11,2,386.69,193.345,2.7804878048780486,24,2011-11-27 16:08:00,2011-11-02 16:19:00,0,1,17595,United Kingdom,1,Promising
5179,22,13,4882.43,375.57153846153847,13.83302752293578,701,2011-11-16 14:11:00,2009-12-15 13:21:00,0,1,17596,United Kingdom,0,Champions
5180,213,5,3484.09,696.818,17.3046875,369,2011-05-10 11:54:00,2010-05-05 15:33:00,1,1,17597,United Kingdom,2,Loyal Customers
5181,380,1,409.98,409.98,12.6,0,2010-11-23 17:43:00,2010-11-23 17:43:00,1,0,17598,United Kingdom,3,At Risk / Lapsed
5182,477,1,52.05,52.05,3.6666666666666665,0,2010-08-19 12:50:00,2010-08-19 12:50:00,1,0,17599,United Kingdom,3,At Risk / Lapsed
5183,17,1,161.67000000000002,161.67000000000002,11.076923076923077,0,2011-11-22 09:43:00,2011-11-22 09:43:00,0,0,17600,United Kingdom,1,Promising
5184,238,2,412.66,206.33,4.140845070422535,141,2011-04-14 18:02:00,2010-11-24 14:29:00,1,1,17601,United Kingdom,1,Promising
5185,1,14,7354.43,525.3164285714286,6.468646864686469,616,2011-12-07 13:53:00,2010-03-30 17:25:00,0,1,17602,United Kingdom,0,Champions
5186,77,4,1788.38,447.095,6.018867924528302,651,2011-09-22 14:18:00,2009-12-10 09:44:00,0,1,17603,United Kingdom,2,Loyal Customers
5187,216,6,942.38,157.06333333333333,2.951923076923077,464,2011-05-06 13:43:00,2010-01-27 12:19:00,1,1,17604,United Kingdom,2,Loyal Customers
5188,589,1,160.75,160.75,5.461538461538462,0,2010-04-28 14:45:00,2010-04-28 14:45:00,1,0,17605,United Kingdom,3,At Risk / Lapsed
5189,736,1,87.30000000000001,87.30000000000001,7.0,0,2009-12-02 13:32:00,2009-12-02 13:32:00,1,0,17606,United Kingdom,3,At Risk / Lapsed
5190,375,1,333.81,333.81,12.227272727272728,0,2010-11-28 13:11:00,2010-11-28 13:11:00,1,0,17607,United Kingdom,3,At Risk / Lapsed
5191,32,4,488.06,122.015,3.320754716981132,573,2011-11-06 13:06:00,2010-04-11 13:37:00,0,1,17608,United Kingdom,1,Promising
5192,40,11,1875.36,170.4872727272727,3.356020942408377,568,2011-10-30 12:28:00,2010-04-09 16:54:00,0,1,17609,United Kingdom,2,Loyal Customers
5193,539,5,1511.94,302.38800000000003,5.798701298701299,193,2010-06-17 16:34:00,2009-12-06 16:07:00,1,1,17610,United Kingdom,3,At Risk / Lapsed
5194,6,28,8287.53,295.9832142857143,4.762376237623762,731,2011-12-02 13:29:00,2009-12-01 13:29:00,0,1,17611,United Kingdom,0,Champions
5195,52,18,5394.86,299.71444444444444,10.355882352941176,669,2011-10-17 14:59:00,2009-12-17 11:59:00,0,1,17612,United Kingdom,0,Champions
5196,22,14,4544.55,324.6107142857143,8.137254901960784,282,2011-11-17 10:51:00,2011-02-07 11:20:00,0,1,17613,United Kingdom,0,Champions
5197,56,1,386.32,386.32,2.397959183673469,0,2011-10-13 16:01:00,2011-10-13 16:01:00,0,0,17614,United Kingdom,1,Promising
5198,129,6,721.8,120.3,6.75,355,2011-08-01 14:06:00,2010-08-11 12:54:00,1,1,17615,United Kingdom,2,Loyal Customers
5199,173,4,1060.8,265.2,83.2,277,2011-06-19 10:11:00,2010-09-14 10:43:00,1,1,17616,United Kingdom,2,Loyal Customers
5200,558,1,385.19,385.19,13.833333333333334,0,2010-05-30 12:48:00,2010-05-30 12:48:00,1,0,17617,United Kingdom,3,At Risk / Lapsed
5201,5,11,4001.64,363.7854545454545,5.03641456582633,679,2011-12-04 11:50:00,2010-01-24 11:03:00,0,1,17618,United Kingdom,0,Champions
5202,311,1,214.37,214.37,1.6756756756756757,0,2011-01-31 14:18:00,2011-01-31 14:18:00,1,0,17619,United Kingdom,3,At Risk / Lapsed
5203,59,1,81.44,81.44,15.0,0,2011-10-11 12:08:00,2011-10-11 12:08:00,0,0,17620,United Kingdom,1,Promising
5204,20,6,3175.12,529.1866666666666,16.818181818181817,410,2011-11-18 17:11:00,2010-10-04 09:37:00,0,1,17621,United Kingdom,2,Loyal Customers
5205,597,2,1130.21,565.105,9.973684210526317,0,2010-04-21 12:36:00,2010-04-20 13:38:00,1,1,17622,United Kingdom,3,At Risk / Lapsed
5206,32,7,2365.77,337.96714285714285,4.118556701030927,692,2011-11-07 11:32:00,2009-12-14 14:36:00,0,1,17623,United Kingdom,2,Loyal Customers
5207,14,4,1568.63,392.1575,9.876288659793817,704,2011-11-25 10:52:00,2009-12-20 12:35:00,0,1,17624,United Kingdom,2,Loyal Customers
5208,17,8,5978.9,747.3625,5.131771595900439,706,2011-11-21 13:36:00,2009-12-15 11:49:00,0,1,17625,United Kingdom,0,Champions
5209,602,1,254.0,254.0,11.22222222222222,0,2010-04-16 12:15:00,2010-04-16 12:15:00,1,0,17626,United Kingdom,3,At Risk / Lapsed
5210,478,1,296.36,296.36,67.6,0,2010-08-18 11:27:00,2010-08-18 11:27:00,1,0,17627,United Kingdom,3,At Risk / Lapsed
5211,80,1,75.75,75.75,15.8,0,2011-09-19 15:21:00,2011-09-19 15:21:00,0,0,17628,United Kingdom,1,Promising
5212,5,10,2455.52,245.552,12.198717948717947,415,2011-12-04 10:56:00,2010-10-14 13:35:00,0,1,17629,United Kingdom,2,Loyal Customers
5213,169,2,503.6,251.8,6.076923076923077,62,2011-06-23 11:58:00,2011-04-21 14:03:00,1,1,17630,United Kingdom,1,Promising
5214,1,7,998.49,142.64142857142858,8.565217391304348,728,2011-12-08 09:47:00,2009-12-09 14:15:00,0,1,17631,United Kingdom,2,Loyal Customers
5215,30,7,2057.39,293.91285714285715,8.900990099009901,357,2011-11-08 13:25:00,2010-11-15 14:55:00,0,1,17633,United Kingdom,2,Loyal Customers
5216,35,9,2358.59,262.0655555555556,2.831081081081081,301,2011-11-03 13:09:00,2011-01-06 12:45:00,0,1,17634,United Kingdom,2,Loyal Customers
5217,423,3,1265.58,421.86,10.405405405405403,166,2010-10-11 15:12:00,2010-04-28 10:51:00,1,1,17635,United Kingdom,3,At Risk / Lapsed
5218,18,1,285.56,285.56,9.1,0,2011-11-20 14:40:00,2011-11-20 14:40:00,0,0,17636,United Kingdom,1,Promising
5219,30,2,547.0600000000001,273.53000000000003,8.0,83,2011-11-08 12:51:00,2011-08-16 13:25:00,0,1,17637,United Kingdom,1,Promising
5220,646,2,842.4,421.2,144.0,74,2010-03-02 14:32:00,2009-12-18 09:58:00,1,1,17638,United Kingdom,3,At Risk / Lapsed
5221,275,6,615.17,102.52833333333332,7.291139240506329,207,2011-03-08 15:22:00,2010-08-13 11:59:00,1,1,17639,United Kingdom,2,Loyal Customers
5222,86,6,3168.94,528.1566666666666,25.63636363636364,539,2011-09-14 09:13:00,2010-03-23 09:15:00,0,1,17640,United Kingdom,2,Loyal Customers
5223,119,5,1824.49,364.898,13.657407407407408,614,2011-08-12 09:11:00,2009-12-05 16:01:00,1,1,17642,United Kingdom,2,Loyal Customers
5224,372,2,541.25,270.625,7.615384615384615,132,2010-12-01 14:38:00,2010-07-22 13:07:00,1,1,17643,United Kingdom,3,At Risk / Lapsed
5225,0,20,6028.6,301.43,10.608562691131498,660,2011-12-08 13:43:00,2010-02-16 08:44:00,0,1,17644,United Kingdom,0,Champions
5226,218,12,4149.79,345.81583333333333,6.917073170731707,504,2011-05-04 13:17:00,2009-12-16 09:37:00,1,1,17646,United Kingdom,0,Champions
5227,64,3,331.66,110.55333333333331,6.833333333333333,604,2011-10-05 15:38:00,2010-02-08 14:39:00,0,1,17647,United Kingdom,1,Promising
5228,60,5,2216.37,443.274,7.632,324,2011-10-10 09:41:00,2010-11-19 16:41:00,0,1,17648,United Kingdom,2,Loyal Customers
5229,137,3,1578.89,526.2966666666667,7.377551020408164,334,2011-07-24 15:53:00,2010-08-24 13:01:00,1,1,17649,United Kingdom,2,Loyal Customers
5230,20,1,166.08,166.08,18.75,0,2011-11-18 14:52:00,2011-11-18 14:52:00,0,0,17650,United Kingdom,1,Promising
5231,11,16,5703.52,356.47,12.30722891566265,514,2011-11-28 10:29:00,2010-07-01 12:17:00,0,1,17651,United Kingdom,0,Champions
5232,24,12,4867.72,405.6433333333334,9.687258687258687,255,2011-11-14 12:55:00,2011-03-03 14:05:00,0,1,17652,United Kingdom,0,Champions
5233,36,4,1207.56,301.89,32.02272727272727,83,2011-11-03 12:46:00,2011-08-11 15:24:00,0,1,17653,United Kingdom,2,Loyal Customers
5234,276,1,117.55,117.55,1.8636363636363635,0,2011-03-07 13:17:00,2011-03-07 13:17:00,1,0,17654,United Kingdom,1,Promising
5235,10,9,3652.48,405.8311111111111,12.85,406,2011-11-29 11:34:00,2010-10-19 10:20:00,0,1,17655,United Kingdom,0,Champions
5236,72,5,1674.69,334.938,17.0609756097561,55,2011-09-27 13:04:00,2011-08-03 10:45:00,0,1,17656,United Kingdom,2,Loyal Customers
5237,429,1,126.0,126.0,8.571428571428571,0,2010-10-05 14:52:00,2010-10-05 14:52:00,1,0,17657,United Kingdom,3,At Risk / Lapsed
5238,25,2,595.42,297.71,32.421052631578945,185,2011-11-14 12:07:00,2011-05-12 15:23:00,0,1,17658,United Kingdom,1,Promising
5239,16,14,3834.79,273.9135714285714,8.901960784313726,368,2011-11-22 13:29:00,2010-11-18 14:20:00,0,1,17659,United Kingdom,0,Champions
5240,140,2,342.22,171.11,3.158536585365854,595,2011-07-21 13:37:00,2009-12-02 16:02:00,1,1,17660,United Kingdom,1,Promising
5241,661,2,412.92,206.46,12.266666666666667,60,2010-02-16 09:38:00,2009-12-17 09:54:00,1,1,17662,United Kingdom,3,At Risk / Lapsed
5242,25,17,5175.83,304.4605882352941,9.65126050420168,619,2011-11-14 08:56:00,2010-03-04 11:42:00,0,1,17663,United Kingdom,0,Champions
5243,18,4,1166.23,291.5575,13.225,601,2011-11-21 11:29:00,2010-03-29 17:17:00,0,1,17664,United Kingdom,2,Loyal Customers
5244,492,1,563.1,563.1,36.31578947368421,0,2010-08-03 13:12:00,2010-08-03 13:12:00,1,0,17665,United Kingdom,3,At Risk / Lapsed
5245,3,5,2047.8,409.56,35.27272727272727,523,2011-12-06 09:06:00,2010-06-30 12:03:00,0,1,17666,United Kingdom,2,Loyal Customers
5246,65,9,3950.7,438.9666666666666,9.530434782608696,588,2011-10-04 14:32:00,2010-02-23 09:57:00,0,1,17667,United Kingdom,0,Champions
5247,0,2,347.75,173.875,6.2,36,2011-12-08 13:25:00,2011-11-01 14:45:00,0,1,17668,United Kingdom,1,Promising
5248,42,10,6142.35,614.235,24.34027777777778,574,2011-10-28 08:53:00,2010-04-01 18:48:00,0,1,17669,United Kingdom,0,Champions
5249,227,1,205.7,205.7,10.0,0,2011-04-26 09:12:00,2011-04-26 09:12:00,1,0,17670,United Kingdom,1,Promising
5250,15,5,2403.34,480.668,12.793478260869565,360,2011-11-24 12:21:00,2010-11-29 11:53:00,0,1,17671,United Kingdom,2,Loyal Customers
5251,49,7,5778.63,825.5185714285715,13.388349514563108,631,2011-10-20 14:18:00,2010-01-26 17:20:00,0,1,17672,United Kingdom,2,Loyal Customers
5252,1,13,4173.88,321.0676923076923,6.477317554240631,628,2011-12-08 12:50:00,2010-03-19 14:02:00,0,1,17673,United Kingdom,0,Champions
5253,73,2,851.7,425.85,26.86842105263158,294,2011-09-26 13:35:00,2010-12-06 10:20:00,0,1,17674,United Kingdom,1,Promising
5254,0,70,38259.6,546.5657142857143,14.5531914893617,728,2011-12-08 18:03:00,2009-12-10 16:10:00,0,1,17675,United Kingdom,0,Champions
5255,3,10,2749.34,274.934,11.791411042944786,615,2011-12-05 15:16:00,2010-03-30 10:49:00,0,1,17676,United Kingdom,0,Champions
5256,1,54,36675.06,679.1677777777777,30.848101265822784,721,2011-12-08 09:56:00,2009-12-16 11:23:00,0,1,17677,United Kingdom,0,Champions
5257,263,2,599.76,299.88,13.142857142857142,339,2011-03-21 11:52:00,2010-04-15 13:54:00,1,1,17678,United Kingdom,1,Promising
5258,52,7,3577.61,511.0871428571429,21.666666666666668,683,2011-10-18 07:43:00,2009-12-03 17:32:00,0,1,17679,United Kingdom,2,Loyal Customers
5259,23,3,497.45,165.81666666666666,7.75,487,2011-11-16 12:42:00,2010-07-16 16:07:00,0,1,17680,United Kingdom,1,Promising
5260,596,5,731.2,146.24,32.142857142857146,96,2010-04-21 17:22:00,2010-01-15 11:53:00,1,1,17681,United Kingdom,3,At Risk / Lapsed
5261,9,11,4456.78,405.16181818181815,10.466386554621849,631,2011-11-29 15:59:00,2010-03-08 09:49:00,0,1,17682,United Kingdom,0,Champions
5262,385,3,819.01,273.00333333333333,16.97826086956522,168,2010-11-19 10:11:00,2010-06-03 17:15:00,1,1,17683,United Kingdom,3,At Risk / Lapsed
5263,43,1,239.41,239.41,9.666666666666666,0,2011-10-27 11:10:00,2011-10-27 11:10:00,0,0,17684,United Kingdom,1,Promising
5264,16,12,5907.47,492.2891666666667,18.11904761904762,649,2011-11-23 11:36:00,2010-02-11 13:44:00,0,1,17685,United Kingdom,0,Champions
5265,6,9,8296.81,921.8677777777776,8.351981351981353,526,2011-12-02 15:39:00,2010-06-24 09:49:00,0,1,17686,United Kingdom,0,Champions
5266,420,1,432.68,432.68,8.076923076923077,0,2010-10-15 12:30:00,2010-10-15 12:30:00,1,0,17687,United Kingdom,3,At Risk / Lapsed
5267,393,1,304.2,304.2,6.0,0,2010-11-11 10:41:00,2010-11-11 10:41:00,1,0,17688,United Kingdom,3,At Risk / Lapsed
5268,387,2,317.08,158.54,13.636363636363637,85,2010-11-16 13:22:00,2010-08-22 13:54:00,1,1,17689,United Kingdom,3,At Risk / Lapsed
5269,29,20,7412.0,370.6,8.256613756613756,644,2011-11-09 15:17:00,2010-02-03 14:26:00,0,1,17690,United Kingdom,0,Champions
5270,357,4,780.0500000000001,195.0125,7.173076923076923,188,2010-12-16 17:20:00,2010-06-11 11:50:00,1,1,17691,United Kingdom,3,At Risk / Lapsed
5271,126,12,2960.44,246.70333333333332,14.22360248447205,413,2011-08-04 14:01:00,2010-06-17 11:14:00,1,1,17692,United Kingdom,0,Champions
5272,136,1,200.47,200.47,14.4375,0,2011-07-25 15:48:00,2011-07-25 15:48:00,1,0,17693,United Kingdom,1,Promising
5273,141,3,1695.97,565.3233333333334,18.432098765432094,421,2011-07-21 12:00:00,2010-05-26 08:27:00,1,1,17694,United Kingdom,2,Loyal Customers
5274,131,5,1746.04,349.208,29.65573770491803,549,2011-07-31 10:40:00,2010-01-28 09:27:00,1,1,17695,United Kingdom,2,Loyal Customers
5275,37,27,7679.59,284.42925925925925,16.13972602739726,690,2011-11-01 13:43:00,2009-12-10 17:09:00,0,1,17696,United Kingdom,0,Champions
5276,235,1,338.95,338.95,4.894736842105263,0,2011-04-17 15:40:00,2011-04-17 15:40:00,1,0,17697,United Kingdom,1,Promising
5277,260,1,154.95,154.95,11.625,0,2011-03-24 11:34:00,2011-03-24 11:34:00,1,0,17698,United Kingdom,1,Promising
5278,476,2,442.0,221.0,10.947368421052632,84,2010-08-20 09:39:00,2010-05-27 11:53:00,1,1,17699,United Kingdom,3,At Risk / Lapsed
5279,16,14,6679.97,477.1407142857143,9.636111111111113,722,2011-11-23 11:51:00,2009-12-01 11:37:00,0,1,17700,United Kingdom,0,Champions
5280,252,1,417.95,417.95,4.541666666666667,0,2011-04-01 12:25:00,2011-04-01 12:25:00,1,0,17701,United Kingdom,1,Promising
5281,29,6,3144.04,524.0066666666667,14.0718954248366,370,2011-11-09 16:03:00,2010-11-04 12:09:00,0,1,17702,United Kingdom,2,Loyal Customers
5282,34,4,1094.84,273.71,11.5,382,2011-11-04 15:51:00,2010-10-17 16:16:00,0,1,17703,United Kingdom,2,Loyal Customers
5283,168,2,885.19,442.595,11.064516129032258,71,2011-06-24 09:40:00,2011-04-14 09:28:00,1,1,17704,United Kingdom,1,Promising
5284,2,11,2083.9,189.44545454545457,10.841666666666669,573,2011-12-06 13:45:00,2010-05-12 09:47:00,0,1,17705,United Kingdom,2,Loyal Customers
5285,3,31,20749.98,669.3541935483871,10.52156862745098,685,2011-12-05 13:34:00,2010-01-19 12:13:00,0,1,17706,United Kingdom,0,Champions
5286,184,8,609.3000000000001,76.16250000000001,22.75,547,2011-06-07 15:03:00,2009-12-07 12:19:00,1,1,17707,United Kingdom,2,Loyal Customers
5287,187,4,884.1800000000001,221.045,5.301369863013699,235,2011-06-05 10:12:00,2010-10-12 12:13:00,1,1,17708,United Kingdom,2,Loyal Customers
5288,169,5,671.01,134.202,7.375,433,2011-06-23 11:55:00,2010-04-15 14:48:00,1,1,17709,United Kingdom,2,Loyal Customers
5289,423,1,293.5,293.5,7.9,0,2010-10-12 07:49:00,2010-10-12 07:49:00,1,0,17710,United Kingdom,3,At Risk / Lapsed
5290,10,2,385.1,192.55,10.695652173913045,279,2011-11-29 11:40:00,2011-02-23 11:32:00,0,1,17711,United Kingdom,1,Promising
5291,44,1,522.91,522.91,7.413793103448276,0,2011-10-26 12:28:00,2011-10-26 12:28:00,0,0,17712,United Kingdom,1,Promising
5292,381,4,1198.09,299.5225,13.013157894736842,166,2010-11-22 16:50:00,2010-06-09 09:33:00,1,1,17713,United Kingdom,3,At Risk / Lapsed
5293,320,5,1410.18,282.036,7.506172839506172,192,2011-01-23 10:32:00,2010-07-14 10:41:00,1,1,17714,United Kingdom,2,Loyal Customers
5294,200,2,489.6,244.8,288.0,392,2011-05-23 12:32:00,2010-04-26 12:17:00,1,1,17715,United Kingdom,1,Promising
5295,22,24,15956.97,664.87375,14.6738768718802,714,2011-11-17 12:00:00,2009-12-02 17:18:00,0,1,17716,United Kingdom,0,Champions
5296,420,1,376.92,376.92,13.23076923076923,0,2010-10-14 12:54:00,2010-10-14 12:54:00,1,0,17717,United Kingdom,3,At Risk / Lapsed
5297,231,2,439.18,219.59,11.91304347826087,412,2011-04-21 13:39:00,2010-03-05 08:01:00,1,1,17718,United Kingdom,1,Promising
5298,37,15,5396.04,359.736,9.0,217,2011-11-02 10:36:00,2011-03-29 11:29:00,0,1,17719,United Kingdom,0,Champions
5299,25,10,2768.91,276.891,12.12781954887218,552,2011-11-13 15:04:00,2010-05-10 09:58:00,0,1,17720,United Kingdom,2,Loyal Customers
5300,658,1,307.21000000000004,307.21000000000004,9.727272727272728,0,2010-02-18 15:18:00,2010-02-18 15:18:00,1,0,17721,United Kingdom,3,At Risk / Lapsed
5301,95,5,4430.36,886.0719999999999,13.41095890410959,279,2011-09-04 15:22:00,2010-11-29 09:44:00,1,1,17722,United Kingdom,2,Loyal Customers
5302,126,7,3378.4000000000005,482.6285714285715,76.0,248,2011-08-04 18:37:00,2010-11-29 10:35:00,1,1,17723,United Kingdom,2,Loyal Customers
5303,70,3,1033.0,344.3333333333333,7.5,67,2011-09-29 15:26:00,2011-07-24 13:26:00,0,1,17724,United Kingdom,2,Loyal Customers
5304,15,11,3439.08,312.64363636363635,11.260416666666666,250,2011-11-23 16:34:00,2011-03-17 19:47:00,0,1,17725,United Kingdom,0,Champions
5305,394,7,1092.06,156.00857142857143,6.9375,286,2010-11-09 13:37:00,2010-01-26 14:58:00,1,1,17726,United Kingdom,2,Loyal Customers
5306,14,1,1060.25,1060.25,9.772727272727272,0,2011-11-24 17:06:00,2011-11-24 17:06:00,0,0,17727,United Kingdom,1,Promising
5307,3,5,4238.76,847.7520000000001,8.795081967213115,449,2011-12-06 08:52:00,2010-09-12 14:58:00,0,1,17728,United Kingdom,2,Loyal Customers
5308,595,1,438.65,438.65,10.73913043478261,0,2010-04-22 15:03:00,2010-04-22 15:03:00,1,0,17729,United Kingdom,3,At Risk / Lapsed
5309,2,20,7773.8,388.69,16.878980891719745,586,2011-12-06 15:43:00,2010-04-29 11:48:00,0,1,17730,United Kingdom,0,Champions
5310,78,6,1708.99,284.83166666666665,7.141414141414141,589,2011-09-21 15:02:00,2010-02-09 12:37:00,0,1,17731,United Kingdom,2,Loyal Customers
5311,372,8,2470.39,308.79875,8.221428571428572,115,2010-12-02 09:29:00,2010-08-09 08:41:00,1,1,17732,United Kingdom,2,Loyal Customers
5312,38,2,692.19,346.095,13.228571428571428,222,2011-11-01 08:16:00,2011-03-23 09:54:00,0,1,17733,United Kingdom,1,Promising
5313,53,6,1442.32,240.38666666666663,8.616279069767442,588,2011-10-17 12:33:00,2010-03-07 13:55:00,0,1,17734,United Kingdom,2,Loyal Customers
5314,1,26,17244.93,663.2665384615385,12.166294642857142,495,2011-12-07 16:47:00,2010-07-30 13:25:00,0,1,17735,United Kingdom,0,Champions
5315,8,3,377.44,125.81333333333332,9.52,104,2011-11-30 15:36:00,2011-08-18 14:33:00,0,1,17736,United Kingdom,1,Promising
5316,8,2,168.24,84.12,10.8,49,2011-11-30 15:16:00,2011-10-12 14:42:00,0,1,17737,United Kingdom,1,Promising
5317,18,13,4183.56,321.81230769230774,12.069565217391304,611,2011-11-20 15:05:00,2010-03-19 10:07:00,0,1,17738,United Kingdom,0,Champions
5318,11,18,7730.59,429.4772222222222,15.671140939597317,720,2011-11-28 09:12:00,2009-12-07 10:48:00,0,1,17739,United Kingdom,0,Champions
5319,388,6,426.9,71.14999999999999,24.666666666666668,308,2010-11-15 16:33:00,2010-01-11 13:11:00,1,1,17740,United Kingdom,3,At Risk / Lapsed
5320,406,2,101.1,50.55,19.0,153,2010-10-29 11:59:00,2010-05-28 12:11:00,1,1,17741,United Kingdom,3,At Risk / Lapsed
5321,112,11,2098.48,190.7709090909091,7.682352941176471,625,2011-08-18 15:28:00,2009-12-01 13:16:00,1,1,17742,United Kingdom,2,Loyal Customers
5322,447,1,229.2,229.2,32.0,0,2010-09-17 14:54:00,2010-09-17 14:54:00,1,0,17743,United Kingdom,3,At Risk / Lapsed
5323,3,7,2649.14,378.4485714285714,25.337748344370866,377,2011-12-06 12:11:00,2010-11-24 09:34:00,0,1,17744,United Kingdom,2,Loyal Customers
5324,477,2,600.34,300.17,5.857142857142857,78,2010-08-19 12:30:00,2010-06-02 09:03:00,1,1,17745,United Kingdom,3,At Risk / Lapsed
5325,239,4,904.18,226.045,19.11111111111111,370,2011-04-13 14:31:00,2010-04-08 12:54:00,1,1,17746,United Kingdom,2,Loyal Customers
5326,112,1,71.4,71.4,12.0,0,2011-08-19 08:13:00,2011-08-19 08:13:00,1,0,17747,United Kingdom,1,Promising
5327,526,1,358.15,358.15,6.529411764705882,0,2010-06-30 13:49:00,2010-06-30 13:49:00,1,0,17748,United Kingdom,3,At Risk / Lapsed
5328,177,3,1026.18,342.06,7.824561403508772,368,2011-06-14 15:45:00,2010-06-11 14:56:00,1,1,17749,United Kingdom,2,Loyal Customers
5329,4,9,1694.16,188.24,20.307692307692307,158,2011-12-04 14:09:00,2011-06-28 15:44:00,0,1,17750,United Kingdom,2,Loyal Customers
5330,420,1,157.86,157.86,4.59375,0,2010-10-14 13:57:00,2010-10-14 13:57:00,1,0,17751,United Kingdom,3,At Risk / Lapsed
5331,358,1,80.64,80.64,192.0,0,2010-12-15 16:19:00,2010-12-15 16:19:00,1,0,17752,United Kingdom,3,At Risk / Lapsed
5332,463,4,382.06,95.515,1.7971014492753623,238,2010-09-01 15:49:00,2010-01-06 14:20:00,1,1,17753,United Kingdom,3,At Risk / Lapsed
5333,0,13,4451.22,342.4015384615385,19.57847533632287,727,2011-12-09 11:20:00,2009-12-11 15:52:00,0,1,17754,United Kingdom,0,Champions
5334,375,3,728.75,242.91666666666663,4.75,18,2010-11-29 12:20:00,2010-11-10 12:54:00,1,1,17756,United Kingdom,3,At Risk / Lapsed
5335,0,56,9362.55,167.18839285714284,3.967642526964561,693,2011-12-08 15:31:00,2010-01-13 15:56:00,0,1,17757,United Kingdom,0,Champions
5336,18,12,4964.03,413.6691666666666,6.058712121212121,549,2011-11-20 14:45:00,2010-05-20 13:18:00,0,1,17758,United Kingdom,0,Champions
5337,16,5,1260.63,252.12600000000003,7.303030303030303,566,2011-11-22 16:02:00,2010-05-05 11:40:00,0,1,17759,United Kingdom,2,Loyal Customers
5338,21,6,918.93,153.155,9.157894736842104,627,2011-11-18 10:56:00,2010-02-28 12:15:00,0,1,17760,United Kingdom,2,Loyal Customers
5339,32,1,712.78,712.78,20.94736842105263,0,2011-11-07 10:23:00,2011-11-07 10:23:00,0,0,17761,United Kingdom,1,Promising
5340,455,1,129.75,129.75,7.588235294117647,0,2010-09-09 17:40:00,2010-09-09 17:40:00,1,0,17762,United Kingdom,3,At Risk / Lapsed
5341,262,4,86.15,21.5375,2.9285714285714284,395,2011-03-21 14:25:00,2010-02-18 14:32:00,1,1,17763,United Kingdom,1,Promising
5342,50,5,1513.57,302.714,4.523489932885906,685,2011-10-20 11:03:00,2009-12-03 14:28:00,0,1,17764,United Kingdom,2,Loyal Customers
5343,158,4,524.0,131.0,2.4074074074074074,289,2011-07-04 12:41:00,2010-09-17 12:45:00,1,1,17765,United Kingdom,2,Loyal Customers
5344,380,2,299.61,149.805,7.045454545454546,0,2010-11-23 14:29:00,2010-11-23 14:17:00,1,1,17766,United Kingdom,3,At Risk / Lapsed
5345,14,2,413.05,206.525,5.076923076923077,394,2011-11-24 14:42:00,2010-10-25 16:22:00,0,1,17767,United Kingdom,1,Promising
5346,7,7,3292.73,470.39,12.851648351648352,729,2011-12-01 13:22:00,2009-12-02 12:26:00,0,1,17768,United Kingdom,2,Loyal Customers
5347,12,17,7053.38,414.90470588235297,5.415094339622642,676,2011-11-27 11:18:00,2010-01-19 11:33:00,0,1,17769,United Kingdom,0,Champions
5348,198,5,1143.27,228.654,9.605263157894736,83,2011-05-25 12:34:00,2011-03-02 13:35:00,1,1,17770,United Kingdom,2,Loyal Customers
5349,56,4,386.93,96.7325,5.426470588235294,532,2011-10-14 11:43:00,2010-04-29 13:21:00,0,1,17771,United Kingdom,1,Promising
5350,10,3,360.75,120.25,1.1770833333333333,381,2011-11-29 11:05:00,2010-11-12 11:31:00,0,1,17772,United Kingdom,1,Promising
5351,513,2,575.37,287.685,4.618181818181818,175,2010-07-13 14:07:00,2010-01-18 14:32:00,1,1,17773,United Kingdom,3,At Risk / Lapsed
5352,96,9,3272.83,363.6477777777778,3.9974747474747474,572,2011-09-04 12:49:00,2010-02-08 16:06:00,1,1,17774,United Kingdom,2,Loyal Customers
5353,254,1,56.4,56.4,24.0,0,2011-03-30 10:50:00,2011-03-30 10:50:00,1,0,17775,United Kingdom,1,Promising
5354,386,2,329.3,164.65,3.4177215189873418,336,2010-11-18 12:14:00,2009-12-16 14:59:00,1,1,17776,United Kingdom,3,At Risk / Lapsed
5355,24,3,647.56,215.85333333333327,2.636842105263158,75,2011-11-15 12:02:00,2011-08-31 14:35:00,0,1,17777,United Kingdom,1,Promising
5356,661,1,197.7,197.7,21.4,0,2010-02-16 12:44:00,2010-02-16 12:44:00,1,0,17778,United Kingdom,3,At Risk / Lapsed
5357,20,3,650.32,216.7733333333333,4.888888888888889,122,2011-11-18 14:15:00,2011-07-19 12:19:00,0,1,17779,United Kingdom,1,Promising
5358,666,3,346.56,115.52,1.9746835443037976,17,2010-02-10 13:43:00,2010-01-24 11:21:00,1,1,17780,United Kingdom,3,At Risk / Lapsed
5359,158,2,188.02,94.01,2.833333333333333,93,2011-07-03 16:00:00,2011-03-31 19:54:00,1,1,17781,United Kingdom,1,Promising
5360,382,2,679.02,339.51,18.55172413793104,0,2010-11-22 11:15:00,2010-11-22 10:03:00,1,1,17782,United Kingdom,3,At Risk / Lapsed
5361,71,3,376.96,125.65333333333332,4.813186813186813,440,2011-09-28 16:07:00,2010-07-15 12:50:00,0,1,17783,United Kingdom,1,Promising
5362,549,1,112.86,112.86,3.130434782608696,0,2010-06-07 16:08:00,2010-06-07 16:08:00,1,0,17784,United Kingdom,3,At Risk / Lapsed
5363,52,3,403.38,134.46,4.450980392156863,512,2011-10-17 13:43:00,2010-05-23 13:01:00,0,1,17785,United Kingdom,1,Promising
5364,84,2,266.85,133.425,2.867647058823529,231,2011-09-15 12:51:00,2011-01-26 14:35:00,0,1,17786,United Kingdom,1,Promising
5365,152,4,2553.82,638.455,7.8742138364779874,218,2011-07-10 11:24:00,2010-12-03 13:43:00,1,1,17787,United Kingdom,2,Loyal Customers
5366,73,2,1112.95,556.475,52.5,55,2011-09-27 10:09:00,2011-08-02 10:38:00,0,1,17788,United Kingdom,1,Promising
5367,280,2,397.15,198.575,6.862068965517241,379,2011-03-03 13:14:00,2010-02-16 13:16:00,1,1,17789,United Kingdom,1,Promising
5368,26,20,2779.41,138.9705,4.59271523178808,517,2011-11-13 11:30:00,2010-06-13 13:30:00,0,1,17790,United Kingdom,0,Champions
5369,29,1,106.1,106.1,4.6,0,2011-11-10 12:09:00,2011-11-10 12:09:00,0,0,17791,United Kingdom,1,Promising
5370,466,2,368.35,184.175,2.8653846153846154,11,2010-08-29 14:30:00,2010-08-18 13:08:00,1,1,17792,United Kingdom,3,At Risk / Lapsed
5371,24,1,300.34,300.34,4.346153846153846,0,2011-11-14 14:24:00,2011-11-14 14:24:00,0,0,17793,United Kingdom,1,Promising
5372,686,2,147.3,73.65,6.571428571428571,1,2010-01-22 10:18:00,2010-01-20 12:17:00,1,1,17794,United Kingdom,3,At Risk / Lapsed
5373,179,2,342.83,171.415,6.777777777777778,85,2011-06-13 12:36:00,2011-03-20 12:02:00,1,1,17795,United Kingdom,1,Promising
5374,39,7,1351.04,193.00571428571428,1.6891891891891893,381,2011-10-30 15:38:00,2010-10-14 13:37:00,0,1,17796,United Kingdom,2,Loyal Customers
5375,21,8,1971.87,246.48375,4.007380073800738,701,2011-11-17 13:21:00,2009-12-15 14:30:00,0,1,17797,United Kingdom,2,Loyal Customers
5376,581,1,172.17,172.17,3.090909090909091,0,2010-05-07 11:42:00,2010-05-07 11:42:00,1,0,17798,United Kingdom,3,At Risk / Lapsed
5377,21,20,6246.93,312.3465,4.064159292035399,703,2011-11-17 15:16:00,2009-12-13 16:03:00,0,1,17799,United Kingdom,0,Champions
5378,36,9,1186.21,131.8011111111111,7.166666666666667,296,2011-11-02 12:57:00,2011-01-09 13:50:00,0,1,17800,United Kingdom,2,Loyal Customers
5379,450,3,770.03,256.6766666666667,10.123456790123456,240,2010-09-14 14:32:00,2010-01-17 11:31:00,1,1,17801,United Kingdom,3,At Risk / Lapsed
5380,81,10,5046.42,504.642,5.186567164179104,644,2011-09-18 14:56:00,2009-12-13 13:39:00,0,1,17802,United Kingdom,0,Champions
5381,391,1,184.66,184.66,3.6296296296296298,0,2010-11-12 13:53:00,2010-11-12 13:53:00,1,0,17803,United Kingdom,3,At Risk / Lapsed
5382,375,3,383.78,127.92666666666668,2.131868131868132,362,2010-11-28 14:01:00,2009-12-01 12:22:00,1,1,17804,United Kingdom,3,At Risk / Lapsed
5383,73,2,927.03,463.515,102.36363636363636,536,2011-09-27 11:49:00,2010-04-08 14:36:00,0,1,17805,United Kingdom,1,Promising
5384,10,1,546.04,546.04,16.906976744186046,0,2011-11-28 14:12:00,2011-11-28 14:12:00,0,0,17806,United Kingdom,1,Promising
5385,394,3,437.87,145.95666666666668,2.943820224719101,309,2010-11-09 16:21:00,2010-01-04 14:00:00,1,1,17807,United Kingdom,3,At Risk / Lapsed
5386,548,4,262.64,65.66,4.333333333333333,32,2010-06-09 10:44:00,2010-05-07 16:26:00,1,1,17808,United Kingdom,3,At Risk / Lapsed
5387,15,20,11337.39,566.8695,29.9375,720,2011-11-23 12:59:00,2009-12-02 14:52:00,0,1,17809,United Kingdom,0,Champions
5388,668,2,343.21,171.605,2.1666666666666665,15,2010-02-09 10:47:00,2010-01-25 10:26:00,1,1,17810,United Kingdom,3,At Risk / Lapsed
5389,3,47,9513.1,202.4063829787234,4.584708948740226,441,2011-12-05 13:46:00,2010-09-20 11:24:00,0,1,17811,United Kingdom,0,Champions
5390,12,7,1105.29,157.89857142857142,2.6192660550458715,517,2011-11-27 11:47:00,2010-06-27 13:34:00,0,1,17812,United Kingdom,2,Loyal Customers
5391,13,5,1698.07,339.614,2.160919540229885,57,2011-11-25 16:13:00,2011-09-29 15:57:00,0,1,17813,United Kingdom,2,Loyal Customers
5392,374,2,1609.37,804.685,10.034965034965037,47,2010-11-29 14:21:00,2010-10-13 14:03:00,1,1,17814,United Kingdom,3,At Risk / Lapsed
5393,392,1,591.96,591.96,47.07692307692308,0,2010-11-11 14:39:00,2010-11-11 14:39:00,1,0,17815,United Kingdom,3,At Risk / Lapsed
5394,36,6,112.32,18.72,1.7454545454545454,687,2011-11-03 11:34:00,2009-12-15 15:27:00,0,1,17816,United Kingdom,1,Promising
5395,3,6,788.15,131.35833333333332,2.6343283582089554,417,2011-12-05 14:39:00,2010-10-13 15:07:00,0,1,17817,United Kingdom,2,Loyal Customers
5396,737,1,124.78,124.78,2.0476190476190474,0,2009-12-02 11:34:00,2009-12-02 11:34:00,1,0,17818,United Kingdom,3,At Risk / Lapsed
5397,71,12,6612.52,551.0433333333333,18.306930693069308,654,2011-09-29 10:52:00,2009-12-13 15:24:00,0,1,17819,United Kingdom,0,Champions
5398,373,1,180.61,180.61,2.707317073170732,0,2010-11-30 17:43:00,2010-11-30 17:43:00,1,0,17820,United Kingdom,3,At Risk / Lapsed
5399,405,1,334.62,334.62,27.0,0,2010-10-29 13:20:00,2010-10-29 13:20:00,1,0,17821,United Kingdom,3,At Risk / Lapsed
5400,419,5,2154.08,430.816,8.166666666666666,140,2010-10-15 13:47:00,2010-05-28 12:15:00,1,1,17822,United Kingdom,2,Loyal Customers
5401,420,2,449.25,224.625,2.52,0,2010-10-14 16:24:00,2010-10-14 16:14:00,1,1,17823,United Kingdom,3,At Risk / Lapsed
5402,50,1,298.4,298.4,31.384615384615383,0,2011-10-19 14:14:00,2011-10-19 14:14:00,0,0,17824,United Kingdom,1,Promising
5403,598,4,701.96,175.49,19.11111111111111,126,2010-04-20 12:01:00,2009-12-14 12:09:00,1,1,17825,United Kingdom,3,At Risk / Lapsed
5404,373,1,133.34,133.34,2.5454545454545454,0,2010-11-30 13:23:00,2010-11-30 13:23:00,1,0,17826,United Kingdom,3,At Risk / Lapsed
5405,4,6,2376.17,396.02833333333336,5.629893238434164,616,2011-12-04 15:00:00,2010-03-28 12:20:00,0,1,17827,United Kingdom,2,Loyal Customers
5406,22,4,1165.09,291.2725,10.234375,162,2011-11-17 08:41:00,2011-06-08 08:31:00,0,1,17828,Malta,2,Loyal Customers
5407,298,5,4756.74,951.348,17.596491228070175,356,2011-02-14 12:46:00,2010-02-22 15:39:00,1,1,17829,United Arab Emirates,2,Loyal Customers
5408,1,3,398.7,132.9,4.0,287,2011-12-08 12:28:00,2011-02-24 10:15:00,0,1,17830,United Kingdom,1,Promising
5409,32,1,35.400000000000006,35.400000000000006,6.0,0,2011-11-06 15:09:00,2011-11-06 15:09:00,0,0,17831,United Kingdom,1,Promising
5410,49,1,155.37,155.37,3.4098360655737703,0,2011-10-21 11:43:00,2011-10-21 11:43:00,0,0,17832,United Kingdom,1,Promising
5411,722,1,338.46000000000004,338.46000000000004,4.612903225806452,0,2009-12-16 13:40:00,2009-12-16 13:40:00,1,0,17833,United Kingdom,3,At Risk / Lapsed
5412,414,2,689.6700000000001,344.83500000000004,11.017241379310343,30,2010-10-21 12:09:00,2010-09-20 15:32:00,1,1,17834,United Kingdom,3,At Risk / Lapsed
5413,2,3,342.24,114.08,5.830508474576271,20,2011-12-07 11:48:00,2011-11-16 16:30:00,0,1,17835,United Kingdom,1,Promising
5414,46,1,109.83,109.83,3.782608695652174,0,2011-10-23 16:13:00,2011-10-23 16:13:00,0,0,17836,United Kingdom,1,Promising
5415,41,8,1535.33,191.91625,3.1552795031055902,120,2011-10-28 16:13:00,2011-06-29 16:44:00,0,1,17837,United Kingdom,2,Loyal Customers
5416,26,13,6507.5,500.5769230769231,13.63728813559322,604,2011-11-13 11:20:00,2010-03-19 09:53:00,0,1,17838,United Kingdom,0,Champions
5417,41,1,318.15,318.15,4.9423076923076925,0,2011-10-28 17:27:00,2011-10-28 17:27:00,0,0,17839,United Kingdom,1,Promising
5418,443,1,175.9,175.9,2.56,0,2010-09-22 12:24:00,2010-09-22 12:24:00,1,0,17840,United Kingdom,3,At Risk / Lapsed
5419,1,211,70056.56,332.0216113744076,2.945836637589215,735,2011-12-08 12:07:00,2009-12-02 15:41:00,0,1,17841,United Kingdom,0,Champions
5420,601,1,430.69,430.69,4.944444444444445,0,2010-04-16 14:23:00,2010-04-16 14:23:00,1,0,17842,United Kingdom,3,At Risk / Lapsed
5421,302,2,312.65,156.325,3.7666666666666666,108,2011-02-09 15:33:00,2010-10-24 10:56:00,1,1,17843,United Kingdom,3,At Risk / Lapsed
5422,106,1,51.56,51.56,10.4,0,2011-08-25 11:27:00,2011-08-25 11:27:00,1,0,17844,Canada,1,Promising
5423,554,4,596.09,149.0225,4.148936170212766,21,2010-06-02 15:20:00,2010-05-12 13:04:00,1,1,17845,United Kingdom,3,At Risk / Lapsed
5424,515,2,125.74,62.870000000000005,3.5,129,2010-07-12 10:00:00,2010-03-04 12:57:00,1,1,17847,United Kingdom,3,At Risk / Lapsed
5425,80,30,3538.46,117.94866666666668,8.469135802469136,652,2011-09-19 16:49:00,2009-12-06 13:19:00,0,1,17848,United Kingdom,0,Champions
5426,217,8,1063.76,132.97,4.48,416,2011-05-05 13:46:00,2010-03-14 15:17:00,1,1,17849,United Kingdom,2,Loyal Customers
5427,371,155,56600.08,365.1618064516129,8.149141630901287,362,2010-12-02 15:27:00,2009-12-05 12:28:00,1,1,17850,United Kingdom,0,Champions
5428,421,6,1552.35,258.725,4.021551724137931,313,2010-10-13 15:13:00,2009-12-03 17:46:00,1,1,17851,United Kingdom,2,Loyal Customers
5429,11,5,657.8100000000001,131.562,3.4444444444444446,719,2011-11-28 12:36:00,2009-12-08 12:51:00,0,1,17852,United Kingdom,2,Loyal Customers
5430,406,3,1596.29,532.0966666666667,5.9523809523809526,329,2010-10-28 15:29:00,2009-12-03 15:09:00,1,1,17853,United Kingdom,3,At Risk / Lapsed
5431,184,6,1068.5,178.08333333333334,5.1440677966101696,546,2011-06-07 16:21:00,2009-12-08 11:13:00,1,1,17854,United Kingdom,2,Loyal Customers
5432,372,1,417.94,417.94,11.588235294117649,0,2010-12-02 09:44:00,2010-12-02 09:44:00,1,0,17855,United Kingdom,3,At Risk / Lapsed
5433,1,4,1418.03,354.5075,56.13333333333333,279,2011-12-08 09:40:00,2011-03-03 11:40:00,0,1,17856,United Kingdom,2,Loyal Customers
5434,3,23,27104.74,1178.4669565217391,326.4074074074074,637,2011-12-05 13:13:00,2010-03-08 12:09:00,0,1,17857,United Kingdom,0,Champions
5435,5,30,12754.9,425.1633333333333,13.994871794871797,727,2011-12-04 11:56:00,2009-12-06 15:41:00,0,1,17858,United Kingdom,0,Champions
5436,304,1,141.92000000000002,141.92000000000002,4.434782608695652,0,2011-02-08 10:32:00,2011-02-08 10:32:00,1,0,17859,United Kingdom,3,At Risk / Lapsed
5437,368,4,943.84,235.96,3.6869158878504673,359,2010-12-06 12:41:00,2009-12-11 16:48:00,1,1,17860,United Kingdom,3,At Risk / Lapsed
5438,2,18,5088.29,282.6827777777778,8.137992831541219,726,2011-12-06 16:21:00,2009-12-10 11:27:00,0,1,17861,United Kingdom,0,Champions
5439,323,4,1254.89,313.7225,4.444444444444445,239,2011-01-20 12:23:00,2010-05-25 17:22:00,1,1,17862,United Kingdom,2,Loyal Customers
5440,58,12,5745.2,478.76666666666665,17.942028985507246,593,2011-10-11 13:45:00,2010-02-25 12:01:00,0,1,17863,United Kingdom,0,Champions
5441,12,5,876.57,175.31400000000002,7.6893939393939394,414,2011-11-27 11:15:00,2010-10-08 11:49:00,0,1,17864,United Kingdom,2,Loyal Customers
5442,30,46,26310.09,571.9584782608696,12.833498513379585,708,2011-11-09 12:08:00,2009-12-01 10:49:00,0,1,17865,United Kingdom,0,Champions
5443,142,3,1134.95,378.31666666666666,20.57692307692308,582,2011-07-20 11:07:00,2009-12-14 16:01:00,1,1,17866,United Kingdom,2,Loyal Customers
5444,29,15,1577.0500000000002,105.13666666666668,4.937984496124031,707,2011-11-09 14:15:00,2009-12-02 13:39:00,0,1,17867,United Kingdom,0,Champions
5445,385,1,227.15,227.15,4.722222222222222,0,2010-11-18 18:55:00,2010-11-18 18:55:00,1,0,17868,United Kingdom,3,At Risk / Lapsed
5446,106,7,1027.96,146.85142857142858,5.8125,440,2011-08-24 16:16:00,2010-06-10 13:47:00,1,1,17869,United Kingdom,2,Loyal Customers
5447,1,13,3079.69,236.8992307692308,6.6923076923076925,379,2011-12-07 15:07:00,2010-11-23 11:39:00,0,1,17870,United Kingdom,0,Champions
5448,204,5,1068.95,213.79,8.012048192771084,488,2011-05-19 11:32:00,2010-01-15 14:48:00,1,1,17871,United Kingdom,2,Loyal Customers
5449,381,1,235.87,235.87,11.733333333333333,0,2010-11-23 12:02:00,2010-11-23 12:02:00,1,0,17872,United Kingdom,3,At Risk / Lapsed
5450,79,18,6340.900000000001,352.27222222222224,24.428571428571427,643,2011-09-20 16:41:00,2009-12-16 15:11:00,0,1,17873,United Kingdom,0,Champions
5451,184,6,683.46,113.91,4.804347826086956,70,2011-06-07 12:54:00,2011-03-29 11:25:00,1,1,17874,United Kingdom,2,Loyal Customers
5452,687,1,167.1,167.1,3.769230769230769,0,2010-01-20 15:30:00,2010-01-20 15:30:00,1,0,17875,United Kingdom,3,At Risk / Lapsed
5453,399,3,3424.02,1141.34,489.5,275,2010-11-05 10:52:00,2010-02-02 13:00:00,1,1,17876,United Kingdom,2,Loyal Customers
5454,169,1,237.61,237.61,8.166666666666666,0,2011-06-22 13:00:00,2011-06-22 13:00:00,1,0,17877,United Kingdom,1,Promising
5455,43,3,1378.93,459.6433333333334,12.365853658536585,351,2011-10-27 11:24:00,2010-11-09 13:50:00,0,1,17878,United Kingdom,2,Loyal Customers
5456,173,1,178.51999999999998,178.51999999999998,7.5,0,2011-06-19 12:36:00,2011-06-19 12:36:00,1,0,17879,United Kingdom,1,Promising
5457,364,3,824.9200000000001,274.97333333333336,10.355555555555556,365,2010-12-10 10:21:00,2009-12-09 16:13:00,1,1,17880,United Kingdom,3,At Risk / Lapsed
5458,303,1,133.35000000000002,133.35000000000002,4.0,0,2011-02-08 17:16:00,2011-02-08 17:16:00,1,0,17881,United Kingdom,3,At Risk / Lapsed
5459,378,2,291.56,145.78,2.452830188679245,0,2010-11-25 14:40:00,2010-11-25 14:35:00,1,1,17882,United Kingdom,3,At Risk / Lapsed
5460,2,7,988.42,141.20285714285714,2.7514450867052025,648,2011-12-06 17:49:00,2010-02-25 20:07:00,0,1,17883,United Kingdom,2,Loyal Customers
5461,3,20,3015.99,150.7995,6.373931623931624,731,2011-12-06 11:33:00,2009-12-04 16:23:00,0,1,17884,United Kingdom,0,Champions
5462,11,1,156.34,156.34,2.0754716981132075,0,2011-11-27 14:40:00,2011-11-27 14:40:00,0,0,17885,United Kingdom,1,Promising
5463,31,6,1572.55,262.09166666666664,4.283132530120482,557,2011-11-08 10:09:00,2010-04-29 11:10:00,0,1,17886,United Kingdom,2,Loyal Customers
5464,128,1,111.35,111.35,3.0,0,2011-08-02 17:29:00,2011-08-02 17:29:00,1,0,17887,United Kingdom,1,Promising
5465,20,25,1807.44,72.2976,9.6,696,2011-11-18 13:45:00,2009-12-21 16:34:00,0,1,17888,United Kingdom,0,Champions
5466,211,7,746.42,106.63142857142856,3.4741379310344827,406,2011-05-11 16:26:00,2010-03-31 10:54:00,1,1,17889,United Kingdom,2,Loyal Customers
5467,322,2,586.89,293.445,4.417582417582418,38,2011-01-21 11:19:00,2010-12-13 15:12:00,1,1,17890,United Kingdom,3,At Risk / Lapsed
5468,161,1,203.86,203.86,11.558823529411764,0,2011-06-30 20:08:00,2011-06-30 20:08:00,1,0,17891,United Kingdom,1,Promising
5469,55,3,244.1,81.36666666666666,3.892857142857143,99,2011-10-14 16:49:00,2011-07-07 12:56:00,0,1,17892,United Kingdom,1,Promising
5470,224,1,107.21,107.21,9.933333333333334,0,2011-04-28 13:50:00,2011-04-28 13:50:00,1,0,17893,United Kingdom,1,Promising
5471,71,18,2410.93,133.94055555555553,2.366504854368932,397,2011-09-29 09:23:00,2010-08-27 14:13:00,0,1,17894,United Kingdom,0,Champions
5472,43,1,95.45,95.45,8.466666666666667,0,2011-10-26 17:00:00,2011-10-26 17:00:00,0,0,17895,United Kingdom,1,Promising
5473,22,1,256.32,256.32,144.0,0,2011-11-16 13:59:00,2011-11-16 13:59:00,0,0,17896,United Kingdom,1,Promising
5474,172,9,2463.71,273.74555555555554,3.079510703363914,403,2011-06-20 11:23:00,2010-05-12 16:03:00,1,1,17897,United Kingdom,2,Loyal Customers
5475,84,4,299.18,74.795,5.02,481,2011-09-15 14:56:00,2010-05-21 17:22:00,0,1,17898,United Kingdom,1,Promising
5476,158,1,154.55,154.55,5.483870967741935,0,2011-07-03 14:58:00,2011-07-03 14:58:00,1,0,17899,United Kingdom,1,Promising
5477,189,2,112.2,56.1,12.166666666666666,0,2011-06-02 14:38:00,2011-06-02 14:28:00,1,1,17900,United Kingdom,1,Promising
5478,28,3,260.08,86.69333333333333,1.7272727272727273,492,2011-11-10 17:29:00,2010-07-06 10:54:00,0,1,17901,United Kingdom,1,Promising
5479,546,1,216.4,216.4,21.916666666666668,0,2010-06-11 12:25:00,2010-06-11 12:25:00,1,0,17902,United Kingdom,3,At Risk / Lapsed
5480,393,1,381.09,381.09,3.1555555555555554,0,2010-11-10 15:39:00,2010-11-10 15:39:00,1,0,17903,United Kingdom,3,At Risk / Lapsed
5481,20,1,181.07,181.07,1.7352941176470589,0,2011-11-18 12:57:00,2011-11-18 12:57:00,0,0,17904,United Kingdom,1,Promising
5482,70,13,2368.87,182.22076923076924,8.053892215568862,608,2011-09-29 17:33:00,2010-01-28 17:54:00,0,1,17905,United Kingdom,0,Champions
5483,246,1,72.9,72.9,2.1666666666666665,0,2011-04-06 17:25:00,2011-04-06 17:25:00,1,0,17906,United Kingdom,1,Promising
5484,640,1,291.76,291.76,80.46153846153847,0,2010-03-09 12:33:00,2010-03-09 12:33:00,1,0,17907,United Kingdom,3,At Risk / Lapsed
5485,373,5,1374.5,274.9,3.2022900763358777,351,2010-12-01 11:45:00,2009-12-14 12:24:00,1,1,17908,United Kingdom,2,Loyal Customers
5486,736,1,110.05,110.05,4.375,0,2009-12-02 13:10:00,2009-12-02 13:10:00,1,0,17909,United Kingdom,3,At Risk / Lapsed
5487,725,1,261.7,261.7,4.653846153846154,0,2009-12-13 16:04:00,2009-12-13 16:04:00,1,0,17910,United Kingdom,3,At Risk / Lapsed
5488,8,1,366.23,366.23,5.717948717948718,0,2011-11-30 14:52:00,2011-11-30 14:52:00,0,0,17911,United Kingdom,1,Promising
5489,309,6,371.6,61.93333333333334,4.285714285714286,65,2011-02-02 14:25:00,2010-11-29 13:53:00,1,1,17912,United Kingdom,2,Loyal Customers
5490,58,14,3425.09,244.64928571428567,3.688172043010753,677,2011-10-12 10:45:00,2009-12-03 13:02:00,0,1,17913,United Kingdom,0,Champions
5491,3,1,329.36,329.36,6.093333333333334,0,2011-12-06 11:58:00,2011-12-06 11:58:00,0,0,17914,United Kingdom,1,Promising
5492,550,1,225.78,225.78,6.344827586206897,0,2010-06-06 13:22:00,2010-06-06 13:22:00,1,0,17915,United Kingdom,3,At Risk / Lapsed
5493,628,2,43.87,21.935,4.7368421052631575,104,2010-03-21 12:26:00,2009-12-06 14:10:00,1,1,17916,United Kingdom,3,At Risk / Lapsed
5494,44,3,335.03,111.67666666666666,2.0,317,2011-10-25 13:20:00,2010-12-12 12:08:00,0,1,17917,United Kingdom,1,Promising
5495,500,3,388.44,129.48,9.0,4,2010-07-27 11:51:00,2010-07-22 14:20:00,1,1,17918,United Kingdom,3,At Risk / Lapsed
5496,87,2,1840.32,920.16,36.3,350,2011-09-12 13:41:00,2010-09-27 10:40:00,0,1,17919,United Kingdom,2,Loyal Customers
5497,3,54,24232.94,448.7581481481481,7.290697674418604,729,2011-12-05 14:29:00,2009-12-06 10:37:00,0,1,17920,United Kingdom,0,Champions
5498,63,10,2394.36,239.436,2.7527777777777778,447,2011-10-06 18:56:00,2010-07-15 20:05:00,0,1,17921,United Kingdom,2,Loyal Customers
5499,542,1,170.4,170.4,6.125,0,2010-06-14 16:32:00,2010-06-14 16:32:00,1,0,17922,United Kingdom,3,At Risk / Lapsed
5500,281,3,497.0,165.66666666666666,46.66666666666666,262,2011-03-02 15:15:00,2010-06-13 13:58:00,1,1,17923,United Kingdom,1,Promising
5501,11,8,3536.7000000000003,442.0875,36.22857142857143,402,2011-11-28 09:11:00,2010-10-21 12:17:00,0,1,17924,United Kingdom,2,Loyal Customers
5502,372,1,488.16,488.16,72.0,0,2010-12-02 10:10:00,2010-12-02 10:10:00,1,0,17925,United Kingdom,3,At Risk / Lapsed
5503,132,5,1035.49,207.098,13.0,446,2011-07-29 14:39:00,2010-05-09 14:07:00,1,1,17926,United Kingdom,2,Loyal Customers
5504,721,1,294.0,294.0,10.8,0,2009-12-18 11:03:00,2009-12-18 11:03:00,1,0,17927,United Kingdom,3,At Risk / Lapsed
5505,44,3,313.16,104.38666666666668,5.769230769230769,525,2011-10-25 13:52:00,2010-05-17 15:30:00,0,1,17928,United Kingdom,1,Promising
5506,10,12,3082.1,256.84166666666664,28.933333333333334,719,2011-11-28 16:01:00,2009-12-09 11:40:00,0,1,17929,United Kingdom,0,Champions
5507,35,13,4275.22,328.86307692307696,43.62068965517241,609,2011-11-04 10:23:00,2010-03-04 10:41:00,0,1,17930,United Kingdom,0,Champions
5508,133,14,3402.24,243.01714285714283,5.467236467236467,527,2011-07-28 18:33:00,2010-02-16 15:47:00,1,1,17931,United Kingdom,0,Champions
5509,28,3,1331.57,443.8566666666666,8.766666666666667,182,2011-11-10 19:49:00,2011-05-12 13:58:00,0,1,17932,United Kingdom,2,Loyal Customers
5510,631,1,105.99,105.99,4.384615384615385,0,2010-03-17 15:11:00,2010-03-17 15:11:00,1,0,17933,United Kingdom,3,At Risk / Lapsed
5511,51,3,1049.15,349.7166666666667,15.317073170731708,354,2011-10-19 11:16:00,2010-10-29 12:23:00,0,1,17934,United Kingdom,2,Loyal Customers
5512,137,7,683.24,97.60571428571428,3.857142857142857,596,2011-07-24 13:18:00,2009-12-04 14:33:00,1,1,17935,United Kingdom,2,Loyal Customers
5513,4,1,380.13,380.13,3.5694444444444446,0,2011-12-04 13:32:00,2011-12-04 13:32:00,0,0,17936,United Kingdom,1,Promising
5514,8,7,4301.22,614.46,40.7906976744186,353,2011-12-01 11:45:00,2010-12-12 14:43:00,0,1,17937,United Kingdom,2,Loyal Customers
5515,419,1,144.29,144.29,1.827586206896552,0,2010-10-15 14:27:00,2010-10-15 14:27:00,1,0,17938,United Kingdom,3,At Risk / Lapsed
5516,159,1,99.14,99.14,3.333333333333333,0,2011-07-03 12:27:00,2011-07-03 12:27:00,1,0,17939,United Kingdom,1,Promising
5517,48,15,28438.93,1895.928666666667,2504.323529411765,687,2011-10-21 13:27:00,2009-12-03 12:31:00,0,1,17940,United Kingdom,0,Champions
5518,130,4,1433.28,358.32,158.28571428571428,571,2011-08-01 08:30:00,2010-01-06 15:37:00,1,1,17941,United Kingdom,2,Loyal Customers
5519,7,1,77.50000000000001,77.50000000000001,19.0,0,2011-12-02 10:45:00,2011-12-02 10:45:00,0,0,17942,United Kingdom,1,Promising
5520,422,1,74.99,74.99,3.36,0,2010-10-12 16:25:00,2010-10-12 16:25:00,1,0,17944,United Kingdom,3,At Risk / Lapsed
5521,696,3,359.5,119.83333333333331,3.422535211267605,0,2010-01-12 11:40:00,2010-01-12 11:33:00,1,1,17945,United Kingdom,3,At Risk / Lapsed
5522,232,2,149.57999999999998,74.78999999999999,3.75,26,2011-04-20 17:00:00,2011-03-25 14:34:00,1,1,17946,United Kingdom,1,Promising
5523,36,1,176.68,176.68,18.666666666666668,0,2011-11-02 13:05:00,2011-11-02 13:05:00,0,0,17947,United Kingdom,1,Promising
5524,146,1,358.56000000000006,358.56000000000006,144.0,0,2011-07-15 12:58:00,2011-07-15 12:58:00,1,0,17948,United Kingdom,1,Promising
5525,0,116,109147.48,940.926551724138,393.24675324675326,736,2011-12-08 18:46:00,2009-12-02 11:07:00,0,1,17949,United Kingdom,0,Champions
5526,71,7,1429.46,204.20857142857145,4.142156862745098,631,2011-09-28 15:18:00,2010-01-04 17:39:00,0,1,17950,United Kingdom,2,Loyal Customers
5527,39,4,1636.0800000000002,409.02,27.21212121212121,364,2011-10-31 12:30:00,2010-10-31 15:15:00,0,1,17951,United Kingdom,2,Loyal Customers
5528,377,4,788.46,197.115,4.86734693877551,163,2010-11-26 13:54:00,2010-06-16 11:54:00,1,1,17952,United Kingdom,3,At Risk / Lapsed
5529,539,1,148.67000000000002,148.67000000000002,3.842105263157895,0,2010-06-17 15:08:00,2010-06-17 15:08:00,1,0,17953,United Kingdom,3,At Risk / Lapsed
5530,4,19,3930.51,206.86894736842103,4.278731836195509,725,2011-12-04 14:15:00,2009-12-09 13:22:00,0,1,17954,United Kingdom,0,Champions
5531,198,6,949.9,158.31666666666666,30.954545454545453,466,2011-05-25 12:00:00,2010-02-12 16:27:00,1,1,17955,United Kingdom,2,Loyal Customers
5532,248,1,12.75,12.75,1.0,0,2011-04-04 13:47:00,2011-04-04 13:47:00,1,0,17956,United Kingdom,1,Promising
5533,65,1,110.72,110.72,9.166666666666666,0,2011-10-04 14:58:00,2011-10-04 14:58:00,0,0,17957,United Kingdom,1,Promising
5534,116,2,973.88,486.94,7.888888888888889,611,2011-08-15 12:19:00,2009-12-11 15:37:00,1,1,17958,United Kingdom,1,Promising
5535,591,1,140.75,140.75,24.5,0,2010-04-26 14:12:00,2010-04-26 14:12:00,1,0,17959,United Kingdom,3,At Risk / Lapsed
5536,170,3,135.08,45.02666666666667,1.6216216216216215,470,2011-06-21 14:15:00,2010-03-08 12:22:00,1,1,17960,United Kingdom,1,Promising
5537,20,100,2994.29,29.9429,2.330804248861912,717,2011-11-18 16:55:00,2009-12-01 14:48:00,0,1,17961,United Kingdom,0,Champions
5538,141,4,665.91,166.4775,3.4725274725274726,552,2011-07-20 14:16:00,2010-01-13 15:24:00,1,1,17962,United Kingdom,2,Loyal Customers
5539,470,4,643.16,160.79,3.128440366972477,217,2010-08-25 15:58:00,2010-01-19 17:25:00,1,1,17963,United Kingdom,3,At Risk / Lapsed
5540,31,2,724.97,362.485,3.676691729323308,340,2011-11-08 10:44:00,2010-12-02 13:32:00,0,1,17964,United Kingdom,1,Promising
5541,37,29,7153.45,246.6706896551724,5.288438617401669,687,2011-11-02 09:31:00,2009-12-14 13:19:00,0,1,17965,United Kingdom,0,Champions
5542,37,10,1963.92,196.392,34.67256637168141,652,2011-11-02 10:26:00,2010-01-18 13:24:00,0,1,17966,United Kingdom,2,Loyal Customers
5543,371,2,335.69,167.845,1.7864077669902914,44,2010-12-03 11:19:00,2010-10-19 13:19:00,1,1,17967,United Kingdom,3,At Risk / Lapsed
5544,373,4,855.54,213.885,2.406698564593301,138,2010-12-01 12:23:00,2010-07-15 15:01:00,1,1,17968,United Kingdom,3,At Risk / Lapsed
5545,165,20,2354.29,117.7145,4.970588235294118,566,2011-06-26 13:00:00,2009-12-06 13:53:00,1,1,17969,United Kingdom,0,Champions
5546,210,1,562.79,562.79,17.689655172413794,0,2011-05-12 20:03:00,2011-05-12 20:03:00,1,0,17970,United Kingdom,1,Promising
5547,547,1,161.94,161.94,2.952380952380953,0,2010-06-09 14:04:00,2010-06-09 14:04:00,1,0,17971,United Kingdom,3,At Risk / Lapsed
5548,241,1,135.19,135.19,1.2,0,2011-04-12 12:16:00,2011-04-12 12:16:00,1,0,17972,United Kingdom,1,Promising
5549,51,1,337.04,337.04,11.733333333333333,0,2011-10-19 10:34:00,2011-10-19 10:34:00,0,0,17973,United Kingdom,1,Promising
5550,24,6,1739.09,289.8483333333333,3.293628808864266,382,2011-11-15 11:37:00,2010-10-28 20:03:00,0,1,17974,United Kingdom,2,Loyal Customers
5551,14,24,7007.13,291.96375,4.784355179704017,475,2011-11-24 13:27:00,2010-08-06 11:24:00,0,1,17975,United Kingdom,0,Champions
5552,371,1,643.58,643.58,1.631578947368421,0,2010-12-02 13:49:00,2010-12-02 13:49:00,1,0,17976,United Kingdom,3,At Risk / Lapsed
5553,28,2,1511.45,755.725,18.73076923076923,370,2011-11-10 13:28:00,2010-11-04 14:26:00,0,1,17977,United Kingdom,2,Loyal Customers
5554,364,4,1460.91,365.2275,22.734177215189877,366,2010-12-09 14:05:00,2009-12-08 13:27:00,1,1,17978,United Kingdom,2,Loyal Customers
5555,35,4,729.01,182.2525,2.7664233576642334,224,2011-11-04 12:05:00,2011-03-25 11:34:00,0,1,17979,United Kingdom,2,Loyal Customers
5556,165,4,1012.72,253.18,12.63934426229508,227,2011-06-27 12:01:00,2010-11-11 14:42:00,1,1,17980,United Kingdom,2,Loyal Customers
5557,410,1,239.12,239.12,15.294117647058824,0,2010-10-25 10:40:00,2010-10-25 10:40:00,1,0,17981,United Kingdom,3,At Risk / Lapsed
5558,680,1,138.18,138.18,9.0,0,2010-01-28 09:38:00,2010-01-28 09:38:00,1,0,17982,United Kingdom,3,At Risk / Lapsed
5559,394,1,171.71,171.71,4.5,0,2010-11-09 13:24:00,2010-11-09 13:23:00,1,0,17983,United Kingdom,3,At Risk / Lapsed
5560,144,5,1148.69,229.738,3.892116182572614,593,2011-07-17 15:59:00,2009-12-01 11:51:00,1,1,17984,United Kingdom,2,Loyal Customers
5561,21,1,631.35,631.35,8.142857142857142,0,2011-11-17 14:24:00,2011-11-17 14:24:00,0,0,17985,United Kingdom,1,Promising
5562,55,1,20.8,20.8,10.0,0,2011-10-14 14:22:00,2011-10-14 14:22:00,0,0,17986,United Kingdom,1,Promising
5563,184,5,965.44,193.088,5.9817073170731705,365,2011-06-07 14:22:00,2010-06-07 11:23:00,1,1,17987,United Kingdom,2,Loyal Customers
5564,11,13,485.69,37.36076923076923,1.4793388429752066,720,2011-11-28 11:00:00,2009-12-07 13:35:00,0,1,17988,United Kingdom,2,Loyal Customers
5565,378,1,207.33,207.33,10.344827586206897,0,2010-11-25 13:49:00,2010-11-25 13:49:00,1,0,17989,United Kingdom,3,At Risk / Lapsed
5566,236,6,1527.61,254.6016666666667,13.63157894736842,495,2011-04-17 11:44:00,2009-12-07 15:19:00,1,1,17990,United Kingdom,2,Loyal Customers
5567,224,3,298.65,99.55,2.4864864864864864,366,2011-04-28 15:58:00,2010-04-27 12:46:00,1,1,17991,United Kingdom,1,Promising
5568,388,1,252.88,252.88,2.5,0,2010-11-15 13:04:00,2010-11-15 13:04:00,1,0,17992,United Kingdom,3,At Risk / Lapsed
5569,616,1,225.99,225.99,1.8,0,2010-04-01 14:23:00,2010-04-01 14:23:00,1,0,17993,United Kingdom,3,At Risk / Lapsed
5570,121,11,2264.03,205.82090909090903,7.164473684210527,499,2011-08-10 11:41:00,2010-03-29 10:37:00,1,1,17994,United Kingdom,2,Loyal Customers
5571,281,3,495.48,165.16,9.06896551724138,105,2011-03-03 12:30:00,2010-11-17 17:01:00,1,1,17995,United Kingdom,1,Promising
5572,379,3,469.73,156.57666666666668,7.984848484848484,166,2010-11-25 11:00:00,2010-06-11 11:48:00,1,1,17996,United Kingdom,3,At Risk / Lapsed
5573,73,8,1962.46,245.3075,13.859756097560975,89,2011-09-26 16:13:00,2011-06-28 17:28:00,0,1,17997,United Kingdom,2,Loyal Customers
5574,379,3,639.24,213.08,9.672413793103448,358,2010-11-24 15:31:00,2009-12-01 13:07:00,1,1,17998,United Kingdom,3,At Risk / Lapsed
5575,36,3,718.8,239.6,2.2093023255813957,341,2011-11-02 15:56:00,2010-11-26 13:16:00,0,1,17999,United Kingdom,2,Loyal Customers
5576,563,1,124.25,124.25,18.166666666666668,0,2010-05-24 17:34:00,2010-05-24 17:34:00,1,0,18000,United Kingdom,3,At Risk / Lapsed
5577,11,6,924.14,154.02333333333334,6.621212121212121,725,2011-11-27 16:02:00,2009-12-02 15:38:00,0,1,18001,United Kingdom,2,Loyal Customers
5578,375,4,237.62,59.405,1.3461538461538465,355,2010-11-29 10:57:00,2009-12-08 11:07:00,1,1,18002,United Kingdom,3,At Risk / Lapsed
5579,375,1,353.51,353.51,12.91304347826087,0,2010-11-28 15:09:00,2010-11-28 15:09:00,1,0,18003,United Kingdom,3,At Risk / Lapsed
5580,361,1,157.92,157.92,2.027027027027027,0,2010-12-12 13:47:00,2010-12-12 13:47:00,1,0,18004,United Kingdom,3,At Risk / Lapsed
5581,3,2,226.47,113.235,1.6226415094339623,43,2011-12-06 11:51:00,2011-10-23 14:40:00,0,1,18005,United Kingdom,1,Promising
5582,22,4,969.51,242.3775,6.26984126984127,699,2011-11-16 16:52:00,2009-12-17 12:27:00,0,1,18006,United Kingdom,2,Loyal Customers
5583,392,1,215.22,215.22,4.92,0,2010-11-12 11:08:00,2010-11-12 11:08:00,1,0,18007,United Kingdom,3,At Risk / Lapsed
5584,69,23,19759.08,859.0904347826087,80.6701030927835,632,2011-09-30 15:17:00,2010-01-06 12:35:00,0,1,18008,United Kingdom,0,Champions
5585,234,8,2144.23,268.02875,3.636871508379888,417,2011-04-18 13:36:00,2010-02-25 11:49:00,1,1,18009,United Kingdom,2,Loyal Customers
5586,256,1,174.8,174.8,4.285714285714286,0,2011-03-28 12:27:00,2011-03-28 12:27:00,1,0,18010,United Kingdom,1,Promising
5587,372,2,513.58,256.79,2.1538461538461537,194,2010-12-01 17:35:00,2010-05-21 13:28:00,1,1,18011,United Kingdom,3,At Risk / Lapsed
5588,722,1,115.3,115.3,4.846153846153846,0,2009-12-16 13:16:00,2009-12-16 13:16:00,1,0,18012,United Kingdom,3,At Risk / Lapsed
5589,154,2,187.29,93.645,9.193548387096774,0,2011-07-07 14:11:00,2011-07-07 14:08:00,1,1,18013,United Kingdom,1,Promising
5590,27,1,154.27,154.27,2.2413793103448274,0,2011-11-11 15:28:00,2011-11-11 15:28:00,0,0,18014,United Kingdom,1,Promising
5591,3,1,120.03,120.03,3.4130434782608696,0,2011-12-05 14:49:00,2011-12-05 14:49:00,0,0,18015,United Kingdom,1,Promising
5592,31,7,1954.56,279.22285714285715,7.142011834319527,648,2011-11-07 13:25:00,2010-01-27 16:00:00,0,1,18016,United Kingdom,2,Loyal Customers
5593,80,4,688.0,172.0,100.0,350,2011-09-19 16:15:00,2010-10-04 15:11:00,0,1,18017,United Kingdom,2,Loyal Customers
5594,107,4,297.99,74.4975,4.227272727272728,312,2011-08-23 17:37:00,2010-10-15 11:05:00,1,1,18018,United Kingdom,1,Promising
5595,51,1,38.45,38.45,1.4,0,2011-10-19 12:10:00,2011-10-19 12:10:00,0,0,18019,United Kingdom,1,Promising
5596,543,1,190.48,190.48,5.583333333333333,0,2010-06-14 12:31:00,2010-06-14 12:31:00,1,0,18020,United Kingdom,3,At Risk / Lapsed
5597,509,2,216.41,108.205,5.25,2,2010-07-18 10:52:00,2010-07-15 18:47:00,1,1,18021,United Kingdom,3,At Risk / Lapsed
5598,35,5,1506.62,301.324,3.0849056603773586,510,2011-11-04 12:45:00,2010-06-11 13:59:00,0,1,18022,United Kingdom,2,Loyal Customers
5599,152,2,389.78,194.89,8.761904761904763,0,2011-07-10 12:40:00,2011-07-10 12:28:00,1,1,18024,United Kingdom,1,Promising
5600,379,6,1177.72,196.28666666666663,9.401785714285714,239,2010-11-25 12:37:00,2010-03-30 17:33:00,1,1,18025,United Kingdom,2,Loyal Customers
5601,500,2,2074.07,1037.035,31.176470588235293,4,2010-07-27 10:37:00,2010-07-22 16:21:00,1,1,18026,United Kingdom,3,At Risk / Lapsed
5602,98,1,115.31,115.31,3.7142857142857135,0,2011-09-02 10:38:00,2011-09-02 10:38:00,1,0,18027,United Kingdom,1,Promising
5603,582,1,192.05,192.05,33.25,0,2010-05-05 13:28:00,2010-05-05 13:28:00,1,0,18028,United Kingdom,3,At Risk / Lapsed
5604,641,1,433.77,433.77,14.055555555555555,0,2010-03-07 15:30:00,2010-03-07 15:30:00,1,0,18029,United Kingdom,3,At Risk / Lapsed
5605,3,2,230.65,115.325,7.444444444444445,38,2011-12-05 16:37:00,2011-10-28 13:55:00,0,1,18030,United Kingdom,1,Promising
5606,378,1,451.3,451.3,4.73015873015873,0,2010-11-26 11:00:00,2010-11-26 11:00:00,1,0,18031,United Kingdom,3,At Risk / Lapsed
5607,333,1,73.5,73.5,8.4,0,2011-01-09 15:32:00,2011-01-09 15:32:00,1,0,18032,United Kingdom,3,At Risk / Lapsed
5608,64,1,93.82,93.82,7.636363636363637,0,2011-10-05 17:28:00,2011-10-05 17:28:00,0,0,18033,United Kingdom,1,Promising
5609,21,3,753.35,251.11666666666667,4.460093896713615,353,2011-11-18 12:22:00,2010-11-29 12:36:00,0,1,18034,United Kingdom,2,Loyal Customers
5610,35,5,1260.23,252.046,19.894736842105264,349,2011-11-04 12:39:00,2010-11-19 13:42:00,0,1,18035,United Kingdom,2,Loyal Customers
5611,31,11,1545.49,140.4990909090909,2.273006134969325,689,2011-11-07 14:40:00,2009-12-18 12:04:00,0,1,18036,United Kingdom,2,Loyal Customers
5612,153,15,167.42,11.161333333333332,1.121212121212121,583,2011-07-08 13:39:00,2009-12-01 13:48:00,1,1,18037,United Kingdom,2,Loyal Customers
5613,555,1,141.48,141.48,2.962962962962963,0,2010-06-01 15:59:00,2010-06-01 15:59:00,1,0,18038,United Kingdom,3,At Risk / Lapsed
5614,373,4,548.22,137.055,3.5126582278481013,266,2010-11-30 13:07:00,2010-03-09 11:19:00,1,1,18039,United Kingdom,3,At Risk / Lapsed
5615,18,2,357.20000000000005,178.60000000000002,7.7894736842105265,226,2011-11-20 14:20:00,2011-04-08 08:27:00,0,1,18040,United Kingdom,1,Promising
5616,11,38,8633.66,227.2015789473684,8.342979635584138,683,2011-11-28 11:39:00,2010-01-14 10:04:00,0,1,18041,United Kingdom,0,Champions
5617,53,2,281.15,140.575,4.3125,488,2011-10-17 11:49:00,2010-06-16 10:53:00,0,1,18042,United Kingdom,1,Promising
5618,24,3,817.2,272.40000000000003,2.384180790960452,342,2011-11-15 12:48:00,2010-12-08 12:35:00,0,1,18043,United Kingdom,2,Loyal Customers
5619,3,18,3505.61,194.75611111111112,7.99,555,2011-12-05 14:26:00,2010-05-28 15:31:00,0,1,18044,United Kingdom,0,Champions
5620,44,1,178.34,178.34,3.2093023255813957,0,2011-10-25 13:07:00,2011-10-25 13:07:00,0,0,18045,United Kingdom,1,Promising
5621,649,1,189.63,189.63,1.6923076923076923,0,2010-02-28 11:36:00,2010-02-28 11:36:00,1,0,18046,United Kingdom,3,At Risk / Lapsed
5622,380,2,326.09,163.045,1.5662650602409638,0,2010-11-23 13:11:00,2010-11-23 12:57:00,1,1,18047,United Kingdom,3,At Risk / Lapsed
5623,202,3,394.93,131.64333333333337,4.338983050847458,290,2011-05-20 14:58:00,2010-08-03 13:03:00,1,1,18048,United Kingdom,1,Promising
5624,436,2,500.5,250.25,4.651162790697675,153,2010-09-28 14:26:00,2010-04-28 13:24:00,1,1,18049,United Kingdom,3,At Risk / Lapsed
5625,358,2,412.06,206.03,10.869565217391305,33,2010-12-15 14:25:00,2010-11-11 15:51:00,1,1,18050,United Kingdom,3,At Risk / Lapsed
5626,633,7,2282.28,326.04,30.2,96,2010-03-15 13:58:00,2009-12-09 12:17:00,1,1,18051,United Kingdom,3,At Risk / Lapsed
5627,564,1,10877.18,10877.18,1110.375,0,2010-05-24 11:11:00,2010-05-24 11:11:00,1,0,18052,United Kingdom,3,At Risk / Lapsed
5628,70,3,571.07,190.35666666666668,12.78125,456,2011-09-30 09:05:00,2010-06-30 12:36:00,0,1,18053,United Kingdom,1,Promising
5629,392,1,176.5,176.5,8.727272727272727,0,2010-11-12 08:18:00,2010-11-12 08:18:00,1,0,18054,United Kingdom,3,At Risk / Lapsed
5630,6,14,11143.12,795.9371428571429,6.6,406,2011-12-02 14:25:00,2010-10-22 13:27:00,0,1,18055,United Kingdom,0,Champions
5631,287,2,554.6,277.3,11.133333333333333,330,2011-02-24 14:27:00,2010-03-31 12:29:00,1,1,18056,United Kingdom,1,Promising
5632,392,3,1168.14,389.38000000000005,7.099236641221374,297,2010-11-11 16:55:00,2010-01-18 12:42:00,1,1,18057,United Kingdom,3,At Risk / Lapsed
5633,9,3,774.06,258.02,24.625,657,2011-11-30 08:38:00,2010-02-10 09:38:00,0,1,18058,United Kingdom,2,Loyal Customers
5634,22,3,306.46,102.15333333333332,14.333333333333334,44,2011-11-16 16:49:00,2011-10-03 09:30:00,0,1,18059,United Kingdom,1,Promising
5635,407,2,1185.46,592.73,12.026666666666667,156,2010-10-27 16:41:00,2010-05-24 08:34:00,1,1,18060,United Kingdom,3,At Risk / Lapsed
5636,21,28,6488.97,231.7489285714286,28.1796875,713,2011-11-18 11:20:00,2009-12-04 11:36:00,0,1,18061,United Kingdom,0,Champions
5637,172,6,1632.67,272.1116666666667,15.38888888888889,424,2011-06-19 14:47:00,2010-04-21 08:55:00,1,1,18062,United Kingdom,2,Loyal Customers
5638,390,2,186.6,93.3,16.0,242,2010-11-14 10:46:00,2010-03-16 13:05:00,1,1,18063,United Kingdom,3,At Risk / Lapsed
5639,132,11,4481.83,407.4390909090909,41.953125,543,2011-07-29 16:39:00,2010-02-01 15:01:00,1,1,18064,United Kingdom,0,Champions
5640,5,28,5846.63,208.80821428571429,7.326860841423948,724,2011-12-04 10:30:00,2009-12-09 16:00:00,0,1,18065,United Kingdom,0,Champions
5641,74,3,1440.4,480.1333333333334,10.09433962264151,340,2011-09-25 15:30:00,2010-10-20 11:42:00,0,1,18066,United Kingdom,2,Loyal Customers
5642,39,1,396.33,396.33,5.108108108108108,0,2011-10-30 15:58:00,2011-10-30 15:58:00,0,0,18067,United Kingdom,1,Promising
5643,288,1,101.7,101.7,6.0,0,2011-02-23 14:50:00,2011-02-23 14:50:00,1,0,18068,United Kingdom,1,Promising
5644,25,11,4449.02,404.4563636363637,3.2672858617131064,622,2011-11-13 16:03:00,2010-02-28 16:14:00,0,1,18069,United Kingdom,0,Champions
5645,668,1,314.1,314.1,9.555555555555555,0,2010-02-08 13:28:00,2010-02-08 13:28:00,1,0,18070,United Kingdom,3,At Risk / Lapsed
5646,257,6,1428.63,238.105,9.823529411764708,477,2011-03-27 11:59:00,2009-12-05 10:31:00,1,1,18071,United Kingdom,2,Loyal Customers
5647,185,1,247.44,247.44,16.0,0,2011-06-07 10:44:00,2011-06-07 10:44:00,1,0,18072,United Kingdom,1,Promising
5648,113,12,3859.82,321.6516666666667,43.083333333333336,82,2011-08-17 14:02:00,2011-05-26 19:38:00,1,1,18073,United Kingdom,0,Champions
5649,373,2,1509.04,754.52,9.839285714285714,131,2010-12-01 09:53:00,2010-07-22 10:31:00,1,1,18074,United Kingdom,3,At Risk / Lapsed
5650,22,20,5783.29,289.1645,10.157894736842104,475,2011-11-16 15:21:00,2010-07-29 11:47:00,0,1,18075,United Kingdom,0,Champions
5651,379,1,151.49,151.49,20.5,0,2010-11-24 14:02:00,2010-11-24 14:02:00,1,0,18076,United Kingdom,3,At Risk / Lapsed
5652,7,18,4283.66,237.9811111111111,8.577956989247312,724,2011-12-01 13:32:00,2009-12-07 11:40:00,0,1,18077,United Kingdom,0,Champions
5653,216,4,725.53,181.3825,5.068493150684931,410,2011-05-06 14:32:00,2010-03-21 15:50:00,1,1,18078,United Kingdom,2,Loyal Customers
5654,44,5,4203.93,840.7860000000001,64.19117647058823,446,2011-10-25 15:27:00,2010-08-05 12:19:00,0,1,18079,United Kingdom,2,Loyal Customers
5655,18,2,1231.5,615.75,321.0,223,2011-11-21 08:02:00,2011-04-11 10:10:00,0,1,18080,United Kingdom,2,Loyal Customers
5656,35,3,343.45,114.48333333333332,11.470588235294118,97,2011-11-03 16:30:00,2011-07-29 11:56:00,0,1,18081,United Kingdom,1,Promising
5657,25,1,680.84,680.84,8.685714285714285,0,2011-11-14 12:45:00,2011-11-14 12:45:00,0,0,18082,United Kingdom,1,Promising
5658,397,1,463.53,463.53,6.7,0,2010-11-07 11:44:00,2010-11-07 11:44:00,1,0,18083,United Kingdom,3,At Risk / Lapsed
5659,15,3,795.2299999999999,265.07666666666665,107.85714285714286,372,2011-11-23 13:57:00,2010-11-16 08:09:00,0,1,18084,United Kingdom,2,Loyal Customers
5660,329,4,1645.75,411.4375,8.23943661971831,298,2011-01-13 15:17:00,2010-03-21 11:57:00,1,1,18085,United Kingdom,2,Loyal Customers
5661,273,1,101.34,101.34,15.142857142857142,0,2011-03-10 13:34:00,2011-03-10 13:34:00,1,0,18086,United Kingdom,1,Promising
5662,290,16,13908.72,869.295,89.35632183908046,448,2011-02-22 10:43:00,2009-12-01 09:43:00,1,1,18087,United Kingdom,0,Champions
5663,60,1,166.03,166.03,2.891891891891892,0,2011-10-09 13:41:00,2011-10-09 13:41:00,0,0,18088,United Kingdom,1,Promising
5664,446,1,428.45,428.45,9.5,0,2010-09-19 11:57:00,2010-09-19 11:57:00,1,0,18089,United Kingdom,3,At Risk / Lapsed
5665,421,1,321.9,321.9,5.685185185185185,0,2010-10-14 12:32:00,2010-10-14 12:32:00,1,0,18090,United Kingdom,3,At Risk / Lapsed
5666,592,1,360.85,360.85,21.56,0,2010-04-25 13:18:00,2010-04-25 13:18:00,1,0,18091,United Kingdom,3,At Risk / Lapsed
5667,1,18,16179.44,898.8577777777778,58.86666666666667,733,2011-12-07 13:14:00,2009-12-04 12:37:00,0,1,18092,United Kingdom,0,Champions
5668,92,8,4452.71,556.58875,56.21311475409836,525,2011-09-07 15:43:00,2010-03-31 10:27:00,1,1,18093,United Kingdom,2,Loyal Customers
5669,81,13,6391.52,491.6553846153847,33.04761904761905,619,2011-09-19 09:28:00,2010-01-07 11:16:00,0,1,18094,United Kingdom,0,Champions
5670,312,5,2303.09,460.61800000000005,33.8125,286,2011-01-31 12:50:00,2010-04-19 14:09:00,1,1,18095,United Kingdom,2,Loyal Customers
5671,11,6,1638.16,273.0266666666667,3.5475578406169666,501,2011-11-28 12:44:00,2010-07-14 14:30:00,0,1,18096,United Kingdom,2,Loyal Customers
5672,7,11,4627.92,420.72,17.41025641025641,715,2011-12-02 11:16:00,2009-12-17 11:06:00,0,1,18097,United Kingdom,0,Champions
5673,395,1,527.94,527.94,2.5,0,2010-11-08 16:31:00,2010-11-08 16:31:00,1,0,18098,United Kingdom,3,At Risk / Lapsed
5674,126,1,168.31,168.31,7.842105263157895,0,2011-08-04 15:52:00,2011-08-04 15:52:00,1,0,18099,United Kingdom,1,Promising
5675,549,1,451.56,451.56,14.666666666666666,0,2010-06-07 14:19:00,2010-06-07 14:19:00,1,0,18100,United Kingdom,3,At Risk / Lapsed
5676,10,5,622.01,124.402,2.26605504587156,662,2011-11-28 13:37:00,2010-02-03 13:52:00,0,1,18101,United Kingdom,2,Loyal Customers
5677,0,145,608821.65,4198.77,178.01512287334594,738,2011-12-09 11:50:00,2009-12-01 09:24:00,0,1,18102,United Kingdom,0,Champions
5678,548,1,105.8,105.8,2.3,0,2010-06-08 13:36:00,2010-06-08 13:36:00,1,0,18103,United Kingdom,3,At Risk / Lapsed
5679,36,1,754.64,754.64,9.526315789473683,0,2011-11-02 14:07:00,2011-11-02 14:07:00,0,0,18104,United Kingdom,1,Promising
5680,37,1,113.48000000000002,113.48000000000002,2.555555555555556,0,2011-11-02 12:04:00,2011-11-02 12:04:00,0,0,18105,United Kingdom,1,Promising
5681,329,6,1441.06,240.17666666666665,2.649214659685864,364,2011-01-14 12:23:00,2010-01-15 11:36:00,1,1,18106,United Kingdom,2,Loyal Customers
5682,441,1,165.88,165.88,1.7105263157894737,0,2010-09-23 13:03:00,2010-09-23 13:03:00,1,0,18107,United Kingdom,3,At Risk / Lapsed
5683,253,3,848.8100000000001,282.93666666666667,5.553191489361702,483,2011-03-30 13:56:00,2009-12-02 12:47:00,1,1,18108,United Kingdom,2,Loyal Customers
5684,1,38,9833.16,258.76736842105265,7.300898203592815,524,2011-12-08 11:36:00,2010-07-01 12:13:00,0,1,18109,United Kingdom,0,Champions
5685,19,2,392.28,196.14,2.3472222222222223,391,2011-11-20 12:34:00,2010-10-24 14:21:00,0,1,18110,United Kingdom,1,Promising
5686,588,1,405.85,405.85,8.592592592592593,0,2010-04-29 12:58:00,2010-04-29 12:58:00,1,0,18111,United Kingdom,3,At Risk / Lapsed
5687,11,4,773.36,193.34,7.145161290322581,539,2011-11-27 14:43:00,2010-06-06 12:40:00,0,1,18112,United Kingdom,2,Loyal Customers
5688,368,1,152.64,152.64,72.0,0,2010-12-06 12:31:00,2010-12-06 12:31:00,1,0,18113,United Kingdom,3,At Risk / Lapsed
5689,289,1,220.1,220.1,1.9642857142857144,0,2011-02-22 13:20:00,2011-02-22 13:20:00,1,0,18114,United Kingdom,1,Promising
5690,697,1,9.7,9.7,1.0,0,2010-01-11 11:57:00,2010-01-11 11:57:00,1,0,18115,United Kingdom,3,At Risk / Lapsed
5691,67,13,2130.89,163.9146153846154,2.2184724689165187,343,2011-10-03 11:00:00,2010-10-24 15:29:00,0,1,18116,United Kingdom,0,Champions
5692,25,1,314.4,314.4,8.507042253521126,0,2011-11-14 12:47:00,2011-11-14 12:47:00,0,0,18117,United Kingdom,1,Promising
5693,10,29,6690.7300000000005,230.71482758620687,2.188227684346701,370,2011-11-29 11:32:00,2010-11-23 13:36:00,0,1,18118,United Kingdom,0,Champions
5694,367,1,361.4,361.4,4.275862068965517,0,2010-12-07 11:59:00,2010-12-07 11:59:00,1,0,18119,United Kingdom,3,At Risk / Lapsed
5695,213,1,111.15,111.15,1.8235294117647056,0,2011-05-09 13:45:00,2011-05-09 13:45:00,1,0,18120,United Kingdom,1,Promising
5696,148,2,653.3,326.65,14.129032258064516,5,2011-07-13 12:53:00,2011-07-08 12:14:00,1,1,18121,United Kingdom,1,Promising
5697,7,6,1791.84,298.64,3.422535211267605,142,2011-12-01 13:08:00,2011-07-12 11:37:00,0,1,18122,United Kingdom,2,Loyal Customers
5698,23,3,666.64,222.2133333333333,11.0,489,2011-11-15 14:23:00,2010-07-14 12:47:00,0,1,18123,United Kingdom,1,Promising
5699,471,1,102.65,102.65,2.35,0,2010-08-24 17:21:00,2010-08-24 17:21:00,1,0,18124,United Kingdom,3,At Risk / Lapsed
5700,29,4,1131.75,282.9375,4.166666666666667,286,2011-11-10 12:29:00,2011-01-27 15:02:00,0,1,18125,United Kingdom,2,Loyal Customers
5701,60,1,198.58,198.58,2.5294117647058822,0,2011-10-10 12:19:00,2011-10-10 12:19:00,0,0,18126,United Kingdom,1,Promising
5702,18,4,556.13,139.0325,3.7313432835820897,384,2011-11-20 14:05:00,2010-11-01 13:56:00,0,1,18127,United Kingdom,2,Loyal Customers
5703,536,1,399.29,399.29,5.142857142857143,0,2010-06-20 13:19:00,2010-06-20 13:19:00,1,0,18128,United Kingdom,3,At Risk / Lapsed
5704,242,1,112.55,112.55,3.4285714285714284,0,2011-04-10 14:16:00,2011-04-10 14:16:00,1,0,18129,United Kingdom,1,Promising
5705,14,3,1059.39,353.13000000000005,11.771428571428572,41,2011-11-24 14:40:00,2011-10-13 15:58:00,0,1,18130,United Kingdom,2,Loyal Customers
5706,631,1,222.96,222.96,138.0,0,2010-03-18 08:48:00,2010-03-18 08:48:00,1,0,18131,United Kingdom,3,At Risk / Lapsed
5707,503,1,220.13,220.13,3.419354838709677,0,2010-07-23 16:54:00,2010-07-23 16:54:00,1,0,18132,United Kingdom,3,At Risk / Lapsed
5708,211,1,931.5,931.5,1350.0,0,2011-05-11 14:14:00,2011-05-11 14:14:00,1,0,18133,United Kingdom,1,Promising
5709,597,2,445.0,222.5,4.571428571428571,96,2010-04-20 14:02:00,2010-01-14 11:59:00,1,1,18134,United Kingdom,3,At Risk / Lapsed
5710,28,10,1249.62,124.96200000000002,20.35135135135135,605,2011-11-10 19:32:00,2010-03-15 13:55:00,0,1,18135,United Kingdom,2,Loyal Customers
5711,62,5,1631.36,326.27200000000005,9.772727272727272,387,2011-10-07 15:40:00,2010-09-14 15:50:00,0,1,18136,United Kingdom,2,Loyal Customers
5712,550,2,145.99,72.995,2.034482758620689,0,2010-06-06 14:18:00,2010-06-06 13:45:00,1,1,18137,United Kingdom,3,At Risk / Lapsed
5713,294,1,152.65,152.65,4.75,0,2011-02-17 14:51:00,2011-02-17 14:51:00,1,0,18138,United Kingdom,1,Promising
5714,17,6,8438.34,1406.39,34.9496855345912,0,2011-11-22 10:44:00,2011-11-21 14:06:00,0,1,18139,United Kingdom,0,Champions
5715,473,1,536.41,536.41,7.314814814814815,0,2010-08-23 11:58:00,2010-08-23 11:58:00,1,0,18140,West Indies,3,At Risk / Lapsed
5716,401,2,882.47,441.235,10.30952380952381,187,2010-11-03 11:44:00,2010-04-29 15:32:00,1,1,18141,United Kingdom,3,At Risk / Lapsed
5717,156,2,1019.52,509.76,85.06666666666666,58,2011-07-05 13:19:00,2011-05-08 12:31:00,1,1,18142,United Kingdom,1,Promising
5718,116,2,1000.16,500.08,9.344262295081966,25,2011-08-15 12:07:00,2011-07-21 10:44:00,1,1,18143,United Kingdom,1,Promising
5719,7,19,5058.0,266.2105263157895,25.735632183908045,715,2011-12-02 12:46:00,2009-12-16 15:57:00,0,1,18144,United Kingdom,0,Champions
5720,12,11,5609.74,509.9763636363636,12.696517412935323,718,2011-11-27 11:22:00,2009-12-08 12:30:00,0,1,18145,United Kingdom,0,Champions
5721,140,2,160.35000000000002,80.17500000000001,15.3,79,2011-07-22 12:08:00,2011-05-03 16:35:00,1,1,18146,United Kingdom,1,Promising
5722,45,2,179.33999999999995,89.66999999999999,29.0,62,2011-10-25 11:46:00,2011-08-23 12:22:00,0,1,18147,United Kingdom,1,Promising
5723,646,1,112.85,112.85,6.3,0,2010-03-03 11:40:00,2010-03-03 11:40:00,1,0,18148,United Kingdom,3,At Risk / Lapsed
5724,50,7,1553.96,221.99428571428567,9.54945054945055,584,2011-10-20 12:04:00,2010-03-14 12:41:00,0,1,18149,United Kingdom,2,Loyal Customers
5725,31,3,566.58,188.86,8.972972972972974,169,2011-11-07 16:49:00,2011-05-22 10:47:00,0,1,18150,United Kingdom,1,Promising
5726,134,6,1879.44,313.24,9.30188679245283,511,2011-07-28 11:35:00,2010-03-04 10:47:00,1,1,18151,United Kingdom,2,Loyal Customers
5727,645,1,426.69,426.69,7.5,0,2010-03-03 15:26:00,2010-03-03 15:26:00,1,0,18152,United Kingdom,3,At Risk / Lapsed
5728,658,1,246.22,246.22,11.764705882352942,0,2010-02-18 15:50:00,2010-02-18 15:50:00,1,0,18153,United Kingdom,3,At Risk / Lapsed
5729,2,5,932.6,186.52,13.319148936170214,487,2011-12-06 16:41:00,2010-08-06 09:18:00,0,1,18154,United Kingdom,2,Loyal Customers
5730,74,3,371.62,123.87333333333332,10.64,216,2011-09-25 13:32:00,2011-02-21 10:36:00,0,1,18155,United Kingdom,1,Promising
5731,12,2,862.52,431.26,2.0406976744186047,356,2011-11-27 12:24:00,2010-12-05 12:29:00,0,1,18156,United Kingdom,1,Promising
5732,570,1,213.9,213.9,5.8,0,2010-05-17 14:09:00,2010-05-17 14:09:00,1,0,18157,United Kingdom,3,At Risk / Lapsed
5733,8,2,453.4,226.7,10.411764705882351,79,2011-11-30 16:19:00,2011-09-12 09:03:00,0,1,18158,United Kingdom,1,Promising
5734,300,1,530.15,530.15,6.043478260869565,0,2011-02-11 14:26:00,2011-02-11 14:26:00,1,0,18159,United Kingdom,3,At Risk / Lapsed
5735,56,3,1003.88,334.62666666666667,7.984615384615385,328,2011-10-13 15:50:00,2010-11-18 16:33:00,0,1,18160,United Kingdom,2,Loyal Customers
5736,14,6,1803.1,300.5166666666667,10.376344086021506,364,2011-11-24 16:40:00,2010-11-25 15:55:00,0,1,18161,United Kingdom,2,Loyal Customers
5737,731,1,371.51,371.51,7.217391304347826,0,2009-12-07 13:24:00,2009-12-07 13:24:00,1,0,18162,United Kingdom,3,At Risk / Lapsed
5738,583,1,728.84,728.84,13.696969696969695,0,2010-05-04 14:51:00,2010-05-04 14:51:00,1,0,18163,United Kingdom,3,At Risk / Lapsed
5739,36,1,399.65,399.65,7.666666666666667,0,2011-11-02 12:56:00,2011-11-02 12:56:00,0,0,18164,United Kingdom,1,Promising
5740,176,1,302.46000000000004,302.46000000000004,25.4,0,2011-06-15 13:23:00,2011-06-15 13:23:00,1,0,18165,United Kingdom,1,Promising
5741,623,1,175.5,175.5,9.0,0,2010-03-26 12:26:00,2010-03-26 12:26:00,1,0,18166,United Kingdom,3,At Risk / Lapsed
5742,22,3,1384.86,461.62000000000006,10.324324324324325,82,2011-11-16 15:56:00,2011-08-26 11:40:00,0,1,18167,United Kingdom,2,Loyal Customers
5743,175,16,3698.8,231.175,5.456410256410257,560,2011-06-16 19:21:00,2009-12-03 17:29:00,1,1,18168,United Kingdom,0,Champions
5744,60,1,202.65,202.65,6.777777777777778,0,2011-10-10 12:18:00,2011-10-10 12:18:00,0,0,18169,United Kingdom,1,Promising
5745,32,9,2878.0,319.77777777777777,9.396825396825395,667,2011-11-06 14:35:00,2010-01-08 14:10:00,0,1,18170,United Kingdom,2,Loyal Customers
5746,58,9,2437.31,270.8122222222222,10.771739130434783,644,2011-10-12 09:13:00,2010-01-05 10:46:00,0,1,18171,United Kingdom,2,Loyal Customers
5747,14,52,17467.24,335.90846153846155,15.593684210526316,714,2011-11-25 11:12:00,2009-12-11 09:58:00,0,1,18172,United Kingdom,0,Champions
5748,86,5,2696.36,539.272,38.44444444444444,526,2011-09-14 11:26:00,2010-04-06 10:43:00,0,1,18173,United Kingdom,2,Loyal Customers
5749,6,2,162.5,81.25,40.0,596,2011-12-02 16:56:00,2010-04-15 12:17:00,0,1,18174,United Kingdom,1,Promising
5750,675,1,176.1,176.1,10.0,0,2010-02-02 10:25:00,2010-02-02 10:25:00,1,0,18175,United Kingdom,3,At Risk / Lapsed
5751,357,1,476.35,476.35,9.433333333333334,0,2010-12-16 15:45:00,2010-12-16 15:45:00,1,0,18176,United Kingdom,3,At Risk / Lapsed
5752,30,9,2216.32,246.2577777777778,12.505050505050503,692,2011-11-08 14:44:00,2009-12-15 18:57:00,0,1,18177,United Kingdom,2,Loyal Customers
5753,128,11,6103.74,554.8854545454545,11.0,530,2011-08-03 09:30:00,2010-02-18 14:25:00,1,1,18178,United Kingdom,0,Champions
5754,8,8,2547.55,318.44375,16.61467889908257,654,2011-11-30 16:23:00,2010-02-14 15:51:00,0,1,18179,United Kingdom,2,Loyal Customers
5755,4,6,1843.75,307.2916666666667,14.46218487394958,137,2011-12-05 08:39:00,2011-07-20 08:59:00,0,1,18180,United Kingdom,2,Loyal Customers
5756,23,5,1188.34,237.668,2.865168539325843,710,2011-11-15 15:08:00,2009-12-04 15:30:00,0,1,18181,United Kingdom,2,Loyal Customers
5757,462,1,291.13,291.13,16.7,0,2010-09-02 14:25:00,2010-09-02 14:25:00,1,0,18182,United Kingdom,3,At Risk / Lapsed
5758,226,2,632.07,316.035,10.027027027027026,47,2011-04-26 15:26:00,2011-03-10 10:08:00,1,1,18183,United Kingdom,1,Promising
5759,14,1,49.8,49.8,60.0,0,2011-11-24 15:28:00,2011-11-24 15:28:00,0,0,18184,United Kingdom,1,Promising
5760,248,1,304.25,304.25,10.764705882352942,0,2011-04-04 13:42:00,2011-04-04 13:42:00,1,0,18185,United Kingdom,1,Promising
5761,722,1,329.58,329.58,30.727272727272727,0,2009-12-17 10:22:00,2009-12-17 10:22:00,1,0,18186,United Kingdom,3,At Risk / Lapsed
5762,631,1,724.89,724.89,6.458333333333333,0,2010-03-18 09:49:00,2010-03-18 09:49:00,1,0,18187,United Kingdom,3,At Risk / Lapsed
5763,14,6,3280.59,546.765,14.19548872180451,608,2011-11-24 16:46:00,2010-03-26 11:37:00,0,1,18188,United Kingdom,2,Loyal Customers
5764,77,3,1403.73,467.91,9.72093023255814,548,2011-09-23 12:40:00,2010-03-24 09:57:00,0,1,18189,United Kingdom,2,Loyal Customers
5765,191,5,745.62,149.124,11.666666666666666,525,2011-05-31 14:48:00,2009-12-22 12:05:00,1,1,18190,United Kingdom,2,Loyal Customers
5766,261,2,529.4,264.7,22.133333333333333,215,2011-03-23 12:08:00,2010-08-19 17:42:00,1,1,18191,United Kingdom,1,Promising
5767,71,1,957.97,957.97,7.533333333333333,0,2011-09-29 09:53:00,2011-09-29 09:53:00,0,0,18192,United Kingdom,1,Promising
5768,164,3,1207.35,402.45,13.228571428571428,277,2011-06-27 13:58:00,2010-09-23 13:33:00,1,1,18193,United Kingdom,2,Loyal Customers
5769,81,6,4162.04,693.6733333333333,63.35714285714285,597,2011-09-18 13:29:00,2010-01-28 15:30:00,0,1,18194,United Kingdom,2,Loyal Customers
5770,386,1,101.16,101.16,12.0,0,2010-11-17 15:03:00,2010-11-17 15:03:00,1,0,18195,United Kingdom,3,At Risk / Lapsed
5771,94,4,1455.27,363.8175,3.752727272727273,537,2011-09-05 16:22:00,2010-03-17 14:55:00,1,1,18196,United Kingdom,2,Loyal Customers
5772,575,1,230.1,230.1,18.444444444444443,0,2010-05-13 10:46:00,2010-05-13 10:46:00,1,0,18197,United Kingdom,3,At Risk / Lapsed
5773,3,17,5425.56,319.1505882352941,25.62264150943396,332,2011-12-05 14:49:00,2011-01-07 13:39:00,0,1,18198,United Kingdom,0,Champions
5774,683,1,344.75,344.75,4.95,0,2010-01-25 11:32:00,2010-01-25 11:32:00,1,0,18199,United Kingdom,3,At Risk / Lapsed
5775,105,1,150.35,150.35,3.466666666666667,0,2011-08-25 18:45:00,2011-08-25 18:45:00,1,0,18200,United Kingdom,1,Promising
5776,722,1,447.53,447.53,7.074074074074074,0,2009-12-17 08:55:00,2009-12-17 08:55:00,1,0,18201,United Kingdom,3,At Risk / Lapsed
5777,199,3,1396.99,465.66333333333336,8.544117647058824,111,2011-05-24 12:12:00,2011-02-01 13:36:00,1,1,18202,United Kingdom,2,Loyal Customers
5778,156,4,482.52,120.63,1.8793103448275863,573,2011-07-05 13:07:00,2009-12-08 13:19:00,1,1,18203,United Kingdom,1,Promising
5779,70,3,1975.35,658.4499999999999,6.197916666666667,121,2011-09-29 16:44:00,2011-05-31 15:26:00,0,1,18204,United Kingdom,2,Loyal Customers
5780,35,2,517.36,258.68,6.0,38,2011-11-03 13:22:00,2011-09-26 12:02:00,0,1,18205,United Kingdom,1,Promising
5781,552,1,314.66,314.66,12.947368421052632,0,2010-06-04 13:47:00,2010-06-04 13:47:00,1,0,18206,United Kingdom,3,At Risk / Lapsed
5782,498,1,544.47,544.47,10.483870967741936,0,2010-07-28 14:26:00,2010-07-28 14:26:00,1,0,18207,United Kingdom,3,At Risk / Lapsed
5783,565,1,360.08,360.08,4.823529411764706,0,2010-05-23 11:54:00,2010-05-23 11:54:00,1,0,18208,United Kingdom,3,At Risk / Lapsed
5784,28,1,139.10000000000002,139.10000000000002,7.25,0,2011-11-11 12:07:00,2011-11-11 12:07:00,0,0,18209,United Kingdom,1,Promising
5785,1,7,2768.83,395.5471428571428,10.40972222222222,381,2011-12-08 11:02:00,2010-11-22 09:39:00,0,1,18210,United Kingdom,2,Loyal Customers
5786,25,5,600.07,120.014,8.547619047619047,252,2011-11-14 08:10:00,2011-03-06 12:09:00,0,1,18211,United Kingdom,2,Loyal Customers
5787,325,2,514.37,257.185,3.4347826086956523,351,2011-01-17 16:14:00,2010-01-31 14:42:00,1,1,18212,United Kingdom,3,At Risk / Lapsed
5788,236,1,232.48,232.48,15.466666666666669,0,2011-04-17 10:21:00,2011-04-17 10:21:00,1,0,18213,United Kingdom,1,Promising
5789,530,4,1780.34,445.085,17.051724137931036,23,2010-06-27 11:21:00,2010-06-03 19:47:00,1,1,18214,United Kingdom,3,At Risk / Lapsed
5790,88,5,2232.49,446.4980000000001,12.707865168539326,534,2011-09-11 16:05:00,2010-03-26 13:03:00,0,1,18215,United Kingdom,2,Loyal Customers
5791,30,1,481.75,481.75,7.6923076923076925,0,2011-11-08 16:55:00,2011-11-08 16:55:00,0,0,18216,United Kingdom,1,Promising
5792,28,4,945.04,236.26,18.5,496,2011-11-10 13:18:00,2010-07-01 15:39:00,0,1,18217,United Kingdom,2,Loyal Customers
5793,210,4,1121.84,280.46,27.05263157894737,448,2011-05-12 12:53:00,2010-02-17 15:11:00,1,1,18218,United Kingdom,2,Loyal Customers
5794,2,17,3562.89,209.58176470588236,8.142857142857142,729,2011-12-07 11:43:00,2009-12-07 13:17:00,0,1,18219,United Kingdom,0,Champions
5795,226,6,1921.76,320.2933333333333,54.08,497,2011-04-27 09:03:00,2009-12-15 11:42:00,1,1,18220,United Kingdom,2,Loyal Customers
5796,21,6,1424.94,237.49,11.904761904761903,367,2011-11-17 14:40:00,2010-11-14 15:46:00,0,1,18221,United Kingdom,2,Loyal Customers
5797,92,1,443.0,443.0,17.63157894736842,0,2011-09-08 10:45:00,2011-09-08 10:45:00,1,0,18222,United Kingdom,1,Promising
5798,4,26,14000.85,538.4942307692307,11.53472222222222,730,2011-12-05 09:11:00,2009-12-04 12:20:00,0,1,18223,United Kingdom,0,Champions
5799,263,1,158.95000000000002,158.95000000000002,6.9,0,2011-03-21 10:30:00,2011-03-21 10:30:00,1,0,18224,United Kingdom,1,Promising
5800,2,26,13044.8,501.7230769230769,12.714285714285714,731,2011-12-06 13:27:00,2009-12-04 16:52:00,0,1,18225,United Kingdom,0,Champions
5801,43,26,11878.88,456.88,14.929924242424242,600,2011-10-26 13:36:00,2010-03-05 10:05:00,0,1,18226,United Kingdom,0,Champions
5802,217,2,388.75,194.375,3.6666666666666665,266,2011-05-06 12:23:00,2010-08-12 16:45:00,1,1,18227,United Kingdom,1,Promising
5803,56,2,779.9,389.95,7.933333333333334,22,2011-10-14 09:21:00,2011-09-21 10:48:00,0,1,18228,United Kingdom,1,Promising
5804,11,28,10803.71,385.8467857142858,15.085308056872035,724,2011-11-28 09:48:00,2009-12-03 14:42:00,0,1,18229,United Kingdom,0,Champions
5805,8,9,4291.06,476.7844444444445,14.257142857142858,516,2011-11-30 13:22:00,2010-07-02 10:01:00,0,1,18230,United Kingdom,0,Champions
5806,191,28,6848.27,244.58107142857145,7.62565445026178,506,2011-05-31 14:18:00,2010-01-10 12:13:00,1,1,18231,United Kingdom,0,Champions
5807,81,4,592.97,148.2425,8.162162162162161,115,2011-09-19 11:49:00,2011-05-26 16:30:00,0,1,18232,United Kingdom,2,Loyal Customers
5808,325,1,440.0,440.0,4.0,0,2011-01-18 08:44:00,2011-01-18 08:44:00,1,0,18233,United Kingdom,3,At Risk / Lapsed
5809,551,1,179.6,179.6,2.6666666666666665,0,2010-06-06 11:22:00,2010-06-06 11:22:00,1,0,18234,United Kingdom,3,At Risk / Lapsed
5810,71,3,1796.48,598.8266666666667,15.173076923076923,145,2011-09-29 08:27:00,2011-05-06 13:35:00,0,1,18235,United Kingdom,2,Loyal Customers
5811,29,12,1795.35,149.6125,7.1020408163265305,573,2011-11-10 08:06:00,2010-04-15 13:39:00,0,1,18236,United Kingdom,2,Loyal Customers
5812,2,5,987.1,197.42,10.19672131147541,131,2011-12-07 12:49:00,2011-07-28 13:05:00,0,1,18237,United Kingdom,2,Loyal Customers
5813,514,1,270.92,270.92,8.142857142857142,0,2010-07-12 12:51:00,2010-07-12 12:51:00,1,0,18238,United Kingdom,3,At Risk / Lapsed
5814,218,6,2150.36,358.3933333333334,8.416,204,2011-05-05 12:38:00,2010-10-13 10:11:00,1,1,18239,United Kingdom,2,Loyal Customers
5815,45,1,422.58,422.58,21.0,0,2011-10-24 13:06:00,2011-10-24 13:06:00,0,0,18240,United Kingdom,1,Promising
5816,9,21,2986.99,142.23761904761906,9.251572327044023,608,2011-11-30 12:10:00,2010-04-01 11:55:00,0,1,18241,United Kingdom,0,Champions
5817,71,8,3605.21,450.65125,14.435714285714283,625,2011-09-28 13:43:00,2010-01-11 08:49:00,0,1,18242,United Kingdom,2,Loyal Customers
5818,413,1,515.78,515.78,8.5,0,2010-10-21 14:29:00,2010-10-21 14:29:00,1,0,18243,United Kingdom,3,At Risk / Lapsed
5819,430,2,568.64,284.32,45.05263157894737,72,2010-10-05 11:15:00,2010-07-25 10:30:00,1,1,18244,United Kingdom,3,At Risk / Lapsed
5820,6,20,6324.9800000000005,316.249,11.131004366812228,633,2011-12-02 14:48:00,2010-03-08 15:26:00,0,1,18245,United Kingdom,0,Champions
5821,23,3,758.8199999999999,252.94,42.8,586,2011-11-16 11:49:00,2010-04-09 10:19:00,0,1,18246,United Kingdom,2,Loyal Customers
5822,414,3,839.73,279.91,9.054054054054054,216,2010-10-21 09:49:00,2010-03-18 15:52:00,1,1,18247,United Kingdom,3,At Risk / Lapsed
5823,122,2,804.02,402.01,10.872340425531917,63,2011-08-09 10:19:00,2011-06-06 13:18:00,1,1,18248,United Kingdom,1,Promising
5824,16,1,95.34,95.34,16.0,0,2011-11-22 15:07:00,2011-11-22 15:07:00,0,0,18249,United Kingdom,1,Promising
5825,309,1,349.27,349.27,9.476190476190476,0,2011-02-02 13:16:00,2011-02-02 13:16:00,1,0,18250,United Kingdom,3,At Risk / Lapsed
5826,86,9,26278.86,2919.873333333333,367.02777777777777,630,2011-09-13 15:03:00,2009-12-22 12:01:00,0,1,18251,United Kingdom,0,Champions
5827,50,7,1533.69,219.09857142857143,6.955223880597015,670,2011-10-20 12:43:00,2009-12-18 16:13:00,0,1,18252,United Kingdom,2,Loyal Customers
5828,642,1,317.88,317.88,18.285714285714285,0,2010-03-07 12:38:00,2010-03-07 12:38:00,1,0,18253,United Kingdom,3,At Risk / Lapsed
5829,580,1,267.9,267.9,11.75,0,2010-05-07 14:37:00,2010-05-07 14:37:00,1,0,18254,United Kingdom,3,At Risk / Lapsed
5830,88,2,303.15,151.575,10.578947368421051,366,2011-09-11 13:16:00,2010-09-09 16:31:00,0,1,18255,United Kingdom,1,Promising
5831,387,1,110.7,110.7,18.0,0,2010-11-17 08:53:00,2010-11-17 08:53:00,1,0,18256,United Kingdom,3,At Risk / Lapsed
5832,38,12,4585.15,382.0958333333333,8.610909090909091,619,2011-10-31 14:48:00,2010-02-18 16:20:00,0,1,18257,United Kingdom,0,Champions
5833,463,6,2059.67,343.27833333333336,39.62,108,2010-09-01 14:20:00,2010-05-16 11:35:00,1,1,18258,United Kingdom,2,Loyal Customers
5834,24,7,4318.200000000001,616.8857142857144,15.108695652173912,707,2011-11-15 12:34:00,2009-12-08 08:38:00,0,1,18259,United Kingdom,2,Loyal Customers
5835,172,23,9947.26,432.4895652173913,12.790243902439023,551,2011-06-20 12:37:00,2009-12-15 13:50:00,1,1,18260,United Kingdom,0,Champions
5836,42,2,324.24,162.12,6.9523809523809526,52,2011-10-27 15:36:00,2011-09-05 09:34:00,0,1,18261,United Kingdom,1,Promising
5837,139,3,577.54,192.5133333333333,13.142857142857142,462,2011-07-22 16:04:00,2010-04-16 09:05:00,1,1,18262,United Kingdom,1,Promising
5838,25,3,1213.16,404.3866666666666,24.0655737704918,226,2011-11-14 09:00:00,2011-04-01 11:48:00,0,1,18263,United Kingdom,2,Loyal Customers
5839,498,1,603.25,603.25,6.694444444444445,0,2010-07-29 10:02:00,2010-07-29 10:02:00,1,0,18264,United Kingdom,3,At Risk / Lapsed
5840,71,2,801.51,400.755,6.760869565217392,85,2011-09-28 14:10:00,2011-07-04 15:26:00,0,1,18265,United Kingdom,1,Promising
5841,433,1,251.1,251.1,9.857142857142858,0,2010-10-01 15:33:00,2010-10-01 15:33:00,1,0,18266,United Kingdom,3,At Risk / Lapsed
5842,672,1,269.37,269.37,7.9411764705882355,0,2010-02-05 08:43:00,2010-02-05 08:43:00,1,0,18267,United Kingdom,3,At Risk / Lapsed
5843,133,6,1490.23,248.37166666666667,10.611940298507465,594,2011-07-28 19:13:00,2009-12-11 10:27:00,1,1,18268,United Kingdom,2,Loyal Customers
5844,365,1,337.2,337.2,10.857142857142858,0,2010-12-08 13:53:00,2010-12-08 13:53:00,1,0,18269,United Kingdom,3,At Risk / Lapsed
5845,37,3,444.55,148.18333333333334,12.294117647058824,394,2011-11-01 13:57:00,2010-10-03 10:49:00,0,1,18270,United Kingdom,1,Promising
5846,609,2,680.85,340.425,15.19047619047619,121,2010-04-09 09:26:00,2009-12-08 11:27:00,1,1,18271,United Kingdom,3,At Risk / Lapsed
5847,2,9,4385.9800000000005,487.3311111111112,12.743362831858407,642,2011-12-07 12:43:00,2010-03-04 12:53:00,0,1,18272,United Kingdom,0,Champions
5848,1,4,357.0,89.25,35.0,588,2011-12-07 13:16:00,2010-04-28 12:24:00,0,1,18273,United Kingdom,1,Promising
5849,29,1,175.92,175.92,8.0,0,2011-11-09 17:03:00,2011-11-09 17:03:00,0,0,18274,United Kingdom,1,Promising
5850,577,2,741.85,370.925,21.94736842105263,152,2010-05-10 15:46:00,2009-12-08 16:23:00,1,1,18275,United Kingdom,3,At Risk / Lapsed
5851,43,6,1656.52,276.08666666666664,13.25531914893617,685,2011-10-27 10:54:00,2009-12-10 17:14:00,0,1,18276,United Kingdom,2,Loyal Customers
5852,57,5,1180.05,236.01,7.015625,436,2011-10-12 15:22:00,2010-08-02 10:26:00,0,1,18277,United Kingdom,2,Loyal Customers
5853,73,2,414.2000000000001,207.1,5.833333333333333,330,2011-09-27 11:58:00,2010-10-31 12:13:00,0,1,18278,United Kingdom,1,Promising
5854,518,1,231.34,231.34,48.46153846153846,0,2010-07-08 14:48:00,2010-07-08 14:48:00,1,0,18279,United Kingdom,3,At Risk / Lapsed
5855,277,2,488.15,244.075,6.466666666666667,116,2011-03-07 09:52:00,2010-11-10 15:51:00,1,1,18280,United Kingdom,1,Promising
5856,180,2,201.14,100.57,8.588235294117647,397,2011-06-12 10:53:00,2010-05-11 10:49:00,1,1,18281,United Kingdom,1,Promising
5857,7,2,178.05,89.025,8.583333333333334,118,2011-12-02 11:43:00,2011-08-05 13:35:00,0,1,18282,United Kingdom,1,Promising
5858,3,22,2658.95,120.86136363636363,1.7916666666666667,654,2011-12-06 12:02:00,2010-02-19 17:16:00,0,1,18283,United Kingdom,0,Champions
5859,431,1,461.68,461.68,17.642857142857142,0,2010-10-04 11:33:00,2010-10-04 11:33:00,1,0,18284,United Kingdom,3,At Risk / Lapsed
5860,660,1,427.0,427.0,12.083333333333334,0,2010-02-17 10:24:00,2010-02-17 10:24:00,1,0,18285,United Kingdom,3,At Risk / Lapsed
5861,476,2,1296.43,648.215,9.07462686567164,247,2010-08-20 11:57:00,2009-12-16 10:45:00,1,1,18286,United Kingdom,3,At Risk / Lapsed
5862,42,7,4182.99,597.5699999999999,19.438709677419357,528,2011-10-28 09:29:00,2010-05-17 11:55:00,0,1,18287,United Kingdom,2,Loyal Customers
