CustomerID,FirstPurchase,LastPurchase,Orders,Revenue,Lines,Country,CustomerKey
-1,,,0,0.0,0,Guest,0
12346,2009-12-14 08:34:00,2011-01-18 10:01:00,12,77556.46,34,United Kingdom,1
12347,2010-10-31 14:20:00,2011-12-07 15:52:00,8,5633.32,253,Iceland,2
12348,2010-09-27 14:59:00,2011-09-25 13:13:00,5,1658.3999999999999,46,Finland,3
12349,2010-04-29 13:20:00,2011-11-21 09:51:00,3,3678.69,172,Italy,4
12350,2011-02-02 16:01:00,2011-02-02 16:01:00,1,294.4,16,Norway,5
12351,2010-11-29 15:23:00,2010-11-29 15:23:00,1,300.93,21,Unspecified,6
12352,2010-11-12 10:20:00,2011-11-03 14:37:00,9,1729.54,95,Norway,7
12353,2010-10-27 12:44:00,2011-05-19 17:47:00,2,406.76,24,Bahrain,8
12354,2011-04-21 13:11:00,2011-04-21 13:11:00,1,1079.4,58,Spain,9
12355,2010-05-21 11:59:00,2011-05-09 13:49:00,2,947.61,35,Bahrain,10
12356,2010-10-11 09:42:00,2011-11-17 08:40:00,6,5611.73,139,Portugal,11
12357,2010-11-16 10:05:00,2011-11-06 16:07:00,2,17437.66,295,Switzerland,12
12358,2009-12-08 07:59:00,2011-12-08 10:26:00,5,3447.07,74,Austria,13
12359,2009-12-05 13:32:00,2011-10-13 12:47:00,10,8873.39,362,Cyprus,14
12360,2010-02-22 09:32:00,2011-10-18 15:22:00,6,3612.89,211,Austria,15
12361,2010-01-26 14:37:00,2011-02-25 13:51:00,4,451.25,25,Belgium,16
12362,2011-02-17 10:30:00,2011-12-06 15:40:00,10,4737.23,256,Belgium,17
12363,2011-04-11 13:29:00,2011-08-22 10:18:00,2,552.0,23,Unspecified,18
12364,2011-08-19 15:24:00,2011-12-02 10:22:00,4,1208.1,81,Belgium,19
12365,2011-02-21 13:51:00,2011-02-21 13:51:00,1,320.69,21,Cyprus,20
12366,2010-03-16 10:28:00,2010-03-16 10:28:00,1,500.24,3,Cyprus,21
12367,2011-12-05 16:48:00,2011-12-05 16:48:00,1,150.9,10,Denmark,22
12368,2010-03-21 15:56:00,2010-03-21 15:56:00,1,917.6999999999999,18,Cyprus,23
12369,2010-03-08 08:09:00,2010-10-22 13:13:00,3,1511.15,90,Austria,24
12370,2010-02-09 09:41:00,2011-10-19 14:51:00,7,3956.56,197,Cyprus,25
12371,2010-03-04 18:23:00,2011-10-11 10:43:00,4,3347.38,163,Switzerland,26
12372,2011-02-16 12:46:00,2011-09-29 12:12:00,3,1196.04,49,Denmark,27
12373,2010-02-04 12:08:00,2011-02-01 13:10:00,3,927.6500000000001,48,Austria,28
12374,2010-04-30 14:01:00,2011-11-14 15:37:00,3,2669.22,81,Austria,29
12375,2011-09-02 14:23:00,2011-11-29 10:36:00,2,377.5,15,Finland,30
12376,2010-10-18 08:42:00,2010-11-15 12:15:00,2,383.15,11,Switzerland,31
12377,2010-04-29 15:34:00,2011-01-28 15:45:00,4,3266.32,150,Switzerland,32
12378,2010-05-26 14:07:00,2011-08-02 10:34:00,2,5416.32,301,Switzerland,33
12379,2010-06-23 12:49:00,2011-09-19 10:09:00,4,1470.22,77,Belgium,34
12380,2010-02-15 12:05:00,2011-11-18 11:27:00,8,7210.65,267,Belgium,35
12381,2011-08-12 09:57:00,2011-12-05 12:44:00,3,1474.81,82,Norway,36
12383,2010-12-22 14:28:00,2011-06-08 08:02:00,5,1628.56,94,Belgium,37
12384,2011-08-10 11:23:00,2011-11-11 08:39:00,2,425.27000000000004,25,Switzerland,38
12385,2010-11-25 15:14:00,2010-11-25 15:14:00,1,1668.4,64,Belgium,39
12386,2010-12-08 09:53:00,2011-01-06 12:37:00,2,660.8,18,Australia,40
12387,2010-10-20 16:27:00,2010-10-20 16:27:00,1,143.94,9,Australia,41
12388,2010-05-06 12:54:00,2011-11-24 12:30:00,8,3901.11,146,Australia,42
12389,2010-02-22 10:15:00,2010-11-02 11:52:00,3,1433.33,49,Australia,43
12390,2011-09-21 09:33:00,2011-09-21 09:33:00,1,504.84000000000003,31,Belgium,44
12391,2010-02-15 10:12:00,2011-11-18 12:07:00,6,2724.84,267,Cyprus,45
12392,2010-04-27 14:04:00,2010-04-27 14:04:00,1,234.75000000000003,7,Australia,46
12393,2010-10-07 13:49:00,2011-09-28 15:41:00,6,2399.4500000000003,107,Australia,47
12394,2011-05-06 14:01:00,2011-10-07 08:08:00,2,1080.48,25,Belgium,48
12395,2010-04-16 10:16:00,2011-11-20 15:21:00,15,4551.27,238,Belgium,49
12396,2010-02-03 13:22:00,2010-02-03 13:22:00,1,931.43,65,RSA,50
12397,2011-07-27 14:21:00,2011-11-04 09:52:00,2,2214.9,124,Belgium,51
12398,2011-10-25 10:27:00,2011-10-25 10:27:00,1,1435.66,84,Switzerland,52
12399,2010-03-05 08:45:00,2011-08-12 13:15:00,7,1842.3,103,Belgium,53
12400,2010-10-21 13:45:00,2010-10-21 13:45:00,1,205.25,11,Australia,54
12401,2011-02-09 13:50:00,2011-02-09 13:50:00,1,69.3,4,Belgium,55
12402,2010-02-07 12:41:00,2011-01-20 13:49:00,6,1136.9,64,Belgium,56
12403,2010-07-06 11:39:00,2011-10-21 10:51:00,2,947.36,7,Denmark,57
12404,2010-01-26 16:25:00,2010-01-26 16:25:00,1,63.24,1,Finland,58
12405,2011-07-14 08:52:00,2011-07-14 08:52:00,1,1390.39,53,Finland,59
12406,2010-01-11 14:04:00,2011-11-17 19:22:00,5,6390.36,166,Denmark,60
12407,2011-03-20 13:21:00,2011-10-21 10:11:00,5,1507.1200000000001,72,Belgium,61
12408,2010-07-29 13:27:00,2011-11-07 12:27:00,8,3905.77,152,Belgium,62
12409,2010-05-23 15:21:00,2011-09-22 10:38:00,7,23419.29,264,Switzerland,63
12410,2010-07-25 13:26:00,2011-02-04 10:39:00,3,773.71,38,Switzerland,64
12411,2010-10-26 09:25:00,2010-10-26 09:25:00,1,346.9,22,Australia,65
12412,2010-06-18 13:22:00,2011-09-26 10:16:00,6,2404.93,121,Denmark,66
12413,2010-11-02 13:26:00,2011-10-04 09:00:00,4,871.45,48,France,67
12414,2010-09-02 12:22:00,2011-05-06 14:51:00,4,532.41,22,Austria,68
12415,2010-06-30 08:30:00,2011-11-15 14:22:00,24,144033.37,922,Australia,69
12416,2010-02-21 10:19:00,2010-02-21 10:19:00,1,202.56,11,Australia,70
12417,2009-12-06 10:30:00,2011-12-06 14:52:00,20,5998.41,350,Belgium,71
12418,2010-03-19 14:47:00,2011-08-19 11:08:00,4,2021.2,102,Switzerland,72
12419,2010-10-22 10:40:00,2010-11-19 10:04:00,2,391.01,23,Spain,73
12420,2011-10-07 08:55:00,2011-10-07 08:55:00,1,600.39,29,Cyprus,74
12421,2010-07-22 13:57:00,2011-11-24 09:07:00,6,874.6,59,Spain,75
12422,2009-12-18 12:44:00,2011-09-05 09:48:00,12,3639.35,162,Switzerland,76
12423,2010-08-31 09:31:00,2011-12-09 10:10:00,10,2301.39,155,Belgium,77
12424,2010-06-09 15:15:00,2011-06-30 12:06:00,4,3340.03,92,Australia,78
12425,2010-09-17 14:10:00,2011-09-22 17:31:00,2,1741.41,91,Portugal,79
12426,2010-02-15 08:41:00,2011-05-29 12:26:00,2,1201.21,75,Germany,80
12427,2010-12-03 10:44:00,2011-11-18 08:56:00,3,949.3,37,Germany,81
12428,2011-03-01 09:33:00,2011-11-14 08:22:00,8,6405.26,287,Finland,82
12429,2010-06-11 13:28:00,2011-11-30 17:22:00,8,6979.91,169,Denmark,83
12430,2011-10-27 15:09:00,2011-10-27 15:09:00,1,216.4,10,Norway,84
12431,2010-01-15 09:04:00,2011-11-04 11:55:00,25,10460.47,399,Australia,85
12432,2011-06-20 13:27:00,2011-10-28 11:43:00,4,4359.32,107,Norway,86
12433,2010-08-20 09:23:00,2011-12-09 10:02:00,10,20581.26,706,Norway,87
12434,2010-11-23 13:38:00,2011-09-16 12:38:00,3,1103.43,70,Australia,88
12435,2009-12-02 13:58:00,2011-09-21 09:06:00,6,13925.93,112,Denmark,89
12436,2011-09-01 12:09:00,2011-09-01 12:09:00,1,429.01000000000005,15,Norway,90
12437,2009-12-02 16:24:00,2011-12-08 11:35:00,38,11282.4,529,France,91
12438,2011-07-22 13:29:00,2011-11-25 13:28:00,2,2466.85,96,Norway,92
12439,2009-12-14 08:40:00,2010-01-26 12:11:00,2,1142.88,71,Cyprus,93
12440,2009-12-22 12:03:00,2010-09-03 13:11:00,2,739.2,30,Austria,94
12441,2010-12-08 10:45:00,2010-12-08 10:45:00,1,311.1,20,France,95
12442,2011-12-06 14:22:00,2011-12-06 14:22:00,1,144.06,11,Spain,96
12443,2009-12-07 15:42:00,2009-12-07 15:42:00,1,365.31,20,Norway,97
12444,2011-06-21 14:00:00,2011-11-18 13:23:00,5,4085.46,172,Norway,98
12445,2010-10-15 12:28:00,2011-11-17 18:43:00,2,378.98,23,Spain,99
12446,2011-10-13 12:50:00,2011-10-13 12:50:00,1,1002.3100000000001,57,RSA,100
12447,2011-04-10 13:25:00,2011-04-10 13:25:00,1,431.49,25,Belgium,101
12448,2011-10-26 13:46:00,2011-10-26 13:46:00,1,365.45,21,Spain,102
12449,2010-09-27 09:37:00,2011-11-17 13:46:00,5,4274.89,196,Belgium,103
12450,2010-08-22 13:11:00,2011-07-06 14:41:00,5,688.2,37,Spain,104
12451,2010-06-28 12:58:00,2011-11-29 08:40:00,8,12629.88,510,Switzerland,105
12452,2011-11-23 08:05:00,2011-11-23 08:05:00,1,348.57,20,Switzerland,106
12453,2011-07-28 14:08:00,2011-07-28 14:08:00,1,707.09,43,Austria,107
12454,2010-10-14 17:33:00,2011-10-14 17:13:00,4,16459.78,39,Spain,108
12455,2009-12-18 12:33:00,2011-09-27 15:31:00,9,5722.95,220,Cyprus,109
12456,2011-03-30 09:12:00,2011-10-26 14:41:00,3,2581.04,122,Switzerland,110
12457,2010-09-30 17:59:00,2011-10-04 13:13:00,7,2555.91,80,Switzerland,111
12458,2010-08-09 10:33:00,2011-09-29 15:25:00,4,1502.49,80,Switzerland,112
12459,2010-04-13 14:53:00,2010-04-13 14:53:00,1,398.36,22,Spain,113
12460,2010-09-09 13:51:00,2010-09-09 13:51:00,1,296.65,17,Belgium,114
12461,2011-07-08 10:23:00,2011-07-08 10:23:00,1,626.88,34,Switzerland,115
12462,2011-02-09 14:44:00,2011-11-21 09:11:00,2,937.59,60,Spain,116
12463,2011-04-12 12:47:00,2011-10-17 13:44:00,4,1200.78,79,Belgium,117
12464,2011-02-03 13:30:00,2011-11-29 13:33:00,8,957.05,22,Belgium,118
12465,2011-06-23 13:37:00,2011-11-22 16:34:00,2,682.1899999999999,45,Belgium,119
12466,2010-01-26 16:26:00,2010-01-26 16:26:00,1,56.73,1,France,120
12467,2010-10-12 15:41:00,2010-10-12 15:41:00,1,132.8,9,USA,121
12468,2010-01-26 10:09:00,2011-06-05 11:36:00,5,3238.74,145,Germany,122
12469,2010-06-21 10:30:00,2010-07-05 12:40:00,2,3070.54,76,Thailand,123
12470,2010-01-19 11:01:00,2010-01-19 11:01:00,1,211.95,23,Unspecified,124
12471,2009-12-07 10:41:00,2011-12-07 15:43:00,72,35140.99,1088,Germany,125
12472,2009-12-14 10:49:00,2011-11-07 14:01:00,19,16494.59,891,Germany,126
12473,2011-06-01 10:15:00,2011-10-17 11:27:00,3,2585.73,160,Germany,127
12474,2010-02-11 09:41:00,2011-11-22 14:39:00,29,11310.75,681,Germany,128
12475,2010-10-26 08:49:00,2011-10-17 10:10:00,2,1065.64,59,Germany,129
12476,2010-07-26 09:04:00,2011-11-24 12:40:00,18,12319.91,498,Germany,130
12477,2010-03-26 14:01:00,2011-11-17 09:51:00,9,20276.37,564,Germany,131
12478,2011-12-06 09:56:00,2011-12-06 09:56:00,1,545.99,35,Greece,132
12479,2011-11-28 13:26:00,2011-11-28 13:26:00,1,473.2,30,Germany,133
12480,2010-07-20 13:21:00,2011-11-11 14:52:00,7,4834.85,235,Germany,134
12481,2010-04-11 13:10:00,2011-11-17 08:29:00,14,11174.89,377,Germany,135
12482,2010-02-24 10:24:00,2010-05-12 16:51:00,27,21941.72,202,Sweden,136
12483,2010-01-31 13:28:00,2011-11-22 17:02:00,19,4069.1800000000003,122,Sweden,137
12484,2010-01-27 16:41:00,2011-11-04 15:18:00,9,5557.1,465,Spain,138
12485,2010-06-28 15:22:00,2010-06-28 15:22:00,1,708.1,34,Sweden,139
12486,2010-10-04 12:14:00,2010-10-04 12:14:00,1,917.28,48,Sweden,140
12487,2009-12-09 11:36:00,2009-12-09 11:36:00,1,285.29999999999995,2,Sweden,141
12488,2011-09-25 10:34:00,2011-11-30 08:50:00,3,1244.66,54,France,142
12489,2011-01-07 13:13:00,2011-01-07 13:13:00,1,298.93,14,France,143
12490,2009-12-01 12:52:00,2011-12-04 16:07:00,20,8764.64,441,France,144
12491,2011-11-01 12:18:00,2011-11-01 12:18:00,1,424.40000000000003,25,France,145
12492,2010-11-01 14:58:00,2011-10-07 15:15:00,3,607.21,39,Germany,146
12493,2011-05-26 14:53:00,2011-06-27 10:17:00,2,415.74,21,France,147
12494,2010-05-12 13:52:00,2011-11-24 09:34:00,9,1602.8700000000001,102,France,148
12495,2010-03-09 10:53:00,2010-03-09 10:53:00,1,277.4,16,Sweden,149
12496,2010-03-29 13:57:00,2010-03-29 14:06:00,2,45.34,10,Spain,150
12497,2010-03-05 09:39:00,2011-09-19 12:29:00,3,5996.5,55,Germany,151
12498,2011-10-13 09:30:00,2011-11-18 12:53:00,3,349.70000000000005,21,Germany,152
12499,2010-05-28 15:12:00,2010-05-28 15:12:00,1,357.72,26,Germany,153
12500,2010-02-04 15:05:00,2011-11-16 16:20:00,18,5559.21,130,Germany,154
12501,2011-01-07 12:28:00,2011-01-07 12:28:00,1,2025.39,148,Germany,155
12502,2011-02-03 10:41:00,2011-09-05 11:52:00,5,2995.87,142,Spain,156
12503,2010-05-04 13:59:00,2010-05-04 13:59:00,1,896.0,1,Spain,157
12504,2010-04-22 10:24:00,2011-11-21 16:02:00,4,689.05,17,Germany,158
12505,2010-10-27 09:18:00,2010-10-27 09:18:00,1,787.2,41,Italy,159
12506,2011-04-21 08:54:00,2011-04-21 08:54:00,1,73.5,23,France,160
12507,2010-05-04 09:23:00,2011-07-28 17:09:00,4,1508.06,46,Spain,161
12508,2011-11-10 16:27:00,2011-11-13 15:37:00,2,397.88,68,France,162
12509,2011-02-28 14:45:00,2011-02-28 14:45:00,1,158.5,6,France,163
12510,2009-12-04 13:47:00,2011-07-20 10:15:00,7,3039.03,137,Spain,164
12511,2010-10-07 10:39:00,2010-10-07 10:39:00,1,3084.02,190,Greece,165
12512,2011-10-04 14:53:00,2011-10-04 14:55:00,2,132.18,31,Israel,166
12513,2011-08-19 10:51:00,2011-08-19 10:51:00,1,558.29,34,France,167
12514,2010-03-08 12:18:00,2011-03-17 16:38:00,2,1597.76,84,Italy,168
12515,2010-12-21 15:43:00,2010-12-21 15:43:00,1,278.7,15,Italy,169
12516,2010-04-19 14:14:00,2011-09-23 09:13:00,4,2288.62,70,Germany,170
12517,2011-06-02 15:13:00,2011-11-11 13:57:00,4,2301.6,276,Germany,171
12518,2011-08-21 13:18:00,2011-12-09 10:13:00,5,1840.89,119,Germany,172
12519,2010-08-20 08:21:00,2011-10-07 09:26:00,2,626.54,37,Germany,173
12520,2011-03-11 11:35:00,2011-09-21 15:23:00,5,2346.2599999999998,147,Germany,174
12521,2011-07-20 10:51:00,2011-07-20 10:51:00,1,545.68,37,Germany,175
12522,2011-10-19 14:41:00,2011-10-31 15:30:00,2,156.72,10,Germany,176
12523,2009-12-07 13:46:00,2011-11-20 12:55:00,23,4010.35,238,France,177
12524,2010-02-08 14:41:00,2011-11-30 15:31:00,17,9794.11,224,Germany,178
12525,2010-03-02 14:01:00,2010-07-29 16:08:00,3,883.73,59,France,179
12526,2011-09-06 14:19:00,2011-12-09 12:09:00,3,1172.66,68,Germany,180
12527,2010-06-28 15:37:00,2011-09-19 11:55:00,5,717.51,31,Germany,181
12528,2011-01-31 09:05:00,2011-11-30 14:40:00,6,1645.48,86,Germany,182
12529,2010-06-29 13:10:00,2010-06-29 13:10:00,1,316.48,21,France,183
12530,2010-03-07 14:37:00,2011-10-11 12:34:00,9,3381.26,149,Germany,184
12531,2010-01-22 14:17:00,2011-11-25 11:12:00,2,1771.2,126,Germany,185
12532,2011-11-09 13:47:00,2011-11-09 13:47:00,1,313.83000000000004,15,France,186
12533,2009-12-01 11:50:00,2010-03-22 10:56:00,2,1223.89,70,Germany,187
12534,2011-08-01 10:26:00,2011-08-01 10:26:00,1,981.18,62,Germany,188
12535,2011-06-06 12:47:00,2011-09-09 08:48:00,2,716.35,34,France,189
12536,2011-10-11 14:52:00,2011-10-11 14:52:00,1,4279.71,259,France,190
12537,2010-10-27 08:36:00,2010-10-27 08:36:00,1,612.94,42,Sweden,191
12538,2010-11-26 13:02:00,2011-11-10 17:16:00,2,640.45,34,Spain,192
12539,2009-12-23 13:00:00,2011-11-17 13:30:00,7,11186.75,503,Spain,193
12540,2009-12-07 16:56:00,2011-11-20 11:31:00,32,19250.49,739,Spain,194
12541,2011-03-04 09:32:00,2011-11-10 10:40:00,3,841.18,49,Spain,195
12542,2010-03-09 16:26:00,2010-08-12 19:12:00,2,481.88,39,Spain,196
12543,2010-09-17 15:51:00,2010-09-17 15:51:00,1,840.25,42,Spain,197
12544,2011-11-03 16:15:00,2011-11-03 16:15:00,1,316.7,18,Spain,198
12545,2011-03-25 12:04:00,2011-09-25 13:39:00,2,832.39,48,Spain,199
12546,2011-09-23 09:44:00,2011-10-24 12:09:00,2,1021.5,67,Spain,200
12547,2010-07-27 13:55:00,2011-05-26 12:38:00,3,299.58,18,Spain,201
12548,2011-06-26 15:35:00,2011-06-26 15:35:00,1,67.19999999999999,4,Spain,202
12549,2010-01-11 12:29:00,2010-05-13 12:05:00,5,1570.68,48,USA,203
12550,2011-09-21 14:35:00,2011-09-21 14:35:00,1,824.83,56,Spain,204
12551,2010-12-17 11:23:00,2010-12-17 11:23:00,1,168.0,10,Spain,205
12552,2011-10-31 12:11:00,2011-10-31 12:11:00,1,317.82,19,Italy,206
12553,2010-10-12 13:35:00,2011-12-01 16:38:00,12,4104.75,227,France,207
12554,2010-09-17 12:29:00,2010-09-17 12:29:00,1,384.5,25,Spain,208
12555,2010-01-26 16:26:00,2010-01-26 16:26:00,1,129.23,1,Spain,209
12556,2011-07-11 13:35:00,2011-10-20 13:06:00,2,599.56,119,Spain,210
12557,2009-12-17 10:39:00,2011-11-23 16:59:00,8,18716.14,58,Spain,211
12558,2011-12-02 10:41:00,2011-12-02 10:41:00,1,269.96,11,USA,212
12559,2011-01-24 10:12:00,2011-02-02 09:49:00,2,525.71,20,Germany,213
12560,2011-07-19 15:55:00,2011-12-04 13:54:00,2,1918.01,103,Germany,214
12561,2011-02-10 11:39:00,2011-02-10 11:39:00,1,238.85,16,Germany,215
12562,2010-09-30 13:13:00,2011-12-01 17:20:00,9,4426.92,198,France,216
12563,2010-10-27 09:52:00,2010-10-27 09:52:00,1,221.24,12,Italy,217
12564,2011-03-23 14:55:00,2011-03-23 14:55:00,1,402.9,20,France,218
12565,2011-02-24 10:34:00,2011-02-24 10:34:00,1,145.92,9,Saudi Arabia,219
12566,2011-09-14 14:30:00,2011-09-14 14:30:00,1,297.65,18,Germany,220
12567,2010-02-11 10:30:00,2011-11-17 11:02:00,15,12467.86,624,France,221
12568,2010-03-05 09:15:00,2010-03-05 09:15:00,1,52.0,4,Germany,222
12569,2011-04-01 13:47:00,2011-12-07 16:24:00,32,3152.69,157,Germany,223
12570,2010-01-26 17:28:00,2010-01-26 17:28:00,1,77.52,1,Spain,224
12571,2011-08-10 12:35:00,2011-10-31 10:19:00,2,519.61,34,France,225
12572,2011-10-19 08:20:00,2011-12-01 09:20:00,2,912.42,58,Germany,226
12573,2010-08-31 17:25:00,2011-04-26 15:52:00,5,717.41,119,France,227
12574,2011-01-28 09:20:00,2011-01-28 09:20:00,1,182.45000000000002,10,France,228
12575,2010-07-01 09:15:00,2010-09-08 13:09:00,2,568.8199999999999,36,France,229
12576,2010-07-01 13:46:00,2011-11-04 10:11:00,8,2062.72,141,Poland,230
12577,2009-12-03 19:31:00,2011-11-04 13:24:00,8,1613.15,297,France,231
12578,2010-09-22 11:19:00,2011-11-18 13:30:00,4,4026.4500000000003,168,Italy,232
12579,2011-09-22 17:15:00,2011-09-22 17:15:00,1,386.42,28,France,233
12580,2010-05-12 11:45:00,2011-04-07 10:24:00,2,962.9,56,Germany,234
12581,2011-10-31 08:56:00,2011-10-31 08:56:00,1,179.71,14,Germany,235
12582,2010-05-11 09:55:00,2011-04-15 08:45:00,4,1820.4,101,Finland,236
12583,2009-12-06 11:57:00,2011-12-07 08:07:00,27,13295.44,438,France,237
12584,2011-03-04 15:15:00,2011-12-06 09:35:00,9,2254.15,95,Italy,238
12585,2010-12-23 12:58:00,2011-04-19 13:39:00,2,1824.1,85,Germany,239
12586,2009-12-16 13:15:00,2011-11-22 16:24:00,4,2062.67,94,Italy,240
12587,2011-12-02 12:47:00,2011-12-02 12:47:00,1,104.0,3,Finland,241
12588,2010-04-21 12:22:00,2011-10-31 15:01:00,3,718.78,42,Finland,242
12589,2010-01-19 12:26:00,2011-11-11 10:19:00,6,3294.91,173,France,243
12590,2011-05-12 14:46:00,2011-05-12 14:46:00,1,9341.26,67,Germany,244
12591,2010-10-27 10:42:00,2011-01-26 14:35:00,3,1114.95,65,Italy,245
12592,2010-07-08 14:06:00,2011-09-08 15:04:00,4,1723.6399999999999,76,Germany,246
12593,2011-05-05 09:29:00,2011-08-23 12:43:00,3,382.09999999999997,20,France,247
12594,2010-03-03 13:51:00,2011-11-02 12:20:00,14,4890.110000000001,193,Italy,248
12595,2010-07-23 09:10:00,2010-07-23 09:10:00,1,281.02,18,Germany,249
12596,2011-04-11 13:22:00,2011-10-19 13:02:00,2,450.27,25,Spain,250
12597,2011-03-16 14:00:00,2011-11-20 13:33:00,4,3195.22,202,Spain,251
12598,2010-03-01 09:58:00,2011-11-30 12:18:00,10,4192.09,199,France,252
12599,2010-05-11 10:42:00,2011-11-10 13:34:00,13,2026.72,120,France,253
12600,2009-12-07 13:37:00,2011-11-11 10:29:00,21,4448.92,111,Germany,254
12601,2010-10-31 10:57:00,2011-06-03 10:17:00,6,573.26,28,Germany,255
12602,2011-10-12 11:22:00,2011-10-12 11:22:00,1,153.12,12,France,256
12603,2011-11-18 10:42:00,2011-11-18 10:42:00,1,613.1999999999999,1,Germany,257
12604,2011-03-23 12:06:00,2011-09-21 14:08:00,2,236.18,15,France,258
12605,2010-09-07 14:21:00,2010-11-28 14:18:00,3,1124.95,72,Germany,259
12606,2010-01-26 16:23:00,2010-01-26 16:23:00,1,21.0,1,Spain,260
12607,2011-10-10 16:06:00,2011-10-10 16:06:00,1,1579.51,101,USA,261
12608,2010-10-31 10:49:00,2010-10-31 10:49:00,1,415.79,16,United Kingdom,262
12609,2009-12-20 13:30:00,2011-09-22 16:34:00,9,3021.86,166,Germany,263
12610,2011-08-05 13:52:00,2011-11-17 09:34:00,4,1747.54,102,Italy,264
12611,2011-10-18 13:12:00,2011-10-18 13:12:00,1,1193.32,65,Italy,265
12612,2011-09-26 15:35:00,2011-09-26 15:35:00,1,668.0400000000001,18,Germany,266
12613,2009-12-14 13:10:00,2011-10-13 14:59:00,9,6277.37,317,Germany,267
12614,2011-03-07 10:22:00,2011-03-07 10:22:00,1,315.6,20,Germany,268
12615,2010-03-18 14:09:00,2011-12-07 15:02:00,8,5362.98,264,France,269
12616,2010-11-16 11:38:00,2011-09-05 15:17:00,3,1023.1,51,France,270
12617,2011-11-10 14:39:00,2011-11-10 14:39:00,1,352.98,41,France,271
12618,2011-11-18 11:10:00,2011-11-18 11:10:00,1,137.31,10,Italy,272
12619,2010-05-28 12:52:00,2011-11-23 14:52:00,9,3085.7,92,Germany,273
12620,2011-05-19 12:10:00,2011-11-25 10:20:00,3,1303.41,91,France,274
12621,2010-02-09 12:01:00,2011-12-08 11:25:00,35,22525.81,737,Germany,275
12622,2011-04-21 16:39:00,2011-04-21 16:39:00,1,162.1,10,Germany,276
12623,2010-01-12 11:45:00,2011-03-08 13:50:00,7,3315.84,166,Germany,277
12624,2011-06-15 12:34:00,2011-08-25 15:04:00,2,569.13,36,France,278
12625,2010-04-22 11:33:00,2011-05-12 09:54:00,4,4678.88,179,Germany,279
12626,2011-01-17 11:01:00,2011-11-16 16:06:00,9,5954.48,285,Germany,280
12627,2011-07-22 13:59:00,2011-11-29 12:07:00,6,4082.53,224,Germany,281
12628,2011-10-06 09:28:00,2011-12-05 13:15:00,3,732.46,38,Germany,282
12629,2010-10-12 16:40:00,2010-11-19 09:18:00,2,1198.22,43,Sweden,283
12630,2011-10-27 10:41:00,2011-11-30 10:48:00,2,1030.88,62,Finland,284
12631,2010-01-15 14:50:00,2011-10-13 13:53:00,6,3321.57,182,Finland,285
12632,2010-05-24 09:07:00,2010-07-07 09:39:00,2,714.88,33,Germany,286
12633,2010-07-02 11:44:00,2011-10-12 11:40:00,7,5156.16,299,Germany,287
12634,2010-06-09 15:41:00,2010-06-09 15:41:00,1,360.0,19,USA,288
12635,2010-09-09 10:50:00,2011-09-11 11:04:00,4,2624.41,175,Germany,289
12637,2010-06-14 13:36:00,2011-10-03 13:46:00,12,8085.8099999999995,611,France,290
12638,2010-03-10 10:30:00,2011-11-06 13:11:00,2,681.49,46,Sweden,291
12639,2010-03-22 09:05:00,2011-04-15 12:48:00,3,1072.37,61,Sweden,292
12640,2011-09-19 12:01:00,2011-11-16 11:52:00,3,994.58,50,France,293
12641,2011-08-16 13:26:00,2011-08-16 13:26:00,1,145.9,9,Sweden,294
12642,2011-08-24 09:23:00,2011-11-14 15:03:00,3,905.26,44,Germany,295
12643,2010-04-07 14:16:00,2011-08-03 12:56:00,11,7803.82,42,France,296
12644,2010-01-14 13:02:00,2011-08-02 10:33:00,4,1900.49,110,Germany,297
12645,2010-02-09 10:49:00,2011-11-06 12:38:00,8,3215.3,152,Germany,298
12646,2011-10-21 12:52:00,2011-12-05 10:14:00,2,1346.97,45,USA,299
12647,2010-01-13 15:06:00,2011-11-17 12:56:00,35,14916.35,516,Germany,300
12648,2010-01-07 18:38:00,2011-07-08 11:55:00,4,1039.0,61,Germany,301
12649,2010-01-12 17:24:00,2011-08-24 14:41:00,8,2096.65,112,Germany,302
12650,2011-12-06 16:34:00,2011-12-06 16:34:00,1,242.44000000000003,19,France,303
12651,2010-08-31 15:21:00,2011-01-09 12:46:00,4,377.75,30,France,304
12652,2010-10-01 15:16:00,2011-01-12 15:00:00,2,891.03,50,France,305
12653,2010-07-01 09:56:00,2011-07-14 10:41:00,3,4160.83,86,Israel,306
12654,2011-02-17 13:16:00,2011-11-29 10:10:00,5,529.98,34,Germany,307
12655,2010-10-12 09:17:00,2010-10-12 09:17:00,1,243.35000000000002,15,France,308
12656,2010-05-26 09:00:00,2011-11-22 13:42:00,8,5723.83,239,France,309
12657,2011-09-22 11:40:00,2011-11-28 15:47:00,4,1427.18,44,France,310
12658,2011-11-21 10:22:00,2011-11-21 10:22:00,1,632.05,35,Germany,311
12659,2011-11-10 11:53:00,2011-11-10 11:53:00,1,73.68,4,France,312
12660,2011-11-28 13:26:00,2011-11-28 13:26:00,1,227.1,12,France,313
12661,2010-09-29 16:46:00,2010-09-29 16:46:00,1,162.0,11,Sweden,314
12662,2010-04-01 09:50:00,2011-12-09 11:59:00,20,6374.02,386,Germany,315
12663,2010-02-09 14:28:00,2010-03-25 09:40:00,2,185.4,8,Germany,316
12664,2009-12-13 10:28:00,2011-12-01 17:07:00,11,5420.04,34,Finland,317
12665,2010-02-08 15:11:00,2011-01-19 08:34:00,3,259.6,14,Germany,318
12666,2010-11-10 16:40:00,2010-11-10 16:40:00,1,1248.42,31,Israel,319
12667,2011-10-12 17:00:00,2011-10-12 17:00:00,1,460.13,32,Finland,320
12668,2010-01-31 15:45:00,2011-11-28 10:56:00,9,9906.03,527,Germany,321
12669,2011-03-28 10:15:00,2011-07-12 09:54:00,2,1427.73,98,France,322
12670,2010-02-11 10:13:00,2011-11-29 15:23:00,7,3436.29,108,France,323
12671,2010-04-12 16:30:00,2010-04-12 16:30:00,1,2622.48,44,Germany,324
12672,2010-04-23 09:57:00,2011-01-14 09:20:00,2,407.05,21,France,325
12673,2010-11-03 10:46:00,2011-12-04 13:55:00,3,1140.02,72,Germany,326
12674,2011-05-16 09:10:00,2011-11-01 12:12:00,4,1844.6,79,France,327
12675,2010-05-10 16:44:00,2010-06-04 09:49:00,2,873.25,111,Italy,328
12676,2010-08-13 13:29:00,2011-11-15 12:25:00,10,2333.09,97,Sweden,329
12677,2010-02-11 13:55:00,2010-06-02 14:30:00,2,359.1,19,France,330
12678,2010-01-07 16:46:00,2011-10-28 13:04:00,17,32855.18,366,France,331
12679,2011-03-01 12:26:00,2011-10-12 12:30:00,4,951.02,44,France,332
12680,2011-08-18 15:44:00,2011-12-09 12:50:00,4,790.81,49,France,333
12681,2009-12-13 13:31:00,2011-11-25 11:33:00,44,27898.28,1419,France,334
12682,2009-12-01 09:28:00,2011-12-06 10:00:00,51,21685.51,988,France,335
12683,2009-12-13 15:01:00,2011-12-05 16:28:00,20,11400.78,520,France,336
12684,2011-05-10 12:55:00,2011-12-02 09:53:00,6,2073.63,98,France,337
12685,2011-09-07 10:28:00,2011-11-11 13:46:00,6,2575.08,151,France,338
12686,2010-12-03 09:51:00,2010-12-03 09:51:00,1,142.28,12,France,339
12687,2010-08-16 12:12:00,2010-08-16 12:12:00,1,1858.91,125,Sweden,340
12688,2011-08-18 08:49:00,2011-08-18 08:49:00,1,4873.8099999999995,171,Israel,341
12689,2011-08-04 10:04:00,2011-11-14 08:31:00,2,1139.61,70,France,342
12690,2011-05-18 09:09:00,2011-05-18 09:09:00,1,335.01,15,France,343
12691,2010-10-15 12:00:00,2011-11-11 16:49:00,6,1044.4,33,France,344
12692,2010-03-12 14:02:00,2010-03-12 14:02:00,1,110.95,13,France,345
12693,2010-07-05 13:56:00,2011-08-04 17:51:00,7,1415.02,72,Germany,346
12694,2010-10-14 19:39:00,2011-09-30 13:06:00,3,1663.35,80,France,347
12695,2010-02-12 13:22:00,2011-12-02 13:22:00,7,1371.1200000000001,58,France,348
12696,2010-07-19 10:02:00,2010-10-01 10:43:00,2,731.91,47,Finland,349
12697,2011-06-23 15:44:00,2011-11-11 08:47:00,3,757.59,38,Sweden,350
12698,2010-04-28 15:51:00,2010-04-28 15:51:00,1,285.75,15,Germany,351
12699,2010-10-18 12:07:00,2010-10-18 12:07:00,1,566.11,40,Germany,352
12700,2011-05-08 16:10:00,2011-12-02 10:47:00,4,4525.99,264,France,353
12701,2010-03-16 13:23:00,2011-09-21 10:47:00,6,2248.41,141,Germany,354
12702,2011-11-20 10:36:00,2011-11-20 10:36:00,1,201.0,11,Germany,355
12703,2010-01-24 12:05:00,2011-09-29 17:52:00,4,898.53,70,Germany,356
12704,2011-06-23 10:20:00,2011-12-02 13:15:00,8,1740.84,81,Finland,357
12705,2010-06-24 09:51:00,2011-11-24 13:17:00,13,11114.1,590,Germany,358
12707,2011-02-21 08:38:00,2011-02-21 08:38:00,1,603.42,33,France,359
12708,2009-12-18 10:25:00,2011-11-10 09:52:00,18,4738.1,291,Germany,360
12709,2009-12-09 13:49:00,2011-11-24 15:38:00,33,29968.46,487,Germany,361
12710,2011-05-22 14:05:00,2011-09-04 12:00:00,3,1023.02,74,Germany,362
12711,2010-02-01 11:30:00,2010-04-07 11:59:00,2,1213.05,58,Germany,363
12712,2009-12-09 10:46:00,2011-11-11 08:19:00,21,6401.66,253,Germany,364
12713,2011-12-09 12:16:00,2011-12-09 12:16:00,1,794.55,37,Germany,365
12714,2009-12-04 10:00:00,2011-11-30 15:43:00,12,12815.710000000001,684,France,366
12715,2011-08-25 15:22:00,2011-08-25 15:22:00,1,263.36,19,Sweden,367
12716,2011-07-29 13:28:00,2011-12-06 08:55:00,2,963.49,67,France,368
12717,2010-04-28 14:34:00,2011-07-11 14:47:00,3,1058.91,68,Greece,369
12718,2011-09-29 16:38:00,2011-09-29 16:38:00,1,202.25,18,France,370
12719,2011-10-05 14:50:00,2011-12-04 13:45:00,2,572.95,37,France,371
12720,2010-07-21 09:46:00,2011-12-07 08:03:00,29,7306.67,493,Germany,372
12721,2010-08-25 11:07:00,2011-11-08 12:13:00,8,3635.08,231,France,373
12722,2011-07-12 11:55:00,2011-09-15 14:50:00,4,979.63,52,France,374
12723,2011-10-05 15:52:00,2011-12-06 10:19:00,5,707.07,68,France,375
12724,2010-06-22 14:00:00,2011-12-04 16:02:00,7,2083.52,122,France,376
12725,2010-05-04 13:59:00,2010-12-03 15:45:00,3,2278.56,126,Italy,377
12726,2010-03-25 16:25:00,2011-11-11 13:35:00,11,3690.6,168,France,378
12727,2010-02-23 09:54:00,2011-11-29 11:46:00,10,4905.53,193,France,379
12728,2010-11-21 11:34:00,2011-09-29 15:31:00,5,926.17,56,France,380
12729,2011-08-18 11:40:00,2011-08-18 11:40:00,1,417.01,25,France,381
12730,2010-07-06 12:19:00,2010-07-06 12:19:00,1,703.25,46,Germany,382
12731,2010-03-02 09:23:00,2011-11-16 11:59:00,17,25631.71,392,France,383
12732,2011-06-13 11:33:00,2011-06-13 11:33:00,1,218.26000000000002,11,France,384
12733,2010-01-19 13:23:00,2011-04-19 16:19:00,4,2424.02,156,USA,385
12734,2010-11-12 13:26:00,2010-12-22 12:47:00,3,603.65,18,France,386
12735,2011-01-06 14:26:00,2011-01-28 13:37:00,2,689.5699999999999,41,France,387
12736,2011-01-11 07:57:00,2011-01-11 07:57:00,1,144.0,3,France,388
12737,2010-07-29 12:27:00,2010-07-29 12:27:00,1,100.0,1,France,389
12738,2010-12-02 18:27:00,2010-12-02 18:27:00,1,274.7,20,Germany,390
12739,2010-11-10 14:27:00,2011-09-01 17:45:00,2,2421.23,86,United Arab Emirates,391
12740,2011-10-07 10:44:00,2011-10-07 10:44:00,1,427.6,27,France,392
12741,2010-06-24 16:24:00,2010-06-24 16:24:00,1,236.07,15,USA,393
12742,2010-03-24 12:43:00,2010-03-24 12:43:00,1,1201.52,67,United Arab Emirates,394
12743,2011-07-28 16:06:00,2011-07-28 16:21:00,2,540.13,131,Unspecified,395
12744,2010-04-27 16:19:00,2011-10-14 14:54:00,8,13158.16,332,Singapore,396
12745,2010-01-26 16:22:00,2010-08-10 10:14:00,3,925.41,23,United Kingdom,397
12746,2010-06-17 10:41:00,2010-06-17 10:41:00,1,254.55,17,United Kingdom,398
12747,2009-12-07 13:23:00,2011-12-07 14:34:00,26,9257.039999999999,256,United Kingdom,399
12748,2009-12-04 17:31:00,2011-12-09 12:20:00,323,51493.5,6910,United Kingdom,400
12749,2010-07-06 15:05:00,2011-12-06 09:56:00,9,6897.36,338,United Kingdom,401
12750,2011-08-03 09:13:00,2011-08-03 09:13:00,1,275.88,15,Poland,402
12751,2010-09-21 12:49:00,2010-09-21 12:49:00,1,268.27,62,Brazil,403
12752,2011-09-19 13:32:00,2011-09-19 13:32:00,1,4366.78,53,Norway,404
12753,2010-12-12 11:44:00,2011-11-17 10:52:00,6,21429.39,197,Japan,405
12754,2011-02-04 10:31:00,2011-04-18 09:00:00,3,3010.74,63,Japan,406
12755,2010-01-15 11:57:00,2011-03-04 12:42:00,11,9030.66,64,Japan,407
12756,2011-09-14 09:31:00,2011-09-14 09:31:00,1,112.07999999999998,4,Japan,408
12757,2011-05-12 19:01:00,2011-11-24 12:30:00,9,4176.75,358,Portugal,409
12758,2009-12-01 14:40:00,2011-08-15 10:22:00,7,9903.24,313,Portugal,410
12759,2009-12-04 10:47:00,2011-10-18 14:49:00,8,4618.74,294,Netherlands,411
12760,2010-09-10 08:50:00,2010-09-10 08:50:00,1,317.8,20,Netherlands,412
12761,2010-09-01 10:47:00,2010-09-01 10:47:00,1,712.95,25,Netherlands,413
12762,2011-11-14 14:23:00,2011-12-02 10:23:00,2,1702.52,67,Portugal,414
12763,2010-12-05 15:46:00,2011-07-24 14:12:00,2,814.16,34,Japan,415
12764,2011-01-27 10:19:00,2011-01-27 10:19:00,1,1693.88,45,Lebanon,416
12765,2010-03-08 09:43:00,2010-08-24 13:51:00,6,1299.58,62,Netherlands,417
12766,2010-10-28 09:29:00,2011-12-06 08:46:00,9,9116.28,448,Portugal,418
12767,2010-11-29 09:38:00,2010-11-29 09:38:00,1,949.82,43,Korea,419
12768,2010-09-15 12:08:00,2010-09-15 12:08:00,1,168.69000000000003,10,Korea,420
12769,2011-04-15 10:25:00,2011-04-15 10:25:00,1,1143.6,32,Brazil,421
12770,2010-09-09 11:43:00,2011-05-13 09:33:00,2,3246.45,28,Japan,422
12771,2010-08-11 11:51:00,2010-08-11 11:51:00,1,226.3,14,Portugal,423
12772,2011-10-11 09:19:00,2011-10-11 09:19:00,1,752.47,54,Portugal,424
12773,2010-05-24 17:30:00,2010-05-24 17:30:00,1,124.25,6,Portugal,425
12774,2010-06-22 10:38:00,2010-06-22 10:38:00,1,83.7,5,Netherlands,426
12775,2010-10-26 14:24:00,2011-11-22 16:33:00,7,1551.12,74,Netherlands,427
12776,2010-02-10 12:11:00,2010-02-10 12:11:00,1,27.5,3,Portugal,428
12777,2010-09-08 11:35:00,2010-09-08 11:35:00,1,519.45,26,United Kingdom,429
12778,2010-04-16 09:57:00,2011-11-20 11:30:00,9,1541.68,105,Netherlands,430
12779,2009-12-03 07:25:00,2011-11-02 11:43:00,14,6722.2699999999995,277,Poland,431
12780,2010-04-20 09:40:00,2010-04-20 09:40:00,1,322.4,19,Netherlands,432
12781,2011-02-28 08:43:00,2011-10-07 10:37:00,2,786.74,24,Czech Republic,433
12782,2010-07-08 13:31:00,2011-12-05 09:16:00,11,3862.2400000000002,217,Portugal,434
12783,2011-09-25 15:35:00,2011-12-07 15:56:00,4,1295.87,78,Portugal,435
12784,2010-06-28 13:06:00,2011-11-24 12:53:00,2,1511.15,127,Portugal,436
12785,2009-12-08 13:56:00,2010-12-10 13:48:00,3,904.4,53,Portugal,437
12786,2010-04-09 12:12:00,2010-04-09 12:12:00,1,668.5,17,Netherlands,438
12787,2010-10-22 14:57:00,2011-11-30 08:44:00,4,799.18,40,Netherlands,439
12788,2010-06-29 13:05:00,2010-09-02 14:21:00,4,384.9,22,Netherlands,440
12789,2010-01-15 12:06:00,2011-10-05 13:34:00,3,225.35,5,Netherlands,441
12790,2010-10-25 13:04:00,2011-05-31 14:14:00,2,546.85,35,Netherlands,442
12791,2010-03-25 17:29:00,2010-12-01 11:27:00,5,834.4300000000001,23,Netherlands,443
12792,2010-06-23 10:49:00,2011-03-28 11:36:00,2,715.01,45,Portugal,444
12793,2010-11-03 13:05:00,2011-01-09 12:12:00,3,849.33,47,Portugal,445
12794,2011-09-02 12:01:00,2011-10-17 14:54:00,2,860.41,45,Portugal,446
12795,2011-11-21 10:27:00,2011-11-21 10:27:00,1,318.48,13,Portugal,447
12796,2010-03-21 15:49:00,2010-03-21 15:49:00,1,351.0,6,Netherlands,448
12797,2010-10-11 12:53:00,2010-12-09 10:55:00,2,694.11,40,Portugal,449
12798,2010-10-14 12:27:00,2011-11-29 15:52:00,4,8510.93,33,Japan,450
12799,2010-06-28 15:57:00,2010-06-28 15:57:00,1,219.35,15,Japan,451
12800,2010-02-01 11:02:00,2010-08-26 14:11:00,2,500.25,32,Portugal,452
12801,2010-07-27 09:38:00,2010-07-27 09:38:00,1,871.82,49,Sweden,453
12802,2010-05-25 09:34:00,2011-06-06 09:36:00,5,2186.42,131,Netherlands,454
12803,2010-11-11 14:57:00,2010-11-11 14:57:00,1,1017.81,54,Netherlands,455
12804,2010-07-27 13:52:00,2010-08-31 11:58:00,2,325.37,66,Netherlands,456
12805,2010-02-03 09:06:00,2010-11-23 12:27:00,4,1230.95,54,Netherlands,457
12806,2010-04-30 10:44:00,2010-05-16 13:49:00,2,2558.96,64,Netherlands,458
12807,2010-11-21 14:21:00,2010-11-21 14:21:00,1,250.35,15,Sweden,459
12808,2010-09-03 10:24:00,2011-11-03 10:05:00,5,850.1,52,Portugal,460
12809,2010-03-02 14:19:00,2011-06-15 10:51:00,3,1384.3400000000001,78,Portugal,461
12810,2010-02-01 09:52:00,2010-06-23 10:53:00,2,534.99,32,Japan,462
12811,2010-10-08 12:20:00,2011-03-23 10:55:00,4,893.9,51,Portugal,463
12812,2011-10-26 09:54:00,2011-10-26 09:54:00,1,229.64000000000001,15,Japan,464
12813,2010-01-15 16:52:00,2010-07-26 09:50:00,3,1621.8,42,Netherlands,465
12814,2011-08-30 12:11:00,2011-08-30 12:11:00,1,85.92,1,Poland,466
12815,2011-05-25 13:34:00,2011-07-15 10:21:00,2,863.46,45,Poland,467
12816,2011-06-16 13:24:00,2011-09-05 12:41:00,2,452.20000000000005,27,Poland,468
12817,2010-10-01 08:57:00,2011-03-03 16:28:00,3,570.98,22,Austria,469
12818,2011-03-23 12:06:00,2011-03-23 12:06:00,1,1182.0800000000002,13,Austria,470
12819,2010-09-07 15:20:00,2010-09-07 15:20:00,1,540.52,19,United Kingdom,471
12820,2009-12-05 13:37:00,2011-12-06 15:12:00,11,2689.52,159,United Kingdom,472
12821,2010-04-07 15:14:00,2011-05-09 15:51:00,2,220.8,13,United Kingdom,473
12822,2011-09-13 13:46:00,2011-09-30 10:04:00,2,948.88,46,United Kingdom,474
12823,2010-01-29 12:52:00,2011-09-26 07:35:00,18,6501.5,18,United Kingdom,475
12824,2011-10-11 12:49:00,2011-10-11 12:49:00,1,397.12,25,United Kingdom,476
12825,2010-03-08 10:17:00,2010-07-06 13:56:00,2,518.63,24,United Kingdom,477
12826,2009-12-18 10:43:00,2011-12-07 10:25:00,12,2955.75,166,United Kingdom,478
12827,2011-10-26 15:44:00,2011-12-04 12:17:00,3,430.15000000000003,25,United Kingdom,479
12828,2011-08-01 16:16:00,2011-12-07 08:45:00,6,1018.71,56,United Kingdom,480
12829,2010-06-07 15:04:00,2011-01-07 11:13:00,3,385.3,19,United Kingdom,481
12830,2011-06-21 10:53:00,2011-11-02 11:54:00,6,6814.64,38,United Kingdom,482
12831,2010-09-02 15:58:00,2011-03-22 13:02:00,3,451.11,22,United Kingdom,483
12832,2011-09-02 13:48:00,2011-11-07 13:30:00,2,383.03,27,United Kingdom,484
12833,2011-07-17 13:46:00,2011-07-17 13:46:00,1,417.38,24,United Kingdom,485
12834,2011-03-02 09:49:00,2011-03-02 09:49:00,1,312.38,18,United Kingdom,486
12835,2009-12-03 12:13:00,2010-10-08 10:59:00,41,5996.83,615,United Kingdom,487
12836,2009-12-01 14:19:00,2011-10-11 15:10:00,15,6559.7300000000005,411,United Kingdom,488
12837,2010-05-19 15:10:00,2011-06-19 16:07:00,2,662.66,88,United Kingdom,489
12838,2010-04-26 09:59:00,2011-11-06 12:20:00,10,3366.7,415,United Kingdom,490
12839,2009-12-07 09:18:00,2011-12-07 12:33:00,26,10071.73,576,United Kingdom,491
12840,2010-02-03 14:51:00,2011-07-19 09:29:00,7,4041.97,176,United Kingdom,492
12841,2010-07-08 15:38:00,2011-12-05 11:13:00,40,7464.19,691,United Kingdom,493
12842,2009-12-02 08:15:00,2011-09-30 15:33:00,4,1917.99,48,United Kingdom,494
12843,2009-12-13 11:41:00,2011-10-05 12:09:00,28,6461.87,216,United Kingdom,495
12844,2010-04-25 11:51:00,2011-11-10 13:31:00,4,648.6,103,United Kingdom,496
12845,2011-02-22 14:10:00,2011-03-17 13:34:00,4,354.09,27,United Kingdom,497
12846,2010-01-26 16:29:00,2010-01-26 16:29:00,1,15.58,1,United Kingdom,498
12847,2010-11-17 12:44:00,2011-11-17 13:16:00,2,1609.0,119,United Kingdom,499
12848,2010-02-02 12:45:00,2010-02-02 12:45:00,1,208.0,16,United Kingdom,500
12849,2010-04-27 13:44:00,2011-11-08 13:41:00,6,3015.98,140,United Kingdom,501
12850,2010-09-20 12:26:00,2010-09-20 12:26:00,1,330.0,2,United Kingdom,502
12851,2010-08-19 15:13:00,2011-09-04 12:41:00,2,280.76,77,United Kingdom,503
12852,2011-02-18 08:47:00,2011-02-18 08:47:00,1,311.55,17,United Kingdom,504
12853,2010-02-05 11:57:00,2011-07-28 11:29:00,11,3907.5,148,United Kingdom,505
12854,2009-12-11 12:55:00,2011-09-22 12:15:00,7,2970.9700000000003,261,United Kingdom,506
12855,2010-11-02 18:16:00,2010-12-02 09:37:00,4,650.9399999999999,70,United Kingdom,507
12856,2011-10-07 12:38:00,2011-12-02 10:52:00,6,2170.78,311,United Kingdom,508
12857,2010-01-25 15:37:00,2011-05-13 10:20:00,6,3688.0,121,United Kingdom,509
12858,2010-11-21 12:55:00,2010-11-21 12:55:00,1,147.27,37,United Kingdom,510
12859,2010-09-07 12:20:00,2010-09-07 12:20:00,1,575.1,21,United Kingdom,511
12860,2010-01-15 15:22:00,2010-01-15 15:22:00,1,54.22,16,United Kingdom,512
12861,2010-03-30 11:39:00,2010-03-30 11:39:00,1,68.25,4,United Kingdom,513
12862,2010-08-01 15:20:00,2010-10-10 11:47:00,2,984.62,131,United Kingdom,514
12863,2010-04-29 13:54:00,2011-10-18 14:15:00,6,2792.5499999999997,48,United Kingdom,515
12864,2010-07-19 17:22:00,2011-07-24 13:03:00,2,299.57,7,United Kingdom,516
12865,2010-08-20 12:20:00,2011-11-13 14:31:00,4,3323.47,195,Austria,517
12866,2010-07-25 11:37:00,2011-03-01 14:11:00,3,1092.35,60,Belgium,518
12867,2009-12-16 16:25:00,2011-11-13 15:30:00,13,7829.26,1050,United Kingdom,519
12868,2010-11-12 10:05:00,2011-06-07 10:42:00,8,2247.06,146,United Kingdom,520
12869,2010-01-27 12:10:00,2010-01-27 12:10:00,1,337.66999999999996,37,United Kingdom,521
12870,2010-03-25 14:32:00,2010-11-29 13:42:00,3,1676.95,93,United Kingdom,522
12871,2010-09-26 10:34:00,2011-09-16 15:07:00,3,744.02,18,United Kingdom,523
12872,2009-12-03 20:03:00,2011-01-17 10:52:00,12,3662.4900000000002,432,United Kingdom,524
12873,2010-01-27 09:50:00,2011-03-02 14:58:00,3,2027.3,35,United Kingdom,525
12874,2010-06-03 12:51:00,2010-11-19 15:23:00,2,873.42,46,Belgium,526
12875,2010-01-11 12:37:00,2011-07-19 15:30:00,5,1356.99,8,United Kingdom,527
12876,2010-04-28 13:26:00,2011-10-13 12:26:00,4,3751.79,166,Belgium,528
12877,2010-01-18 10:23:00,2011-12-06 10:30:00,20,2942.14,274,United Kingdom,529
12878,2011-03-18 14:02:00,2011-04-17 13:07:00,2,854.99,47,United Kingdom,530
12879,2011-09-09 12:11:00,2011-10-26 12:24:00,3,573.22,10,United Kingdom,531
12880,2010-05-14 11:57:00,2010-11-23 10:50:00,2,640.13,36,United Kingdom,532
12881,2011-03-09 11:44:00,2011-03-09 11:44:00,1,298.0,7,United Kingdom,533
12882,2011-11-06 11:22:00,2011-11-30 16:18:00,2,1463.04,13,United Kingdom,534
12883,2011-09-11 15:18:00,2011-11-15 09:32:00,4,703.47,42,United Kingdom,535
12884,2011-09-12 13:10:00,2011-09-12 13:10:00,1,309.05,7,United Kingdom,536
12885,2011-08-08 11:45:00,2011-10-07 13:40:00,3,1175.22,71,United Kingdom,537
12886,2011-05-04 11:21:00,2011-10-03 10:09:00,2,1378.4,82,United Kingdom,538
12887,2010-11-21 11:18:00,2010-11-21 11:18:00,1,222.4,13,United Kingdom,539
12888,2011-03-29 14:31:00,2011-05-09 16:02:00,2,354.12,5,United Kingdom,540
12889,2010-07-25 14:32:00,2010-11-23 16:08:00,4,385.46000000000004,25,United Kingdom,541
12890,2010-11-17 14:05:00,2011-11-15 17:26:00,2,706.02,135,United Kingdom,542
12891,2010-02-18 14:32:00,2011-06-07 12:31:00,11,840.5,11,United Kingdom,543
12892,2010-11-08 09:51:00,2010-11-08 09:51:00,1,263.38,18,United Kingdom,544
12893,2011-11-09 12:34:00,2011-11-09 12:34:00,1,176.55,31,United Kingdom,545
12894,2010-05-13 14:47:00,2010-05-13 14:47:00,1,157.35,21,United Kingdom,546
12895,2011-09-14 08:35:00,2011-10-28 13:51:00,2,372.8,22,United Kingdom,547
12897,2010-06-14 11:58:00,2011-05-19 12:13:00,4,514.25,14,United Kingdom,548
12898,2010-02-18 12:36:00,2010-09-02 08:08:00,2,296.21000000000004,27,United Kingdom,549
12899,2010-10-22 09:53:00,2010-10-22 09:53:00,1,366.4,17,United Kingdom,550
12900,2010-10-13 15:17:00,2010-10-13 15:17:00,1,340.33,13,United Kingdom,551
12901,2011-03-14 10:41:00,2011-12-01 10:07:00,28,17654.54,116,United Kingdom,552
12902,2011-03-20 12:06:00,2011-03-20 12:06:00,1,138.68,10,United Kingdom,553
12903,2010-10-07 12:39:00,2010-10-07 12:39:00,1,833.53,41,United Kingdom,554
12904,2011-06-20 13:18:00,2011-11-21 14:34:00,2,496.06,71,United Kingdom,555
12905,2010-01-26 14:06:00,2010-05-12 10:05:00,2,1018.42,54,United Kingdom,556
12906,2011-09-22 15:03:00,2011-11-28 09:55:00,5,2919.81,63,United Kingdom,557
12907,2010-08-02 14:33:00,2010-11-09 12:08:00,2,508.91,25,United Kingdom,558
12908,2010-03-19 15:59:00,2011-06-16 15:39:00,5,1776.0,5,United Kingdom,559
12909,2010-02-24 12:14:00,2011-10-31 12:43:00,8,3103.19,158,United Kingdom,560
12910,2010-03-28 13:10:00,2011-11-16 14:28:00,13,5796.52,137,United Kingdom,561
12911,2010-06-06 12:13:00,2010-06-06 12:13:00,1,1651.72,236,United Kingdom,562
12912,2011-10-30 11:35:00,2011-12-07 08:55:00,5,1662.3,24,United Kingdom,563
12913,2009-12-01 12:18:00,2011-12-05 12:11:00,13,6700.860000000001,96,United Kingdom,564
12914,2010-11-04 12:28:00,2010-11-04 12:28:00,1,223.98,9,United Kingdom,565
12915,2010-04-29 19:36:00,2011-07-14 11:34:00,4,1174.75,73,United Kingdom,566
12916,2010-01-24 11:26:00,2011-07-24 10:35:00,7,4479.73,172,United Kingdom,567
12917,2009-12-09 14:22:00,2011-08-03 16:42:00,6,4359.2,50,United Kingdom,568
12919,2011-06-23 09:22:00,2011-12-01 13:47:00,6,1335.19,50,United Kingdom,569
12920,2009-12-14 15:58:00,2011-11-22 15:05:00,4,486.64,59,United Kingdom,570
12921,2009-12-01 13:43:00,2011-11-30 16:22:00,74,35921.04,1534,United Kingdom,571
12922,2011-07-01 15:35:00,2011-07-01 15:35:00,1,405.38,28,United Kingdom,572
12923,2010-05-13 14:55:00,2011-10-06 16:20:00,3,769.17,59,United Kingdom,573
12924,2009-12-09 12:40:00,2011-09-12 13:55:00,12,2461.45,73,United Kingdom,574
12925,2010-04-26 10:32:00,2011-12-05 11:11:00,3,729.3299999999999,50,United Kingdom,575
12926,2009-12-14 14:35:00,2010-10-24 15:57:00,4,1523.59,261,United Kingdom,576
12927,2010-11-10 10:02:00,2010-11-10 10:02:00,1,197.31,11,United Kingdom,577
12928,2010-06-08 10:16:00,2011-11-04 14:24:00,12,4304.89,179,United Kingdom,578
12929,2011-02-01 12:08:00,2011-02-01 12:08:00,1,117.85,8,United Kingdom,579
12930,2011-06-21 13:25:00,2011-09-22 15:18:00,2,415.8,25,United Kingdom,580
12931,2009-12-01 11:46:00,2011-11-18 12:39:00,57,92347.34,218,United Kingdom,581
12932,2010-02-10 08:46:00,2010-06-18 14:22:00,8,1698.56,95,United Kingdom,582
12933,2009-12-10 16:39:00,2011-11-15 16:38:00,8,1636.6299999999999,289,United Kingdom,583
12934,2009-12-03 10:51:00,2009-12-03 10:51:00,1,181.65,2,United Kingdom,584
12935,2010-04-11 15:59:00,2011-12-07 17:25:00,15,4243.86,254,United Kingdom,585
12936,2011-09-22 13:51:00,2011-11-22 17:32:00,4,1063.9,62,United Kingdom,586
12937,2009-12-03 15:43:00,2011-11-24 15:05:00,9,3097.61,217,United Kingdom,587
12938,2011-11-14 11:21:00,2011-11-14 11:21:00,1,114.14,9,United Kingdom,588
12939,2010-01-12 11:27:00,2011-10-06 14:33:00,20,25264.8,86,United Kingdom,589
12940,2011-09-13 10:16:00,2011-10-16 12:09:00,2,899.69,96,United Kingdom,590
12941,2009-12-15 13:12:00,2009-12-15 13:12:00,1,377.49,27,United Kingdom,591
12942,2010-12-09 09:34:00,2011-07-31 14:39:00,3,934.35,86,United Kingdom,592
12943,2010-04-13 11:03:00,2010-05-30 13:52:00,2,496.5,25,United Kingdom,593
12944,2010-12-20 10:41:00,2011-11-04 11:04:00,2,604.51,30,United Kingdom,594
12945,2010-02-21 15:18:00,2011-02-24 14:15:00,2,900.11,51,United Kingdom,595
12946,2010-09-29 10:14:00,2010-09-29 10:14:00,1,324.45,20,United Kingdom,596
12947,2010-12-01 16:21:00,2011-07-19 10:06:00,6,1908.03,114,United Kingdom,597
12948,2009-12-02 12:28:00,2011-11-23 17:10:00,9,2317.43,125,United Kingdom,598
12949,2009-12-03 15:56:00,2011-11-09 11:25:00,22,15526.7,715,United Kingdom,599
12950,2011-11-15 13:48:00,2011-12-07 13:17:00,3,1843.0,23,United Kingdom,600
12951,2010-01-10 12:43:00,2011-12-01 12:14:00,15,3213.7200000000003,194,United Kingdom,601
12952,2011-09-22 16:37:00,2011-12-04 10:35:00,4,1387.79,79,United Kingdom,602
12953,2010-07-05 13:37:00,2011-11-30 09:24:00,2,828.8100000000001,48,United Kingdom,603
12954,2010-03-11 10:16:00,2010-03-11 10:16:00,1,162.45,10,United Kingdom,604
12955,2011-03-17 09:03:00,2011-12-08 16:29:00,11,4757.16,180,United Kingdom,605
12956,2009-12-15 19:03:00,2011-02-06 16:08:00,4,521.89,42,United Kingdom,606
12957,2009-12-11 12:01:00,2011-11-30 09:53:00,13,8706.97,490,United Kingdom,607
12958,2010-05-05 16:22:00,2010-11-04 16:16:00,2,467.34,49,United Kingdom,608
12959,2010-08-12 17:20:00,2010-08-12 17:20:00,1,150.95,8,United Kingdom,609
12960,2010-02-16 13:32:00,2010-10-22 09:31:00,4,1322.07,70,United Kingdom,610
12961,2010-11-25 16:44:00,2010-11-25 16:44:00,1,211.99,40,United Kingdom,611
12962,2011-08-18 13:38:00,2011-12-02 15:55:00,2,266.39,16,United Kingdom,612
12963,2010-07-08 14:45:00,2011-12-01 12:55:00,12,3601.59,190,United Kingdom,613
12964,2010-09-28 17:47:00,2010-09-28 17:47:00,1,132.24,26,United Kingdom,614
12965,2011-09-11 15:31:00,2011-09-11 15:31:00,1,769.8100000000001,108,United Kingdom,615
12966,2011-11-30 12:38:00,2011-11-30 12:38:00,1,160.18,10,United Kingdom,616
12967,2010-11-21 11:03:00,2010-12-16 19:10:00,3,4306.92,80,United Kingdom,617
12968,2011-08-19 15:44:00,2011-08-19 15:44:00,1,135.95,5,United Kingdom,618
12969,2010-04-16 10:50:00,2010-04-16 10:50:00,1,122.45,5,United Kingdom,619
12970,2009-12-04 14:19:00,2011-12-02 14:30:00,10,1452.54,343,United Kingdom,620
12971,2009-12-15 19:04:00,2011-12-06 12:20:00,116,15972.79,425,United Kingdom,621
12972,2010-02-16 14:30:00,2010-10-22 08:41:00,4,1161.2,77,United Kingdom,622
12973,2010-10-22 10:14:00,2010-10-22 10:14:00,1,385.55,6,United Kingdom,623
12974,2010-05-23 11:45:00,2011-05-26 09:33:00,2,408.95,32,United Kingdom,624
12975,2009-12-06 10:38:00,2010-09-29 09:46:00,6,2100.09,112,United Kingdom,625
12976,2010-02-12 15:46:00,2011-05-12 09:55:00,8,3156.38,154,United Kingdom,626
12977,2010-07-16 16:25:00,2011-07-06 16:40:00,4,513.88,58,United Kingdom,627
12978,2009-12-10 12:10:00,2010-11-19 14:29:00,5,2502.82,163,United Kingdom,628
12979,2009-12-10 15:45:00,2009-12-10 15:45:00,1,517.7,56,United Arab Emirates,629
12980,2009-12-02 11:26:00,2011-07-05 09:34:00,21,16245.78,52,United Kingdom,630
12981,2011-07-29 14:14:00,2011-11-10 12:00:00,2,372.21999999999997,20,United Kingdom,631
12982,2010-04-12 13:50:00,2011-04-11 11:51:00,8,2744.81,178,United Kingdom,632
12983,2010-04-20 12:58:00,2010-04-20 12:58:00,1,490.08000000000004,30,United Kingdom,633
12984,2011-11-21 12:37:00,2011-11-21 12:37:00,1,97.5,4,United Kingdom,634
12985,2011-11-11 12:44:00,2011-12-09 10:46:00,2,1239.38,76,United Kingdom,635
12986,2010-01-21 10:45:00,2010-10-07 11:57:00,10,2729.84,102,United Kingdom,636
12987,2010-01-20 09:57:00,2011-09-27 12:03:00,5,1312.21,66,United Kingdom,637
12988,2011-02-20 14:31:00,2011-02-20 14:31:00,1,505.82,83,United Kingdom,638
12989,2009-12-10 13:27:00,2011-12-06 15:28:00,33,13551.75,97,United Kingdom,639
12990,2010-03-30 11:36:00,2011-11-08 13:01:00,7,955.5,27,United Kingdom,640
12991,2010-11-15 13:43:00,2011-11-16 15:34:00,3,764.82,45,United Kingdom,641
12992,2009-12-14 16:46:00,2009-12-14 16:46:00,1,93.35000000000001,6,United Kingdom,642
12993,2010-02-18 10:35:00,2011-11-16 15:49:00,8,1259.6299999999999,76,United Kingdom,643
12994,2011-03-16 08:31:00,2011-12-05 15:43:00,3,974.4200000000001,61,United Kingdom,644
12995,2011-09-15 15:44:00,2011-09-15 15:44:00,1,211.32,3,United Kingdom,645
12996,2010-11-29 09:27:00,2010-11-29 09:27:00,1,355.5,22,United Kingdom,646
12997,2010-04-06 11:06:00,2011-11-17 15:47:00,8,2110.91,107,United Kingdom,647
12998,2010-02-24 11:55:00,2010-08-04 08:05:00,3,920.08,58,United Kingdom,648
12999,2011-04-08 10:26:00,2011-05-27 13:24:00,3,455.88,28,United Kingdom,649
13000,2009-12-14 17:03:00,2011-08-25 10:43:00,4,1032.5,62,United Kingdom,650
13001,2009-12-03 16:21:00,2011-12-05 14:51:00,33,24042.65,1015,United Kingdom,651
13002,2010-10-01 11:58:00,2011-01-25 15:18:00,3,414.13,23,United Kingdom,652
13003,2011-05-09 08:23:00,2011-08-26 10:50:00,3,149.05,6,United Kingdom,653
13004,2009-12-15 09:44:00,2011-11-28 11:27:00,36,11650.85,815,United Kingdom,654
13005,2010-09-08 12:52:00,2011-06-19 10:53:00,4,999.68,56,United Kingdom,655
13006,2011-10-14 13:49:00,2011-10-14 13:49:00,1,81.57,4,United Kingdom,656
13007,2010-05-09 10:38:00,2010-05-09 10:38:00,1,175.25,11,United Kingdom,657
13008,2009-12-16 16:07:00,2011-01-20 14:24:00,3,612.13,35,United Kingdom,658
13009,2010-02-05 12:22:00,2010-02-05 12:22:00,1,234.0,4,United Kingdom,659
13010,2010-03-01 11:28:00,2010-11-30 15:09:00,2,330.12,12,United Kingdom,660
13011,2010-12-02 17:22:00,2010-12-02 17:22:00,1,101.10000000000001,6,United Kingdom,661
13012,2010-04-26 14:14:00,2011-11-30 13:05:00,11,2957.83,153,United Kingdom,662
13013,2009-12-14 10:34:00,2011-12-08 15:01:00,29,12625.77,554,United Kingdom,663
13014,2010-10-03 11:35:00,2011-11-29 12:27:00,11,5381.08,224,United Kingdom,664
13015,2010-04-15 16:35:00,2011-10-17 13:19:00,11,6579.78,348,United Kingdom,665
13016,2011-08-08 15:00:00,2011-09-27 14:08:00,3,789.89,47,United Kingdom,666
13017,2011-12-02 15:53:00,2011-12-02 15:53:00,1,204.0,1,United Kingdom,667
13018,2010-03-01 12:34:00,2011-11-23 13:28:00,35,9763.16,603,United Kingdom,668
13019,2009-12-06 15:40:00,2010-11-25 14:56:00,6,1229.95,55,United Kingdom,669
13020,2010-02-18 10:35:00,2010-05-26 11:12:00,2,618.96,39,United Kingdom,670
13021,2009-12-05 12:02:00,2011-12-05 16:37:00,17,4887.24,257,United Kingdom,671
13022,2010-10-06 10:50:00,2010-10-06 10:50:00,1,50.3,4,Belgium,672
13023,2010-06-29 09:51:00,2011-10-06 16:27:00,3,1251.03,73,United Kingdom,673
13024,2010-05-06 14:25:00,2010-08-26 09:42:00,2,555.87,31,United Kingdom,674
13025,2009-12-08 10:02:00,2009-12-08 10:02:00,1,323.39,13,United Kingdom,675
13026,2009-12-13 11:34:00,2011-12-08 16:58:00,9,1733.08,82,United Kingdom,676
13027,2010-01-20 10:41:00,2011-08-18 09:39:00,19,17239.2,85,United Kingdom,677
13028,2011-10-25 14:09:00,2011-11-17 11:10:00,2,661.3199999999999,45,United Kingdom,678
13029,2010-07-04 13:46:00,2011-11-09 09:13:00,5,1927.3,17,United Kingdom,679
13030,2010-12-06 14:31:00,2011-11-28 14:30:00,2,1154.8,149,United Kingdom,680
13031,2010-06-03 14:57:00,2010-10-28 15:34:00,5,3292.84,407,United Kingdom,681
13032,2010-09-05 14:01:00,2011-10-18 15:54:00,9,2815.96,207,United Kingdom,682
13033,2010-10-06 09:37:00,2010-12-17 14:23:00,2,220.55,13,United Kingdom,683
13034,2010-11-03 15:22:00,2011-10-16 12:21:00,3,922.68,55,United Kingdom,684
13035,2010-10-04 15:41:00,2011-09-27 08:57:00,3,1364.2,42,United Kingdom,685
13036,2010-01-24 11:35:00,2010-01-24 11:35:00,1,307.1,6,United Kingdom,686
13037,2009-12-03 17:04:00,2011-07-24 15:46:00,12,3914.9500000000003,232,United Kingdom,687
13038,2011-02-22 11:43:00,2011-09-20 14:37:00,3,908.46,28,United Kingdom,688
13039,2009-12-17 16:43:00,2010-05-04 16:45:00,4,1010.73,55,United Kingdom,689
13040,2011-11-06 13:53:00,2011-12-01 10:38:00,2,676.99,43,United Kingdom,690
13041,2010-04-29 08:43:00,2010-09-15 11:44:00,4,799.13,35,United Kingdom,691
13042,2009-12-07 15:42:00,2010-04-20 13:43:00,3,1488.59,184,United Kingdom,692
13043,2011-03-11 14:52:00,2011-03-11 14:52:00,1,516.42,13,United Kingdom,693
13044,2010-01-08 14:46:00,2011-02-21 15:20:00,11,4848.05,416,United Kingdom,694
13045,2010-08-10 13:02:00,2011-09-01 15:04:00,3,808.92,45,United Kingdom,695
13046,2010-09-09 13:09:00,2011-11-09 08:36:00,3,949.25,56,United Kingdom,696
13047,2009-12-16 11:43:00,2011-10-14 11:15:00,23,8790.210000000001,394,United Kingdom,697
13048,2010-01-27 12:55:00,2011-11-25 13:23:00,9,4049.13,265,United Kingdom,698
13049,2010-11-03 15:39:00,2011-10-06 15:31:00,4,1408.24,26,United Kingdom,699
13050,2009-12-15 15:06:00,2011-11-25 09:18:00,34,12205.3,998,United Kingdom,700
13051,2010-03-30 11:11:00,2010-05-10 09:14:00,2,155.8,4,United Kingdom,701
13052,2010-02-23 12:31:00,2011-05-11 14:12:00,7,3118.48,247,United Kingdom,702
13053,2010-03-28 11:28:00,2010-03-28 11:28:00,1,127.65,17,United Kingdom,703
13055,2010-10-06 08:17:00,2011-09-22 14:26:00,4,2321.11,154,United Kingdom,704
13056,2010-06-06 14:10:00,2010-06-06 14:10:00,1,209.48,19,United Kingdom,705
13057,2010-03-18 12:14:00,2010-06-27 15:44:00,3,709.59,40,United Kingdom,706
13058,2011-07-11 12:01:00,2011-11-15 12:43:00,3,271.40000000000003,8,United Kingdom,707
13059,2010-03-31 12:23:00,2011-04-04 10:40:00,10,2291.77,198,United Kingdom,708
13060,2011-03-31 11:37:00,2011-03-31 11:37:00,1,307.53,15,United Kingdom,709
13061,2011-09-28 16:04:00,2011-09-28 16:04:00,1,248.61,10,United Kingdom,710
13062,2011-06-01 15:12:00,2011-06-01 15:12:00,1,346.98,11,United Kingdom,711
13063,2010-08-16 12:27:00,2010-08-16 12:27:00,1,188.4,12,United Kingdom,712
13064,2010-04-27 10:08:00,2011-11-27 12:31:00,6,1666.8400000000001,93,United Kingdom,713
13065,2010-06-10 11:44:00,2010-12-01 16:52:00,5,1260.91,76,United Kingdom,714
13066,2011-11-07 17:06:00,2011-11-15 12:57:00,2,470.8,48,United Kingdom,715
13067,2010-09-19 13:43:00,2011-09-18 13:38:00,3,508.51,32,United Kingdom,716
13068,2011-01-24 08:20:00,2011-11-29 15:00:00,2,344.0,2,United Kingdom,717
13069,2010-06-14 14:27:00,2011-12-09 08:39:00,38,9616.95,1081,United Kingdom,718
13070,2009-12-07 14:44:00,2011-05-31 13:45:00,4,751.7,33,United Kingdom,719
13071,2010-04-06 13:37:00,2010-04-06 13:37:00,1,129.22,12,United Kingdom,720
13072,2011-03-18 08:12:00,2011-03-18 08:12:00,1,177.15,7,United Kingdom,721
13073,2010-09-28 09:27:00,2010-10-24 14:06:00,2,418.08,27,United Kingdom,722
13074,2009-12-16 11:46:00,2010-07-16 16:53:00,4,1378.74,29,United Kingdom,723
13075,2011-08-02 10:19:00,2011-08-02 10:19:00,1,919.61,22,United Kingdom,724
13076,2010-09-08 10:27:00,2010-09-08 10:27:00,1,135.4,9,United Kingdom,725
13077,2009-12-11 11:17:00,2011-12-08 19:24:00,11,3054.37,344,United Kingdom,726
13078,2009-12-01 09:06:00,2011-12-06 15:36:00,57,29532.45,801,United Kingdom,727
13079,2010-10-18 14:15:00,2011-12-05 16:53:00,6,419.18,17,United Kingdom,728
13080,2010-04-09 13:07:00,2011-06-13 14:59:00,4,280.73,19,United Kingdom,729
13081,2009-12-08 13:58:00,2011-11-28 10:54:00,28,59205.15,2354,United Kingdom,730
13082,2009-12-22 15:37:00,2011-08-05 16:16:00,21,7335.75,129,United Kingdom,731
13083,2010-10-10 13:38:00,2011-12-05 15:01:00,3,395.43,22,United Kingdom,732
13084,2010-08-05 08:49:00,2010-08-05 08:49:00,1,122.39999999999999,2,United Kingdom,733
13085,2009-12-01 07:45:00,2011-07-05 12:11:00,8,2433.28,84,United Kingdom,734
13086,2010-11-22 10:28:00,2010-11-22 10:28:00,1,439.33000000000004,47,United Kingdom,735
13087,2009-12-13 15:16:00,2009-12-13 15:16:00,1,313.64,15,United Kingdom,736
13088,2010-10-18 15:35:00,2010-10-18 15:35:00,1,236.11,20,United Kingdom,737
13089,2009-12-02 15:44:00,2011-12-07 09:02:00,203,116647.53,3356,United Kingdom,738
13090,2010-08-02 13:58:00,2011-12-01 12:39:00,23,14070.14,280,United Kingdom,739
13091,2009-12-10 12:44:00,2011-11-11 15:54:00,2,1108.8,44,United Kingdom,740
13092,2010-02-10 08:44:00,2011-09-30 11:18:00,12,2140.28,105,United Kingdom,741
13093,2009-12-04 10:32:00,2011-03-09 12:14:00,55,54943.65,1050,United Kingdom,742
13094,2010-11-15 14:15:00,2011-11-18 14:07:00,13,2433.1200000000003,32,United Kingdom,743
13095,2011-09-30 12:03:00,2011-09-30 12:03:00,1,74.39999999999999,6,United Kingdom,744
13096,2010-11-10 14:08:00,2010-11-10 14:08:00,1,419.70000000000005,1,United Kingdom,745
13097,2009-12-01 13:31:00,2011-11-07 10:43:00,27,13015.36,1003,United Kingdom,746
13098,2011-01-26 13:46:00,2011-12-08 14:14:00,28,28882.44,572,United Kingdom,747
13099,2011-09-01 17:40:00,2011-09-01 17:40:00,1,207.35999999999999,1,United Kingdom,748
13101,2010-01-27 15:49:00,2011-04-19 14:37:00,4,695.4,51,United Kingdom,749
13102,2010-05-06 13:12:00,2011-12-08 12:52:00,37,11696.92,492,United Kingdom,750
13103,2010-05-11 14:41:00,2011-10-31 09:38:00,3,709.64,33,United Kingdom,751
13104,2010-02-24 15:06:00,2011-12-06 13:10:00,9,1709.1,30,United Kingdom,752
13105,2010-09-29 13:41:00,2010-09-29 13:41:00,1,72.0,1,United Kingdom,753
13106,2010-10-22 13:10:00,2011-07-29 15:12:00,2,603.46,16,United Kingdom,754
13107,2010-02-04 10:50:00,2011-10-26 14:52:00,9,5253.07,178,United Kingdom,755
13108,2010-09-30 17:09:00,2010-12-02 10:35:00,2,1098.52,45,United Kingdom,756
13109,2010-06-06 12:59:00,2011-10-11 10:16:00,3,1134.03,70,United Kingdom,757
13110,2009-12-01 14:14:00,2011-11-08 14:30:00,12,2957.4700000000003,252,United Kingdom,758
13111,2009-12-21 09:00:00,2009-12-21 09:00:00,1,321.88000000000005,12,United Kingdom,759
13112,2010-06-16 17:03:00,2010-06-16 17:03:00,1,20.6,2,United Kingdom,760
13113,2010-03-28 16:13:00,2011-12-09 12:49:00,37,18603.04,387,United Kingdom,761
13114,2009-12-09 09:56:00,2009-12-09 09:56:00,1,234.38,16,United Kingdom,762
13115,2010-04-19 13:29:00,2011-11-28 12:38:00,10,5494.7,314,United Kingdom,763
13116,2011-07-24 14:33:00,2011-07-24 14:33:00,1,501.14,30,United Kingdom,764
13117,2010-03-26 13:50:00,2011-11-18 12:02:00,18,2643.81,188,United Kingdom,765
13118,2010-09-26 15:46:00,2011-11-20 12:46:00,9,2415.41,148,United Kingdom,766
13119,2010-02-09 08:38:00,2010-02-09 08:38:00,1,134.9,11,United Kingdom,767
13120,2011-04-15 10:19:00,2011-04-15 10:19:00,1,30.599999999999998,1,United Kingdom,768
13121,2011-03-15 16:47:00,2011-03-15 16:47:00,1,283.73,50,United Kingdom,769
13122,2011-04-13 14:12:00,2011-09-06 15:53:00,2,922.39,55,United Kingdom,770
13123,2010-06-28 12:43:00,2010-08-24 10:18:00,2,506.75,45,United Kingdom,771
13124,2010-11-19 15:50:00,2011-09-11 12:45:00,4,4641.66,283,United Kingdom,772
13125,2010-07-04 11:58:00,2010-07-04 11:58:00,1,148.62,20,United Kingdom,773
13126,2010-03-02 12:24:00,2011-12-05 10:00:00,13,3998.25,251,United Kingdom,774
13127,2011-09-23 10:26:00,2011-09-23 10:26:00,1,259.17,15,United Kingdom,775
13128,2010-03-18 15:08:00,2010-03-18 15:08:00,1,263.5,1,United Kingdom,776
13129,2010-06-28 11:54:00,2010-09-13 13:47:00,2,233.25,11,United Kingdom,777
13130,2011-09-06 15:30:00,2011-09-06 15:30:00,1,64.0,2,United Kingdom,778
13131,2010-02-09 09:47:00,2011-11-16 13:21:00,7,3313.77,149,United Kingdom,779
13132,2011-03-23 12:44:00,2011-03-23 12:44:00,1,77.3,3,United Kingdom,780
13133,2010-09-06 15:30:00,2011-03-11 10:31:00,3,200.45000000000002,12,United Kingdom,781
13134,2010-10-19 13:21:00,2011-09-15 10:35:00,6,2475.23,121,United Kingdom,782
13135,2010-08-05 17:28:00,2011-05-27 10:52:00,2,3371.45,18,United Kingdom,783
13136,2009-12-08 18:30:00,2011-10-14 13:41:00,13,6274.56,315,United Kingdom,784
13137,2010-07-25 15:40:00,2011-11-29 12:09:00,16,7586.94,1394,United Kingdom,785
13138,2010-11-08 11:45:00,2011-11-17 16:51:00,7,1467.24,99,United Kingdom,786
13139,2010-09-28 09:12:00,2011-11-23 13:54:00,8,8202.98,265,United Kingdom,787
13140,2010-08-05 19:05:00,2011-08-23 15:33:00,5,1213.18,120,United Kingdom,788
13141,2009-12-09 13:34:00,2011-09-16 09:54:00,17,7656.08,424,United Kingdom,789
13142,2011-11-20 16:07:00,2011-11-20 16:07:00,1,307.09,23,United Kingdom,790
13143,2010-05-04 12:22:00,2010-05-04 12:22:00,1,405.1,23,United Kingdom,791
13144,2010-10-04 14:14:00,2011-01-11 11:15:00,2,135.35,6,United Kingdom,792
13145,2010-04-19 11:11:00,2011-10-31 12:45:00,7,1423.52,10,United Kingdom,793
13146,2011-11-13 15:29:00,2011-11-13 15:29:00,1,228.91,17,United Kingdom,794
13147,2011-09-01 12:28:00,2011-11-29 13:59:00,4,712.8000000000001,4,United Kingdom,795
13148,2009-12-07 15:26:00,2011-11-10 15:23:00,26,8488.32,761,United Kingdom,796
13149,2011-02-23 13:57:00,2011-11-25 13:09:00,4,1676.06,86,United Kingdom,797
13150,2010-03-19 09:03:00,2010-08-12 12:59:00,3,449.96999999999997,8,United Kingdom,798
13151,2010-03-22 10:26:00,2011-02-17 12:29:00,3,2454.71,157,United Kingdom,799
13152,2010-01-14 10:01:00,2010-10-18 13:44:00,7,2146.38,135,United Kingdom,800
13153,2011-12-04 12:14:00,2011-12-04 12:14:00,1,486.22,15,United Kingdom,801
13154,2009-12-04 08:46:00,2010-11-05 16:00:00,3,1624.84,93,United Kingdom,802
13155,2010-08-05 09:30:00,2011-11-06 15:41:00,6,1750.18,164,United Kingdom,803
13156,2010-02-01 13:45:00,2010-11-19 13:09:00,3,1586.54,104,United Kingdom,804
13157,2010-03-08 11:59:00,2011-10-21 13:50:00,9,5687.36,251,United Kingdom,805
13158,2010-11-16 17:12:00,2011-09-06 11:58:00,5,1508.18,100,United Kingdom,806
13159,2011-08-16 11:44:00,2011-12-01 11:20:00,4,1429.35,120,United Kingdom,807
13160,2011-11-17 13:07:00,2011-11-17 13:07:00,1,91.8,4,United Kingdom,808
13161,2010-07-27 12:44:00,2011-01-30 14:03:00,2,472.13,33,United Kingdom,809
13162,2009-12-04 13:59:00,2011-08-09 15:59:00,16,9275.49,238,United Kingdom,810
13163,2010-04-08 16:21:00,2010-04-08 16:21:00,1,17.65,2,United Kingdom,811
13164,2010-02-10 11:52:00,2010-05-19 13:52:00,2,372.2,10,United Kingdom,812
13165,2010-10-22 17:04:00,2011-10-24 15:05:00,3,1451.16,49,United Kingdom,813
13166,2010-10-21 14:29:00,2011-03-01 15:16:00,2,875.93,68,United Kingdom,814
13167,2010-11-14 12:58:00,2011-11-21 12:24:00,5,1113.15,80,United Kingdom,815
13168,2010-06-15 15:00:00,2011-11-03 12:56:00,5,1840.73,173,United Kingdom,816
13169,2010-05-26 15:58:00,2011-10-07 12:11:00,3,840.08,18,United Kingdom,817
13170,2011-11-13 12:19:00,2011-11-13 12:19:00,1,108.81,30,United Kingdom,818
13171,2011-02-13 14:16:00,2011-11-18 10:27:00,3,468.41,46,United Kingdom,819
13172,2010-11-04 15:10:00,2010-11-04 15:10:00,1,69.6,1,United Kingdom,820
13173,2009-12-10 12:52:00,2011-12-05 15:51:00,11,2555.76,238,United Kingdom,821
13174,2009-12-04 15:40:00,2011-11-23 14:35:00,11,9341.52,1087,United Kingdom,822
13175,2009-12-04 12:11:00,2010-05-06 13:13:00,2,831.45,46,United Kingdom,823
13176,2011-10-24 15:43:00,2011-10-24 15:43:00,1,481.49,67,United Kingdom,824
13177,2010-10-05 10:35:00,2011-10-06 09:56:00,2,512.2,30,United Kingdom,825
13178,2009-12-16 14:00:00,2011-11-13 16:14:00,21,14059.19,687,United Kingdom,826
13179,2010-03-31 11:40:00,2010-03-31 11:40:00,1,572.3100000000001,34,United Kingdom,827
13180,2010-04-11 13:37:00,2010-04-11 13:37:00,1,86.10000000000001,4,United Kingdom,828
13181,2010-11-23 15:05:00,2010-11-23 15:05:00,1,359.69,19,United Kingdom,829
13182,2011-10-25 13:46:00,2011-10-25 13:46:00,1,121.18,11,United Kingdom,830
13183,2010-03-14 12:32:00,2011-12-02 10:30:00,15,7036.18,156,United Kingdom,831
13184,2011-02-22 17:25:00,2011-11-25 12:02:00,10,1667.95,178,United Kingdom,832
13185,2011-03-17 11:56:00,2011-03-17 11:56:00,1,71.4,1,United Kingdom,833
13186,2011-08-03 09:09:00,2011-10-31 11:40:00,3,1575.89,79,United Kingdom,834
13187,2010-03-25 17:18:00,2011-01-06 18:57:00,4,328.36,54,United Kingdom,835
13188,2011-11-28 15:28:00,2011-11-28 15:28:00,1,114.60000000000001,2,United Kingdom,836
13189,2011-08-16 13:12:00,2011-11-21 10:39:00,2,260.68,29,United Kingdom,837
13190,2009-12-07 12:13:00,2010-06-13 15:47:00,3,570.66,17,United Kingdom,838
13191,2010-02-19 17:02:00,2010-02-19 17:02:00,1,159.21,57,United Kingdom,839
13192,2010-01-22 08:37:00,2011-09-05 14:13:00,6,2558.58,162,United Kingdom,840
13193,2011-10-09 14:30:00,2011-10-09 14:30:00,1,112.08,25,United Kingdom,841
13194,2010-10-14 11:54:00,2011-07-27 09:01:00,2,472.78,10,United Kingdom,842
13195,2010-10-21 13:07:00,2010-10-21 13:07:00,1,136.73,46,United Kingdom,843
13196,2010-04-01 12:54:00,2011-11-28 13:54:00,7,3068.84,188,United Kingdom,844
13197,2010-04-09 09:14:00,2010-04-09 09:14:00,1,373.01000000000005,19,United Kingdom,845
13198,2010-10-01 13:27:00,2011-11-29 15:17:00,8,4974.2300000000005,314,United Kingdom,846
13199,2009-12-05 10:11:00,2011-12-06 12:30:00,66,16417.89,206,United Kingdom,847
13200,2011-08-05 14:50:00,2011-11-20 15:35:00,4,870.09,46,United Kingdom,848
13201,2010-03-07 11:01:00,2010-07-25 14:30:00,4,1233.06,86,United Kingdom,849
13202,2009-12-09 10:48:00,2010-11-10 16:24:00,7,1580.3,69,United Kingdom,850
13203,2009-12-17 14:15:00,2011-11-30 10:45:00,10,2648.25,169,United Kingdom,851
13204,2009-12-08 14:56:00,2009-12-08 14:56:00,1,966.6600000000001,57,United Kingdom,852
13205,2010-09-22 16:26:00,2010-09-22 16:26:00,1,2803.2,1,United Kingdom,853
13206,2009-12-07 13:48:00,2010-11-04 16:50:00,13,8308.19,566,United Kingdom,854
13207,2010-04-06 16:37:00,2011-11-24 14:52:00,4,535.86,13,United Kingdom,855
13208,2009-12-03 13:25:00,2011-10-11 16:25:00,8,1951.82,250,United Kingdom,856
13209,2010-01-24 14:30:00,2011-11-09 13:54:00,13,8509.51,366,United Kingdom,857
13210,2011-09-07 08:18:00,2011-09-07 08:18:00,1,353.48,22,United Kingdom,858
13211,2009-12-06 15:24:00,2011-11-29 14:43:00,10,2618.77,201,United Kingdom,859
13212,2011-10-09 14:48:00,2011-11-20 12:40:00,3,786.83,141,United Kingdom,860
13213,2010-05-20 14:50:00,2011-10-14 11:42:00,11,3851.52,204,United Kingdom,861
13214,2010-03-03 14:10:00,2010-10-18 10:00:00,7,3264.23,229,United Kingdom,862
13215,2010-11-02 18:26:00,2010-11-02 18:26:00,1,81.6,1,United Kingdom,863
13216,2011-03-17 12:18:00,2011-03-17 12:18:00,1,333.74,5,United Kingdom,864
13217,2010-02-22 12:49:00,2011-08-09 15:32:00,4,666.48,5,United Kingdom,865
13218,2011-08-04 16:59:00,2011-08-04 16:59:00,1,62.63999999999999,5,United Kingdom,866
13219,2010-03-31 14:18:00,2010-03-31 14:18:00,1,76.23,11,United Kingdom,867
13220,2010-05-13 10:35:00,2011-09-22 13:38:00,5,1336.0900000000001,53,United Kingdom,868
13221,2010-12-15 13:24:00,2011-04-13 16:58:00,2,844.86,65,United Kingdom,869
13222,2010-05-11 13:54:00,2010-05-11 13:54:00,1,88.5,1,United Kingdom,870
13223,2010-02-12 13:27:00,2011-05-23 13:03:00,6,969.1200000000001,13,United Kingdom,871
13224,2011-07-11 14:10:00,2011-10-10 14:55:00,2,2152.95,107,United Kingdom,872
13225,2009-12-17 09:09:00,2011-12-06 13:29:00,16,16260.07,125,United Kingdom,873
13226,2010-11-11 13:46:00,2011-03-11 14:35:00,2,312.46,28,United Kingdom,874
13227,2011-05-22 11:47:00,2011-05-22 11:47:00,1,257.7,9,United Kingdom,875
13228,2011-09-19 14:28:00,2011-09-19 14:28:00,1,358.0,2,United Kingdom,876
13229,2011-04-28 12:07:00,2011-04-28 12:07:00,1,160.95,10,United Kingdom,877
13230,2010-03-18 20:02:00,2011-12-05 16:03:00,30,6202.96,1263,United Kingdom,878
13232,2011-04-10 13:48:00,2011-11-27 10:39:00,7,1327.75,201,United Kingdom,879
13233,2010-01-14 14:10:00,2011-09-26 13:25:00,4,1176.46,76,United Kingdom,880
13234,2009-12-07 12:32:00,2010-02-05 11:41:00,2,346.5,61,United Kingdom,881
13235,2011-05-11 17:13:00,2011-05-11 17:13:00,1,1031.07,58,United Kingdom,882
13236,2011-08-25 08:58:00,2011-11-15 12:50:00,2,744.85,36,United Kingdom,883
13237,2010-11-17 10:07:00,2010-11-17 10:07:00,1,643.0,24,United Kingdom,884
13238,2010-04-28 15:02:00,2011-11-22 15:37:00,6,1006.63,47,United Kingdom,885
13239,2010-07-25 13:34:00,2011-03-23 10:25:00,5,1594.69,93,United Kingdom,886
13240,2010-02-25 13:17:00,2011-09-04 14:08:00,8,1679.46,220,United Kingdom,887
13241,2010-10-24 11:17:00,2010-10-24 11:17:00,1,112.53,40,United Kingdom,888
13242,2010-02-09 13:12:00,2011-08-19 12:53:00,7,699.4,35,United Kingdom,889
13243,2010-03-18 13:10:00,2011-05-20 13:14:00,5,1220.38,205,United Kingdom,890
13244,2011-09-08 11:46:00,2011-09-08 11:46:00,1,121.74000000000001,27,United Kingdom,891
13245,2010-10-03 14:03:00,2011-10-20 11:40:00,2,989.22,45,United Kingdom,892
13246,2010-07-02 13:36:00,2011-11-21 16:50:00,11,3351.75,371,United Kingdom,893
13247,2011-09-18 11:31:00,2011-11-22 10:59:00,4,501.12,25,United Kingdom,894
13248,2011-06-03 13:05:00,2011-08-07 12:40:00,2,465.68,26,United Kingdom,895
13249,2010-01-24 12:11:00,2011-09-08 13:26:00,9,1608.93,35,United Kingdom,896
13250,2010-07-25 14:01:00,2010-09-05 11:33:00,2,253.09,19,United Kingdom,897
13251,2010-11-02 13:20:00,2010-11-02 13:20:00,1,252.68,25,United Kingdom,898
13252,2010-03-24 10:30:00,2010-11-10 16:00:00,2,399.3,19,United Kingdom,899
13253,2010-01-05 12:13:00,2011-07-06 10:09:00,4,2951.11,75,United Kingdom,900
13254,2010-11-28 15:42:00,2010-11-28 15:42:00,1,51.410000000000004,4,United Kingdom,901
13255,2010-07-15 13:20:00,2011-11-30 13:14:00,3,904.46,32,United Kingdom,902
13257,2010-09-29 14:58:00,2010-09-29 14:58:00,1,149.75,7,United Kingdom,903
13258,2010-11-04 12:45:00,2011-11-28 09:31:00,5,1009.43,44,United Kingdom,904
13259,2010-01-10 10:26:00,2011-10-09 10:48:00,9,1398.79,312,United Kingdom,905
13260,2011-10-09 13:21:00,2011-10-09 13:21:00,1,557.62,8,United Kingdom,906
13261,2011-02-27 10:41:00,2011-03-16 12:22:00,2,944.1,9,United Kingdom,907
13262,2010-04-18 12:14:00,2011-03-21 15:06:00,3,573.45,50,United Kingdom,908
13263,2010-10-22 17:07:00,2011-12-08 13:59:00,38,8650.98,1900,United Kingdom,909
13264,2010-09-23 12:42:00,2010-09-23 12:42:00,1,722.5600000000001,38,United Kingdom,910
13265,2011-03-11 09:54:00,2011-10-17 15:02:00,5,2092.66,90,United Kingdom,911
13266,2009-12-17 10:52:00,2011-11-28 14:39:00,19,6135.04,307,United Kingdom,912
13267,2009-12-07 16:56:00,2011-12-07 11:12:00,36,9758.26,426,United Kingdom,913
13268,2011-03-17 13:20:00,2011-11-22 11:34:00,10,3152.71,432,United Kingdom,914
13269,2009-12-02 11:47:00,2011-12-08 14:53:00,28,8888.75,498,United Kingdom,915
13270,2010-12-08 14:53:00,2010-12-08 14:53:00,1,1180.0,2,United Kingdom,916
13271,2011-11-02 14:31:00,2011-11-02 14:31:00,1,211.49,87,United Kingdom,917
13272,2011-09-11 12:06:00,2011-11-08 14:00:00,2,276.56,15,United Kingdom,918
13273,2011-08-18 14:02:00,2011-08-18 14:02:00,1,138.98,16,United Kingdom,919
13274,2010-10-26 13:48:00,2010-10-26 13:48:00,1,360.85,19,United Kingdom,920
13275,2010-03-17 14:05:00,2010-11-21 12:09:00,2,238.86,48,United Kingdom,921
13276,2010-03-07 14:05:00,2011-10-07 12:44:00,5,1891.91,239,United Kingdom,922
13277,2010-06-18 08:45:00,2011-11-24 09:21:00,7,523.3,23,United Kingdom,923
13278,2010-04-08 11:59:00,2011-10-30 11:49:00,4,1425.35,107,United Kingdom,924
13279,2011-09-22 17:24:00,2011-09-22 17:24:00,1,137.75,9,United Kingdom,925
13280,2010-03-05 09:07:00,2011-08-09 13:14:00,7,2293.33,205,United Kingdom,926
13281,2010-09-26 16:03:00,2010-09-26 16:03:00,1,350.85,22,United Kingdom,927
13282,2010-10-29 14:11:00,2011-11-21 15:33:00,4,1313.19,51,United Kingdom,928
13283,2010-03-09 14:36:00,2011-10-11 09:50:00,4,373.36,20,United Kingdom,929
13284,2011-01-13 09:23:00,2011-01-13 09:23:00,1,201.19,13,United Kingdom,930
13285,2010-03-25 14:26:00,2011-11-16 13:19:00,6,3364.59,231,United Kingdom,931
13286,2010-04-18 15:35:00,2010-04-18 15:35:00,1,734.91,49,United Kingdom,932
13287,2010-01-04 10:43:00,2010-04-15 15:26:00,3,781.59,53,United Kingdom,933
13288,2010-02-11 14:59:00,2010-09-22 16:32:00,5,927.61,10,United Kingdom,934
13289,2009-12-16 11:53:00,2009-12-16 11:53:00,1,307.95,16,United Kingdom,935
13291,2010-02-11 18:36:00,2011-07-07 10:36:00,11,3270.79,318,United Kingdom,936
13292,2010-07-01 14:36:00,2011-11-01 10:04:00,5,994.51,59,United Kingdom,937
13293,2010-02-09 12:05:00,2010-11-12 13:28:00,6,1192.94,72,United Kingdom,938
13294,2010-03-03 12:54:00,2011-06-03 08:54:00,3,1689.53,102,United Kingdom,939
13295,2010-05-12 09:13:00,2010-12-15 11:21:00,4,1101.97,67,United Kingdom,940
13296,2010-05-11 14:29:00,2011-07-25 13:46:00,6,792.51,53,United Kingdom,941
13297,2010-06-15 12:35:00,2011-12-02 09:32:00,7,4368.62,123,United Kingdom,942
13298,2011-12-08 13:11:00,2011-12-08 13:11:00,1,360.0,2,United Kingdom,943
13299,2010-06-29 11:30:00,2011-03-16 12:55:00,3,1218.7,62,United Kingdom,944
13300,2010-05-14 15:56:00,2011-06-23 13:09:00,3,1285.51,55,United Kingdom,945
13301,2011-02-20 13:13:00,2011-08-28 11:25:00,4,600.19,80,United Kingdom,946
13302,2010-07-01 12:32:00,2011-07-07 17:56:00,2,159.2,3,United Kingdom,947
13303,2010-11-04 14:55:00,2010-11-04 14:55:00,1,61.72,4,United Kingdom,948
13304,2010-02-08 12:42:00,2010-12-23 14:35:00,4,1217.99,78,United Kingdom,949
13305,2010-03-10 14:49:00,2011-12-05 15:15:00,16,3752.61,205,United Kingdom,950
13306,2010-10-05 14:55:00,2010-10-05 14:55:00,1,53.65,4,United Kingdom,951
13307,2010-04-26 13:28:00,2011-08-11 17:14:00,3,273.34,15,United Kingdom,952
13308,2010-04-22 09:22:00,2011-11-17 09:31:00,4,1670.3700000000001,71,United Kingdom,953
13309,2010-11-12 12:10:00,2011-12-02 16:34:00,6,1706.3700000000001,130,United Kingdom,954
13310,2010-11-02 17:03:00,2011-11-11 17:23:00,5,1541.2,95,United Kingdom,955
13311,2011-07-12 14:26:00,2011-12-05 12:55:00,2,598.57,26,United Kingdom,956
13312,2010-09-14 14:36:00,2010-09-14 14:36:00,1,124.75,5,United Kingdom,957
13313,2009-12-02 16:18:00,2011-11-17 16:48:00,12,3445.32,187,United Kingdom,958
13314,2011-09-27 10:20:00,2011-12-08 12:29:00,3,775.94,62,United Kingdom,959
13315,2010-01-19 15:34:00,2010-01-19 15:34:00,1,310.26,22,United Kingdom,960
13316,2010-03-10 10:01:00,2011-11-02 13:40:00,10,12940.82,173,United Kingdom,961
13317,2009-12-13 11:11:00,2011-10-04 13:35:00,19,6486.09,343,United Kingdom,962
13318,2011-11-02 13:26:00,2011-12-08 18:51:00,3,640.76,20,United Kingdom,963
13319,2009-12-06 14:46:00,2011-12-04 13:34:00,58,22082.5,955,United Kingdom,964
13320,2010-08-18 10:29:00,2011-09-22 18:07:00,6,2211.6,149,United Kingdom,965
13321,2011-09-14 15:18:00,2011-09-28 15:24:00,2,567.36,11,United Kingdom,966
13322,2011-11-22 14:21:00,2011-11-22 14:21:00,1,199.48000000000002,25,United Kingdom,967
13323,2011-09-16 13:23:00,2011-12-06 17:12:00,5,787.85,21,United Kingdom,968
13324,2010-05-25 10:23:00,2011-11-03 16:28:00,18,10513.47,132,United Kingdom,969
13325,2011-09-19 10:36:00,2011-09-19 10:36:00,1,675.3,12,United Kingdom,970
13326,2010-10-03 16:00:00,2010-10-03 16:00:00,1,281.76,13,United Kingdom,971
13327,2009-12-18 15:35:00,2011-11-01 10:21:00,20,9879.48,342,United Kingdom,972
13328,2011-01-27 15:22:00,2011-01-27 15:22:00,1,1308.48,17,United Kingdom,973
13329,2009-12-04 15:41:00,2011-11-08 10:29:00,8,5112.97,125,United Kingdom,974
13330,2010-02-23 10:12:00,2011-09-08 12:27:00,6,2796.1,117,United Kingdom,975
13331,2010-11-03 08:04:00,2010-11-03 08:04:00,1,262.4,12,United Kingdom,976
13332,2011-11-25 13:30:00,2011-11-25 13:30:00,1,350.9,21,United Kingdom,977
13333,2010-02-19 09:26:00,2010-10-24 13:24:00,3,1015.74,55,United Kingdom,978
13334,2010-02-25 12:21:00,2011-09-18 15:21:00,5,6201.8,474,United Kingdom,979
13336,2011-09-23 14:05:00,2011-09-23 14:05:00,1,795.12,51,United Kingdom,980
13337,2010-06-11 13:27:00,2010-06-11 13:27:00,1,1575.26,87,United Kingdom,981
13338,2010-01-05 12:25:00,2011-07-05 09:06:00,4,2445.62,128,United Kingdom,982
13339,2011-05-23 08:31:00,2011-05-23 08:31:00,1,860.12,54,United Kingdom,983
13340,2010-02-22 14:54:00,2011-10-25 13:15:00,12,22100.56,215,United Kingdom,984
13341,2011-03-24 09:50:00,2011-03-24 09:50:00,1,775.85,42,United Kingdom,985
13343,2011-06-15 12:24:00,2011-06-15 12:24:00,1,353.43,19,United Kingdom,986
13344,2011-03-07 10:28:00,2011-10-03 09:45:00,3,2511.69,116,United Kingdom,987
13345,2011-02-25 09:01:00,2011-02-25 09:01:00,1,389.5,20,United Kingdom,988
13346,2010-04-22 12:34:00,2010-09-03 11:41:00,6,299.4,6,United Kingdom,989
13347,2011-09-30 13:28:00,2011-09-30 13:28:00,1,341.36,8,United Kingdom,990
13348,2011-10-06 17:28:00,2011-10-06 17:28:00,1,233.76,14,United Kingdom,991
13349,2011-11-29 08:07:00,2011-11-29 08:07:00,1,247.32,16,United Kingdom,992
13350,2011-09-21 13:33:00,2011-11-23 16:33:00,2,979.12,40,United Kingdom,993
13351,2011-10-04 12:55:00,2011-10-04 12:55:00,1,373.94,16,United Kingdom,994
13352,2011-10-10 13:55:00,2011-10-10 13:55:00,1,397.97999999999996,24,United Kingdom,995
13354,2011-09-29 13:17:00,2011-09-29 13:17:00,1,743.53,51,United Kingdom,996
13355,2011-08-09 14:48:00,2011-08-09 14:48:00,1,674.7,32,United Kingdom,997
13356,2011-09-20 14:33:00,2011-09-20 14:33:00,1,768.24,42,United Kingdom,998
13357,2010-03-22 14:30:00,2011-03-27 13:56:00,5,3795.0099999999998,393,United Kingdom,999
13358,2011-03-16 11:52:00,2011-03-16 11:52:00,1,439.03,29,United Kingdom,1000
13359,2010-11-01 15:05:00,2011-10-07 09:30:00,2,1043.31,56,United Kingdom,1001
13360,2010-01-08 11:16:00,2010-10-04 12:37:00,4,1553.65,66,United Kingdom,1002
13361,2010-04-01 07:49:00,2010-08-24 14:56:00,2,1450.5,34,United Kingdom,1003
13362,2010-10-10 15:27:00,2011-11-30 14:41:00,7,5394.07,298,United Kingdom,1004
13363,2010-10-26 11:07:00,2011-11-22 12:40:00,3,1723.86,102,United Kingdom,1005
13364,2011-09-29 18:13:00,2011-09-29 18:13:00,1,134.95999999999998,10,United Kingdom,1006
13365,2011-05-06 12:00:00,2011-11-06 12:36:00,2,2225.37,128,United Kingdom,1007
13366,2011-10-20 13:37:00,2011-10-20 13:37:00,1,56.160000000000004,1,United Kingdom,1008
13367,2010-10-04 10:00:00,2010-10-04 10:00:00,1,510.20000000000005,20,United Kingdom,1009
13368,2010-10-12 10:43:00,2011-03-28 09:59:00,4,1121.5,52,United Kingdom,1010
13369,2010-12-09 11:30:00,2010-12-09 11:30:00,1,616.5600000000001,28,United Kingdom,1011
13370,2010-12-03 10:26:00,2010-12-03 10:26:00,1,1509.74,78,United Kingdom,1012
13371,2010-03-17 15:29:00,2010-07-22 17:33:00,2,2297.66,92,United Kingdom,1013
13372,2011-09-11 12:46:00,2011-09-11 12:46:00,1,378.64,23,United Kingdom,1014
13373,2009-12-06 12:34:00,2011-10-10 10:51:00,6,7587.1900000000005,358,United Kingdom,1015
13374,2010-09-16 10:29:00,2010-10-21 10:04:00,2,422.8,17,United Kingdom,1016
13375,2010-09-21 08:12:00,2011-09-12 10:19:00,2,1792.23,71,United Kingdom,1017
13376,2011-04-19 13:03:00,2011-09-01 16:16:00,3,1019.76,53,United Kingdom,1018
13377,2010-03-04 10:06:00,2010-11-08 12:20:00,2,1552.88,78,United Kingdom,1019
13379,2011-07-26 12:26:00,2011-11-13 13:45:00,3,572.56,97,United Kingdom,1020
13380,2010-10-03 10:18:00,2010-10-03 10:18:00,1,62.4,3,United Kingdom,1021
13381,2009-12-01 15:19:00,2011-11-08 11:58:00,12,8224.37,356,United Kingdom,1022
13382,2009-12-08 09:56:00,2011-03-04 10:03:00,5,1387.58,86,United Kingdom,1023
13383,2010-06-14 11:45:00,2010-06-14 11:45:00,1,305.28000000000003,1,United Kingdom,1024
13384,2010-07-27 12:22:00,2011-11-09 11:04:00,11,6680.83,264,United Kingdom,1025
13385,2011-01-14 09:52:00,2011-01-14 09:52:00,1,534.57,35,United Kingdom,1026
13386,2010-09-28 13:09:00,2010-10-21 12:52:00,2,835.46,31,United Kingdom,1027
13387,2010-10-18 14:07:00,2010-10-18 14:07:00,1,181.84,70,United Kingdom,1028
13388,2010-04-15 10:18:00,2011-07-31 12:52:00,3,1185.65,69,United Kingdom,1029
13389,2011-04-21 12:12:00,2011-11-28 14:01:00,3,797.96,51,United Kingdom,1030
13390,2011-09-26 08:38:00,2011-09-26 08:38:00,1,544.08,13,United Kingdom,1031
13391,2011-05-20 10:50:00,2011-05-20 10:50:00,1,59.8,1,United Kingdom,1032
13392,2010-01-31 13:34:00,2010-01-31 13:34:00,1,91.14,8,United Kingdom,1033
13393,2009-12-07 18:12:00,2010-05-05 09:34:00,4,1131.45,69,United Kingdom,1034
13394,2009-12-01 11:58:00,2011-12-08 11:36:00,19,6621.7,409,United Kingdom,1035
13395,2010-10-14 13:00:00,2011-06-07 15:04:00,3,1180.23,81,United Kingdom,1036
13396,2011-01-24 13:37:00,2011-11-10 16:59:00,2,1360.99,43,United Kingdom,1037
13397,2010-01-20 09:50:00,2011-09-28 10:56:00,10,3191.87,89,United Kingdom,1038
13398,2010-09-17 09:34:00,2011-05-31 13:17:00,2,670.34,39,United Kingdom,1039
13399,2010-07-08 17:47:00,2010-09-01 13:59:00,3,275.4,15,United Kingdom,1040
13400,2010-05-06 09:00:00,2010-05-06 09:00:00,1,310.83,23,United Kingdom,1041
13402,2010-05-24 10:56:00,2011-08-04 15:51:00,4,1535.13,96,United Kingdom,1042
13403,2009-12-16 13:23:00,2011-11-22 08:28:00,3,229.5,9,United Kingdom,1043
13404,2011-05-11 11:57:00,2011-12-08 15:37:00,2,252.49,11,United Kingdom,1044
13405,2009-12-15 14:13:00,2011-05-19 16:31:00,5,1198.81,41,United Kingdom,1045
13406,2010-03-18 07:29:00,2010-10-08 14:44:00,2,568.92,9,United Kingdom,1046
13407,2010-02-16 11:13:00,2010-05-10 12:41:00,3,2244.7,85,United Kingdom,1047
13408,2009-12-04 09:31:00,2011-12-08 09:05:00,106,51733.46,838,United Kingdom,1048
13410,2009-12-08 13:43:00,2011-11-15 15:33:00,9,2201.96,50,United Kingdom,1049
13411,2011-08-24 13:57:00,2011-08-24 13:57:00,1,213.55,18,United Kingdom,1050
13412,2010-03-29 16:28:00,2010-03-29 16:28:00,1,487.34999999999997,34,United Kingdom,1051
13413,2010-01-21 17:43:00,2010-03-10 12:17:00,6,429.44,43,United Kingdom,1052
13414,2010-04-15 17:00:00,2011-07-29 11:45:00,6,2494.14,55,United Kingdom,1053
13415,2009-12-11 14:20:00,2010-08-24 11:38:00,4,784.17,101,United Kingdom,1054
13416,2009-12-03 13:02:00,2011-10-27 08:56:00,3,940.8000000000001,26,United Kingdom,1055
13417,2010-02-08 12:39:00,2011-12-05 08:49:00,6,1669.49,77,United Kingdom,1056
13418,2009-12-11 12:51:00,2011-11-28 10:23:00,31,12182.9,560,United Kingdom,1057
13419,2011-10-07 12:49:00,2011-10-07 12:49:00,1,221.06,16,United Kingdom,1058
13420,2011-06-22 11:35:00,2011-07-13 08:48:00,2,159.85,8,United Kingdom,1059
13421,2010-02-14 14:45:00,2011-10-30 14:21:00,8,4048.25,264,United Kingdom,1060
13422,2011-10-06 13:42:00,2011-10-06 13:42:00,1,2626.3,127,United Kingdom,1061
13423,2010-10-07 09:02:00,2010-10-07 09:02:00,1,217.03,12,United Kingdom,1062
13424,2010-09-16 10:49:00,2010-09-16 10:49:00,1,572.77,40,United Kingdom,1063
13425,2010-05-09 14:35:00,2011-08-23 17:13:00,5,3390.4300000000003,177,United Kingdom,1064
13426,2009-12-09 15:16:00,2011-12-09 08:59:00,22,8167.38,343,United Kingdom,1065
13427,2009-12-17 13:44:00,2011-11-20 13:02:00,6,1006.53,52,United Kingdom,1066
13428,2010-07-13 13:20:00,2011-11-29 14:20:00,3,478.54,138,United Kingdom,1067
13429,2011-09-25 15:59:00,2011-11-29 09:10:00,4,1006.8,67,United Kingdom,1068
13430,2011-09-14 14:26:00,2011-11-21 08:19:00,2,679.45,49,United Kingdom,1069
13431,2010-02-18 11:53:00,2011-10-03 13:49:00,8,3316.24,129,United Kingdom,1070
13432,2010-04-06 14:42:00,2010-05-17 13:18:00,2,436.55,110,United Kingdom,1071
13433,2010-01-12 08:59:00,2010-07-26 16:55:00,4,658.3199999999999,24,United Kingdom,1072
13434,2010-02-22 09:54:00,2011-09-26 14:30:00,5,1666.8600000000001,35,United Kingdom,1073
13435,2010-07-27 16:56:00,2011-12-04 14:45:00,9,4447.33,149,United Kingdom,1074
13436,2011-12-08 10:33:00,2011-12-08 10:33:00,1,196.89,12,United Kingdom,1075
13437,2011-06-02 14:30:00,2011-11-25 14:00:00,7,3408.06,167,United Kingdom,1076
13438,2010-06-10 18:46:00,2010-06-10 18:46:00,1,46.5,1,United Kingdom,1077
13439,2010-07-01 14:36:00,2011-03-29 14:20:00,3,986.61,167,United Kingdom,1078
13440,2010-09-14 10:34:00,2010-10-12 13:11:00,7,1295.25,59,United Kingdom,1079
13441,2010-10-04 10:38:00,2011-09-09 09:38:00,2,720.9,38,United Kingdom,1080
13442,2009-12-01 14:59:00,2010-02-10 14:03:00,3,419.87,38,United Kingdom,1081
13443,2010-01-31 13:30:00,2010-09-17 12:31:00,6,1269.3700000000001,198,United Kingdom,1082
13444,2010-07-21 14:34:00,2010-11-30 13:02:00,2,619.08,57,United Kingdom,1083
13445,2010-03-23 15:34:00,2010-03-23 15:34:00,1,241.89999999999998,7,United Kingdom,1084
13446,2010-02-14 11:52:00,2010-10-05 18:51:00,11,3881.89,192,United Kingdom,1085
13447,2011-11-04 10:10:00,2011-11-16 13:38:00,3,1129.14,59,United Kingdom,1086
13448,2009-12-06 12:14:00,2011-11-23 12:33:00,12,8830.18,550,United Kingdom,1087
13449,2011-11-16 08:28:00,2011-11-16 08:28:00,1,291.88,19,United Kingdom,1088
13450,2010-04-15 19:15:00,2011-11-13 11:54:00,13,4120.04,147,United Kingdom,1089
13451,2010-03-21 16:13:00,2011-11-13 15:58:00,11,7088.92,1021,United Kingdom,1090
13452,2010-08-24 09:53:00,2011-03-25 14:19:00,3,729.8,3,United Kingdom,1091
13453,2010-11-02 13:23:00,2011-06-27 09:34:00,3,781.6899999999999,40,United Kingdom,1092
13454,2010-03-08 14:40:00,2010-03-08 14:40:00,1,219.87,23,United Kingdom,1093
13455,2009-12-09 08:58:00,2011-11-15 11:21:00,6,2905.93,144,United Kingdom,1094
13456,2011-05-16 15:34:00,2011-11-22 09:18:00,6,1766.72,63,United Kingdom,1095
13457,2009-12-02 12:46:00,2010-01-20 08:48:00,2,148.22,9,United Kingdom,1096
13458,2010-11-16 14:01:00,2011-12-02 15:29:00,16,11959.27,485,United Kingdom,1097
13459,2010-01-26 13:35:00,2010-03-25 10:24:00,2,1160.4099999999999,73,United Kingdom,1098
13460,2011-10-21 09:50:00,2011-11-10 17:17:00,2,183.44,17,United Kingdom,1099
13461,2010-04-21 16:01:00,2011-11-01 09:01:00,6,4160.0,62,United Kingdom,1100
13462,2009-12-14 09:48:00,2011-04-01 11:20:00,5,1153.85,71,United Kingdom,1101
13464,2010-03-31 15:22:00,2011-10-12 15:01:00,6,3097.64,151,United Kingdom,1102
13465,2010-05-02 15:30:00,2010-09-19 15:13:00,2,931.12,34,United Kingdom,1103
13466,2010-03-21 13:50:00,2011-06-08 16:39:00,5,1013.35,55,United Kingdom,1104
13467,2011-11-03 16:56:00,2011-11-29 10:01:00,2,1071.91,98,United Kingdom,1105
13468,2009-12-03 13:32:00,2011-12-08 10:39:00,72,13375.51,727,United Kingdom,1106
13469,2010-02-24 15:03:00,2010-02-24 15:03:00,1,82.4,6,United Kingdom,1107
13470,2011-08-16 17:06:00,2011-09-01 14:57:00,2,165.0,10,United Kingdom,1108
13471,2011-10-23 13:10:00,2011-12-08 15:44:00,4,2501.84,254,United Kingdom,1109
13472,2010-06-02 09:48:00,2010-09-02 09:41:00,2,592.24,28,United Kingdom,1110
13473,2009-12-15 19:02:00,2011-10-10 11:20:00,8,2657.7599999999998,70,United Kingdom,1111
13474,2010-08-01 14:40:00,2011-04-17 13:53:00,3,646.59,126,United Kingdom,1112
13475,2011-02-14 12:36:00,2011-06-01 13:52:00,4,1431.78,86,United Kingdom,1113
13476,2010-03-05 09:39:00,2011-06-14 12:00:00,5,2061.4700000000003,106,United Kingdom,1114
13477,2010-01-25 11:52:00,2011-11-02 12:04:00,11,2819.17,157,United Kingdom,1115
13478,2010-01-31 15:51:00,2010-08-27 13:23:00,5,2215.78,125,United Kingdom,1116
13479,2010-08-19 16:18:00,2011-05-23 10:45:00,4,851.37,53,United Kingdom,1117
13480,2010-01-29 12:35:00,2010-10-19 11:53:00,2,627.82,41,United Kingdom,1118
13481,2009-12-04 12:37:00,2011-10-25 09:07:00,11,3830.84,224,United Kingdom,1119
13482,2010-03-22 10:31:00,2011-04-21 17:03:00,2,336.09,20,United Kingdom,1120
13483,2011-10-05 11:53:00,2011-10-05 11:53:00,1,140.34,10,United Kingdom,1121
13484,2010-03-10 11:46:00,2011-04-12 16:30:00,3,790.72,39,United Kingdom,1122
13485,2009-12-03 13:46:00,2011-04-20 13:58:00,11,3015.2200000000003,157,United Kingdom,1123
13486,2011-07-07 17:19:00,2011-09-22 13:13:00,3,1122.41,69,United Kingdom,1124
13487,2009-12-05 10:25:00,2011-10-13 12:07:00,5,846.87,49,United Kingdom,1125
13488,2010-01-25 10:13:00,2011-11-22 14:41:00,23,15587.88,724,United Kingdom,1126
13489,2011-02-18 10:42:00,2011-08-26 13:16:00,4,449.52,14,United Kingdom,1127
13490,2010-02-23 14:48:00,2010-02-23 14:48:00,1,154.25,8,United Kingdom,1128
13491,2009-12-07 08:24:00,2011-10-19 08:32:00,27,4566.56,268,United Kingdom,1129
13492,2011-05-09 10:06:00,2011-07-26 14:25:00,3,1269.84,50,Switzerland,1130
13493,2011-02-25 16:42:00,2011-03-09 15:35:00,2,498.63,6,Switzerland,1131
13494,2011-02-01 11:58:00,2011-02-01 11:58:00,1,316.26000000000005,18,United Kingdom,1132
13495,2009-12-07 12:12:00,2011-12-02 11:21:00,10,5374.26,147,United Kingdom,1133
13496,2010-12-15 10:17:00,2011-11-29 10:58:00,2,653.33,35,United Kingdom,1134
13497,2010-02-08 10:27:00,2011-03-02 09:04:00,6,1320.33,67,United Kingdom,1135
13498,2009-12-09 15:26:00,2009-12-09 15:26:00,1,327.38,17,United Kingdom,1136
13499,2011-03-15 08:52:00,2011-11-22 11:21:00,5,1159.11,42,United Kingdom,1137
13500,2010-11-03 13:16:00,2011-11-16 15:35:00,4,1466.3,85,United Kingdom,1138
13501,2010-05-18 13:24:00,2011-02-24 18:59:00,3,2885.11,114,Switzerland,1139
13502,2010-06-09 10:52:00,2011-11-23 10:39:00,5,780.5,33,United Kingdom,1140
13503,2010-02-16 13:49:00,2011-09-29 13:23:00,5,1778.04,188,United Kingdom,1141
13504,2011-10-06 13:20:00,2011-10-06 13:20:00,1,295.93,22,United Kingdom,1142
13505,2011-04-21 12:07:00,2011-09-28 11:56:00,4,3633.63,211,Switzerland,1143
13506,2010-09-05 12:33:00,2011-01-27 13:53:00,5,1639.2,98,United Kingdom,1144
13507,2011-07-17 11:50:00,2011-12-06 13:13:00,4,2479.16,162,United Kingdom,1145
13508,2010-03-07 11:58:00,2011-04-10 11:58:00,2,287.05,28,United Kingdom,1146
13509,2010-07-20 12:10:00,2011-12-01 10:10:00,7,1099.72,48,United Kingdom,1147
13510,2009-12-21 11:53:00,2011-12-08 13:46:00,11,4558.29,289,United Kingdom,1148
13511,2010-02-01 12:10:00,2010-02-01 12:10:00,1,282.76,5,United Kingdom,1149
13512,2010-05-05 13:22:00,2011-03-24 10:03:00,4,713.39,39,United Kingdom,1150
13513,2010-02-22 16:36:00,2011-08-05 11:50:00,3,824.59,40,United Kingdom,1151
13514,2010-01-26 15:11:00,2011-09-27 09:39:00,4,815.9000000000001,21,United Kingdom,1152
13515,2010-03-05 11:58:00,2011-09-28 11:26:00,6,1265.82,76,United Kingdom,1153
13516,2010-10-18 08:52:00,2011-11-18 13:15:00,4,1685.26,61,United Kingdom,1154
13517,2011-06-13 08:44:00,2011-10-11 11:43:00,3,2128.42,141,United Kingdom,1155
13518,2011-09-15 10:29:00,2011-09-15 10:29:00,1,627.16,36,United Kingdom,1156
13519,2010-09-23 11:45:00,2011-09-22 18:24:00,2,343.21,19,United Kingdom,1157
13520,2009-12-17 11:11:00,2011-10-12 10:20:00,11,5669.4,193,Switzerland,1158
13521,2011-11-29 15:09:00,2011-12-08 13:50:00,3,1070.47,417,United Kingdom,1159
13522,2011-11-09 15:11:00,2011-11-09 15:11:00,1,125.80000000000001,5,United Kingdom,1160
13523,2010-11-02 14:55:00,2011-11-06 15:11:00,6,5101.52,231,United Kingdom,1161
13524,2011-05-04 12:26:00,2011-10-30 12:34:00,5,680.1800000000001,27,United Kingdom,1162
13525,2011-04-05 15:36:00,2011-11-25 12:01:00,2,628.78,6,United Kingdom,1163
13526,2009-12-01 12:56:00,2009-12-01 13:13:00,2,1182.0,44,United Kingdom,1164
13527,2010-01-21 12:37:00,2011-11-06 12:04:00,12,4541.29,443,United Kingdom,1165
13529,2011-05-19 11:50:00,2011-09-22 09:15:00,2,307.76,15,United Kingdom,1166
13530,2010-03-15 14:10:00,2010-03-15 14:10:00,1,402.97999999999996,18,United Kingdom,1167
13531,2009-12-03 15:20:00,2011-05-18 16:56:00,6,1738.52,90,United Kingdom,1168
13532,2011-11-06 12:25:00,2011-11-06 12:25:00,1,210.31,66,United Kingdom,1169
13533,2011-03-17 12:47:00,2011-06-10 11:54:00,3,269.09,75,United Kingdom,1170
13534,2010-07-07 15:00:00,2011-12-07 14:52:00,35,7720.9,392,United Kingdom,1171
13535,2010-11-02 11:49:00,2010-11-02 11:49:00,1,89.5,1,United Kingdom,1172
13536,2011-09-25 13:30:00,2011-12-08 16:38:00,7,3444.39,178,United Kingdom,1173
13537,2010-09-14 10:41:00,2010-10-10 12:45:00,2,717.85,42,United Kingdom,1174
13538,2010-02-02 12:47:00,2011-10-27 16:34:00,12,3103.13,142,United Kingdom,1175
13539,2010-04-28 12:04:00,2011-09-15 10:18:00,7,1569.3600000000001,86,United Kingdom,1176
13540,2010-02-22 09:22:00,2010-08-29 14:20:00,3,632.39,32,United Kingdom,1177
13541,2010-05-18 16:15:00,2010-10-08 16:37:00,2,785.25,10,United Kingdom,1178
13542,2009-12-10 19:53:00,2010-11-28 11:24:00,17,3959.4900000000002,331,United Kingdom,1179
13543,2010-01-21 14:30:00,2010-03-15 13:34:00,2,1439.6100000000001,47,United Kingdom,1180
13544,2010-03-05 11:31:00,2011-10-31 11:57:00,6,790.2,238,United Kingdom,1181
13545,2010-06-13 11:49:00,2010-11-14 11:27:00,2,364.93,54,United Kingdom,1182
13546,2010-10-11 17:23:00,2011-11-27 14:50:00,5,1086.24,152,United Kingdom,1183
13547,2010-10-27 14:14:00,2010-10-27 14:14:00,1,164.53,43,United Kingdom,1184
13548,2010-08-25 13:44:00,2011-09-04 14:50:00,3,901.44,184,United Kingdom,1185
13549,2010-11-17 12:17:00,2011-11-14 09:20:00,8,1005.8,59,United Kingdom,1186
13550,2010-11-21 15:24:00,2010-11-21 15:24:00,1,342.55,42,United Kingdom,1187
13551,2010-02-11 15:01:00,2011-01-24 14:46:00,2,244.2,5,United Kingdom,1188
13552,2010-02-19 13:28:00,2011-10-04 15:19:00,22,6948.92,207,United Kingdom,1189
13553,2010-02-03 12:21:00,2010-02-03 12:21:00,1,499.6,89,United Kingdom,1190
13554,2010-09-19 12:39:00,2010-11-24 15:05:00,7,1629.35,196,United Kingdom,1191
13555,2010-01-19 13:20:00,2011-09-27 12:36:00,13,8891.84,397,United Kingdom,1192
13556,2010-09-30 09:01:00,2010-10-06 16:44:00,2,200.82,9,United Kingdom,1193
13557,2009-12-08 17:41:00,2011-11-11 15:24:00,13,3032.26,180,United Kingdom,1194
13558,2011-10-02 13:01:00,2011-12-04 11:24:00,4,594.52,169,United Kingdom,1195
13559,2010-06-14 11:52:00,2010-07-15 09:52:00,2,990.0,2,United Kingdom,1196
13560,2011-12-02 13:11:00,2011-12-02 13:11:00,1,171.42000000000002,32,United Kingdom,1197
13561,2010-02-28 13:42:00,2011-05-08 12:39:00,11,1803.4,229,United Kingdom,1198
13562,2010-01-14 16:33:00,2011-09-19 10:51:00,8,4838.18,196,United Kingdom,1199
13563,2011-07-22 17:21:00,2011-09-16 14:45:00,2,777.53,49,United Kingdom,1200
13564,2009-12-02 11:55:00,2010-12-20 16:50:00,36,16416.27,1235,United Kingdom,1201
13565,2010-10-24 15:51:00,2011-11-20 14:33:00,3,414.8,60,United Kingdom,1202
13566,2010-03-10 12:22:00,2011-10-30 11:59:00,5,1684.75,365,United Kingdom,1203
13567,2010-06-16 12:48:00,2010-10-07 12:51:00,4,1079.29,201,United Kingdom,1204
13568,2011-06-19 14:42:00,2011-06-19 14:42:00,1,187.05,43,United Kingdom,1205
13569,2010-10-07 13:05:00,2011-11-22 13:07:00,4,834.86,201,United Kingdom,1206
13570,2011-04-10 13:36:00,2011-04-10 13:36:00,1,239.49,27,United Kingdom,1207
13571,2009-12-08 13:02:00,2011-11-27 10:47:00,26,4537.26,673,United Kingdom,1208
13572,2011-05-18 11:59:00,2011-05-18 11:59:00,1,1384.25,33,United Kingdom,1209
13573,2010-03-12 16:06:00,2011-10-20 14:33:00,6,903.07,86,United Kingdom,1210
13574,2010-10-24 13:28:00,2010-10-24 13:28:00,1,404.45,91,United Kingdom,1211
13575,2011-06-16 14:24:00,2011-11-16 13:14:00,5,732.0699999999999,46,United Kingdom,1212
13576,2009-12-08 15:12:00,2011-11-29 15:34:00,28,11551.74,279,United Kingdom,1213
13577,2009-12-14 16:10:00,2011-11-14 15:19:00,11,3484.28,167,United Kingdom,1214
13578,2010-10-26 13:44:00,2010-10-26 13:44:00,1,147.66,9,United Kingdom,1215
13579,2010-02-18 13:53:00,2011-11-25 08:41:00,5,1539.04,90,United Kingdom,1216
13580,2010-10-29 15:01:00,2010-10-29 15:01:00,1,107.75,5,United Kingdom,1217
13581,2010-10-21 16:30:00,2011-02-03 14:41:00,2,280.53000000000003,33,United Kingdom,1218
13582,2010-04-01 11:38:00,2010-11-15 11:34:00,2,241.68,11,United Kingdom,1219
13583,2010-01-29 13:53:00,2011-07-07 10:40:00,2,1445.03,95,United Kingdom,1220
13584,2010-02-02 08:40:00,2011-02-06 12:49:00,3,385.7,80,United Kingdom,1221
13585,2009-12-01 14:56:00,2010-06-27 12:33:00,3,684.54,39,United Kingdom,1222
13586,2010-06-16 13:47:00,2010-06-16 13:47:00,1,127.28,20,United Kingdom,1223
13587,2010-02-14 13:17:00,2011-10-07 12:31:00,4,1673.5,30,United Kingdom,1224
13588,2011-03-29 15:53:00,2011-11-24 10:42:00,9,2478.95,174,United Kingdom,1225
13589,2009-12-06 10:26:00,2011-11-25 12:10:00,6,1120.74,52,United Kingdom,1226
13590,2009-12-01 13:37:00,2011-11-28 12:54:00,18,6336.04,406,United Kingdom,1227
13591,2009-12-14 15:44:00,2011-10-06 12:26:00,7,2093.94,101,United Kingdom,1228
13592,2011-03-20 14:01:00,2011-11-04 09:49:00,4,247.95999999999998,16,United Kingdom,1229
13593,2010-03-02 16:36:00,2011-08-23 13:35:00,14,5493.29,408,United Kingdom,1230
13594,2010-08-11 10:23:00,2011-10-18 10:19:00,2,533.32,33,United Kingdom,1231
13595,2010-03-03 14:42:00,2010-07-11 12:36:00,3,784.48,143,United Kingdom,1232
13596,2011-11-27 11:57:00,2011-12-04 12:01:00,2,664.11,146,United Kingdom,1233
13597,2010-11-02 09:30:00,2010-11-04 14:54:00,2,396.71,17,United Kingdom,1234
13598,2010-02-26 11:22:00,2011-10-23 14:28:00,5,761.96,92,United Kingdom,1235
13599,2009-12-01 12:30:00,2011-12-08 16:10:00,33,10163.880000000001,409,United Kingdom,1236
13600,2010-03-15 17:16:00,2011-01-31 15:27:00,2,518.42,41,United Kingdom,1237
13601,2010-06-11 15:03:00,2011-10-25 17:31:00,4,1159.99,185,United Kingdom,1238
13602,2010-05-28 11:49:00,2011-10-06 11:47:00,4,1025.17,58,United Kingdom,1239
13603,2011-11-13 15:57:00,2011-11-13 15:57:00,1,164.34,27,United Kingdom,1240
13604,2010-02-19 12:02:00,2010-02-19 12:02:00,1,717.62,21,United Kingdom,1241
13605,2010-05-17 15:46:00,2010-11-17 17:16:00,2,522.67,53,United Kingdom,1242
13606,2011-02-01 11:42:00,2011-11-10 17:46:00,3,276.75,40,United Kingdom,1243
13607,2010-11-02 11:48:00,2011-10-30 16:17:00,2,1075.81,121,United Kingdom,1244
13608,2010-06-17 12:28:00,2010-06-17 12:28:00,1,232.05,34,United Kingdom,1245
13609,2010-04-25 13:26:00,2010-04-25 13:26:00,1,167.35,7,United Kingdom,1246
13610,2010-01-05 14:12:00,2011-11-27 15:38:00,14,2102.46,398,United Kingdom,1247
13611,2009-12-03 07:57:00,2011-09-11 14:51:00,10,3297.9300000000003,226,United Kingdom,1248
13612,2010-03-17 12:14:00,2010-03-17 12:14:00,1,818.29,50,United Kingdom,1249
13613,2010-02-17 12:40:00,2010-09-13 12:01:00,5,1039.8500000000001,59,United Kingdom,1250
13614,2010-06-06 13:42:00,2011-11-15 14:47:00,6,2332.74,264,United Kingdom,1251
13615,2010-01-28 15:43:00,2011-01-25 08:21:00,8,6272.53,367,United Kingdom,1252
13616,2010-01-17 14:56:00,2010-05-20 12:59:00,2,283.85,35,United Kingdom,1253
13617,2010-08-01 15:23:00,2011-10-30 13:50:00,8,1278.75,107,United Kingdom,1254
13618,2011-06-19 11:09:00,2011-06-19 11:09:00,1,177.34,13,United Kingdom,1255
13619,2010-02-03 14:16:00,2010-06-13 11:39:00,2,223.44,44,United Kingdom,1256
13620,2010-06-29 15:02:00,2010-06-29 15:02:00,1,112.34,5,United Kingdom,1257
13621,2011-08-15 08:26:00,2011-08-15 08:26:00,1,213.85,19,United Kingdom,1258
13622,2010-01-12 13:22:00,2010-01-12 13:22:00,1,658.95,32,United Kingdom,1259
13623,2009-12-02 13:57:00,2011-11-09 12:00:00,10,2533.06,284,United Kingdom,1260
13624,2010-11-16 13:43:00,2010-11-16 13:43:00,1,462.08,22,United Kingdom,1261
13625,2010-04-22 10:50:00,2010-04-22 10:50:00,1,301.26,21,United Kingdom,1262
13626,2010-11-25 16:12:00,2011-04-01 10:05:00,2,707.04,44,United Kingdom,1263
13627,2010-03-09 14:03:00,2011-10-11 14:20:00,7,2245.9,129,United Kingdom,1264
13628,2010-02-01 14:44:00,2010-02-01 14:44:00,1,310.14,16,United Kingdom,1265
13629,2010-02-11 17:34:00,2011-11-16 13:21:00,19,13370.86,87,United Kingdom,1266
13630,2011-02-27 12:49:00,2011-12-04 15:16:00,7,2031.78,71,United Kingdom,1267
13631,2011-03-17 17:13:00,2011-09-01 09:57:00,11,3070.42,11,United Kingdom,1268
13632,2010-04-07 10:59:00,2011-11-15 10:51:00,8,3645.81,220,United Kingdom,1269
13634,2010-01-10 14:26:00,2011-11-06 13:40:00,15,4988.08,443,United Kingdom,1270
13635,2009-12-01 09:46:00,2011-10-03 10:55:00,4,2999.16,162,United Kingdom,1271
13636,2011-02-27 14:29:00,2011-11-03 10:30:00,5,949.12,63,United Kingdom,1272
13637,2011-04-27 13:06:00,2011-10-18 13:32:00,3,803.05,98,United Kingdom,1273
13638,2011-11-24 10:38:00,2011-11-24 10:38:00,1,122.64,8,United Kingdom,1274
13639,2010-09-29 10:05:00,2011-09-26 13:36:00,2,1346.27,59,United Kingdom,1275
13640,2010-04-07 15:33:00,2010-04-07 15:33:00,1,405.0,4,United Kingdom,1276
13641,2009-12-05 13:17:00,2010-03-09 07:37:00,4,942.37,43,United Kingdom,1277
13642,2010-10-03 12:23:00,2011-05-08 12:34:00,4,472.2,105,United Kingdom,1278
13643,2009-12-08 12:48:00,2011-11-08 15:37:00,10,2156.77,102,United Kingdom,1279
13644,2011-08-26 11:53:00,2011-11-23 14:07:00,4,2624.26,146,United Kingdom,1280
13645,2011-08-11 16:11:00,2011-08-11 16:11:00,1,252.1,5,United Kingdom,1281
13646,2010-11-05 12:00:00,2010-11-05 12:13:00,2,326.25,58,United Kingdom,1282
13647,2010-04-15 12:55:00,2011-11-30 12:00:00,8,3041.68,139,United Kingdom,1283
13648,2009-12-01 18:13:00,2010-11-04 14:46:00,8,1759.07,105,United Kingdom,1284
13649,2010-06-30 16:35:00,2011-03-28 11:51:00,6,1651.48,123,United Kingdom,1285
13650,2010-01-26 08:44:00,2011-11-23 12:22:00,10,3288.0,172,United Kingdom,1286
13651,2010-11-23 09:44:00,2011-10-31 12:11:00,2,211.85,13,United Kingdom,1287
13652,2010-02-25 17:37:00,2011-10-25 08:51:00,5,2570.85,159,United Kingdom,1288
13653,2010-08-09 08:19:00,2010-08-09 08:19:00,1,152.2,9,United Kingdom,1289
13654,2009-12-02 11:43:00,2011-10-27 16:24:00,11,6308.0,329,United Kingdom,1290
13655,2010-04-27 09:59:00,2011-08-17 14:25:00,6,2280.51,119,United Kingdom,1291
13656,2010-04-23 12:50:00,2011-06-28 10:31:00,4,1078.85,87,United Kingdom,1292
13657,2011-05-22 12:35:00,2011-11-29 12:32:00,2,382.14,16,United Kingdom,1293
13658,2010-02-05 13:17:00,2011-11-30 10:13:00,9,6025.5,237,United Kingdom,1294
13659,2010-02-17 09:05:00,2011-05-18 12:37:00,12,4884.68,274,United Kingdom,1295
13660,2010-11-04 16:10:00,2010-11-04 16:10:00,1,306.64,40,United Kingdom,1296
13661,2010-04-15 14:58:00,2010-04-15 14:58:00,1,325.24,17,United Kingdom,1297
13662,2010-02-19 13:21:00,2011-09-15 12:04:00,11,2233.61,136,United Kingdom,1298
13663,2010-03-03 10:11:00,2011-06-13 15:44:00,5,2047.51,99,United Kingdom,1299
13665,2010-07-23 13:29:00,2010-11-18 13:06:00,3,1711.6599999999999,106,United Kingdom,1300
13666,2009-12-04 10:48:00,2011-10-10 15:39:00,5,127.05,18,United Kingdom,1301
13667,2011-07-13 15:42:00,2011-07-13 15:42:00,1,299.05,83,United Kingdom,1302
13668,2009-12-11 14:28:00,2011-12-07 12:11:00,35,12948.48,756,United Kingdom,1303
13669,2010-10-28 15:05:00,2011-10-20 09:32:00,3,413.55,14,United Kingdom,1304
13670,2011-09-25 15:25:00,2011-09-25 15:25:00,1,349.7,25,United Kingdom,1305
13671,2010-11-10 10:50:00,2010-11-10 10:50:00,1,172.6,64,United Kingdom,1306
13672,2009-12-09 11:40:00,2011-02-11 13:53:00,3,419.92,18,United Kingdom,1307
13673,2011-11-07 15:40:00,2011-11-21 12:11:00,2,387.44,60,United Kingdom,1308
13674,2010-10-03 10:41:00,2010-10-03 10:41:00,1,240.68,14,United Kingdom,1309
13675,2011-02-28 12:14:00,2011-07-11 12:57:00,2,486.82000000000005,25,United Kingdom,1310
13676,2010-03-30 16:53:00,2010-06-18 17:30:00,2,243.9,13,United Kingdom,1311
13677,2010-07-07 17:25:00,2010-10-31 11:32:00,2,551.24,106,United Kingdom,1312
13678,2011-07-11 10:14:00,2011-07-11 10:14:00,1,232.6,16,United Kingdom,1313
13679,2009-12-04 16:52:00,2010-08-03 12:13:00,3,281.26,50,United Kingdom,1314
13680,2009-12-04 14:14:00,2011-12-08 13:47:00,12,11419.67,646,United Kingdom,1315
13681,2011-07-07 15:21:00,2011-11-22 11:13:00,4,827.83,57,United Kingdom,1316
13682,2011-06-05 14:06:00,2011-06-05 14:06:00,1,59.5,3,United Kingdom,1317
13683,2010-09-08 10:00:00,2010-09-08 10:00:00,1,258.6,10,United Kingdom,1318
13684,2010-03-28 14:48:00,2011-02-27 10:13:00,4,594.88,108,United Kingdom,1319
13685,2011-10-10 12:59:00,2011-12-07 11:41:00,7,3119.44,39,United Kingdom,1320
13686,2010-11-03 13:44:00,2011-06-10 09:10:00,3,409.04,34,United Kingdom,1321
13687,2010-09-27 16:30:00,2010-09-27 16:30:00,1,11880.84,45,United Kingdom,1322
13688,2010-03-14 14:11:00,2010-03-14 14:11:00,1,375.5,5,United Kingdom,1323
13689,2010-09-21 10:27:00,2011-10-07 13:21:00,2,1259.5,9,United Kingdom,1324
13690,2011-10-11 15:03:00,2011-10-11 15:03:00,1,172.25,9,United Kingdom,1325
13691,2010-11-08 17:34:00,2010-11-08 17:34:00,1,210.78,53,United Kingdom,1326
13692,2010-10-15 13:28:00,2011-11-15 11:17:00,5,3114.4,96,United Kingdom,1327
13693,2009-12-07 11:29:00,2010-11-30 18:21:00,9,2011.82,106,United Kingdom,1328
13694,2009-12-04 15:26:00,2011-12-06 09:32:00,143,196482.81,1525,United Kingdom,1329
13695,2010-05-11 11:07:00,2011-11-08 14:26:00,16,2770.73,96,United Kingdom,1330
13696,2010-02-11 14:17:00,2010-10-14 09:44:00,3,2020.4,24,United Kingdom,1331
13697,2011-11-01 09:14:00,2011-11-01 09:14:00,1,151.29999999999998,12,United Kingdom,1332
13698,2010-01-27 09:02:00,2010-04-22 11:52:00,2,451.73,38,United Kingdom,1333
13699,2010-06-07 13:03:00,2011-07-07 16:51:00,2,764.15,37,United Kingdom,1334
13700,2010-02-07 10:53:00,2011-11-13 13:00:00,13,2596.9700000000003,240,United Kingdom,1335
13701,2010-09-19 12:39:00,2010-09-19 12:39:00,1,161.0,9,United Kingdom,1336
13702,2010-09-20 11:40:00,2010-09-20 11:40:00,1,135.18,5,United Kingdom,1337
13703,2010-10-20 13:11:00,2011-01-25 13:10:00,2,425.56,37,United Kingdom,1338
13704,2011-09-12 14:40:00,2011-12-04 15:13:00,9,2308.06,134,United Kingdom,1339
13705,2010-03-25 17:19:00,2011-12-02 12:32:00,7,2035.33,84,United Kingdom,1340
13706,2010-03-23 09:18:00,2011-02-10 09:21:00,2,631.17,38,United Kingdom,1341
13707,2010-06-21 11:57:00,2011-03-17 18:03:00,5,3365.86,155,United Kingdom,1342
13708,2011-03-13 13:46:00,2011-03-13 13:46:00,1,283.33,48,United Kingdom,1343
13709,2010-01-11 10:40:00,2011-12-06 10:28:00,18,7571.35,407,United Kingdom,1344
13710,2010-04-06 12:54:00,2011-11-08 08:16:00,3,509.52,15,United Kingdom,1345
13711,2009-12-15 19:04:00,2011-05-05 10:31:00,9,1792.26,92,United Kingdom,1346
13712,2010-04-08 11:16:00,2011-04-07 12:33:00,2,766.42,33,United Kingdom,1347
13713,2010-05-05 16:48:00,2010-10-27 16:18:00,3,740.76,80,United Kingdom,1348
13714,2010-08-31 13:57:00,2010-08-31 13:57:00,1,161.35,30,United Kingdom,1349
13715,2010-03-11 15:33:00,2011-03-03 19:21:00,17,8425.69,527,United Kingdom,1350
13716,2011-03-15 13:49:00,2011-03-15 13:49:00,1,138.28,21,United Kingdom,1351
13717,2010-08-11 09:40:00,2011-11-07 14:13:00,8,1763.3,124,United Kingdom,1352
13718,2011-02-17 11:58:00,2011-04-07 13:24:00,2,306.55,12,United Kingdom,1353
13719,2010-05-17 14:36:00,2011-11-24 15:26:00,11,2782.1,247,United Kingdom,1354
13720,2011-03-30 09:17:00,2011-08-15 12:46:00,4,799.9,43,United Kingdom,1355
13721,2010-11-09 17:59:00,2011-11-03 14:05:00,2,741.54,42,United Kingdom,1356
13722,2010-03-03 14:13:00,2011-07-31 12:44:00,10,5635.41,189,United Kingdom,1357
13723,2010-04-07 14:32:00,2011-05-06 17:04:00,6,1194.08,58,United Kingdom,1358
13724,2010-03-12 15:28:00,2010-03-12 15:28:00,1,213.01,42,United Kingdom,1359
13725,2011-02-04 12:18:00,2011-10-21 10:03:00,8,1980.56,104,United Kingdom,1360
13726,2011-08-31 11:06:00,2011-11-01 10:49:00,2,1079.6599999999999,42,United Kingdom,1361
13727,2009-12-09 13:25:00,2011-11-11 09:46:00,8,1074.15,83,United Kingdom,1362
13728,2009-12-09 17:13:00,2011-11-03 10:49:00,16,2855.17,164,United Kingdom,1363
13729,2010-01-24 14:57:00,2010-09-30 10:44:00,3,724.73,39,United Kingdom,1364
13730,2011-07-01 12:47:00,2011-07-27 08:35:00,2,752.6,43,United Kingdom,1365
13731,2011-04-07 10:10:00,2011-05-04 14:33:00,2,610.59,38,United Kingdom,1366
13732,2011-11-11 15:49:00,2011-11-11 15:49:00,1,491.86,33,United Kingdom,1367
13733,2009-12-04 15:28:00,2010-10-25 12:18:00,2,487.03000000000003,29,United Kingdom,1368
13734,2010-04-16 08:42:00,2010-07-19 12:04:00,4,6695.6900000000005,27,United Kingdom,1369
13735,2009-12-13 13:31:00,2011-11-15 11:14:00,13,9762.77,647,United Kingdom,1370
13736,2009-12-06 12:07:00,2011-12-04 15:19:00,7,2752.47,554,United Kingdom,1371
13737,2011-05-23 16:32:00,2011-05-23 16:32:00,1,339.59999999999997,30,United Kingdom,1372
13738,2010-11-08 15:23:00,2010-11-08 15:23:00,1,434.78000000000003,89,United Kingdom,1373
13739,2010-06-30 10:25:00,2011-11-21 13:35:00,2,292.2,6,United Kingdom,1374
13740,2009-12-02 12:22:00,2011-04-13 10:32:00,5,1582.77,94,United Kingdom,1375
13741,2011-05-06 13:43:00,2011-09-29 09:19:00,3,668.4300000000001,34,United Kingdom,1376
13742,2011-01-23 14:59:00,2011-11-23 11:07:00,12,3107.87,313,United Kingdom,1377
13743,2011-03-25 14:46:00,2011-12-07 10:09:00,7,1341.6,41,United Kingdom,1378
13744,2011-02-20 14:08:00,2011-09-05 15:19:00,2,1080.52,63,United Kingdom,1379
13745,2010-06-11 17:19:00,2011-06-30 16:43:00,2,777.36,56,United Kingdom,1380
13746,2010-10-22 11:55:00,2010-10-22 11:55:00,1,176.69,9,United Kingdom,1381
13747,2010-10-11 09:15:00,2010-12-01 10:37:00,2,249.39999999999998,6,United Kingdom,1382
13748,2009-12-01 16:44:00,2011-09-05 09:45:00,9,2268.35,59,United Kingdom,1383
13750,2010-04-01 14:49:00,2011-10-17 12:16:00,11,3602.1800000000003,75,United Kingdom,1384
13751,2011-02-24 15:56:00,2011-02-24 15:56:00,1,296.25,9,United Kingdom,1385
13752,2010-06-30 10:23:00,2011-08-07 14:16:00,7,1579.8300000000002,94,United Kingdom,1386
13753,2009-12-03 10:20:00,2011-02-25 12:48:00,4,2094.57,80,United Kingdom,1387
13754,2010-09-28 15:29:00,2011-07-11 11:51:00,3,447.05,21,United Kingdom,1388
13755,2011-10-07 15:45:00,2011-12-06 12:26:00,9,2108.06,321,United Kingdom,1389
13756,2009-12-15 15:18:00,2011-12-07 16:44:00,23,9188.75,345,United Kingdom,1390
13757,2010-02-03 12:37:00,2010-02-03 12:37:00,1,195.55,8,United Kingdom,1391
13758,2009-12-01 10:06:00,2011-11-28 11:11:00,14,9314.14,308,United Kingdom,1392
13759,2011-09-29 15:40:00,2011-11-06 14:47:00,2,659.4100000000001,25,United Kingdom,1393
13760,2010-04-25 13:10:00,2011-10-16 16:13:00,5,1363.6399999999999,119,United Kingdom,1394
13761,2010-02-21 11:08:00,2011-10-20 14:01:00,6,1952.17,122,United Kingdom,1395
13762,2010-01-10 12:13:00,2011-05-05 09:15:00,5,2472.48,35,United Kingdom,1396
13763,2010-09-30 17:39:00,2011-10-07 15:13:00,3,5217.4400000000005,50,United Kingdom,1397
13764,2010-03-07 12:56:00,2011-09-30 12:03:00,6,2908.67,368,United Kingdom,1398
13765,2010-02-24 13:46:00,2010-02-24 13:46:00,1,352.82,16,United Kingdom,1399
13766,2010-08-01 14:25:00,2010-08-01 14:25:00,1,190.35,17,United Kingdom,1400
13767,2009-12-01 10:52:00,2011-12-07 15:00:00,73,35540.53,795,United Kingdom,1401
13768,2009-12-09 10:25:00,2009-12-13 10:41:00,2,875.97,33,United Kingdom,1402
13769,2009-12-16 11:59:00,2011-12-07 15:08:00,20,5800.42,285,United Kingdom,1403
13770,2009-12-09 14:44:00,2010-10-13 15:10:00,4,785.37,48,United Kingdom,1404
13771,2010-02-25 12:37:00,2011-10-06 14:18:00,9,5728.82,216,United Kingdom,1405
13772,2010-02-23 13:55:00,2011-11-06 11:43:00,8,3100.02,567,United Kingdom,1406
13773,2010-02-18 10:27:00,2010-11-08 11:49:00,2,301.54,19,United Kingdom,1407
13774,2011-09-19 12:06:00,2011-09-19 12:06:00,1,345.0,22,United Kingdom,1408
13775,2010-04-28 12:15:00,2010-04-28 12:15:00,1,1049.66,63,United Kingdom,1409
13777,2009-12-02 09:47:00,2011-12-09 12:25:00,61,56478.42,391,United Kingdom,1410
13778,2010-05-23 13:34:00,2011-08-28 15:25:00,4,1124.49,44,United Kingdom,1411
13779,2010-07-12 11:24:00,2010-07-12 11:24:00,1,161.13,27,United Kingdom,1412
13780,2010-10-28 19:51:00,2011-12-02 13:49:00,3,732.07,98,United Kingdom,1413
13781,2009-12-18 15:46:00,2011-04-03 12:08:00,3,778.83,57,United Kingdom,1414
13782,2009-12-06 12:52:00,2011-11-27 11:54:00,13,1786.08,238,United Kingdom,1415
13783,2010-02-04 13:47:00,2010-08-09 09:23:00,4,1542.09,10,United Kingdom,1416
13784,2010-09-15 12:27:00,2011-11-30 09:33:00,14,2910.23,43,United Kingdom,1417
13785,2010-09-05 16:01:00,2010-10-07 09:25:00,4,542.49,30,United Kingdom,1418
13786,2009-12-03 15:32:00,2010-12-07 13:53:00,6,3358.39,123,United Kingdom,1419
13787,2010-01-14 10:13:00,2011-09-25 12:06:00,6,1222.5,86,United Kingdom,1420
13788,2010-07-22 15:50:00,2010-07-22 15:50:00,1,3.75,1,United Kingdom,1421
13789,2010-11-16 15:31:00,2010-11-16 15:31:00,1,239.45999999999998,18,United Kingdom,1422
13790,2011-12-05 15:48:00,2011-12-05 15:48:00,1,348.8,45,United Kingdom,1423
13791,2011-06-24 16:38:00,2011-08-04 11:44:00,2,1516.0,11,United Kingdom,1424
13792,2010-10-13 11:05:00,2011-10-04 14:31:00,3,383.95,23,United Kingdom,1425
13793,2010-03-03 08:25:00,2010-03-03 08:25:00,1,96.0,7,United Kingdom,1426
13794,2010-06-11 12:30:00,2010-06-11 12:30:00,1,126.03,9,United Kingdom,1427
13795,2010-03-12 12:44:00,2010-11-16 17:25:00,4,836.3,29,United Kingdom,1428
13796,2010-07-28 14:45:00,2010-07-28 14:45:00,1,289.7,22,United Kingdom,1429
13797,2010-03-02 12:17:00,2010-09-29 10:34:00,3,1179.45,78,United Kingdom,1430
13798,2009-12-08 16:21:00,2011-12-08 15:51:00,110,75836.87,722,United Kingdom,1431
13799,2010-03-05 16:39:00,2011-08-15 12:07:00,9,2803.57,106,United Kingdom,1432
13800,2009-12-03 10:03:00,2011-02-03 12:27:00,3,1679.56,73,United Kingdom,1433
13801,2011-10-04 10:15:00,2011-10-04 10:15:00,1,324.8,23,United Kingdom,1434
13802,2010-02-16 10:11:00,2011-07-24 10:54:00,19,26259.11,448,United Kingdom,1435
13803,2010-03-31 10:00:00,2011-03-29 12:57:00,3,1338.91,78,United Kingdom,1436
13804,2010-09-29 10:26:00,2011-11-09 12:32:00,9,3161.12,167,United Kingdom,1437
13805,2011-08-02 15:29:00,2011-10-18 14:50:00,2,924.6,13,United Kingdom,1438
13806,2011-10-07 11:43:00,2011-10-07 11:43:00,1,256.38,10,United Kingdom,1439
13807,2009-12-04 12:41:00,2010-12-07 15:48:00,3,534.8,32,United Kingdom,1440
13808,2011-09-04 12:07:00,2011-12-04 12:18:00,5,1747.66,76,United Kingdom,1441
13809,2010-09-05 11:42:00,2011-02-07 13:15:00,3,679.7,25,Cyprus,1442
13810,2011-10-14 12:57:00,2011-11-11 08:33:00,2,827.51,32,Germany,1443
13811,2011-04-14 18:40:00,2011-06-09 09:54:00,2,519.75,10,Germany,1444
13812,2011-08-26 12:54:00,2011-10-28 14:27:00,3,485.0,33,Germany,1445
13813,2009-12-06 10:16:00,2011-10-31 10:38:00,8,2387.4700000000003,135,Germany,1446
13814,2010-06-30 14:12:00,2011-09-08 13:48:00,3,2257.32,79,Germany,1447
13815,2010-02-12 10:26:00,2011-11-17 14:19:00,8,6737.74,349,Germany,1448
13816,2011-10-06 14:37:00,2011-11-16 08:38:00,2,499.67,26,Germany,1449
13817,2010-12-23 11:46:00,2011-11-10 17:49:00,2,328.98,22,Germany,1450
13818,2010-10-06 12:35:00,2010-10-06 12:35:00,1,61.28,5,United Kingdom,1451
13819,2009-12-01 16:18:00,2011-02-11 10:38:00,6,2642.35,101,United Kingdom,1452
13820,2010-01-28 12:26:00,2010-10-17 13:46:00,3,652.75,89,United Kingdom,1453
13821,2010-01-04 13:36:00,2011-07-18 09:49:00,6,1379.08,204,United Kingdom,1454
13822,2011-10-30 15:55:00,2011-12-04 12:13:00,2,632.0,96,United Kingdom,1455
13823,2009-12-15 14:34:00,2011-11-21 10:22:00,7,3403.4500000000003,163,United Kingdom,1456
13824,2010-03-12 15:17:00,2011-11-07 12:41:00,12,3314.76,100,United Kingdom,1457
13825,2009-12-09 14:30:00,2010-03-28 11:02:00,2,255.59,40,United Kingdom,1458
13826,2011-06-16 13:48:00,2011-06-16 13:48:00,1,189.5,10,United Kingdom,1459
13827,2011-07-19 15:38:00,2011-10-13 12:38:00,3,409.8,92,United Kingdom,1460
13828,2011-11-17 16:02:00,2011-11-17 16:02:00,1,209.49,15,United Kingdom,1461
13829,2010-10-14 18:19:00,2010-10-14 18:19:00,1,102.0,1,United Kingdom,1462
13830,2010-05-07 12:24:00,2010-05-07 12:24:00,1,156.85000000000002,11,United Kingdom,1463
13831,2009-12-10 14:50:00,2011-11-23 15:41:00,18,6993.54,184,United Kingdom,1464
13832,2010-10-13 14:41:00,2011-11-20 15:36:00,2,609.89,55,United Kingdom,1465
13833,2010-10-31 14:11:00,2011-07-03 13:27:00,2,700.41,44,United Kingdom,1466
13834,2010-02-08 12:52:00,2010-05-12 10:27:00,2,324.19,16,United Kingdom,1467
13835,2010-03-04 08:26:00,2011-11-14 15:37:00,7,1095.27,71,United Kingdom,1468
13836,2010-10-21 13:27:00,2010-11-05 13:31:00,2,620.37,31,United Kingdom,1469
13837,2011-01-26 12:15:00,2011-05-12 12:10:00,2,266.59000000000003,18,United Kingdom,1470
13838,2010-05-09 11:40:00,2011-12-04 11:00:00,10,1920.73,452,United Kingdom,1471
13839,2010-08-10 13:52:00,2010-08-10 13:52:00,1,139.95000000000002,7,United Kingdom,1472
13840,2010-10-19 13:34:00,2010-10-19 13:34:00,1,651.4,40,United Kingdom,1473
13841,2011-04-01 12:10:00,2011-04-01 12:10:00,1,85.0,1,United Kingdom,1474
13842,2010-02-16 15:54:00,2011-10-12 10:51:00,18,5629.91,355,United Kingdom,1475
13843,2010-11-23 17:48:00,2010-11-23 17:48:00,1,319.75,18,United Kingdom,1476
13844,2011-11-28 13:21:00,2011-11-28 13:21:00,1,361.62,20,United Kingdom,1477
13845,2011-10-06 08:25:00,2011-10-06 08:25:00,1,312.98,9,United Kingdom,1478
13846,2010-11-05 09:47:00,2011-11-15 12:07:00,4,1307.79,81,United Kingdom,1479
13847,2009-12-20 10:41:00,2009-12-20 10:41:00,1,310.72,19,United Kingdom,1480
13848,2009-12-09 16:17:00,2011-09-08 12:58:00,8,3335.0,11,United Kingdom,1481
13849,2010-03-25 12:03:00,2011-10-19 10:59:00,5,3469.3,220,United Kingdom,1482
13850,2011-08-02 14:04:00,2011-08-02 14:04:00,1,1595.48,93,United Kingdom,1483
13851,2010-01-29 11:54:00,2011-09-05 12:36:00,8,4606.46,140,United Kingdom,1484
13852,2010-04-08 09:06:00,2010-04-08 09:06:00,1,187.35000000000002,11,United Kingdom,1485
13853,2011-10-13 14:18:00,2011-10-13 14:18:00,1,1090.14,23,United Kingdom,1486
13854,2010-01-08 11:28:00,2011-12-01 09:06:00,39,12253.96,181,United Kingdom,1487
13855,2009-12-08 16:56:00,2010-07-27 09:53:00,4,1310.3400000000001,73,United Kingdom,1488
13856,2010-03-30 15:40:00,2011-06-24 10:03:00,11,1142.03,54,United Kingdom,1489
13857,2010-05-17 14:21:00,2010-11-11 12:54:00,6,1000.91,127,United Kingdom,1490
13858,2011-10-13 16:17:00,2011-10-13 16:17:00,1,216.17,11,United Kingdom,1491
13859,2010-06-28 15:36:00,2011-01-17 16:14:00,2,515.86,36,United Kingdom,1492
13860,2011-09-14 09:27:00,2011-12-08 12:57:00,5,1245.9,76,United Kingdom,1493
13861,2010-06-27 11:37:00,2010-10-06 14:20:00,2,273.26,21,United Kingdom,1494
13862,2010-11-15 13:43:00,2011-11-21 16:24:00,9,2556.09,160,United Kingdom,1495
13863,2010-04-25 13:09:00,2011-04-06 10:20:00,4,1239.55,70,United Kingdom,1496
13864,2010-11-18 12:50:00,2010-11-18 12:50:00,1,662.4000000000001,1,United Kingdom,1497
13865,2011-02-23 12:04:00,2011-10-12 13:31:00,4,501.56,30,United Kingdom,1498
13866,2011-09-26 14:54:00,2011-09-26 14:54:00,1,145.67000000000002,7,United Kingdom,1499
13867,2011-05-05 17:28:00,2011-11-08 15:48:00,3,1005.09,60,United Kingdom,1500
13868,2011-11-01 12:45:00,2011-12-02 16:32:00,2,3192.54,33,United Kingdom,1501
13869,2010-01-17 14:53:00,2011-08-08 13:53:00,10,7996.87,838,United Kingdom,1502
13870,2010-02-08 12:08:00,2011-12-07 13:23:00,15,5712.08,241,United Kingdom,1503
13871,2009-12-20 13:09:00,2011-11-17 10:49:00,17,7885.85,402,United Kingdom,1504
13872,2009-12-14 09:56:00,2010-06-30 15:35:00,3,919.57,57,United Kingdom,1505
13873,2010-03-03 12:31:00,2011-08-12 10:08:00,8,1038.92,60,United Kingdom,1506
13874,2010-02-04 18:39:00,2010-12-16 18:20:00,7,2049.15,69,United Kingdom,1507
13875,2009-12-17 10:30:00,2011-10-17 09:36:00,14,4814.37,270,United Kingdom,1508
13876,2011-10-07 10:22:00,2011-10-07 10:22:00,1,122.7,7,United Kingdom,1509
13877,2010-01-19 10:53:00,2011-09-14 15:49:00,3,449.68,23,United Kingdom,1510
13878,2010-04-14 13:50:00,2011-10-16 12:19:00,4,2416.9,102,United Kingdom,1511
13879,2010-03-04 10:49:00,2010-03-04 10:49:00,1,395.5,25,United Kingdom,1512
13880,2010-05-26 14:29:00,2011-11-18 13:44:00,17,4391.66,229,United Kingdom,1513
13881,2010-03-04 14:41:00,2011-12-06 12:50:00,43,45179.1,457,United Kingdom,1514
13882,2011-10-06 15:28:00,2011-12-07 11:16:00,5,1191.13,65,United Kingdom,1515
13883,2010-02-28 12:53:00,2011-11-29 10:45:00,14,6535.37,314,United Kingdom,1516
13884,2010-08-26 19:57:00,2011-12-02 16:30:00,10,1825.03,182,United Kingdom,1517
13885,2011-05-23 08:52:00,2011-06-03 15:07:00,2,506.8,28,United Kingdom,1518
13886,2011-09-29 13:17:00,2011-09-29 13:17:00,1,243.56,16,United Kingdom,1519
13887,2011-05-19 17:22:00,2011-05-19 17:22:00,1,349.55,19,United Kingdom,1520
13888,2010-05-13 11:57:00,2011-08-12 10:13:00,7,2001.59,171,United Kingdom,1521
13889,2010-01-22 14:32:00,2011-09-08 09:13:00,6,1991.23,83,United Kingdom,1522
13890,2009-12-06 15:15:00,2011-12-08 15:36:00,14,2927.38,173,United Kingdom,1523
13891,2010-05-06 16:02:00,2010-11-26 15:57:00,3,859.21,99,United Kingdom,1524
13892,2010-05-13 10:32:00,2011-11-13 11:50:00,6,1267.6499999999999,36,United Kingdom,1525
13893,2011-02-15 11:30:00,2011-02-15 11:30:00,1,821.1,21,United Kingdom,1526
13894,2011-02-02 12:54:00,2011-11-16 09:44:00,3,564.62,27,United Kingdom,1527
13895,2009-12-03 13:09:00,2011-11-11 16:57:00,6,4008.52,186,United Kingdom,1528
13896,2010-03-24 08:55:00,2010-03-24 08:55:00,1,388.55,21,United Kingdom,1529
13897,2010-01-31 13:48:00,2011-10-20 14:30:00,3,1160.72,59,United Kingdom,1530
13898,2010-10-24 15:42:00,2011-01-18 10:28:00,2,686.4,46,United Kingdom,1531
13899,2011-03-10 09:30:00,2011-11-23 13:40:00,2,388.52,19,United Kingdom,1532
13900,2010-03-25 13:46:00,2011-06-09 19:26:00,6,1610.59,95,United Kingdom,1533
13901,2010-01-05 09:29:00,2011-09-28 14:48:00,15,5676.34,310,United Kingdom,1534
13902,2009-12-15 10:02:00,2010-03-17 13:09:00,5,34023.26,62,Denmark,1535
13903,2010-11-04 17:44:00,2010-11-04 17:44:00,1,165.45000000000002,10,United Kingdom,1536
13904,2011-02-18 11:18:00,2011-11-02 13:41:00,2,332.64,26,United Kingdom,1537
13905,2009-12-07 11:41:00,2009-12-07 11:41:00,1,312.65,12,United Kingdom,1538
13906,2010-10-26 15:00:00,2010-10-26 15:00:00,1,42.0,1,United Kingdom,1539
13907,2010-01-17 12:22:00,2010-01-17 12:22:00,1,136.8,4,United Kingdom,1540
13908,2011-03-08 12:04:00,2011-09-21 11:49:00,4,2369.55,122,United Kingdom,1541
13909,2010-07-06 16:52:00,2010-10-12 17:22:00,2,282.85,38,United Kingdom,1542
13911,2010-03-01 16:31:00,2011-10-13 15:43:00,20,4234.99,238,United Kingdom,1543
13912,2010-10-12 08:43:00,2010-10-12 08:43:00,1,124.95,7,United Kingdom,1544
13913,2010-07-21 10:11:00,2010-07-21 10:11:00,1,42.22,3,United Kingdom,1545
13914,2011-11-03 16:28:00,2011-11-28 10:35:00,2,626.45,33,United Kingdom,1546
13915,2010-11-10 15:17:00,2010-11-10 15:17:00,1,70.80000000000001,2,United Kingdom,1547
13916,2010-02-02 10:06:00,2010-09-02 10:04:00,4,1275.81,74,United Kingdom,1548
13917,2011-06-01 12:46:00,2011-10-21 09:56:00,2,272.04,18,United Kingdom,1549
13918,2011-03-31 18:05:00,2011-10-21 12:25:00,2,1212.8400000000001,30,United Kingdom,1550
13919,2010-06-17 09:30:00,2011-10-11 14:24:00,4,1252.68,73,Denmark,1551
13920,2010-05-26 15:48:00,2010-10-04 12:37:00,4,1774.68,86,United Kingdom,1552
13921,2009-12-18 12:19:00,2010-11-02 16:32:00,4,730.7,44,United Kingdom,1553
13922,2010-08-29 14:36:00,2010-12-23 10:38:00,3,865.2,30,United Kingdom,1554
13923,2011-10-17 12:33:00,2011-10-17 12:33:00,1,351.13,20,United Kingdom,1555
13924,2011-09-28 15:07:00,2011-12-08 09:39:00,6,1838.8500000000001,117,United Kingdom,1556
13925,2011-07-28 12:09:00,2011-09-08 12:47:00,4,678.25,41,United Kingdom,1557
13926,2011-11-16 13:16:00,2011-11-16 13:16:00,1,223.85000000000002,11,United Kingdom,1558
13927,2010-09-28 16:12:00,2011-09-26 12:00:00,2,708.26,41,United Kingdom,1559
13928,2011-07-29 15:59:00,2011-11-29 10:33:00,4,464.57,27,United Kingdom,1560
13929,2010-01-14 07:25:00,2011-06-23 15:26:00,11,3494.1,57,United Kingdom,1561
13930,2011-07-26 11:00:00,2011-10-13 09:45:00,2,337.34,17,United Kingdom,1562
13931,2009-12-03 10:26:00,2011-09-05 10:12:00,11,5257.38,271,United Kingdom,1563
13932,2011-02-18 12:02:00,2011-02-18 12:02:00,1,307.4,16,United Kingdom,1564
13933,2011-07-14 13:35:00,2011-08-22 14:03:00,2,608.7900000000001,23,United Kingdom,1565
13934,2011-03-21 08:39:00,2011-03-21 08:39:00,1,922.1,31,United Kingdom,1566
13935,2010-02-25 16:01:00,2010-04-22 11:21:00,3,6116.92,80,United Kingdom,1567
13936,2010-10-21 14:21:00,2011-06-13 08:47:00,3,939.66,59,United Kingdom,1568
13937,2010-11-02 12:37:00,2011-06-23 16:35:00,2,880.13,54,United Kingdom,1569
13938,2011-11-04 14:37:00,2011-11-04 14:37:00,1,71.66,7,United Kingdom,1570
13939,2010-04-06 12:43:00,2011-11-16 13:33:00,7,1560.96,110,United Kingdom,1571
13940,2011-07-18 16:05:00,2011-11-22 15:15:00,4,839.14,49,United Kingdom,1572
13941,2009-12-16 16:10:00,2011-11-18 09:43:00,15,11122.300000000001,105,United Kingdom,1573
13942,2010-06-23 12:35:00,2010-06-23 12:35:00,1,320.0,1,United Kingdom,1574
13943,2010-05-11 11:30:00,2010-05-11 11:30:00,1,246.54,15,United Kingdom,1575
13944,2010-02-24 15:02:00,2010-02-24 15:02:00,1,200.43,35,United Kingdom,1576
13945,2010-08-17 09:59:00,2010-11-10 10:00:00,2,854.15,51,United Kingdom,1577
13946,2009-12-04 11:07:00,2011-09-21 13:33:00,6,1876.23,56,United Kingdom,1578
13947,2011-10-05 14:42:00,2011-10-05 14:42:00,1,90.6,5,United Kingdom,1579
13948,2009-12-04 12:14:00,2010-12-14 10:18:00,4,548.76,24,United Kingdom,1580
13949,2011-09-06 11:55:00,2011-12-07 09:35:00,6,2427.32,160,United Kingdom,1581
13950,2011-04-07 11:29:00,2011-11-28 14:44:00,4,745.06,35,United Kingdom,1582
13951,2011-02-18 15:21:00,2011-06-16 16:43:00,3,674.45,39,United Kingdom,1583
13952,2009-12-16 09:41:00,2011-05-06 09:00:00,14,12823.52,408,United Kingdom,1584
13953,2009-12-11 12:58:00,2011-12-02 16:04:00,12,6640.68,25,United Kingdom,1585
13954,2011-09-30 10:52:00,2011-12-08 12:50:00,2,439.92,25,United Kingdom,1586
13955,2010-11-29 17:35:00,2011-07-08 17:19:00,3,544.0699999999999,85,United Kingdom,1587
13956,2011-03-13 12:51:00,2011-12-04 13:20:00,5,1019.27,147,United Kingdom,1588
13957,2010-02-19 10:32:00,2010-10-18 10:02:00,3,458.25,27,United Kingdom,1589
13958,2009-12-05 13:12:00,2010-11-25 10:11:00,8,4709.2300000000005,227,United Kingdom,1590
13959,2010-07-16 15:11:00,2011-09-21 15:06:00,6,1064.77,157,United Kingdom,1591
13960,2011-09-29 12:39:00,2011-11-18 15:27:00,2,230.22,12,United Kingdom,1592
13961,2010-11-12 14:40:00,2010-11-12 14:40:00,1,538.4,19,United Kingdom,1593
13962,2010-09-30 10:35:00,2011-11-18 08:47:00,3,362.8,23,United Kingdom,1594
13963,2010-04-21 16:20:00,2011-02-04 14:43:00,17,3011.87,172,United Kingdom,1595
13964,2010-10-05 12:38:00,2010-11-17 13:53:00,2,438.9,24,United Kingdom,1596
13965,2010-01-05 15:21:00,2010-08-20 10:40:00,3,996.61,24,United Kingdom,1597
13966,2010-09-30 13:08:00,2010-09-30 13:08:00,1,384.26,21,United Kingdom,1598
13967,2010-11-08 13:24:00,2011-07-17 12:02:00,2,166.3,6,United Kingdom,1599
13968,2010-10-12 13:22:00,2010-10-12 13:22:00,1,123.66,8,United Kingdom,1600
13969,2010-03-25 13:15:00,2011-12-02 15:11:00,35,13291.05,1089,United Kingdom,1601
13970,2010-09-28 11:53:00,2010-11-18 13:21:00,2,846.55,13,United Kingdom,1602
13971,2010-01-26 09:51:00,2011-11-21 12:06:00,14,4667.57,255,United Kingdom,1603
13972,2011-05-22 11:34:00,2011-09-30 11:54:00,2,190.25,15,United Kingdom,1604
13973,2011-02-25 15:21:00,2011-02-25 15:21:00,1,264.7,11,United Kingdom,1605
13974,2010-05-06 17:55:00,2011-10-21 14:41:00,2,677.72,43,United Kingdom,1606
13975,2010-02-02 13:13:00,2011-11-08 13:19:00,12,5256.4,737,United Kingdom,1607
13976,2010-02-09 13:08:00,2011-05-17 09:13:00,4,1192.36,56,United Kingdom,1608
13977,2010-10-24 14:08:00,2010-10-24 14:08:00,1,519.8100000000001,13,United Kingdom,1609
13978,2011-10-25 15:04:00,2011-11-25 11:36:00,2,196.79000000000002,15,United Kingdom,1610
13979,2009-12-03 10:02:00,2011-09-27 13:32:00,7,3373.63,391,United Kingdom,1611
13980,2010-02-21 14:18:00,2011-10-10 13:34:00,5,768.82,63,United Kingdom,1612
13981,2010-10-20 10:03:00,2010-10-20 10:03:00,1,331.14,22,United Kingdom,1613
13982,2010-01-20 14:04:00,2011-10-31 16:24:00,9,4382.89,248,United Kingdom,1614
13983,2009-12-09 13:53:00,2011-11-10 11:06:00,21,7083.25,340,United Kingdom,1615
13984,2009-12-07 11:51:00,2011-11-13 12:38:00,12,2048.6,93,United Kingdom,1616
13985,2010-02-09 13:56:00,2011-12-05 17:06:00,22,10020.86,480,United Kingdom,1617
13986,2011-11-22 15:00:00,2011-11-22 15:00:00,1,320.46,13,United Kingdom,1618
13987,2010-11-04 09:54:00,2010-11-25 10:20:00,2,682.54,46,United Kingdom,1619
13988,2010-03-24 11:05:00,2011-11-20 10:15:00,8,4757.8,295,United Kingdom,1620
13989,2010-05-25 12:13:00,2011-10-05 09:47:00,5,2026.06,86,United Kingdom,1621
13990,2011-05-10 15:19:00,2011-05-10 15:19:00,1,311.3,16,United Kingdom,1622
13991,2011-07-19 12:58:00,2011-11-27 16:18:00,6,851.88,81,United Kingdom,1623
13992,2010-09-02 17:04:00,2011-11-09 15:23:00,3,219.5,11,United Kingdom,1624
13993,2009-12-03 11:57:00,2011-10-28 09:06:00,19,6775.71,261,United Kingdom,1625
13994,2011-07-14 18:28:00,2011-12-06 11:05:00,6,2274.14,148,United Kingdom,1626
13995,2009-12-18 12:43:00,2011-11-24 14:22:00,14,3902.01,230,United Kingdom,1627
13996,2010-11-05 15:07:00,2010-11-18 16:27:00,2,895.76,33,United Kingdom,1628
13997,2010-06-07 17:33:00,2010-07-08 18:06:00,3,376.46,44,United Kingdom,1629
13998,2010-05-12 13:18:00,2010-09-19 10:20:00,3,566.7,31,United Kingdom,1630
13999,2009-12-05 12:42:00,2011-11-29 13:40:00,29,9502.26,466,United Kingdom,1631
14000,2009-12-02 09:50:00,2011-05-12 16:50:00,5,2046.3400000000001,49,United Kingdom,1632
14001,2010-08-03 12:49:00,2011-10-25 10:31:00,9,4530.09,112,United Kingdom,1633
14002,2011-07-06 14:59:00,2011-07-28 15:55:00,2,529.73,47,United Kingdom,1634
14003,2009-12-07 08:53:00,2009-12-07 08:53:00,1,209.41,16,United Kingdom,1635
14004,2010-09-30 09:39:00,2011-10-27 14:40:00,11,6258.45,241,United Kingdom,1636
14005,2011-05-08 10:33:00,2011-11-30 12:41:00,5,2874.72,84,United Kingdom,1637
14006,2010-02-25 09:45:00,2011-08-16 09:39:00,7,2196.67,77,United Kingdom,1638
14007,2010-07-15 09:06:00,2010-07-15 09:06:00,1,79.48,5,United Kingdom,1639
14008,2010-10-03 13:09:00,2010-10-03 13:09:00,1,509.04,32,United Kingdom,1640
14009,2010-09-03 12:08:00,2011-05-25 15:47:00,3,1099.91,74,United Kingdom,1641
14010,2010-05-23 12:46:00,2010-05-23 13:00:00,2,445.15,24,United Kingdom,1642
14011,2010-04-11 13:40:00,2010-08-16 15:31:00,2,457.82,32,United Kingdom,1643
14012,2011-03-07 12:26:00,2011-03-07 12:26:00,1,328.8,11,United Kingdom,1644
14013,2010-03-26 10:02:00,2011-08-21 15:01:00,5,1084.57,68,United Kingdom,1645
14014,2010-05-12 09:04:00,2011-09-23 13:18:00,3,1948.21,76,United Kingdom,1646
14015,2011-10-18 10:02:00,2011-10-18 10:02:00,1,917.34,20,United Kingdom,1647
14016,2010-01-08 14:12:00,2011-07-01 11:29:00,11,11403.41,448,EIRE,1648
14017,2010-05-17 14:52:00,2010-05-17 14:52:00,1,229.75,14,United Kingdom,1649
14018,2010-03-04 14:23:00,2010-03-04 14:23:00,1,367.15000000000003,13,United Kingdom,1650
14019,2011-07-24 15:39:00,2011-10-24 10:13:00,3,1421.61,66,United Kingdom,1651
14020,2010-06-28 15:29:00,2011-11-23 09:22:00,4,1249.01,72,United Kingdom,1652
14021,2010-04-26 11:22:00,2011-07-07 15:46:00,7,1716.58,90,United Kingdom,1653
14022,2010-08-10 09:38:00,2011-04-28 14:39:00,2,792.15,47,United Kingdom,1654
14023,2011-04-03 15:50:00,2011-12-02 13:58:00,2,584.07,31,United Kingdom,1655
14024,2010-11-14 10:51:00,2011-08-10 11:30:00,3,645.74,34,United Kingdom,1656
14025,2010-05-05 09:56:00,2010-09-01 10:11:00,8,4057.9,99,United Kingdom,1657
14026,2010-03-24 14:10:00,2010-08-26 10:31:00,2,713.11,50,United Kingdom,1658
14027,2011-10-10 09:01:00,2011-10-10 09:01:00,1,104.82,6,United Kingdom,1659
14028,2010-06-07 12:02:00,2010-06-07 13:33:00,3,10396.5,9,United Kingdom,1660
14029,2011-07-18 16:57:00,2011-10-07 14:46:00,2,467.66,15,United Kingdom,1661
14030,2009-12-10 17:27:00,2011-11-21 16:48:00,20,8198.3,851,United Kingdom,1662
14031,2009-12-03 15:35:00,2011-12-02 17:13:00,44,40919.58,778,United Kingdom,1663
14032,2009-12-14 12:02:00,2011-12-07 15:23:00,16,4850.2699999999995,244,United Kingdom,1664
14033,2010-06-02 15:10:00,2010-06-02 15:10:00,1,109.44,1,United Kingdom,1665
14034,2011-07-05 13:06:00,2011-11-17 14:02:00,3,648.89,86,United Kingdom,1666
14035,2010-04-06 12:39:00,2011-11-11 10:03:00,9,2794.75,145,United Kingdom,1667
14036,2011-02-28 09:26:00,2011-02-28 09:26:00,1,626.65,38,United Kingdom,1668
14037,2009-12-07 11:39:00,2011-06-16 13:57:00,6,836.95,114,United Kingdom,1669
14038,2010-02-04 08:56:00,2011-09-22 13:37:00,5,3069.88,161,United Kingdom,1670
14039,2010-05-13 10:15:00,2011-11-06 13:48:00,2,267.28000000000003,10,United Kingdom,1671
14040,2009-12-01 12:14:00,2011-10-30 12:42:00,35,12523.81,781,United Kingdom,1672
14041,2011-03-18 13:25:00,2011-03-18 13:25:00,1,141.41,21,United Kingdom,1673
14042,2009-12-14 15:07:00,2009-12-14 15:07:00,1,431.98,21,United Kingdom,1674
14043,2009-12-10 15:56:00,2010-08-05 18:18:00,2,302.6,41,United Kingdom,1675
14044,2010-01-24 15:14:00,2011-11-13 12:05:00,10,3073.95,825,United Kingdom,1676
14045,2010-01-08 10:08:00,2011-08-22 15:27:00,16,11313.029999999999,38,United Kingdom,1677
14046,2011-02-28 14:48:00,2011-02-28 14:48:00,1,151.59,13,United Kingdom,1678
14047,2010-02-01 10:05:00,2011-12-01 11:43:00,14,4255.03,164,United Kingdom,1679
14048,2010-11-22 14:08:00,2011-02-07 14:53:00,3,748.69,141,United Kingdom,1680
14049,2010-04-01 14:52:00,2011-11-23 12:20:00,13,13023.4,1061,United Kingdom,1681
14050,2011-08-25 13:46:00,2011-11-08 10:00:00,2,746.36,54,United Kingdom,1682
14051,2009-12-03 11:53:00,2011-12-09 10:20:00,37,22394.4,332,United Kingdom,1683
14052,2010-11-14 11:37:00,2011-11-20 12:30:00,2,466.66,121,United Kingdom,1684
14053,2010-08-10 11:02:00,2011-08-07 14:27:00,4,572.3,9,United Kingdom,1685
14054,2011-10-05 15:49:00,2011-10-05 15:49:00,1,92.46,6,United Kingdom,1686
14055,2009-12-16 15:11:00,2011-08-25 15:04:00,3,1520.96,33,United Kingdom,1687
14056,2011-02-28 15:19:00,2011-12-08 13:36:00,23,8152.71,1088,United Kingdom,1688
14057,2009-12-03 13:17:00,2011-11-16 10:32:00,22,8346.66,447,United Kingdom,1689
14058,2010-06-27 11:29:00,2010-09-03 09:31:00,2,469.19,24,United Kingdom,1690
14059,2011-03-18 10:06:00,2011-03-18 10:06:00,1,183.6,8,United Kingdom,1691
14060,2010-03-11 09:47:00,2011-12-05 12:29:00,30,9519.08,270,United Kingdom,1692
14061,2009-12-01 18:03:00,2010-07-20 17:22:00,3,917.4300000000001,19,United Kingdom,1693
14062,2009-12-10 14:28:00,2011-11-30 10:04:00,24,25585.65,340,United Kingdom,1694
14063,2009-12-08 13:46:00,2010-01-22 11:28:00,7,9471.5,38,United Kingdom,1695
14064,2010-01-21 13:22:00,2011-11-10 13:14:00,15,3260.24,236,United Kingdom,1696
14065,2010-10-04 12:03:00,2010-11-15 16:13:00,3,891.02,49,United Kingdom,1697
14066,2011-03-18 12:21:00,2011-03-18 12:21:00,1,152.55,7,United Kingdom,1698
14067,2011-09-04 12:00:00,2011-10-07 10:21:00,2,374.7,52,United Kingdom,1699
14068,2010-01-31 10:10:00,2011-01-23 16:02:00,4,1516.72,108,United Kingdom,1700
14069,2010-05-27 12:30:00,2010-07-13 12:12:00,2,225.81,41,United Kingdom,1701
14070,2010-01-24 12:27:00,2010-01-24 12:27:00,1,321.6,41,United Kingdom,1702
14071,2011-03-20 11:33:00,2011-12-06 12:27:00,8,1422.75,321,United Kingdom,1703
14072,2010-02-11 12:31:00,2010-02-11 12:31:00,1,390.85,19,United Kingdom,1704
14073,2011-11-07 15:49:00,2011-11-07 15:49:00,1,151.04,13,United Kingdom,1705
14074,2010-03-26 13:55:00,2010-03-26 13:55:00,1,219.39999999999998,6,United Kingdom,1706
14075,2010-08-26 13:42:00,2011-12-05 08:38:00,5,1724.87,80,United Kingdom,1707
14076,2011-08-02 15:19:00,2011-08-02 15:19:00,1,118.67,44,United Kingdom,1708
14077,2010-11-09 16:01:00,2011-10-30 12:35:00,6,615.0799999999999,56,United Kingdom,1709
14078,2010-03-28 15:05:00,2011-08-30 12:16:00,9,1688.06,160,United Kingdom,1710
14079,2010-01-26 17:19:00,2011-08-07 12:10:00,2,618.73,13,United Kingdom,1711
14080,2009-12-02 15:01:00,2011-11-07 11:09:00,5,1115.68,83,United Kingdom,1712
14081,2009-12-10 18:27:00,2011-02-10 16:17:00,10,5291.09,913,United Kingdom,1713
14082,2010-11-12 11:47:00,2010-12-10 11:02:00,2,413.36,65,United Kingdom,1714
14083,2009-12-18 11:34:00,2011-12-05 13:14:00,11,1376.2,247,United Kingdom,1715
14084,2010-07-15 14:36:00,2010-07-15 14:36:00,1,150.5,7,United Kingdom,1716
14085,2009-12-08 13:41:00,2011-12-07 13:46:00,32,10013.72,1056,United Kingdom,1717
14086,2010-09-03 10:52:00,2010-09-03 10:52:00,1,39.95,1,United Kingdom,1718
14087,2009-12-04 15:27:00,2011-12-07 12:41:00,3,829.47,213,United Kingdom,1719
14088,2010-10-14 19:46:00,2011-11-29 16:16:00,16,64036.8,682,United Kingdom,1720
14089,2011-10-14 10:38:00,2011-10-14 10:38:00,1,158.75,13,United Kingdom,1721
14090,2011-01-19 10:51:00,2011-01-19 10:51:00,1,76.32000000000001,1,United Kingdom,1722
14091,2010-01-10 13:41:00,2010-02-23 15:17:00,2,9530.08,13,United Kingdom,1723
14092,2009-12-16 16:24:00,2011-12-02 12:13:00,24,7229.45,373,United Kingdom,1724
14093,2011-11-27 16:27:00,2011-11-27 16:27:00,1,433.86,100,United Kingdom,1725
14094,2010-09-26 11:58:00,2010-09-26 11:58:00,1,311.77,43,United Kingdom,1726
14095,2009-12-17 12:49:00,2009-12-17 12:49:00,1,2.95,1,United Kingdom,1727
14096,2011-08-30 10:49:00,2011-12-05 17:17:00,17,53258.43,5095,United Kingdom,1728
14097,2010-03-04 10:46:00,2010-08-15 14:20:00,2,422.85999999999996,40,United Kingdom,1729
14098,2011-11-03 10:13:00,2011-11-03 10:13:00,1,147.35,21,United Kingdom,1730
14099,2009-12-10 11:55:00,2011-11-23 13:53:00,20,5750.91,521,United Kingdom,1731
14100,2011-07-25 11:01:00,2011-07-25 11:01:00,1,191.95000000000002,25,United Kingdom,1732
14101,2010-03-28 13:36:00,2011-09-27 12:28:00,13,9961.93,90,United Kingdom,1733
14102,2011-10-26 12:46:00,2011-12-04 15:38:00,5,1105.8799999999999,58,United Kingdom,1734
14104,2010-05-28 16:11:00,2011-07-08 12:50:00,5,740.53,134,United Kingdom,1735
14105,2009-12-18 16:57:00,2011-04-14 17:58:00,5,5988.83,279,United Kingdom,1736
14106,2009-12-02 14:09:00,2009-12-02 14:09:00,1,214.79999999999998,1,United Kingdom,1737
14107,2009-12-09 14:20:00,2011-10-19 12:12:00,11,4877.3,236,United Kingdom,1738
14108,2009-12-01 18:07:00,2011-11-09 10:41:00,4,1044.96,52,United Kingdom,1739
14109,2011-09-28 10:18:00,2011-09-28 10:18:00,1,144.2,9,United Kingdom,1740
14110,2009-12-01 09:50:00,2011-12-06 12:26:00,33,12987.95,399,United Kingdom,1741
14111,2011-04-12 11:36:00,2011-11-25 13:44:00,4,692.85,10,United Kingdom,1742
14112,2010-02-23 14:16:00,2011-11-17 12:30:00,13,5834.59,326,United Kingdom,1743
14113,2009-12-08 07:42:00,2011-12-06 12:18:00,16,7092.610000000001,122,United Kingdom,1744
14114,2010-04-12 11:07:00,2011-03-11 09:42:00,7,1364.09,74,United Kingdom,1745
14115,2010-02-11 11:44:00,2010-07-26 12:36:00,2,622.6700000000001,22,United Kingdom,1746
14116,2011-08-10 12:44:00,2011-11-20 10:29:00,5,1382.74,72,United Kingdom,1747
14117,2011-07-19 09:49:00,2011-07-19 09:49:00,1,90.0,3,United Kingdom,1748
14118,2010-10-07 11:59:00,2010-10-07 11:59:00,1,458.45,15,United Kingdom,1749
14119,2009-12-21 14:52:00,2010-11-29 10:33:00,2,183.37,11,United Kingdom,1750
14121,2011-10-11 10:39:00,2011-12-06 12:19:00,4,2780.15,159,United Kingdom,1751
14122,2009-12-02 14:22:00,2010-10-29 15:11:00,3,362.42,13,United Kingdom,1752
14123,2009-12-06 15:35:00,2009-12-06 15:35:00,1,436.18,24,United Kingdom,1753
14124,2011-09-16 13:32:00,2011-09-16 13:32:00,1,419.58000000000004,5,United Kingdom,1754
14125,2011-09-22 15:40:00,2011-11-29 12:47:00,3,2720.63,166,United Kingdom,1755
14126,2010-09-21 14:51:00,2011-12-02 11:45:00,4,1172.46,43,United Kingdom,1756
14127,2010-10-10 11:53:00,2011-08-09 10:49:00,6,1900.0800000000002,117,United Kingdom,1757
14128,2010-06-06 14:05:00,2011-10-10 12:00:00,3,924.21,65,United Kingdom,1758
14129,2010-05-09 14:54:00,2011-12-08 11:02:00,9,2591.34,109,United Kingdom,1759
14130,2009-12-11 16:33:00,2011-01-24 16:05:00,4,1858.77,220,United Kingdom,1760
14131,2010-03-01 11:59:00,2010-03-01 11:59:00,1,168.22,46,United Kingdom,1761
14132,2011-06-09 12:04:00,2011-12-07 13:35:00,11,3586.0299999999997,200,United Kingdom,1762
14133,2009-12-06 12:10:00,2011-08-02 11:34:00,4,911.14,36,United Kingdom,1763
14134,2009-12-10 09:25:00,2010-11-22 12:26:00,15,11123.35,180,United Kingdom,1764
14135,2009-12-02 08:58:00,2011-12-08 11:38:00,24,9643.92,256,United Kingdom,1765
14136,2009-12-08 09:19:00,2010-11-04 11:53:00,5,1570.81,106,United Kingdom,1766
14137,2010-01-13 12:30:00,2010-01-13 12:30:00,1,332.7,11,United Kingdom,1767
14138,2011-10-07 09:38:00,2011-12-08 12:44:00,2,965.8800000000001,46,United Kingdom,1768
14139,2010-06-15 09:17:00,2011-10-24 13:34:00,4,1086.8,69,United Kingdom,1769
14140,2011-11-08 11:20:00,2011-12-06 09:05:00,2,935.05,66,United Kingdom,1770
14141,2011-08-26 14:40:00,2011-12-07 09:53:00,4,915.13,40,United Kingdom,1771
14142,2010-03-03 15:13:00,2010-12-01 16:33:00,2,983.15,66,United Kingdom,1772
14143,2011-07-29 09:48:00,2011-07-29 09:48:00,1,115.8,7,United Kingdom,1773
14144,2010-08-10 15:17:00,2010-08-10 15:17:00,1,30.599999999999998,1,United Kingdom,1774
14145,2010-04-08 09:47:00,2011-10-24 12:10:00,7,7600.05,25,United Kingdom,1775
14146,2010-01-13 16:04:00,2011-12-01 10:18:00,12,9450.3,456,United Kingdom,1776
14147,2010-03-09 13:43:00,2011-09-22 18:10:00,9,2590.2,30,United Kingdom,1777
14148,2010-10-21 14:08:00,2011-04-20 12:02:00,2,466.29,17,United Kingdom,1778
14149,2011-05-03 09:44:00,2011-05-03 09:44:00,1,446.62,28,United Kingdom,1779
14150,2010-12-15 10:04:00,2011-11-04 10:05:00,2,658.64,26,United Kingdom,1780
14151,2009-12-23 10:54:00,2010-02-04 15:35:00,2,679.45,44,United Kingdom,1781
14152,2010-02-18 13:57:00,2011-09-25 12:54:00,7,1997.3400000000001,133,United Kingdom,1782
14153,2010-08-13 14:35:00,2010-08-13 14:35:00,1,233.4,17,United Kingdom,1783
14154,2010-01-13 12:47:00,2011-04-14 16:26:00,8,6460.7,292,United Kingdom,1784
14155,2011-03-18 14:13:00,2011-03-18 14:13:00,1,118.75,6,United Kingdom,1785
14156,2009-12-01 12:30:00,2011-11-30 10:54:00,151,305581.37,4036,EIRE,1786
14157,2010-03-03 16:49:00,2011-11-20 11:32:00,5,978.69,85,United Kingdom,1787
14158,2011-10-30 15:08:00,2011-10-30 15:08:00,1,507.66,41,United Kingdom,1788
14159,2009-12-03 12:31:00,2011-11-20 12:36:00,20,7849.58,1834,United Kingdom,1789
14160,2010-01-10 12:06:00,2010-04-08 14:30:00,7,8421.47,107,United Kingdom,1790
14161,2009-12-13 11:46:00,2011-05-08 11:41:00,7,3280.08,303,United Kingdom,1791
14162,2011-02-20 12:32:00,2011-06-19 11:36:00,2,289.36,25,United Kingdom,1792
14163,2010-09-03 17:15:00,2011-09-13 15:18:00,5,2594.62,58,United Kingdom,1793
14164,2011-09-20 12:18:00,2011-09-30 12:24:00,2,1631.77,29,United Kingdom,1794
14165,2011-03-09 12:39:00,2011-03-09 12:39:00,1,120.44,24,United Kingdom,1795
14166,2010-03-23 15:10:00,2010-07-22 19:42:00,2,251.15,51,United Kingdom,1796
14167,2010-01-27 16:07:00,2011-10-31 14:29:00,8,1274.29,115,United Kingdom,1797
14168,2010-05-24 12:28:00,2010-10-15 10:49:00,2,370.45,15,United Kingdom,1798
14169,2010-09-21 13:39:00,2010-10-05 08:45:00,2,613.11,63,United Kingdom,1799
14170,2010-11-09 14:06:00,2010-11-29 13:10:00,3,570.18,145,United Kingdom,1800
14171,2009-12-09 13:50:00,2011-09-02 16:43:00,2,498.79,64,United Kingdom,1801
14172,2010-03-07 10:58:00,2010-04-13 13:26:00,3,369.02,44,United Kingdom,1802
14173,2009-12-09 12:46:00,2011-11-29 11:54:00,6,586.0,33,United Kingdom,1803
14174,2011-11-06 13:17:00,2011-11-06 13:17:00,1,134.46,26,United Kingdom,1804
14175,2010-03-22 10:43:00,2011-10-11 11:55:00,8,7678.88,331,United Kingdom,1805
14176,2010-11-23 13:21:00,2011-02-15 13:12:00,5,916.01,46,United Kingdom,1806
14177,2010-02-26 11:59:00,2011-09-14 15:11:00,13,2209.69,205,United Kingdom,1807
14178,2011-06-10 12:51:00,2011-12-01 12:01:00,7,1580.26,316,United Kingdom,1808
14179,2011-10-18 14:00:00,2011-10-30 12:07:00,2,701.57,157,United Kingdom,1809
14180,2010-06-09 14:56:00,2011-11-29 10:56:00,33,6319.25,301,United Kingdom,1810
14181,2010-05-26 12:32:00,2010-10-25 08:27:00,2,308.35,52,United Kingdom,1811
14182,2010-04-22 15:36:00,2010-09-22 11:45:00,4,678.77,50,United Kingdom,1812
14183,2010-08-15 15:36:00,2010-10-24 14:45:00,2,278.34000000000003,34,United Kingdom,1813
14184,2011-10-04 12:43:00,2011-10-04 12:43:00,1,452.89,24,United Kingdom,1814
14185,2011-01-12 13:52:00,2011-01-12 13:52:00,1,197.65,3,United Kingdom,1815
14186,2010-03-05 11:17:00,2010-10-08 13:30:00,5,1550.63,104,United Kingdom,1816
14187,2010-08-23 12:06:00,2010-08-23 12:06:00,1,123.5,8,United Kingdom,1817
14188,2011-02-02 13:46:00,2011-11-09 12:45:00,6,2054.36,65,United Kingdom,1818
14189,2010-11-16 09:28:00,2011-12-07 15:55:00,16,5814.39,316,United Kingdom,1819
14190,2010-02-11 14:27:00,2010-02-11 14:27:00,1,79.9,1,United Kingdom,1820
14191,2009-12-11 10:48:00,2011-12-08 09:23:00,15,4817.66,265,United Kingdom,1821
14192,2010-11-16 17:44:00,2010-11-16 17:44:00,1,293.74,14,United Kingdom,1822
14193,2010-11-08 12:31:00,2011-10-03 09:34:00,3,1210.19,64,United Kingdom,1823
14194,2010-01-06 12:16:00,2011-12-05 10:38:00,36,18670.59,952,United Kingdom,1824
14195,2010-03-15 17:12:00,2011-05-22 10:29:00,6,2615.6,16,United Kingdom,1825
14196,2011-08-25 10:25:00,2011-08-25 10:25:00,1,335.52,6,United Kingdom,1826
14197,2010-10-25 10:01:00,2010-10-25 10:01:00,1,390.05,20,United Kingdom,1827
14198,2010-01-05 10:07:00,2011-11-21 16:35:00,9,1569.73,91,United Kingdom,1828
14199,2010-06-27 12:13:00,2011-05-05 13:44:00,4,1091.7,18,United Kingdom,1829
14200,2010-04-01 13:01:00,2010-04-01 13:01:00,1,379.2,21,United Kingdom,1830
14201,2010-04-30 13:00:00,2011-10-10 13:27:00,10,1193.54,55,United Kingdom,1831
14202,2010-03-25 10:36:00,2010-11-23 17:13:00,3,847.76,29,United Kingdom,1832
14203,2010-11-07 13:35:00,2010-11-07 13:35:00,1,339.34,16,United Kingdom,1833
14204,2009-12-02 13:26:00,2011-12-07 13:38:00,4,1024.83,220,United Kingdom,1834
14205,2010-03-07 12:20:00,2011-11-23 10:55:00,9,2414.2,123,United Kingdom,1835
14206,2010-11-02 11:37:00,2011-04-14 16:38:00,3,1185.01,71,United Kingdom,1836
14207,2010-01-21 09:33:00,2010-01-21 09:33:00,1,157.8,2,United Kingdom,1837
14208,2010-06-06 13:11:00,2011-09-06 12:48:00,2,567.05,35,United Kingdom,1838
14209,2010-01-22 10:28:00,2011-11-29 10:18:00,15,4993.27,231,United Kingdom,1839
14210,2010-01-06 10:17:00,2011-08-26 12:36:00,16,5861.52,329,United Kingdom,1840
14211,2009-12-09 12:48:00,2011-10-17 13:23:00,18,4402.29,240,United Kingdom,1841
14212,2010-09-20 11:48:00,2011-09-11 12:45:00,2,2190.14,21,United Kingdom,1842
14213,2010-10-31 10:37:00,2010-10-31 10:37:00,1,1192.2,5,United Kingdom,1843
14214,2011-03-07 12:26:00,2011-11-09 10:31:00,5,1004.38,67,United Kingdom,1844
14215,2009-12-08 09:35:00,2011-11-28 12:19:00,9,3416.33,192,United Kingdom,1845
14216,2010-10-21 15:07:00,2011-12-06 14:56:00,5,2150.04,77,United Kingdom,1846
14217,2010-06-30 12:54:00,2011-12-08 11:53:00,23,3416.89,181,United Kingdom,1847
14218,2011-10-28 10:00:00,2011-10-28 10:00:00,1,169.48000000000002,12,United Kingdom,1848
14219,2010-08-03 14:42:00,2011-12-05 16:23:00,3,633.83,43,United Kingdom,1849
14220,2010-05-19 13:26:00,2011-04-06 13:23:00,4,1515.0,38,United Kingdom,1850
14221,2010-04-06 14:10:00,2011-10-28 13:42:00,17,6517.49,347,United Kingdom,1851
14222,2011-06-15 16:42:00,2011-06-15 16:42:00,1,683.17,41,United Kingdom,1852
14223,2011-03-20 16:02:00,2011-09-08 13:38:00,3,991.13,60,United Kingdom,1853
14224,2010-06-13 13:46:00,2011-08-21 13:24:00,9,1841.71,229,United Kingdom,1854
14225,2010-01-12 15:02:00,2010-10-01 10:32:00,4,2031.07,86,United Kingdom,1855
14226,2010-09-24 14:32:00,2011-11-11 11:34:00,6,2985.13,97,United Kingdom,1856
14227,2010-02-08 09:38:00,2011-11-13 15:48:00,15,6366.16,376,United Kingdom,1857
14228,2010-06-11 12:29:00,2010-09-28 09:45:00,3,745.5,38,United Kingdom,1858
14229,2010-08-25 11:47:00,2011-10-19 10:04:00,7,2594.04,72,United Kingdom,1859
14230,2010-06-09 13:56:00,2010-09-30 09:07:00,3,979.8000000000001,33,United Kingdom,1860
14231,2010-09-15 09:52:00,2011-06-09 11:05:00,4,1235.6200000000001,69,United Kingdom,1861
14232,2011-03-20 12:44:00,2011-10-28 11:09:00,5,2048.07,115,United Kingdom,1862
14233,2010-03-05 16:35:00,2011-10-21 15:54:00,7,2904.27,73,United Kingdom,1863
14234,2011-10-13 13:58:00,2011-11-17 17:53:00,4,754.12,147,United Kingdom,1864
14235,2010-03-30 13:36:00,2011-09-25 14:37:00,9,4717.99,148,United Kingdom,1865
14236,2010-07-22 14:27:00,2011-09-20 09:13:00,5,1744.64,50,United Kingdom,1866
14237,2010-04-28 10:04:00,2010-12-01 13:20:00,2,632.14,35,United Kingdom,1867
14238,2009-12-05 10:58:00,2011-01-17 14:40:00,3,434.23,13,United Kingdom,1868
14239,2009-12-05 12:36:00,2011-10-27 14:40:00,21,4263.17,210,United Kingdom,1869
14240,2010-10-12 12:48:00,2011-11-09 13:45:00,3,1247.49,61,United Kingdom,1870
14241,2010-01-12 15:11:00,2011-06-09 11:46:00,2,333.70000000000005,12,United Kingdom,1871
14242,2011-01-18 08:53:00,2011-04-19 11:46:00,2,280.55,16,United Kingdom,1872
14243,2010-08-20 13:41:00,2011-12-01 11:12:00,17,7431.05,371,United Kingdom,1873
14244,2010-02-17 11:40:00,2010-02-17 11:40:00,1,366.41999999999996,16,United Kingdom,1874
14245,2011-03-21 10:41:00,2011-05-04 08:40:00,2,1693.45,108,United Kingdom,1875
14246,2011-04-08 08:25:00,2011-08-21 11:50:00,3,1474.06,75,United Kingdom,1876
14247,2010-06-06 15:07:00,2011-03-06 15:21:00,5,753.56,113,United Kingdom,1877
14248,2010-07-12 14:27:00,2011-01-25 14:45:00,3,1032.95,47,United Kingdom,1878
14249,2010-01-29 14:21:00,2010-10-25 12:34:00,12,5400.46,271,United Kingdom,1879
14250,2011-09-11 13:44:00,2011-12-02 14:30:00,3,1904.05,111,United Kingdom,1880
14251,2011-10-13 12:46:00,2011-12-08 08:32:00,5,2879.7000000000003,78,United Kingdom,1881
14252,2010-11-23 13:36:00,2010-11-23 13:36:00,1,350.99,10,United Kingdom,1882
14253,2010-03-26 15:08:00,2010-08-03 14:55:00,2,363.40000000000003,12,United Kingdom,1883
14254,2010-10-03 11:52:00,2010-10-03 11:52:00,1,601.03,23,United Kingdom,1884
14256,2010-01-14 10:35:00,2011-03-24 13:17:00,5,2460.79,133,United Kingdom,1885
14257,2010-03-01 15:36:00,2011-10-06 16:54:00,9,5954.45,240,United Kingdom,1886
14258,2009-12-04 08:36:00,2011-11-30 15:27:00,25,32051.34,300,United Kingdom,1887
14259,2011-07-21 10:44:00,2011-07-21 10:44:00,1,120.0,5,United Kingdom,1888
14260,2010-06-09 11:23:00,2010-08-25 14:55:00,3,824.28,51,United Kingdom,1889
14261,2011-09-22 10:47:00,2011-10-20 10:04:00,2,1163.45,52,United Kingdom,1890
14262,2011-04-13 12:23:00,2011-12-01 14:17:00,8,2618.23,143,United Kingdom,1891
14263,2010-10-12 14:09:00,2010-10-12 14:09:00,1,322.93,16,United Kingdom,1892
14264,2010-04-07 13:21:00,2011-07-08 10:20:00,6,1517.3600000000001,79,United Kingdom,1893
14265,2010-04-06 14:39:00,2011-08-22 13:32:00,4,1373.35,79,Unspecified,1894
14266,2010-10-07 13:32:00,2010-10-07 13:32:00,1,40.56,1,United Kingdom,1895
14267,2011-03-24 11:38:00,2011-06-30 10:09:00,3,1516.24,55,United Kingdom,1896
14268,2010-08-26 10:45:00,2010-08-26 10:45:00,1,354.85,19,United Kingdom,1897
14269,2010-09-26 12:53:00,2010-09-26 12:53:00,1,295.73,16,United Kingdom,1898
14270,2011-01-12 09:33:00,2011-01-12 09:33:00,1,492.65000000000003,29,United Kingdom,1899
14271,2010-10-26 17:01:00,2011-04-28 12:47:00,2,214.18,38,United Kingdom,1900
14272,2010-05-06 14:01:00,2011-09-27 10:08:00,4,920.81,64,United Kingdom,1901
14273,2011-04-11 13:24:00,2011-10-19 13:20:00,4,559.97,29,United Kingdom,1902
14274,2010-01-22 12:51:00,2010-01-22 12:51:00,1,256.6,15,United Kingdom,1903
14275,2010-04-11 12:32:00,2010-11-09 09:06:00,6,1189.3799999999999,23,United Kingdom,1904
14276,2010-02-17 13:10:00,2011-09-02 09:45:00,7,2102.68,121,United Kingdom,1905
14277,2009-12-13 15:43:00,2011-11-24 15:01:00,8,16789.16,376,France,1906
14278,2010-10-26 12:07:00,2010-10-26 12:07:00,1,205.83,13,United Kingdom,1907
14279,2010-01-27 16:34:00,2010-07-07 08:42:00,2,191.86,3,United Kingdom,1908
14280,2011-05-27 10:37:00,2011-05-27 10:37:00,1,134.04,8,United Kingdom,1909
14281,2010-10-27 14:45:00,2010-10-27 14:45:00,1,245.15,7,United Kingdom,1910
14282,2010-02-15 11:22:00,2011-12-06 17:04:00,25,7821.76,252,United Kingdom,1911
14283,2010-05-19 12:22:00,2010-09-02 14:46:00,4,628.4399999999999,41,United Kingdom,1912
14284,2010-02-24 12:06:00,2011-11-09 08:11:00,3,1299.65,67,United Kingdom,1913
14285,2009-12-08 14:13:00,2011-11-18 14:50:00,8,3284.42,61,United Kingdom,1914
14286,2009-12-04 08:40:00,2011-11-16 10:34:00,7,8479.76,499,United Kingdom,1915
14287,2011-05-25 11:41:00,2011-12-01 13:25:00,3,176.63,9,United Kingdom,1916
14288,2011-05-10 13:22:00,2011-05-10 13:22:00,1,426.6,16,United Kingdom,1917
14289,2011-02-23 12:33:00,2011-12-01 11:44:00,6,911.26,47,United Kingdom,1918
14290,2009-12-08 11:44:00,2011-11-28 14:02:00,8,4516.56,151,United Kingdom,1919
14291,2009-12-09 10:46:00,2011-12-08 10:26:00,23,7904.1,494,United Kingdom,1920
14292,2010-03-19 11:10:00,2011-12-02 11:50:00,16,9226.25,193,United Kingdom,1921
14293,2009-12-10 10:57:00,2011-12-06 15:17:00,9,3267.9300000000003,134,United Kingdom,1922
14294,2010-10-28 16:25:00,2010-10-28 16:25:00,1,375.34,23,United Kingdom,1923
14295,2009-12-09 13:06:00,2011-10-30 15:50:00,4,2352.91,71,United Kingdom,1924
14296,2010-05-14 14:34:00,2010-10-14 14:14:00,2,456.40000000000003,27,United Kingdom,1925
14297,2011-03-10 08:31:00,2011-11-22 09:06:00,4,1305.33,62,United Kingdom,1926
14298,2009-12-11 13:49:00,2011-12-01 13:12:00,82,91194.49,2864,United Kingdom,1927
14299,2009-12-02 10:58:00,2011-12-01 16:05:00,27,14499.49,340,United Kingdom,1928
14300,2011-11-21 08:57:00,2011-11-21 08:57:00,1,43.2,3,United Kingdom,1929
14301,2010-02-11 13:07:00,2011-08-14 15:33:00,4,1992.18,53,United Kingdom,1930
14302,2009-12-02 08:16:00,2010-10-05 08:10:00,3,742.9000000000001,28,United Kingdom,1931
14303,2010-10-01 10:31:00,2010-10-28 15:37:00,2,277.94,22,United Kingdom,1932
14304,2010-05-18 10:50:00,2011-05-01 11:50:00,3,1725.01,88,United Kingdom,1933
14305,2011-07-27 14:14:00,2011-09-29 15:29:00,3,1858.96,105,United Kingdom,1934
14306,2010-01-31 13:42:00,2011-10-19 13:23:00,6,3151.4,46,United Kingdom,1935
14307,2009-12-07 13:06:00,2011-09-12 09:38:00,10,5071.03,310,United Kingdom,1936
14309,2010-06-07 10:24:00,2011-12-01 13:33:00,11,3780.81,189,United Kingdom,1937
14310,2010-10-03 12:34:00,2010-10-03 12:34:00,1,492.1,22,United Kingdom,1938
14311,2010-05-21 10:28:00,2011-04-11 10:14:00,2,516.45,31,United Kingdom,1939
14312,2010-07-23 15:05:00,2011-10-24 09:46:00,11,3090.29,180,United Kingdom,1940
14314,2010-10-05 08:00:00,2011-08-25 10:39:00,2,229.8,10,United Kingdom,1941
14315,2010-03-15 12:49:00,2011-10-26 12:06:00,8,3197.82,133,United Kingdom,1942
14316,2010-03-19 15:18:00,2010-10-13 16:31:00,5,1370.34,31,United Kingdom,1943
14317,2011-10-06 10:44:00,2011-10-06 10:44:00,1,508.58000000000004,24,United Kingdom,1944
14318,2010-09-05 15:32:00,2010-09-05 15:32:00,1,158.02,9,United Kingdom,1945
14319,2010-10-11 13:38:00,2010-10-11 13:38:00,1,494.85,26,United Kingdom,1946
14320,2010-01-21 11:44:00,2011-05-17 09:24:00,5,1346.75,81,United Kingdom,1947
14321,2010-08-23 12:56:00,2011-11-29 09:47:00,7,2218.06,179,United Kingdom,1948
14322,2010-02-18 08:49:00,2010-10-06 15:17:00,4,474.1,13,United Kingdom,1949
14323,2011-04-15 11:44:00,2011-08-17 11:37:00,2,605.0600000000001,36,United Kingdom,1950
14324,2010-01-15 13:31:00,2010-10-26 11:44:00,2,701.61,41,United Kingdom,1951
14325,2010-05-19 09:20:00,2010-05-19 09:20:00,1,245.48000000000002,18,United Kingdom,1952
14326,2010-06-25 12:10:00,2011-04-11 15:04:00,3,940.98,57,United Kingdom,1953
14327,2010-01-08 14:04:00,2011-06-29 13:58:00,6,1894.93,106,United Kingdom,1954
14329,2009-12-16 15:31:00,2011-11-22 15:50:00,15,9887.62,552,United Kingdom,1955
14330,2010-03-26 09:10:00,2010-03-26 09:10:00,1,200.63,13,United Kingdom,1956
14331,2011-07-27 15:14:00,2011-08-07 13:17:00,2,462.65999999999997,28,United Kingdom,1957
14332,2010-10-19 13:01:00,2011-11-17 11:54:00,5,1917.41,62,United Kingdom,1958
14333,2011-10-03 10:38:00,2011-10-03 10:38:00,1,415.2,15,United Kingdom,1959
14334,2010-05-20 10:04:00,2011-11-23 10:01:00,12,4318.48,258,United Kingdom,1960
14335,2011-09-04 13:07:00,2011-11-23 13:41:00,2,454.86,60,Germany,1961
14336,2011-03-08 16:48:00,2011-11-23 11:40:00,4,1614.91,90,United Kingdom,1962
14338,2010-06-21 10:32:00,2011-07-01 14:08:00,3,928.1,50,United Kingdom,1963
14339,2010-10-07 08:50:00,2011-04-11 11:06:00,2,620.27,23,United Kingdom,1964
14340,2011-05-05 09:44:00,2011-05-05 09:44:00,1,134.7,6,United Kingdom,1965
14341,2009-12-01 12:20:00,2011-10-25 15:48:00,18,4452.02,265,United Kingdom,1966
14342,2010-08-24 13:03:00,2011-11-18 13:21:00,6,918.44,33,United Kingdom,1967
14343,2010-01-18 16:47:00,2010-10-14 13:05:00,4,1079.66,234,United Kingdom,1968
14344,2010-03-23 15:47:00,2011-08-04 13:51:00,20,3333.7000000000003,243,United Kingdom,1969
14345,2011-11-01 09:51:00,2011-11-01 09:51:00,1,108.97999999999999,6,United Kingdom,1970
14346,2010-07-30 10:44:00,2011-08-11 09:47:00,5,2315.75,146,United Kingdom,1971
14347,2009-12-03 10:49:00,2009-12-03 10:49:00,1,82.6,6,United Kingdom,1972
14348,2011-03-24 16:23:00,2011-03-24 16:23:00,1,409.57,18,United Kingdom,1973
14349,2011-11-29 15:39:00,2011-11-29 15:39:00,1,133.5,31,United Kingdom,1974
14350,2010-10-05 15:52:00,2011-03-10 14:14:00,3,972.03,59,United Kingdom,1975
14351,2011-06-28 11:56:00,2011-06-28 11:56:00,1,51.0,1,United Kingdom,1976
14352,2011-03-11 14:58:00,2011-07-05 15:41:00,4,1078.96,47,United Kingdom,1977
14353,2010-10-04 12:38:00,2011-05-08 16:06:00,3,376.5,25,United Kingdom,1978
14354,2011-11-09 15:36:00,2011-12-04 11:32:00,2,163.62,9,United Kingdom,1979
14355,2010-03-22 15:08:00,2010-12-09 12:16:00,3,1014.45,71,United Kingdom,1980
14356,2011-09-19 14:43:00,2011-09-21 09:18:00,2,701.23,33,United Kingdom,1981
14357,2011-10-27 16:23:00,2011-10-27 16:23:00,1,225.12,40,United Kingdom,1982
14358,2010-10-07 17:26:00,2010-11-15 15:51:00,2,400.06,25,United Kingdom,1983
14359,2011-09-13 09:03:00,2011-11-20 13:17:00,3,912.18,55,United Kingdom,1984
14360,2011-09-06 11:58:00,2011-11-08 09:12:00,4,2118.03,117,United Kingdom,1985
14361,2010-05-10 12:29:00,2010-05-10 12:29:00,1,214.70999999999998,14,United Kingdom,1986
14362,2011-11-17 15:08:00,2011-11-17 15:08:00,1,151.5,37,United Kingdom,1987
14363,2010-09-14 14:39:00,2010-11-02 17:01:00,2,227.47000000000003,8,United Kingdom,1988
14364,2011-05-12 12:56:00,2011-08-23 11:01:00,8,3717.35,69,United Kingdom,1989
14365,2010-01-27 09:44:00,2010-11-10 09:52:00,2,634.68,51,United Kingdom,1990
14366,2010-07-02 17:23:00,2010-07-02 17:23:00,1,136.0,1,United Kingdom,1991
14367,2011-03-08 14:12:00,2011-12-01 13:19:00,16,9227.82,521,United Kingdom,1992
14368,2011-01-24 09:52:00,2011-01-24 09:52:00,1,155.0,8,United Kingdom,1993
14369,2010-02-16 10:28:00,2010-03-07 15:47:00,2,469.13,26,United Kingdom,1994
14370,2010-02-01 08:35:00,2010-09-15 10:53:00,6,1175.78,44,United Kingdom,1995
14371,2011-02-17 16:35:00,2011-02-17 16:35:00,1,100.5,4,United Kingdom,1996
14372,2010-04-19 15:57:00,2010-09-22 16:17:00,2,860.08,38,United Kingdom,1997
14373,2010-12-16 15:40:00,2010-12-16 15:40:00,1,76.55,4,United Kingdom,1998
14374,2010-06-16 14:25:00,2010-06-16 14:25:00,1,108.0,7,United Kingdom,1999
14375,2010-06-16 14:34:00,2011-06-07 13:44:00,3,1106.82,205,United Kingdom,2000
14376,2010-01-25 15:36:00,2010-01-25 15:36:00,1,215.46,18,United Kingdom,2001
14377,2011-03-22 13:38:00,2011-06-01 13:32:00,2,617.05,11,United Kingdom,2002
14378,2010-03-28 12:22:00,2010-03-28 12:22:00,1,131.25,9,United Kingdom,2003
14379,2010-08-16 15:31:00,2011-10-26 16:43:00,4,1265.16,128,United Kingdom,2004
14380,2010-01-26 17:11:00,2010-01-26 17:11:00,1,48.96,1,United Kingdom,2005
14381,2010-09-14 16:15:00,2011-10-18 17:10:00,2,625.9399999999999,112,United Kingdom,2006
14382,2010-11-14 16:32:00,2011-11-13 16:18:00,2,1193.6299999999999,279,United Kingdom,2007
14383,2011-06-29 10:18:00,2011-11-01 15:53:00,3,1247.69,59,United Kingdom,2008
14384,2010-07-27 09:53:00,2010-07-27 09:53:00,1,58.5,3,United Kingdom,2009
14385,2011-11-16 11:55:00,2011-11-30 15:36:00,3,202.11,14,United Kingdom,2010
14386,2011-02-16 09:45:00,2011-02-16 09:45:00,1,142.4,7,United Kingdom,2011
14387,2011-08-22 14:13:00,2011-11-07 12:29:00,3,1727.6,139,United Kingdom,2012
14388,2010-01-20 11:54:00,2011-11-29 13:32:00,16,6701.0,414,United Kingdom,2013
14389,2010-04-28 14:57:00,2011-10-05 15:17:00,5,1898.01,87,United Kingdom,2014
14390,2010-10-10 14:30:00,2011-11-29 13:49:00,13,6373.7300000000005,486,United Kingdom,2015
14391,2010-05-12 09:42:00,2010-05-12 09:42:00,1,135.6,14,United Kingdom,2016
14392,2010-10-03 12:56:00,2010-10-03 12:56:00,1,266.4,14,United Kingdom,2017
14393,2011-05-05 18:16:00,2011-05-05 18:16:00,1,67.95,5,United Kingdom,2018
14394,2010-05-24 10:43:00,2010-05-24 10:43:00,1,93.8,6,United Kingdom,2019
14395,2010-04-18 13:12:00,2011-12-07 14:34:00,20,8110.610000000001,806,United Kingdom,2020
14396,2009-12-02 14:21:00,2011-10-05 16:09:00,7,2079.73,283,United Kingdom,2021
14397,2011-05-10 12:25:00,2011-12-07 09:22:00,19,2612.96,87,United Kingdom,2022
14398,2010-06-30 11:57:00,2010-11-03 13:46:00,2,707.79,53,United Kingdom,2023
14399,2010-02-03 13:09:00,2010-11-10 13:23:00,8,2108.21,192,United Kingdom,2024
14400,2010-03-18 12:11:00,2011-07-13 15:50:00,3,1732.47,73,United Kingdom,2025
14401,2009-12-14 13:22:00,2011-12-05 13:30:00,22,6795.9,266,United Kingdom,2026
14402,2010-02-25 13:20:00,2010-02-25 13:20:00,1,285.6,8,United Kingdom,2027
14403,2010-03-10 14:00:00,2011-08-01 12:57:00,6,1880.51,25,United Kingdom,2028
14404,2009-12-20 14:40:00,2011-11-06 12:30:00,13,2853.36,206,United Kingdom,2029
14405,2010-11-18 11:40:00,2010-11-18 11:40:00,1,195.0,2,United Kingdom,2030
14406,2011-08-12 16:54:00,2011-08-12 16:54:00,1,156.75,8,United Kingdom,2031
14407,2011-03-08 11:59:00,2011-08-24 14:02:00,5,2142.73,72,United Kingdom,2032
14408,2009-12-07 12:18:00,2011-11-29 11:41:00,11,4102.27,128,United Kingdom,2033
14409,2010-05-21 16:45:00,2011-09-29 18:18:00,9,3756.09,106,United Kingdom,2034
14410,2010-09-28 15:46:00,2011-09-08 15:08:00,11,2630.9,384,United Kingdom,2035
14411,2011-02-02 10:56:00,2011-02-02 10:56:00,1,1063.0,14,United Kingdom,2036
14412,2010-10-11 12:33:00,2011-10-28 10:45:00,3,1426.19,84,United Kingdom,2037
14413,2010-01-19 14:27:00,2010-12-12 13:37:00,4,764.52,96,United Kingdom,2038
14414,2010-11-30 10:12:00,2011-09-09 12:09:00,8,2399.33,118,United Kingdom,2039
14415,2009-12-16 14:08:00,2011-12-08 14:38:00,23,11980.09,1234,United Kingdom,2040
14416,2011-10-28 15:10:00,2011-11-17 15:22:00,2,490.22,14,United Kingdom,2041
14417,2010-11-17 10:55:00,2010-11-17 10:55:00,1,524.65,117,United Kingdom,2042
14418,2011-08-23 17:18:00,2011-12-06 11:39:00,3,1937.25,124,United Kingdom,2043
14419,2010-11-22 11:09:00,2011-11-29 11:22:00,7,1254.64,225,United Kingdom,2044
14420,2010-01-17 12:41:00,2011-09-01 18:07:00,4,1639.17,93,United Kingdom,2045
14421,2010-01-17 11:30:00,2011-10-13 13:24:00,6,2469.37,96,United Kingdom,2046
14422,2009-12-17 12:12:00,2011-12-09 11:26:00,19,10271.52,552,United Kingdom,2047
14423,2010-01-14 11:49:00,2011-05-05 15:12:00,3,916.6099999999999,15,United Kingdom,2048
14424,2011-11-22 11:48:00,2011-11-22 11:48:00,1,322.08,1,United Kingdom,2049
14425,2009-12-02 11:31:00,2010-10-01 10:24:00,3,661.39,39,United Kingdom,2050
14426,2010-03-04 14:36:00,2011-11-16 12:25:00,17,11727.94,604,United Kingdom,2051
14427,2010-03-18 09:49:00,2011-10-20 14:23:00,4,1263.52,44,United Kingdom,2052
14428,2011-01-18 16:39:00,2011-12-02 13:17:00,5,1224.06,137,United Kingdom,2053
14429,2010-11-01 10:08:00,2010-11-01 10:08:00,1,516.28,22,United Kingdom,2054
14430,2010-04-11 15:59:00,2010-07-16 11:35:00,3,1220.9,35,United Kingdom,2055
14431,2010-01-21 10:49:00,2011-02-10 10:40:00,4,2614.2,81,United Kingdom,2056
14432,2011-09-11 14:09:00,2011-11-30 08:04:00,6,2248.5,377,United Kingdom,2057
14433,2010-08-31 12:35:00,2010-08-31 12:35:00,1,280.7,74,United Kingdom,2058
14434,2011-09-28 15:31:00,2011-11-18 08:56:00,6,1372.8,12,United Kingdom,2059
14435,2010-07-26 12:33:00,2010-07-26 12:33:00,1,90.42,3,United Kingdom,2060
14436,2010-06-04 11:32:00,2011-09-02 10:13:00,2,271.70000000000005,11,United Kingdom,2061
14437,2010-05-05 12:20:00,2010-12-09 09:27:00,5,936.34,47,United Kingdom,2062
14438,2011-02-06 14:56:00,2011-02-06 14:56:00,1,131.9,9,United Kingdom,2063
14439,2010-01-21 14:01:00,2011-01-24 11:39:00,5,9443.04,129,Greece,2064
14440,2009-12-02 12:13:00,2011-12-01 15:42:00,13,6638.7300000000005,141,United Kingdom,2065
14441,2010-01-18 10:40:00,2011-12-09 09:07:00,11,4611.6900000000005,154,United Kingdom,2066
14442,2010-01-18 12:59:00,2011-05-19 11:36:00,7,5367.0199999999995,183,Channel Islands,2067
14443,2010-11-25 14:18:00,2011-10-17 10:10:00,5,2386.47,153,United Kingdom,2068
14444,2010-09-09 18:56:00,2010-09-09 18:56:00,1,120.44,11,United Kingdom,2069
14445,2010-09-10 11:09:00,2010-09-10 11:09:00,1,221.65,32,United Kingdom,2070
14446,2010-11-18 12:08:00,2011-12-09 11:34:00,5,1195.48,318,United Kingdom,2071
14447,2010-11-04 13:32:00,2011-11-21 08:28:00,6,1711.73,106,United Kingdom,2072
14448,2010-12-10 17:26:00,2011-11-30 13:50:00,2,375.35,20,United Kingdom,2073
14449,2010-09-29 13:15:00,2011-11-21 12:06:00,8,2441.2,533,United Kingdom,2074
14450,2010-04-08 12:09:00,2011-06-12 10:46:00,7,1128.44,76,United Kingdom,2075
14451,2010-01-17 10:35:00,2011-10-10 13:38:00,12,3258.68,512,United Kingdom,2076
14452,2010-07-06 13:13:00,2011-11-29 12:06:00,4,658.95,129,United Kingdom,2077
14453,2011-06-02 14:15:00,2011-06-02 14:15:00,1,119.93,22,United Kingdom,2078
14454,2009-12-06 12:56:00,2010-11-28 13:26:00,5,977.3,110,United Kingdom,2079
14455,2010-08-01 13:26:00,2010-10-03 15:48:00,4,617.72,77,United Kingdom,2080
14456,2011-07-20 13:06:00,2011-12-04 13:59:00,9,3014.32,945,United Kingdom,2081
14457,2011-02-02 09:39:00,2011-02-02 09:39:00,1,113.64,4,United Kingdom,2082
14458,2010-11-24 12:43:00,2010-11-24 12:43:00,1,219.26999999999998,45,United Kingdom,2083
14459,2010-02-26 13:26:00,2011-07-07 13:35:00,2,5375.74,112,United Kingdom,2084
14460,2009-12-15 19:06:00,2011-08-21 14:19:00,9,1093.5,42,United Kingdom,2085
14461,2010-01-18 12:48:00,2011-07-14 17:11:00,13,6676.52,635,United Kingdom,2086
14462,2010-10-03 14:13:00,2011-10-04 15:55:00,12,2237.81,280,United Kingdom,2087
14463,2010-07-28 11:35:00,2011-09-02 15:20:00,4,786.5699999999999,8,United Kingdom,2088
14464,2010-03-22 15:20:00,2010-05-20 18:00:00,2,111.0,4,United Kingdom,2089
14465,2010-01-07 15:03:00,2011-04-07 12:38:00,11,3925.85,193,United Kingdom,2090
14466,2009-12-13 15:44:00,2011-11-10 14:07:00,13,4646.9,216,United Kingdom,2091
14467,2009-12-02 12:44:00,2011-11-22 12:48:00,12,2203.2400000000002,303,United Kingdom,2092
14468,2009-12-06 12:21:00,2009-12-06 12:21:00,1,204.24,12,United Kingdom,2093
14469,2010-01-29 11:12:00,2010-10-19 14:30:00,4,2093.46,145,United Kingdom,2094
14470,2010-10-05 12:39:00,2011-11-28 10:31:00,3,712.04,60,United Kingdom,2095
14471,2009-12-07 12:26:00,2010-04-27 17:12:00,2,400.95,41,United Kingdom,2096
14472,2010-01-19 13:09:00,2011-08-28 11:01:00,9,2118.72,309,United Kingdom,2097
14473,2011-03-02 13:56:00,2011-09-26 15:10:00,2,234.34000000000003,7,United Kingdom,2098
14474,2010-05-09 12:12:00,2011-10-24 13:26:00,2,1258.8899999999999,127,United Kingdom,2099
14475,2010-10-27 09:20:00,2011-09-29 10:46:00,4,1151.15,48,United Kingdom,2100
14476,2011-03-27 15:39:00,2011-03-27 15:39:00,1,193.0,17,United Kingdom,2101
14477,2010-01-04 15:41:00,2011-11-20 11:11:00,7,1969.6,14,United Kingdom,2102
14478,2009-12-01 13:20:00,2010-11-22 15:29:00,4,1276.66,68,United Kingdom,2103
14479,2009-12-06 13:48:00,2011-03-31 09:07:00,4,1299.11,149,United Kingdom,2104
14480,2009-12-21 16:32:00,2011-11-28 16:35:00,4,1299.52,65,United Kingdom,2105
14481,2010-01-31 12:43:00,2011-06-28 10:38:00,5,2284.69,150,United Kingdom,2106
14482,2010-08-26 14:13:00,2011-11-21 13:14:00,12,4306.72,244,United Kingdom,2107
14483,2009-12-03 10:16:00,2011-03-03 10:26:00,2,257.1,13,United Kingdom,2108
14484,2009-12-17 10:57:00,2011-10-20 14:11:00,4,1070.98,53,United Kingdom,2109
14485,2011-11-01 12:25:00,2011-11-01 12:25:00,1,162.8,46,United Kingdom,2110
14486,2010-06-04 10:30:00,2010-07-16 09:42:00,2,175.5,6,United Kingdom,2111
14487,2010-11-25 13:36:00,2011-11-13 12:17:00,7,1391.37,181,United Kingdom,2112
14488,2011-10-03 09:30:00,2011-10-03 09:30:00,1,1064.28,46,United Kingdom,2113
14489,2010-04-06 09:52:00,2011-05-16 14:51:00,4,1574.93,100,United Kingdom,2114
14490,2010-10-07 11:36:00,2010-10-29 15:04:00,2,1273.47,80,United Kingdom,2115
14491,2010-12-02 12:10:00,2011-06-17 15:22:00,2,468.13,21,United Kingdom,2116
14492,2010-03-30 14:23:00,2010-10-05 13:21:00,7,1921.91,92,United Kingdom,2117
14493,2010-03-08 08:33:00,2011-12-02 16:14:00,10,5087.86,355,United Kingdom,2118
14494,2009-12-08 13:25:00,2011-11-14 09:21:00,3,401.46,17,United Kingdom,2119
14495,2010-02-18 08:49:00,2011-10-20 12:28:00,3,174.8,7,United Kingdom,2120
14496,2010-03-16 13:15:00,2011-02-01 09:01:00,7,2668.23,111,United Kingdom,2121
14497,2010-02-04 09:59:00,2011-02-03 17:01:00,2,697.0600000000001,40,United Kingdom,2122
14498,2010-06-07 16:05:00,2011-10-28 12:09:00,10,3900.83,369,United Kingdom,2123
14499,2010-08-27 11:57:00,2011-11-13 13:01:00,7,2101.79,311,United Kingdom,2124
14500,2011-06-03 10:08:00,2011-09-12 16:45:00,3,356.85,7,United Kingdom,2125
14501,2011-01-24 10:43:00,2011-06-09 12:02:00,2,251.21,10,United Kingdom,2126
14502,2011-01-30 15:52:00,2011-11-20 11:50:00,11,2426.79,607,United Kingdom,2127
14503,2011-06-14 10:00:00,2011-12-06 13:30:00,6,3543.26,164,United Kingdom,2128
14504,2011-03-06 14:38:00,2011-10-23 16:00:00,4,673.26,107,United Kingdom,2129
14505,2009-12-09 14:48:00,2011-11-22 15:45:00,19,11873.08,1573,United Kingdom,2130
14506,2010-04-19 08:27:00,2011-11-22 13:02:00,7,3217.25,443,United Kingdom,2131
14507,2009-12-10 17:04:00,2011-11-16 12:21:00,11,3216.7400000000002,258,United Kingdom,2132
14508,2010-06-17 13:02:00,2011-11-17 19:48:00,5,822.92,177,United Kingdom,2133
14509,2010-06-23 13:21:00,2010-06-23 13:21:00,1,110.95,25,United Kingdom,2134
14510,2010-09-29 13:35:00,2010-11-29 12:46:00,3,979.85,75,United Kingdom,2135
14511,2011-07-29 12:13:00,2011-11-28 17:05:00,5,1314.81,68,United Kingdom,2136
14512,2009-12-07 13:49:00,2011-06-05 12:39:00,7,1215.97,79,United Kingdom,2137
14513,2010-05-20 17:57:00,2011-08-31 11:25:00,6,788.01,19,United Kingdom,2138
14514,2009-12-13 13:21:00,2011-10-09 16:05:00,9,4380.04,319,United Kingdom,2139
14515,2010-06-07 12:37:00,2011-11-22 11:37:00,12,3724.06,173,United Kingdom,2140
14516,2010-07-11 14:07:00,2010-07-11 14:07:00,1,151.17,35,United Kingdom,2141
14517,2011-07-21 11:42:00,2011-11-06 14:20:00,2,330.45,18,United Kingdom,2142
14518,2011-10-06 14:43:00,2011-10-06 14:43:00,1,174.37,16,United Kingdom,2143
14519,2009-12-11 10:40:00,2010-01-25 11:18:00,2,203.14,38,United Kingdom,2144
14520,2011-02-22 09:15:00,2011-12-08 09:46:00,2,270.6,4,United Kingdom,2145
14521,2010-08-05 16:35:00,2010-08-05 16:35:00,1,199.45000000000002,17,United Kingdom,2146
14522,2010-01-24 13:55:00,2011-11-15 13:24:00,8,1748.42,45,United Kingdom,2147
14523,2011-08-23 13:13:00,2011-08-23 13:13:00,1,241.09,12,United Kingdom,2148
14524,2010-10-19 11:44:00,2011-11-08 12:29:00,13,2909.86,322,United Kingdom,2149
14525,2009-12-13 14:01:00,2011-11-20 11:37:00,17,8018.59,525,United Kingdom,2150
14526,2010-11-15 13:32:00,2010-11-15 13:32:00,1,258.65,41,United Kingdom,2151
14527,2009-12-02 12:06:00,2011-12-07 12:19:00,121,27708.43,2692,United Kingdom,2152
14528,2011-11-02 17:09:00,2011-11-02 17:09:00,1,364.21999999999997,18,United Kingdom,2153
14529,2011-08-21 14:10:00,2011-10-10 15:27:00,3,578.61,213,United Kingdom,2154
14530,2010-01-21 11:25:00,2011-11-14 10:38:00,16,6088.87,473,United Kingdom,2155
14531,2010-08-17 10:16:00,2010-08-17 10:16:00,1,376.34,29,United Kingdom,2156
14532,2010-01-10 11:47:00,2011-04-17 13:05:00,11,3845.78,314,United Kingdom,2157
14533,2010-04-08 12:13:00,2011-11-15 12:05:00,11,3466.37,89,United Kingdom,2158
14534,2010-03-15 14:16:00,2011-12-07 12:19:00,26,6183.06,713,United Kingdom,2159
14535,2010-02-24 15:03:00,2011-10-10 15:39:00,9,5961.89,823,United Kingdom,2160
14536,2011-03-25 12:21:00,2011-03-25 12:21:00,1,170.95,18,United Kingdom,2161
14537,2010-03-26 13:44:00,2011-10-13 10:54:00,2,641.4,23,United Kingdom,2162
14538,2010-01-25 15:42:00,2011-10-06 10:31:00,5,1370.8400000000001,52,United Kingdom,2163
14539,2011-10-26 12:03:00,2011-11-24 09:50:00,2,537.48,32,United Kingdom,2164
14540,2009-12-07 13:00:00,2011-11-30 10:15:00,11,3709.64,264,United Kingdom,2165
14541,2010-01-07 11:59:00,2011-10-12 10:08:00,14,2491.38,175,United Kingdom,2166
14542,2011-06-07 08:19:00,2011-06-07 08:19:00,1,103.25,5,United Kingdom,2167
14543,2009-12-01 13:47:00,2011-11-11 12:45:00,39,14548.22,209,United Kingdom,2168
14544,2010-08-26 16:00:00,2011-11-15 15:06:00,3,2938.53,187,United Kingdom,2169
14545,2010-02-03 15:23:00,2010-02-03 15:23:00,1,349.25,23,United Kingdom,2170
14546,2009-12-06 13:10:00,2011-12-04 13:00:00,11,5184.84,790,United Kingdom,2171
14547,2011-10-16 14:35:00,2011-12-06 11:06:00,8,3974.75,355,United Kingdom,2172
14548,2009-12-06 14:00:00,2011-07-12 12:19:00,9,2541.29,110,United Kingdom,2173
14549,2009-12-02 14:06:00,2011-02-01 13:47:00,4,913.6,143,United Kingdom,2174
14550,2010-08-13 12:05:00,2011-11-29 12:12:00,4,1345.06,97,United Kingdom,2175
14551,2010-01-27 12:06:00,2011-11-21 13:36:00,7,878.09,79,United Kingdom,2176
14552,2010-04-26 13:44:00,2011-07-11 12:49:00,3,507.93,154,United Kingdom,2177
14553,2010-07-18 12:07:00,2011-11-20 13:20:00,9,1818.6,288,United Kingdom,2178
14554,2011-10-18 13:04:00,2011-11-29 16:44:00,4,2279.4900000000002,203,United Kingdom,2179
14555,2009-12-18 11:39:00,2011-10-13 16:24:00,6,2304.03,117,United Kingdom,2180
14556,2010-01-20 11:49:00,2010-04-22 14:57:00,3,815.69,196,United Kingdom,2181
14557,2011-09-15 15:48:00,2011-09-15 15:48:00,1,788.38,16,United Kingdom,2182
14558,2009-12-08 10:41:00,2010-02-23 12:51:00,3,655.5,15,United Kingdom,2183
14559,2010-11-14 16:05:00,2010-11-14 16:05:00,1,75.6,2,United Kingdom,2184
14560,2009-12-02 10:15:00,2011-12-02 15:22:00,44,6114.03,200,United Kingdom,2185
14561,2011-06-08 13:26:00,2011-09-25 12:39:00,3,1080.76,69,United Kingdom,2186
14562,2010-02-07 14:10:00,2011-12-06 11:05:00,26,6638.150000000001,601,United Kingdom,2187
14563,2010-04-26 12:51:00,2010-07-18 12:01:00,2,625.42,105,United Kingdom,2188
14564,2009-12-04 09:27:00,2010-10-01 09:02:00,2,2605.62,107,Channel Islands,2189
14565,2010-08-23 09:48:00,2011-09-05 09:07:00,5,3859.2200000000003,160,United Kingdom,2190
14566,2010-06-24 10:34:00,2011-08-21 11:05:00,4,4092.0,16,Channel Islands,2191
14567,2011-08-01 13:48:00,2011-10-14 10:21:00,2,1530.3600000000001,33,United Kingdom,2192
14568,2010-09-30 17:15:00,2010-09-30 17:15:00,1,919.7,47,Channel Islands,2193
14569,2010-04-15 11:49:00,2011-12-08 14:58:00,4,597.3299999999999,34,United Kingdom,2194
14570,2010-09-22 13:07:00,2011-03-04 10:58:00,3,512.4,66,United Kingdom,2195
14571,2010-10-10 15:06:00,2010-10-10 15:06:00,1,160.0,30,United Kingdom,2196
14572,2010-03-28 13:47:00,2011-12-06 14:40:00,11,5520.9800000000005,506,United Kingdom,2197
14573,2010-01-08 16:34:00,2011-06-13 11:15:00,13,2565.12,380,United Kingdom,2198
14574,2009-12-07 12:42:00,2009-12-07 12:42:00,1,143.70000000000002,11,United Kingdom,2199
14575,2010-08-08 14:51:00,2010-08-08 14:51:00,1,420.22,72,United Kingdom,2200
14576,2010-12-02 17:51:00,2010-12-02 17:51:00,1,70.80000000000001,2,United Kingdom,2201
14577,2009-12-11 12:09:00,2011-11-27 12:47:00,7,1364.15,182,United Kingdom,2202
14578,2011-12-06 17:18:00,2011-12-06 17:18:00,1,168.63,24,United Kingdom,2203
14579,2010-10-03 14:36:00,2010-10-03 14:36:00,1,105.56,25,United Kingdom,2204
14580,2010-07-09 15:20:00,2010-07-09 15:20:00,1,14.850000000000001,1,United Kingdom,2205
14581,2010-06-13 15:48:00,2011-11-23 12:39:00,2,409.65,60,United Kingdom,2206
14582,2011-10-30 11:56:00,2011-10-30 11:56:00,1,114.11,6,United Kingdom,2207
14583,2010-03-28 15:16:00,2011-12-04 12:32:00,8,1660.29,464,United Kingdom,2208
14584,2010-02-17 14:01:00,2011-06-23 18:33:00,8,1738.16,218,United Kingdom,2209
14585,2010-10-19 12:17:00,2011-10-20 14:33:00,5,1143.27,111,United Kingdom,2210
14586,2011-03-08 10:04:00,2011-03-08 10:04:00,1,237.36,19,United Kingdom,2211
14587,2011-01-12 13:16:00,2011-11-21 11:34:00,9,1580.29,371,United Kingdom,2212
14588,2010-05-10 15:08:00,2010-05-10 15:08:00,1,135.39,16,United Kingdom,2213
14589,2010-12-03 11:42:00,2010-12-03 11:42:00,1,79.5,6,United Kingdom,2214
14590,2009-12-07 14:10:00,2010-10-11 12:06:00,20,2993.37,202,United Kingdom,2215
14591,2011-05-10 14:09:00,2011-11-24 13:57:00,4,1320.21,176,United Kingdom,2216
14592,2011-10-06 18:08:00,2011-11-04 16:35:00,3,557.94,158,United Kingdom,2217
14593,2009-12-09 12:57:00,2011-11-18 12:48:00,12,3658.0299999999997,610,United Kingdom,2218
14594,2010-12-01 13:54:00,2011-12-02 13:28:00,2,618.33,83,United Kingdom,2219
14595,2010-01-20 13:59:00,2011-11-20 12:12:00,8,2164.45,136,United Kingdom,2220
14596,2010-03-23 12:13:00,2010-03-23 12:13:00,1,222.22000000000003,53,United Kingdom,2221
14597,2010-09-28 13:17:00,2011-11-28 13:13:00,6,2184.63,95,United Kingdom,2222
14598,2010-05-19 13:07:00,2011-10-26 13:19:00,2,384.04,90,United Kingdom,2223
14599,2010-07-18 15:54:00,2010-11-14 14:49:00,2,457.89,79,United Kingdom,2224
14600,2010-11-11 15:56:00,2011-02-07 09:48:00,2,865.1700000000001,54,United Kingdom,2225
14601,2011-11-29 09:48:00,2011-11-29 09:48:00,1,213.96,7,United Kingdom,2226
14602,2010-02-21 15:47:00,2010-02-21 15:47:00,1,205.35999999999999,31,United Kingdom,2227
14603,2011-03-10 10:27:00,2011-03-10 10:27:00,1,660.0,2,United Kingdom,2228
14604,2010-03-16 13:00:00,2010-03-16 13:00:00,1,136.35999999999999,22,United Kingdom,2229
14605,2009-12-08 13:59:00,2010-11-30 14:07:00,4,920.71,107,United Kingdom,2230
14606,2009-12-03 12:40:00,2011-12-08 19:28:00,184,30255.63,6467,United Kingdom,2231
14607,2009-12-15 11:25:00,2011-11-24 10:35:00,20,22575.13,200,United Kingdom,2232
14608,2009-12-06 12:34:00,2011-12-05 16:52:00,10,3342.94,42,United Kingdom,2233
14609,2010-02-09 09:48:00,2011-09-28 12:54:00,10,1486.2,13,United Kingdom,2234
14610,2010-07-13 16:06:00,2010-11-09 10:58:00,2,24.35,10,United Kingdom,2235
14611,2010-04-20 10:19:00,2010-09-22 09:19:00,2,604.3299999999999,38,United Kingdom,2236
14612,2010-10-20 16:01:00,2010-10-20 16:01:00,1,877.7,14,United Kingdom,2237
14613,2010-01-28 13:02:00,2010-01-28 13:02:00,1,76.32000000000001,1,United Kingdom,2238
14614,2010-11-18 13:04:00,2010-11-18 13:04:00,1,295.13,19,United Kingdom,2239
14615,2010-06-09 13:59:00,2010-11-10 13:36:00,5,951.76,48,United Kingdom,2240
14616,2010-06-09 09:42:00,2011-04-11 09:54:00,5,527.78,5,United Kingdom,2241
14617,2010-10-20 10:40:00,2010-11-02 11:41:00,2,190.47000000000003,9,United Kingdom,2242
14618,2010-06-11 10:11:00,2011-11-30 13:45:00,7,1342.32,51,United Kingdom,2243
14619,2010-06-16 14:41:00,2011-04-08 07:37:00,2,1291.24,60,United Kingdom,2244
14620,2011-03-01 08:30:00,2011-05-18 11:58:00,2,412.78000000000003,26,United Kingdom,2245
14621,2010-01-25 09:08:00,2011-12-08 16:22:00,9,3000.57,159,United Kingdom,2246
14622,2011-06-08 12:42:00,2011-06-08 12:42:00,1,320.58000000000004,21,United Kingdom,2247
14623,2010-04-16 17:12:00,2011-11-07 13:56:00,10,2012.3,281,United Kingdom,2248
14624,2010-04-14 10:44:00,2011-10-13 13:44:00,6,814.07,51,United Kingdom,2249
14625,2009-12-16 13:23:00,2011-05-27 15:32:00,11,4497.88,266,United Kingdom,2250
14626,2009-12-10 14:57:00,2011-11-16 10:37:00,11,5410.92,232,United Kingdom,2251
14627,2010-11-25 16:32:00,2010-11-25 16:32:00,1,462.75,29,United Kingdom,2252
14628,2010-01-25 14:40:00,2011-09-09 14:58:00,5,1998.0,86,United Kingdom,2253
14629,2011-10-23 16:13:00,2011-12-05 16:55:00,2,955.26,150,United Kingdom,2254
14630,2010-08-12 16:38:00,2010-08-12 16:38:00,1,338.65,21,United Kingdom,2255
14631,2010-08-09 14:45:00,2011-10-20 11:17:00,6,2025.69,91,United Kingdom,2256
14632,2011-03-22 08:49:00,2011-03-22 08:49:00,1,114.56,8,United Kingdom,2257
14633,2011-03-18 17:07:00,2011-03-18 17:07:00,1,344.90000000000003,20,United Kingdom,2258
14634,2010-06-16 09:48:00,2010-09-28 10:40:00,4,2124.46,109,United Kingdom,2259
14635,2010-09-12 10:47:00,2010-09-12 10:47:00,1,215.22,15,United Kingdom,2260
14636,2011-03-16 09:52:00,2011-11-03 16:12:00,2,609.85,28,United Kingdom,2261
14637,2010-01-31 15:52:00,2010-01-31 15:52:00,1,106.67999999999999,7,United Kingdom,2262
14638,2011-10-20 10:10:00,2011-10-20 10:10:00,1,443.6,16,United Kingdom,2263
14639,2010-02-16 12:35:00,2011-10-18 15:06:00,9,4978.96,292,United Kingdom,2264
14640,2010-01-22 15:44:00,2011-11-15 13:07:00,10,3649.36,203,United Kingdom,2265
14641,2011-11-18 10:42:00,2011-11-18 10:42:00,1,110.46,7,United Kingdom,2266
14642,2011-10-12 11:08:00,2011-10-12 11:08:00,1,96.12,2,United Kingdom,2267
14643,2009-12-11 11:52:00,2011-06-22 14:41:00,5,1679.89,62,United Kingdom,2268
14644,2009-12-03 16:24:00,2011-10-03 08:30:00,7,2247.72,62,United Kingdom,2269
14645,2010-03-15 11:33:00,2011-07-06 09:15:00,3,876.89,48,United Kingdom,2270
14646,2009-12-02 16:52:00,2011-12-08 12:12:00,145,526751.52,3819,Netherlands,2271
14647,2010-07-04 13:27:00,2011-05-22 13:40:00,2,506.04,48,United Kingdom,2272
14648,2009-12-10 13:59:00,2010-10-19 13:12:00,15,4463.39,428,United Kingdom,2273
14649,2010-01-20 13:10:00,2011-12-05 12:30:00,9,3651.19,527,United Kingdom,2274
14650,2010-04-29 20:27:00,2010-04-29 20:27:00,1,62.5,4,United Kingdom,2275
14651,2010-03-18 11:39:00,2011-10-03 15:52:00,9,2025.52,283,United Kingdom,2276
14652,2011-09-23 14:21:00,2011-09-23 14:21:00,1,114.18,29,United Kingdom,2277
14653,2009-12-02 11:51:00,2011-12-08 13:45:00,12,3583.11,381,United Kingdom,2278
14654,2009-12-01 12:57:00,2009-12-01 12:57:00,1,246.86,27,United Kingdom,2279
14655,2010-04-22 14:29:00,2011-12-01 16:28:00,7,3878.51,103,United Kingdom,2280
14656,2010-04-15 12:10:00,2011-06-23 13:51:00,5,790.0,207,United Kingdom,2281
14657,2010-09-30 19:57:00,2011-11-22 12:47:00,6,1450.19,209,United Kingdom,2282
14658,2011-08-14 15:42:00,2011-12-04 15:35:00,2,247.15,29,United Kingdom,2283
14659,2011-01-28 12:43:00,2011-12-01 12:17:00,9,2529.93,253,United Kingdom,2284
14660,2011-08-31 10:40:00,2011-09-14 11:34:00,2,285.74,30,United Kingdom,2285
14661,2011-11-13 11:51:00,2011-11-13 11:51:00,1,107.95,4,United Kingdom,2286
14662,2009-12-03 16:47:00,2011-11-11 12:13:00,7,1376.43,238,United Kingdom,2287
14663,2010-10-05 13:12:00,2010-10-05 13:21:00,2,490.6,68,United Kingdom,2288
14664,2011-11-06 14:56:00,2011-11-20 10:59:00,2,636.24,98,United Kingdom,2289
14665,2010-04-26 11:17:00,2011-10-10 09:14:00,7,2749.65,132,United Kingdom,2290
14666,2011-11-15 12:57:00,2011-11-15 12:57:00,1,179.95,13,United Kingdom,2291
14667,2009-12-02 12:38:00,2011-11-29 11:30:00,54,21557.3,1339,United Kingdom,2292
14668,2010-09-20 15:03:00,2010-09-20 15:03:00,1,111.63,12,United Kingdom,2293
14669,2009-12-02 13:06:00,2011-04-12 11:43:00,7,3216.78,387,United Kingdom,2294
14670,2009-12-07 13:59:00,2011-03-04 14:13:00,3,583.33,179,United Kingdom,2295
14671,2010-05-20 18:21:00,2010-06-08 13:39:00,2,1127.45,55,United Kingdom,2296
14672,2010-01-28 11:33:00,2011-04-19 10:19:00,4,1113.14,106,United Kingdom,2297
14673,2010-10-26 10:14:00,2011-12-06 14:31:00,7,3410.81,163,United Kingdom,2298
14674,2010-07-18 14:25:00,2010-07-18 14:25:00,1,173.66,14,United Kingdom,2299
14675,2010-11-16 12:22:00,2011-11-23 12:58:00,2,1015.58,221,United Kingdom,2300
14676,2010-03-10 09:30:00,2011-11-08 13:29:00,12,8356.79,133,United Kingdom,2301
14677,2010-04-26 09:48:00,2010-04-26 09:48:00,1,184.91,14,United Kingdom,2302
14678,2010-05-09 14:32:00,2010-05-09 14:32:00,1,403.39,24,United Kingdom,2303
14679,2009-12-08 17:13:00,2010-11-23 11:51:00,3,1289.44,63,United Kingdom,2304
14680,2009-12-04 12:36:00,2011-11-14 16:59:00,58,57369.38,1288,United Kingdom,2305
14681,2010-02-24 08:54:00,2011-09-29 15:52:00,6,875.1500000000001,20,United Kingdom,2306
14682,2010-02-05 14:47:00,2011-06-05 12:12:00,6,1514.81,86,United Kingdom,2307
14683,2010-04-30 17:18:00,2010-04-30 17:18:00,1,146.56,21,United Kingdom,2308
14684,2010-11-14 14:07:00,2011-11-14 11:33:00,6,1430.03,486,United Kingdom,2309
14685,2009-12-13 11:32:00,2010-05-12 13:08:00,8,4536.64,187,United Kingdom,2310
14686,2010-02-18 18:29:00,2010-10-21 18:31:00,5,852.53,219,United Kingdom,2311
14687,2010-06-06 10:36:00,2011-08-25 11:59:00,3,1402.06,40,United Kingdom,2312
14688,2010-09-09 12:35:00,2011-12-02 12:26:00,28,7635.4,508,United Kingdom,2313
14689,2011-05-15 11:22:00,2011-05-15 11:22:00,1,112.8,13,United Kingdom,2314
14690,2010-10-25 12:20:00,2011-10-26 15:39:00,4,777.68,103,United Kingdom,2315
14691,2011-05-11 09:55:00,2011-11-09 12:30:00,5,2114.33,71,United Kingdom,2316
14692,2010-04-01 14:04:00,2011-07-25 15:08:00,12,1715.1399999999999,159,United Kingdom,2317
14693,2010-07-02 08:28:00,2011-03-20 12:50:00,7,1165.36,75,United Kingdom,2318
14694,2010-04-01 19:46:00,2010-04-01 19:46:00,1,244.31,15,United Kingdom,2319
14695,2009-12-07 11:05:00,2010-07-08 14:18:00,3,1534.22,82,United Kingdom,2320
14696,2010-10-14 11:43:00,2011-12-05 13:43:00,8,2767.9,172,United Kingdom,2321
14697,2011-05-05 15:29:00,2011-05-05 15:39:00,2,188.60999999999999,22,United Kingdom,2322
14698,2011-10-19 12:54:00,2011-12-08 12:26:00,5,1217.27,200,United Kingdom,2323
14699,2010-07-02 12:04:00,2011-05-09 14:54:00,4,702.6,50,United Kingdom,2324
14700,2010-08-11 12:19:00,2011-11-07 14:40:00,5,3076.06,167,United Kingdom,2325
14701,2010-01-24 12:15:00,2011-11-29 12:38:00,15,4487.11,595,United Kingdom,2326
14702,2009-12-10 20:22:00,2011-12-08 19:29:00,29,6667.43,707,United Kingdom,2327
14703,2011-11-25 09:23:00,2011-11-25 09:23:00,1,318.17,22,United Kingdom,2328
14704,2010-03-25 17:21:00,2011-11-20 12:20:00,9,1720.58,452,United Kingdom,2329
14705,2011-05-25 12:39:00,2011-05-25 12:39:00,1,179.0,1,United Kingdom,2330
14706,2010-03-31 11:09:00,2010-03-31 11:09:00,1,367.54,25,United Kingdom,2331
14707,2010-05-12 11:07:00,2010-09-30 11:37:00,2,139.2,2,United Kingdom,2332
14708,2010-09-10 10:26:00,2011-12-07 08:21:00,5,2212.2799999999997,53,United Kingdom,2333
14709,2009-12-05 15:26:00,2011-11-24 15:41:00,25,8886.33,357,United Kingdom,2334
14710,2009-12-03 17:12:00,2011-11-25 14:53:00,13,1899.79,432,United Kingdom,2335
14711,2011-03-22 13:32:00,2011-11-29 14:58:00,11,2839.62,345,United Kingdom,2336
14712,2010-10-17 14:49:00,2011-11-10 12:59:00,4,1328.0700000000002,32,United Kingdom,2337
14713,2009-12-03 19:22:00,2011-11-30 16:26:00,21,5414.3099999999995,700,United Kingdom,2338
14714,2010-01-21 11:51:00,2011-11-15 13:07:00,4,906.24,93,United Kingdom,2339
14715,2010-01-19 12:18:00,2011-11-15 12:10:00,8,1809.55,136,United Kingdom,2340
14716,2010-09-21 12:07:00,2011-10-27 17:29:00,3,543.28,96,United Kingdom,2341
14717,2009-12-06 13:05:00,2009-12-06 13:05:00,1,81.3,11,United Kingdom,2342
14718,2010-10-25 13:07:00,2010-10-25 13:07:00,1,226.42,11,United Kingdom,2343
14719,2011-04-04 14:17:00,2011-12-08 12:43:00,5,1581.84,235,United Kingdom,2344
14720,2011-08-05 12:06:00,2011-12-04 12:02:00,3,663.81,37,United Kingdom,2345
14721,2010-11-25 13:08:00,2010-11-25 13:08:00,1,109.07,25,United Kingdom,2346
14722,2010-08-10 13:28:00,2011-07-15 14:58:00,3,489.52,87,United Kingdom,2347
14723,2009-12-04 11:22:00,2011-11-29 15:23:00,11,2046.8500000000001,456,United Kingdom,2348
14724,2010-04-28 13:26:00,2010-04-28 13:26:00,1,341.9,41,United Kingdom,2349
14725,2010-06-23 11:34:00,2011-11-15 12:42:00,4,1246.86,99,United Kingdom,2350
14726,2010-02-23 12:35:00,2010-02-23 12:35:00,1,116.5,15,United Kingdom,2351
14727,2010-06-11 13:23:00,2011-03-10 14:45:00,3,461.03,45,United Kingdom,2352
14728,2010-10-22 15:57:00,2010-10-22 15:57:00,1,190.58,14,United Kingdom,2353
14729,2010-03-24 13:30:00,2010-12-01 12:43:00,3,899.73,203,United Kingdom,2354
14730,2011-03-08 12:49:00,2011-12-08 14:39:00,8,1897.57,462,United Kingdom,2355
14731,2011-05-11 13:06:00,2011-10-23 15:54:00,3,380.02,45,United Kingdom,2356
14732,2009-12-09 10:48:00,2011-12-01 14:34:00,19,5517.07,277,United Kingdom,2357
14733,2010-11-02 15:42:00,2011-11-23 15:39:00,15,16165.17,347,United Kingdom,2358
14734,2010-06-06 15:15:00,2010-10-10 12:04:00,4,1056.42,63,United Kingdom,2359
14735,2009-12-04 11:32:00,2011-12-06 12:09:00,55,12225.16,365,United Kingdom,2360
14736,2010-08-11 15:13:00,2010-08-11 15:21:00,2,374.05,88,United Kingdom,2361
14737,2010-11-04 11:29:00,2011-12-06 10:16:00,4,3554.17,45,United Kingdom,2362
14738,2009-12-07 10:21:00,2011-10-28 08:56:00,9,1821.9,80,United Kingdom,2363
14739,2009-12-02 13:23:00,2011-12-05 16:54:00,25,12287.5,256,United Kingdom,2364
14740,2010-02-25 11:40:00,2011-05-26 18:17:00,11,4161.06,231,United Kingdom,2365
14741,2010-10-18 09:33:00,2011-11-28 08:48:00,7,1897.59,85,United Kingdom,2366
14742,2010-09-30 14:07:00,2010-09-30 14:07:00,1,579.85,34,United Kingdom,2367
14743,2010-04-26 10:26:00,2010-04-26 10:26:00,1,50.48,3,United Kingdom,2368
14744,2010-05-18 14:06:00,2011-11-23 12:51:00,14,3885.08,121,United Kingdom,2369
14745,2010-03-12 10:33:00,2011-08-19 10:05:00,12,2551.41,140,United Kingdom,2370
14746,2010-10-12 11:06:00,2010-10-29 14:44:00,4,593.5,9,United Kingdom,2371
14747,2011-04-04 14:09:00,2011-04-04 14:09:00,1,328.2,18,United Kingdom,2372
14748,2010-03-04 17:08:00,2011-11-10 18:33:00,10,3152.32,191,United Kingdom,2373
14749,2010-08-17 12:36:00,2010-08-17 12:36:00,1,310.15,18,United Kingdom,2374
14750,2009-12-03 17:57:00,2009-12-03 17:57:00,1,112.03,32,United Kingdom,2375
14751,2009-12-13 14:08:00,2010-01-24 13:37:00,2,126.45,7,United Kingdom,2376
14752,2011-10-27 11:55:00,2011-10-27 11:55:00,1,389.64,5,United Kingdom,2377
14753,2010-09-05 11:04:00,2011-09-13 14:50:00,2,869.51,48,United Kingdom,2378
14754,2010-01-18 11:04:00,2011-10-26 12:01:00,6,1547.93,136,United Kingdom,2379
14755,2009-12-03 16:51:00,2011-11-30 11:24:00,25,9972.550000000001,475,United Kingdom,2380
14756,2010-10-11 11:50:00,2011-11-24 18:13:00,3,2653.76,119,United Kingdom,2381
14757,2011-09-25 14:36:00,2011-09-25 14:36:00,1,420.5,19,United Kingdom,2382
14758,2010-04-08 08:27:00,2011-07-18 08:21:00,7,2864.97,136,United Kingdom,2383
14759,2011-04-21 10:55:00,2011-12-05 12:03:00,3,1625.97,102,United Kingdom,2384
14760,2011-02-15 16:27:00,2011-02-15 16:27:00,1,89.2,5,United Kingdom,2385
14761,2010-09-21 14:22:00,2011-10-12 12:10:00,3,447.92,24,United Kingdom,2386
14762,2010-03-23 15:36:00,2011-03-21 08:20:00,2,417.57,30,United Kingdom,2387
14764,2011-10-24 11:54:00,2011-10-24 11:54:00,1,278.3,6,United Kingdom,2388
14765,2011-06-16 19:49:00,2011-11-10 19:53:00,3,254.11,39,United Kingdom,2389
14766,2010-06-06 11:11:00,2011-12-01 16:05:00,11,6556.13,340,United Kingdom,2390
14767,2010-08-22 14:54:00,2010-08-22 14:54:00,1,382.81,18,United Kingdom,2391
14768,2011-08-04 13:25:00,2011-11-22 12:54:00,2,192.60000000000002,5,United Kingdom,2392
14769,2009-12-16 09:17:00,2011-12-07 10:24:00,17,15512.46,1397,United Kingdom,2393
14770,2010-02-25 18:58:00,2011-04-21 14:21:00,8,3637.64,197,United Kingdom,2394
14771,2009-12-03 09:44:00,2010-03-28 12:52:00,2,594.62,47,United Kingdom,2395
14772,2011-08-19 15:04:00,2011-08-19 15:04:00,1,139.26,9,United Kingdom,2396
14773,2010-04-26 10:29:00,2010-04-26 10:29:00,1,140.55,10,United Kingdom,2397
14774,2010-06-29 12:26:00,2010-06-29 12:26:00,1,241.45,13,United Kingdom,2398
14775,2010-12-02 16:38:00,2011-10-12 15:27:00,3,1418.46,80,United Kingdom,2399
14776,2010-09-19 14:12:00,2011-10-19 15:34:00,15,3708.3,190,United Kingdom,2400
14777,2010-11-01 12:50:00,2010-11-01 12:50:00,1,307.56,16,United Kingdom,2401
14778,2011-02-04 11:43:00,2011-08-04 15:23:00,2,730.86,35,United Kingdom,2402
14779,2011-01-20 12:04:00,2011-03-04 12:42:00,3,386.15,41,United Kingdom,2403
14780,2011-09-21 15:15:00,2011-10-16 12:46:00,2,447.68,27,United Kingdom,2404
14782,2011-01-24 11:12:00,2011-01-24 11:12:00,1,200.10000000000002,6,United Kingdom,2405
14783,2010-02-18 16:16:00,2010-02-18 16:16:00,1,307.3,17,United Kingdom,2406
14784,2010-11-15 09:49:00,2011-11-13 13:30:00,3,449.93,27,United Kingdom,2407
14785,2011-11-24 13:40:00,2011-11-29 13:21:00,2,77.4,3,United Kingdom,2408
14786,2010-06-07 13:42:00,2010-06-07 13:42:00,1,90.96,7,United Kingdom,2409
14787,2010-08-25 14:38:00,2010-08-25 14:38:00,1,110.65,15,United Kingdom,2410
14788,2010-04-22 18:16:00,2011-12-02 17:06:00,3,1156.32,58,United Kingdom,2411
14789,2011-11-11 08:59:00,2011-11-11 08:59:00,1,197.64,6,United Kingdom,2412
14790,2009-12-11 14:37:00,2011-11-23 09:28:00,10,2526.62,145,United Kingdom,2413
14791,2010-04-12 10:24:00,2010-04-12 10:24:00,1,303.63,19,United Kingdom,2414
14792,2011-10-07 09:19:00,2011-10-07 09:19:00,1,6.2,2,United Kingdom,2415
14793,2010-06-22 16:54:00,2011-11-18 14:50:00,2,625.9,39,United Kingdom,2416
14794,2010-08-09 15:44:00,2011-12-07 10:11:00,10,1953.9,104,United Kingdom,2417
14795,2011-06-26 13:04:00,2011-06-26 13:04:00,1,131.45000000000002,6,United Kingdom,2418
14796,2009-12-14 15:06:00,2011-12-08 15:31:00,27,10838.98,1542,United Kingdom,2419
14797,2010-07-20 14:07:00,2010-07-20 14:07:00,1,300.31,16,United Kingdom,2420
14798,2010-03-01 08:38:00,2011-10-18 10:58:00,8,724.31,49,United Kingdom,2421
14799,2009-12-02 11:18:00,2011-10-19 16:16:00,2,338.15,23,United Kingdom,2422
14800,2010-09-30 14:38:00,2011-10-23 12:46:00,17,7735.92,650,United Kingdom,2423
14801,2011-10-09 15:24:00,2011-10-09 15:24:00,1,189.34,57,United Kingdom,2424
14803,2011-02-20 13:21:00,2011-06-30 13:58:00,3,845.55,44,United Kingdom,2425
14804,2011-12-01 11:20:00,2011-12-01 11:20:00,1,353.27,12,United Kingdom,2426
14805,2010-03-28 12:34:00,2011-11-24 16:20:00,7,1082.55,127,United Kingdom,2427
14806,2010-09-26 15:50:00,2011-09-25 15:32:00,2,303.43,20,United Kingdom,2428
14807,2010-02-28 11:33:00,2010-11-14 12:47:00,2,504.14,38,United Kingdom,2429
14808,2011-06-20 12:53:00,2011-10-31 12:21:00,8,2718.6,231,United Kingdom,2430
14809,2010-03-28 15:42:00,2010-03-28 15:44:00,2,686.76,18,United Kingdom,2431
14810,2010-10-06 13:12:00,2011-10-30 11:19:00,13,2531.92,323,United Kingdom,2432
14811,2010-11-17 13:09:00,2010-11-17 13:09:00,1,170.5,28,United Kingdom,2433
14812,2010-04-20 12:13:00,2010-04-20 12:13:00,1,178.85,36,United Kingdom,2434
14813,2010-04-08 11:49:00,2010-12-05 11:57:00,4,1041.79,167,United Kingdom,2435
14814,2010-05-07 14:10:00,2010-05-07 14:10:00,1,152.96,29,United Kingdom,2436
14815,2011-10-03 11:36:00,2011-11-03 11:36:00,2,778.5,53,United Kingdom,2437
14816,2011-05-26 13:16:00,2011-05-26 13:16:00,1,271.85,4,United Kingdom,2438
14817,2010-03-22 12:10:00,2011-05-23 13:35:00,7,3959.86,230,United Kingdom,2439
14818,2010-03-02 12:48:00,2011-09-27 11:01:00,6,1153.56,104,United Kingdom,2440
14819,2009-12-21 15:54:00,2011-10-06 13:41:00,4,456.41,54,United Kingdom,2441
14820,2010-01-31 12:49:00,2011-11-18 15:41:00,9,1274.76,64,United Kingdom,2442
14821,2010-02-01 13:33:00,2010-12-08 08:43:00,7,1278.95,71,United Kingdom,2443
14822,2010-08-11 12:52:00,2010-08-11 12:52:00,1,157.70000000000002,9,United Kingdom,2444
14823,2011-05-29 12:48:00,2011-06-12 13:12:00,3,321.43,70,United Kingdom,2445
14824,2010-03-12 13:07:00,2011-11-29 14:20:00,10,4022.9100000000003,158,United Kingdom,2446
14825,2010-04-06 14:14:00,2011-12-06 11:38:00,24,4919.18,309,United Kingdom,2447
14826,2010-01-13 13:08:00,2010-05-07 09:00:00,2,385.2,10,United Kingdom,2448
14828,2009-12-07 11:19:00,2011-05-27 10:16:00,13,9839.460000000001,101,United Kingdom,2449
14829,2010-09-29 13:14:00,2011-11-10 16:16:00,7,1692.84,110,United Kingdom,2450
14830,2011-10-17 14:29:00,2011-10-17 14:29:00,1,188.03,38,United Kingdom,2451
14831,2009-12-02 09:21:00,2010-01-28 14:31:00,3,1676.57,82,United Kingdom,2452
14833,2010-07-29 10:06:00,2010-07-29 10:06:00,1,94.8,7,United Kingdom,2453
14834,2010-10-28 17:37:00,2011-11-22 10:30:00,7,2206.16,87,United Kingdom,2454
14835,2010-04-01 19:34:00,2010-06-29 10:08:00,2,297.0,2,United Kingdom,2455
14836,2011-11-09 13:26:00,2011-11-29 16:45:00,3,102.44999999999999,6,United Kingdom,2456
14837,2010-01-24 10:20:00,2011-09-11 10:58:00,9,3460.32,209,United Kingdom,2457
14838,2009-12-03 09:52:00,2010-10-12 15:46:00,2,769.9200000000001,70,United Kingdom,2458
14839,2010-01-04 16:29:00,2010-10-17 13:01:00,3,915.28,74,United Kingdom,2459
14840,2010-06-18 15:42:00,2011-03-17 12:00:00,2,362.71,22,United Kingdom,2460
14841,2009-12-02 16:49:00,2011-10-17 15:03:00,14,7163.0,300,United Kingdom,2461
14842,2011-02-04 15:32:00,2011-10-27 12:37:00,4,2824.69,145,United Kingdom,2462
14843,2010-09-29 12:39:00,2010-09-29 12:39:00,1,211.79999999999998,9,United Kingdom,2463
14844,2010-04-12 12:50:00,2011-10-07 10:41:00,10,6702.43,277,United Kingdom,2464
14845,2010-04-19 10:19:00,2010-04-19 10:19:00,1,150.0,1,United Kingdom,2465
14846,2010-10-08 17:07:00,2010-10-08 17:07:00,1,437.4,12,United Kingdom,2466
14847,2010-05-24 12:29:00,2011-07-14 10:52:00,3,1348.95,62,United Kingdom,2467
14848,2010-10-31 12:22:00,2010-10-31 12:22:00,1,310.56,11,United Kingdom,2468
14849,2010-01-10 11:40:00,2011-11-18 10:58:00,43,15763.45,755,United Kingdom,2469
14850,2010-05-20 13:28:00,2011-02-01 11:21:00,7,1770.96,195,United Kingdom,2470
14851,2010-03-19 11:52:00,2011-11-16 14:20:00,3,829.4100000000001,42,United Kingdom,2471
14852,2010-03-05 14:51:00,2011-10-12 13:20:00,18,6132.43,309,United Kingdom,2472
14853,2010-04-13 09:26:00,2011-11-15 16:56:00,5,1376.87,31,United Kingdom,2473
14854,2010-01-22 09:48:00,2011-09-22 17:00:00,11,4303.06,214,United Kingdom,2474
14855,2010-04-08 10:30:00,2011-08-12 14:02:00,7,6520.3,207,United Kingdom,2475
14856,2011-10-14 09:35:00,2011-11-03 14:53:00,3,1290.53,65,United Kingdom,2476
14857,2010-03-15 11:00:00,2011-10-11 09:23:00,7,3651.85,212,United Kingdom,2477
14858,2010-07-22 10:51:00,2010-07-22 10:51:00,1,180.75,11,United Kingdom,2478
14859,2010-06-03 10:26:00,2011-11-27 11:18:00,5,1705.64,66,United Kingdom,2479
14860,2011-11-20 14:17:00,2011-11-20 14:17:00,1,170.32,11,United Kingdom,2480
14861,2009-12-08 12:12:00,2011-10-18 12:54:00,10,1380.73,86,United Kingdom,2481
14862,2011-07-14 11:20:00,2011-11-14 10:01:00,2,841.1999999999999,48,United Kingdom,2482
14863,2011-11-10 15:04:00,2011-11-10 15:04:00,1,266.76,11,United Kingdom,2483
14865,2009-12-01 16:05:00,2011-12-02 16:25:00,4,129.72,9,United Kingdom,2484
14866,2010-09-21 15:14:00,2011-11-29 11:45:00,17,20803.72,135,United Kingdom,2485
14867,2009-12-05 15:47:00,2011-06-07 11:39:00,16,2952.06,137,United Kingdom,2486
14868,2010-10-15 14:52:00,2011-12-06 14:49:00,12,4184.01,211,United Kingdom,2487
14869,2009-12-16 11:43:00,2011-12-01 12:36:00,6,2778.14,244,United Kingdom,2488
14870,2010-01-25 09:05:00,2011-03-23 10:51:00,6,1838.95,65,United Kingdom,2489
14871,2009-12-01 11:57:00,2011-12-06 13:42:00,9,1228.17,194,United Kingdom,2490
14872,2010-03-16 14:41:00,2010-08-13 12:34:00,3,816.6,43,United Kingdom,2491
14873,2010-03-16 10:51:00,2011-05-13 13:52:00,2,854.13,49,United Kingdom,2492
14874,2010-06-22 14:58:00,2010-06-22 14:58:00,1,116.18,6,United Kingdom,2493
14875,2010-09-24 10:28:00,2011-08-24 12:20:00,3,2862.4,89,United Kingdom,2494
14876,2010-05-27 13:49:00,2010-07-06 14:57:00,2,256.7,13,United Kingdom,2495
14877,2010-03-07 12:25:00,2010-10-17 13:09:00,2,425.85,63,United Kingdom,2496
14878,2010-02-21 11:14:00,2011-11-27 11:15:00,25,4076.5,369,United Kingdom,2497
14879,2010-01-24 11:35:00,2010-01-24 11:35:00,1,185.06,27,United Kingdom,2498
14880,2011-02-24 12:27:00,2011-09-23 13:42:00,3,690.59,46,United Kingdom,2499
14881,2011-11-20 11:06:00,2011-11-20 11:06:00,1,255.4,17,United Kingdom,2500
14882,2010-03-30 15:02:00,2011-11-13 12:47:00,14,3546.65,65,United Kingdom,2501
14883,2011-05-12 09:49:00,2011-11-21 10:23:00,6,761.59,53,United Kingdom,2502
14884,2010-02-08 12:56:00,2010-02-08 12:56:00,1,120.6,8,United Kingdom,2503
14885,2010-08-31 10:11:00,2011-07-31 12:05:00,3,1598.12,31,United Kingdom,2504
14886,2011-04-01 08:56:00,2011-04-01 08:56:00,1,364.8,18,United Kingdom,2505
14887,2011-09-21 15:32:00,2011-09-21 15:32:00,1,1862.0,6,United Kingdom,2506
14888,2011-05-16 14:58:00,2011-05-16 14:58:00,1,369.2,20,United Kingdom,2507
14889,2011-01-07 15:19:00,2011-01-07 15:19:00,1,135.9,10,United Kingdom,2508
14890,2010-02-18 09:00:00,2011-03-31 11:57:00,3,817.25,57,United Kingdom,2509
14891,2010-09-29 12:41:00,2011-07-14 18:08:00,4,1106.73,63,United Kingdom,2510
14892,2010-01-18 08:58:00,2010-01-18 08:58:00,1,202.35000000000002,13,United Kingdom,2511
14893,2010-04-01 09:03:00,2011-11-30 12:31:00,3,1809.6100000000001,106,United Kingdom,2512
14894,2009-12-02 10:42:00,2011-09-15 13:51:00,3,1492.81,46,United Kingdom,2513
14895,2009-12-10 14:22:00,2011-12-02 09:23:00,38,25119.54,900,United Kingdom,2514
14896,2009-12-06 12:42:00,2011-05-19 10:20:00,8,2083.2200000000003,285,United Kingdom,2515
14897,2009-12-15 17:05:00,2011-12-02 10:32:00,8,3140.54,127,United Kingdom,2516
14898,2009-12-03 16:40:00,2011-11-16 14:54:00,14,3464.45,294,United Kingdom,2517
14899,2010-11-09 15:20:00,2010-11-09 15:20:00,1,1331.38,129,United Kingdom,2518
14900,2010-07-05 15:09:00,2010-07-05 15:09:00,1,13.919999999999998,1,United Kingdom,2519
14901,2010-07-29 11:11:00,2011-11-28 17:09:00,12,2281.4,166,United Kingdom,2520
14902,2010-06-04 12:35:00,2011-11-14 10:34:00,3,1035.6200000000001,59,United Kingdom,2521
14903,2011-03-06 11:50:00,2011-11-18 16:07:00,5,2795.33,350,United Kingdom,2522
14904,2010-10-08 12:48:00,2011-12-07 12:55:00,4,1630.49,141,United Kingdom,2523
14905,2009-12-03 14:36:00,2011-07-05 12:41:00,8,1971.39,78,United Kingdom,2524
14907,2010-04-16 13:40:00,2011-12-06 14:14:00,16,6165.79,296,United Kingdom,2525
14908,2010-09-02 16:39:00,2011-09-26 12:56:00,2,381.9,14,United Kingdom,2526
14909,2010-02-14 15:47:00,2010-09-28 16:56:00,3,1404.68,80,United Kingdom,2527
14910,2011-10-16 11:06:00,2011-12-07 10:06:00,4,434.35,30,United Kingdom,2528
14911,2009-12-01 11:41:00,2011-12-08 15:54:00,378,284437.73,11218,EIRE,2529
14912,2010-01-26 16:29:00,2011-11-23 09:20:00,6,1889.25,63,Italy,2530
14913,2010-08-11 08:40:00,2011-11-04 08:29:00,8,4073.13,247,United Kingdom,2531
14915,2009-12-03 10:17:00,2011-09-09 13:34:00,11,1811.25,90,United Kingdom,2532
14916,2010-04-01 10:57:00,2011-09-30 09:20:00,8,3042.95,134,United Kingdom,2533
14917,2010-04-22 09:44:00,2010-04-22 11:28:00,2,1123.75,29,United Kingdom,2534
14918,2010-04-08 11:18:00,2011-08-16 11:50:00,9,5955.81,141,United Kingdom,2535
14919,2010-06-18 13:06:00,2010-06-18 13:06:00,1,359.35,13,United Kingdom,2536
14920,2010-05-23 15:25:00,2011-05-11 10:32:00,3,1607.17,97,United Kingdom,2537
14921,2011-05-22 12:51:00,2011-11-09 13:17:00,2,1316.07,78,United Kingdom,2538
14922,2010-07-20 09:45:00,2010-11-11 11:14:00,2,843.74,50,United Kingdom,2539
14923,2011-10-20 11:51:00,2011-10-20 11:51:00,1,749.1,44,United Kingdom,2540
14924,2010-03-10 12:51:00,2011-04-08 09:25:00,3,931.01,31,United Kingdom,2541
14926,2010-04-20 09:59:00,2010-11-23 07:13:00,2,359.4,3,United Kingdom,2542
14927,2010-11-08 12:30:00,2010-11-08 12:30:00,1,308.2,20,United Kingdom,2543
14928,2010-03-22 09:14:00,2010-03-22 09:14:00,1,223.91000000000003,21,United Kingdom,2544
14929,2010-10-14 12:22:00,2011-11-07 17:21:00,2,836.69,34,United Kingdom,2545
14930,2010-04-12 11:22:00,2011-08-23 10:31:00,6,5236.7300000000005,278,Channel Islands,2546
14931,2011-04-13 09:32:00,2011-12-05 10:19:00,4,964.6800000000001,40,Channel Islands,2547
14932,2010-11-19 09:16:00,2010-12-09 11:48:00,2,1029.66,49,Channel Islands,2548
14933,2010-09-21 17:29:00,2010-09-22 10:47:00,4,1770.0,4,Channel Islands,2549
14934,2010-09-24 12:08:00,2011-09-19 10:10:00,5,3503.5,185,Channel Islands,2550
14935,2010-03-30 11:48:00,2011-02-15 14:44:00,2,2849.83,26,Channel Islands,2551
14936,2010-05-05 12:26:00,2011-11-06 10:30:00,12,12410.81,527,Channel Islands,2552
14937,2011-08-01 14:16:00,2011-10-14 12:29:00,3,1621.88,34,Channel Islands,2553
14938,2010-05-26 13:35:00,2010-05-26 13:38:00,2,2322.43,71,Channel Islands,2554
14940,2009-12-06 15:46:00,2010-10-18 10:47:00,2,531.49,32,United Kingdom,2555
14941,2010-05-10 11:30:00,2010-05-10 11:30:00,1,182.1,7,United Kingdom,2556
14942,2009-12-10 10:32:00,2010-11-03 10:51:00,4,746.56,19,United Kingdom,2557
14943,2010-02-14 16:04:00,2010-02-14 16:04:00,1,107.62,5,United Kingdom,2558
14944,2010-02-17 08:47:00,2011-11-10 09:10:00,19,9784.67,303,United Kingdom,2559
14945,2010-10-22 11:26:00,2010-10-22 11:26:00,1,179.4,11,United Kingdom,2560
14946,2011-11-25 13:33:00,2011-11-25 13:33:00,1,100.9,3,United Kingdom,2561
14947,2010-03-25 11:29:00,2011-09-28 15:48:00,6,1049.79,54,United Kingdom,2562
14948,2011-05-04 14:52:00,2011-11-16 17:16:00,6,1101.97,63,United Kingdom,2563
14949,2009-12-18 15:28:00,2010-08-27 15:38:00,4,515.0,27,United Kingdom,2564
14950,2011-11-20 13:48:00,2011-11-20 13:48:00,1,371.2,19,United Kingdom,2565
14951,2011-09-21 15:15:00,2011-09-21 15:15:00,1,311.69,20,United Kingdom,2566
14952,2009-12-03 15:34:00,2011-10-11 10:33:00,32,17629.35,307,United Kingdom,2567
14953,2010-09-30 12:16:00,2011-11-14 14:59:00,4,968.82,244,United Kingdom,2568
14954,2010-01-05 16:38:00,2011-11-27 14:30:00,2,462.12,118,United Kingdom,2569
14955,2009-12-07 11:35:00,2009-12-07 11:35:00,1,163.77,31,United Kingdom,2570
14956,2010-10-14 16:40:00,2010-10-14 16:40:00,1,1325.0,4,United Kingdom,2571
14957,2010-03-05 10:50:00,2011-03-31 17:59:00,2,261.69,28,United Kingdom,2572
14958,2009-12-03 16:02:00,2011-07-15 14:20:00,6,941.99,71,United Kingdom,2573
14959,2011-02-16 13:00:00,2011-10-06 18:23:00,4,695.42,59,United Kingdom,2574
14960,2011-06-21 13:38:00,2011-12-01 12:54:00,2,221.27,27,United Kingdom,2575
14961,2009-12-04 11:32:00,2011-11-29 09:42:00,22,16410.15,670,United Kingdom,2576
14962,2010-05-04 14:57:00,2011-03-14 09:42:00,4,366.91,14,United Kingdom,2577
14963,2010-07-02 12:43:00,2011-11-30 12:16:00,12,3123.57,476,United Kingdom,2578
14964,2011-04-06 14:13:00,2011-04-06 14:13:00,1,206.21,13,United Kingdom,2579
14965,2011-09-04 13:15:00,2011-09-04 13:20:00,2,596.09,81,United Kingdom,2580
14966,2009-12-15 13:48:00,2011-11-25 12:20:00,6,1064.26,151,United Kingdom,2581
14967,2009-12-03 14:07:00,2011-10-21 11:06:00,6,1982.6100000000001,29,United Kingdom,2582
14968,2010-09-07 13:28:00,2011-11-09 13:58:00,2,497.49,83,United Kingdom,2583
14969,2010-01-05 12:43:00,2010-01-05 12:43:00,1,906.23,13,United Kingdom,2584
14970,2010-02-14 13:37:00,2011-10-02 13:44:00,12,4919.35,113,United Kingdom,2585
14971,2011-10-27 13:33:00,2011-11-04 17:07:00,3,1097.98,155,United Kingdom,2586
14972,2010-11-23 16:17:00,2011-08-03 14:54:00,2,145.07,20,United Kingdom,2587
14973,2011-04-28 12:22:00,2011-08-24 15:51:00,3,1314.45,32,United Kingdom,2588
14974,2011-11-02 13:01:00,2011-11-02 13:01:00,1,89.94,17,United Kingdom,2589
14975,2010-10-14 14:11:00,2011-10-13 14:08:00,2,472.39,26,United Kingdom,2590
14976,2011-01-17 11:09:00,2011-10-13 16:33:00,6,774.86,70,United Kingdom,2591
14977,2009-12-14 10:37:00,2009-12-14 10:37:00,1,31.929999999999996,4,United Kingdom,2592
14978,2010-04-28 10:50:00,2011-09-28 13:07:00,10,3112.19,290,United Kingdom,2593
14979,2009-12-04 12:54:00,2009-12-04 12:54:00,1,429.66,49,United Kingdom,2594
14980,2009-12-02 14:09:00,2009-12-02 14:09:00,1,150.68,24,United Kingdom,2595
14981,2010-10-12 11:04:00,2011-04-07 13:45:00,2,372.92,22,United Kingdom,2596
14982,2010-05-16 15:52:00,2010-05-16 15:52:00,1,234.88,38,United Kingdom,2597
14983,2010-01-19 17:32:00,2010-01-19 17:32:00,1,183.20000000000002,30,United Kingdom,2598
14984,2010-01-11 13:22:00,2011-11-20 14:28:00,6,1260.51,54,United Kingdom,2599
14985,2010-12-16 19:51:00,2011-05-25 14:29:00,2,292.01,83,United Kingdom,2600
14986,2010-01-24 15:54:00,2010-11-28 15:25:00,2,563.1,98,United Kingdom,2601
14987,2009-12-02 14:56:00,2011-11-24 09:59:00,8,1713.85,17,United Kingdom,2602
14988,2010-04-16 13:34:00,2011-05-12 12:05:00,7,2038.65,235,United Kingdom,2603
14989,2010-02-16 10:40:00,2010-02-16 10:40:00,1,342.4,18,United Kingdom,2604
14990,2009-12-09 13:31:00,2010-04-06 13:54:00,2,304.17,42,United Kingdom,2605
14991,2010-10-05 13:01:00,2010-10-05 13:01:00,1,314.67,21,United Kingdom,2606
14992,2010-09-23 17:48:00,2010-09-23 17:48:00,1,210.5,27,United Kingdom,2607
14993,2010-05-25 12:47:00,2010-05-25 12:47:00,1,36.13,10,United Kingdom,2608
14994,2010-03-26 14:16:00,2010-11-22 12:59:00,5,942.77,300,United Kingdom,2609
14995,2011-03-04 13:14:00,2011-11-01 11:39:00,2,231.98000000000002,60,United Kingdom,2610
14996,2010-08-15 13:41:00,2010-08-15 13:44:00,2,442.28999999999996,41,United Kingdom,2611
14997,2010-02-22 12:11:00,2011-10-24 13:28:00,4,776.5999999999999,38,United Kingdom,2612
14998,2010-04-13 16:07:00,2011-06-22 17:30:00,4,753.18,125,United Kingdom,2613
14999,2010-04-26 10:47:00,2010-04-26 10:47:00,1,129.48000000000002,9,United Kingdom,2614
15000,2011-10-23 11:42:00,2011-10-23 11:42:00,1,490.52,77,United Kingdom,2615
15001,2010-11-10 13:31:00,2010-11-10 13:51:00,2,197.10999999999999,45,United Kingdom,2616
15002,2010-01-12 11:40:00,2011-08-16 10:44:00,9,4769.7300000000005,368,United Kingdom,2617
15003,2010-01-26 13:04:00,2010-08-23 15:44:00,6,1027.03,329,United Kingdom,2618
15004,2011-07-15 14:05:00,2011-07-15 14:05:00,1,1220.38,153,United Kingdom,2619
15005,2009-12-01 14:19:00,2011-11-24 12:25:00,56,13975.08,2413,United Kingdom,2620
15006,2010-09-12 13:03:00,2011-10-19 15:08:00,2,752.83,181,United Kingdom,2621
15007,2011-07-03 16:00:00,2011-07-03 16:00:00,1,156.91,12,United Kingdom,2622
15008,2010-03-12 11:13:00,2010-08-16 13:09:00,2,360.0,12,United Kingdom,2623
15009,2011-11-14 17:40:00,2011-11-27 13:35:00,3,1259.43,180,United Kingdom,2624
15010,2011-11-04 12:42:00,2011-11-04 12:42:00,1,308.94,20,United Kingdom,2625
15011,2010-10-19 12:05:00,2010-11-09 11:10:00,2,416.6,20,United Kingdom,2626
15012,2010-05-12 11:49:00,2011-10-17 12:22:00,3,834.82,243,United Kingdom,2627
15013,2010-01-31 12:15:00,2010-08-09 12:05:00,10,1610.82,340,United Kingdom,2628
15014,2011-06-16 19:40:00,2011-10-27 20:07:00,2,257.67,33,United Kingdom,2629
15015,2009-12-14 14:46:00,2010-07-26 13:50:00,13,2344.47,293,United Kingdom,2630
15016,2010-06-14 13:06:00,2011-06-20 12:06:00,5,620.89,105,United Kingdom,2631
15017,2011-11-06 10:33:00,2011-11-06 10:33:00,1,125.58,20,United Kingdom,2632
15018,2010-12-07 10:47:00,2011-11-01 12:47:00,3,607.46,36,United Kingdom,2633
15019,2011-03-18 12:35:00,2011-03-18 12:35:00,1,252.81,66,United Kingdom,2634
15020,2010-11-25 13:29:00,2010-11-25 13:29:00,1,198.47,27,United Kingdom,2635
15021,2010-07-29 16:35:00,2011-12-01 11:53:00,12,2698.68,672,United Kingdom,2636
15022,2010-01-31 16:02:00,2011-11-28 12:35:00,5,1133.44,140,United Kingdom,2637
15023,2010-02-03 15:45:00,2011-12-06 17:23:00,20,11984.9,989,United Kingdom,2638
15024,2010-10-11 16:14:00,2011-11-30 12:06:00,16,4050.61,368,United Kingdom,2639
15025,2010-05-20 13:28:00,2011-11-06 15:20:00,2,971.84,138,United Kingdom,2640
15026,2010-09-17 13:52:00,2011-09-20 13:52:00,5,1044.09,137,United Kingdom,2641
15027,2010-03-25 14:39:00,2011-11-09 10:16:00,10,3195.6,91,United Kingdom,2642
15028,2010-11-10 14:32:00,2011-12-01 14:06:00,6,1148.91,116,United Kingdom,2643
15029,2010-03-30 12:16:00,2010-03-30 12:16:00,1,365.1,10,United Kingdom,2644
15030,2010-03-04 17:10:00,2011-09-29 10:50:00,8,1979.91,33,United Kingdom,2645
15031,2009-12-08 13:38:00,2011-12-05 14:19:00,14,3102.94,395,United Kingdom,2646
15032,2009-12-10 15:27:00,2011-03-28 15:03:00,8,13780.65,125,United Kingdom,2647
15033,2011-01-14 13:28:00,2011-12-05 12:40:00,10,2553.88,500,United Kingdom,2648
15034,2010-05-11 13:30:00,2011-11-24 12:11:00,14,8231.2,752,United Kingdom,2649
15035,2011-09-11 11:08:00,2011-09-11 11:08:00,1,252.73000000000002,27,United Kingdom,2650
15036,2011-06-13 12:19:00,2011-09-28 15:42:00,3,429.56,119,United Kingdom,2651
15037,2010-11-28 12:14:00,2010-11-28 13:05:00,2,397.76,45,United Kingdom,2652
15038,2010-10-10 14:35:00,2011-10-12 11:33:00,9,1265.41,267,United Kingdom,2653
15039,2009-12-10 11:39:00,2011-11-30 11:31:00,93,39726.89,2749,United Kingdom,2654
15040,2010-06-16 11:40:00,2010-06-16 11:40:00,1,7.49,1,United Kingdom,2655
15041,2010-09-21 13:16:00,2011-06-22 16:16:00,2,288.98,103,United Kingdom,2656
15042,2010-04-23 14:01:00,2011-05-24 16:25:00,2,315.45,9,United Kingdom,2657
15043,2010-06-24 15:50:00,2011-11-08 14:26:00,6,2855.3199999999997,50,United Kingdom,2658
15044,2009-12-16 15:13:00,2011-11-20 13:20:00,32,15769.01,892,United Kingdom,2659
15045,2011-03-27 11:44:00,2011-07-11 11:33:00,2,735.66,12,United Kingdom,2660
15046,2010-01-14 14:29:00,2011-11-30 15:50:00,25,7604.84,393,United Kingdom,2661
15047,2011-03-15 10:49:00,2011-03-15 10:49:00,1,343.62,22,United Kingdom,2662
15048,2010-12-06 12:15:00,2011-10-05 14:55:00,4,479.7,117,United Kingdom,2663
15049,2011-03-11 12:13:00,2011-03-11 12:13:00,1,121.17000000000002,3,United Kingdom,2664
15050,2010-08-16 12:00:00,2011-11-14 16:17:00,5,4087.19,149,United Kingdom,2665
15051,2009-12-01 13:29:00,2011-11-16 15:38:00,9,3926.91,289,United Kingdom,2666
15052,2011-01-24 15:52:00,2011-01-24 15:52:00,1,207.73000000000002,28,United Kingdom,2667
15053,2011-03-03 12:06:00,2011-12-05 12:08:00,3,693.95,69,United Kingdom,2668
15054,2011-10-30 14:33:00,2011-11-27 15:02:00,2,302.1,114,United Kingdom,2669
15055,2009-12-16 15:48:00,2010-08-22 11:06:00,3,549.12,81,United Kingdom,2670
15056,2010-07-07 15:58:00,2010-07-07 15:58:00,1,113.64999999999999,6,United Kingdom,2671
15057,2009-12-05 15:27:00,2011-03-09 15:17:00,5,3255.96,70,United Kingdom,2672
15058,2010-02-24 14:07:00,2011-11-14 14:57:00,16,3387.58,347,United Kingdom,2673
15059,2009-12-06 12:17:00,2011-10-30 11:35:00,19,3490.4,588,United Kingdom,2674
15060,2011-11-30 14:03:00,2011-12-01 13:47:00,4,293.0,114,United Kingdom,2675
15061,2009-12-01 12:18:00,2011-12-06 12:06:00,127,137817.07,986,United Kingdom,2676
15062,2010-04-08 15:41:00,2011-09-29 16:51:00,8,2585.62,159,United Kingdom,2677
15063,2011-05-10 13:25:00,2011-05-10 13:25:00,1,370.79999999999995,5,United Kingdom,2678
15064,2009-12-22 16:17:00,2010-10-25 14:32:00,4,1254.41,81,United Kingdom,2679
15065,2010-10-25 09:13:00,2011-11-02 09:45:00,5,3326.86,166,United Kingdom,2680
15066,2011-10-17 13:25:00,2011-10-17 13:25:00,1,893.59,42,United Kingdom,2681
15067,2010-04-11 15:54:00,2011-09-22 13:20:00,5,3862.88,177,United Kingdom,2682
15068,2010-03-28 13:18:00,2011-10-24 14:47:00,4,1174.9,218,United Kingdom,2683
15069,2011-06-13 14:16:00,2011-06-13 14:16:00,1,1109.53,70,United Kingdom,2684
15070,2009-12-15 13:49:00,2010-12-02 11:23:00,3,843.25,33,United Kingdom,2685
15071,2010-05-18 12:45:00,2011-09-07 11:43:00,4,1455.56,54,United Kingdom,2686
15072,2010-08-17 15:46:00,2010-08-17 15:46:00,1,187.51999999999998,13,United Kingdom,2687
15073,2010-01-27 08:48:00,2011-11-30 10:44:00,8,2788.02,159,United Kingdom,2688
15074,2010-08-29 11:47:00,2011-08-26 14:45:00,3,1553.1299999999999,72,United Kingdom,2689
15075,2011-09-23 12:27:00,2011-09-23 12:27:00,1,773.03,27,United Kingdom,2690
15076,2010-07-05 14:11:00,2011-06-20 08:23:00,3,1447.74,80,United Kingdom,2691
15077,2009-12-09 17:10:00,2010-08-02 11:13:00,2,2428.08,32,United Kingdom,2692
15078,2009-12-04 12:03:00,2011-12-02 15:41:00,52,17751.88,792,United Kingdom,2693
15079,2009-12-08 11:22:00,2011-05-11 12:45:00,11,3767.35,145,United Kingdom,2694
15080,2010-07-26 10:03:00,2010-10-08 11:52:00,2,546.25,31,United Kingdom,2695
15081,2010-06-22 10:25:00,2011-11-17 17:08:00,12,1965.72,109,United Kingdom,2696
15082,2010-02-09 10:23:00,2010-02-09 10:23:00,1,93.35000000000001,6,United Kingdom,2697
15083,2011-03-28 12:18:00,2011-03-28 12:18:00,1,88.2,5,United Kingdom,2698
15084,2010-03-04 10:45:00,2010-11-25 11:58:00,2,965.2,31,United Kingdom,2699
15085,2009-12-10 11:47:00,2009-12-10 11:47:00,1,347.54,9,United Kingdom,2700
15086,2010-03-24 13:56:00,2010-05-24 12:27:00,2,218.53,11,United Kingdom,2701
15087,2011-03-03 10:34:00,2011-03-03 10:34:00,1,306.94,15,United Kingdom,2702
15088,2011-10-03 14:05:00,2011-11-18 13:14:00,2,1160.07,57,United Kingdom,2703
15089,2011-08-03 14:14:00,2011-11-29 16:31:00,6,2420.84,145,United Kingdom,2704
15090,2011-02-04 14:03:00,2011-02-04 14:03:00,1,381.32,23,United Kingdom,2705
15091,2010-02-03 11:46:00,2011-10-03 12:47:00,3,1046.6100000000001,57,United Kingdom,2706
15092,2010-09-03 12:33:00,2011-05-08 14:10:00,3,776.46,45,United Kingdom,2707
15093,2009-12-08 12:46:00,2011-11-21 13:09:00,23,14326.11,332,United Kingdom,2708
15094,2010-03-05 12:56:00,2010-09-02 16:55:00,2,83.0,5,United Kingdom,2709
15095,2010-01-21 09:37:00,2011-08-28 12:01:00,10,3141.64,124,United Kingdom,2710
15096,2011-10-28 10:27:00,2011-10-28 10:27:00,1,219.39000000000001,11,United Kingdom,2711
15097,2010-05-05 14:22:00,2011-12-05 14:03:00,3,908.35,66,United Kingdom,2712
15098,2011-06-10 15:22:00,2011-06-10 15:33:00,3,39916.5,3,United Kingdom,2713
15099,2011-09-16 13:13:00,2011-09-16 13:13:00,1,410.48,23,United Kingdom,2714
15100,2010-01-07 14:33:00,2011-01-10 10:35:00,7,2894.7,18,United Kingdom,2715
15101,2010-04-28 15:00:00,2011-12-01 10:18:00,6,1477.94,58,United Kingdom,2716
15102,2010-06-11 10:16:00,2010-06-27 12:16:00,2,554.67,27,United Kingdom,2717
15103,2011-09-14 13:54:00,2011-11-08 14:53:00,2,703.36,35,United Kingdom,2718
15104,2011-03-02 14:16:00,2011-05-27 12:29:00,2,993.54,67,United Kingdom,2719
15105,2010-03-23 12:18:00,2011-11-21 16:54:00,9,3094.91,151,United Kingdom,2720
15106,2011-03-15 12:52:00,2011-11-22 09:16:00,5,1422.52,100,United Kingdom,2721
15107,2010-09-14 10:47:00,2011-02-01 14:46:00,9,940.35,47,United Kingdom,2722
15108,2011-04-26 10:54:00,2011-07-21 10:24:00,3,1159.25,57,European Community,2723
15109,2009-12-04 12:33:00,2011-04-08 09:58:00,3,983.1,48,United Kingdom,2724
15110,2010-08-11 15:49:00,2011-11-16 11:16:00,6,1505.8500000000001,53,United Kingdom,2725
15111,2010-04-26 13:12:00,2011-11-10 16:58:00,5,2730.87,151,United Kingdom,2726
15112,2010-04-07 14:17:00,2010-04-07 14:17:00,1,209.4,7,United Kingdom,2727
15113,2011-10-16 15:27:00,2011-11-30 08:23:00,3,3509.04,96,United Kingdom,2728
15114,2010-10-14 16:44:00,2011-11-09 15:05:00,12,3400.12,231,United Kingdom,2729
15115,2009-12-07 11:20:00,2011-11-21 14:59:00,2,531.85,35,United Kingdom,2730
15116,2011-05-19 08:50:00,2011-11-22 12:25:00,4,1352.75,45,United Kingdom,2731
15117,2010-03-15 13:39:00,2011-11-25 08:12:00,8,2485.9700000000003,131,United Kingdom,2732
15118,2011-07-28 14:54:00,2011-07-28 14:54:00,1,244.8,1,United Kingdom,2733
15119,2011-04-08 09:08:00,2011-04-08 09:08:00,1,266.4,14,United Kingdom,2734
15120,2011-07-29 09:48:00,2011-07-29 09:48:00,1,358.82,21,United Kingdom,2735
15121,2011-02-24 12:41:00,2011-10-20 14:51:00,2,457.72,28,United Kingdom,2736
15122,2010-03-30 14:05:00,2011-08-17 16:48:00,11,4487.27,227,United Kingdom,2737
15123,2010-03-16 09:49:00,2011-12-02 13:12:00,5,4656.17,183,United Kingdom,2738
15124,2010-02-26 10:49:00,2011-11-17 10:09:00,4,450.82,31,United Kingdom,2739
15125,2010-03-31 13:29:00,2011-11-14 13:57:00,24,17024.87,240,United Kingdom,2740
15126,2010-01-21 17:09:00,2010-06-21 12:31:00,2,449.49,25,United Kingdom,2741
15127,2010-07-08 10:07:00,2011-10-05 10:30:00,2,711.5,28,United Kingdom,2742
15128,2010-10-05 16:46:00,2011-10-10 13:54:00,5,1783.68,123,United Kingdom,2743
15129,2010-04-08 17:15:00,2011-10-20 14:40:00,23,6860.18,207,United Kingdom,2744
15130,2011-06-23 10:15:00,2011-06-23 10:15:00,1,330.11,22,United Kingdom,2745
15131,2010-11-10 12:07:00,2010-11-10 12:07:00,1,80.28,7,United Kingdom,2746
15132,2011-03-22 12:02:00,2011-11-21 17:10:00,5,977.9300000000001,52,United Kingdom,2747
15133,2010-07-07 12:31:00,2011-08-04 10:44:00,5,1806.9,49,United Kingdom,2748
15134,2010-10-13 12:44:00,2011-11-25 08:55:00,10,1596.29,85,United Kingdom,2749
15135,2010-06-01 13:33:00,2011-04-14 19:16:00,2,305.68,20,United Kingdom,2750
15136,2011-09-04 16:05:00,2011-12-07 12:26:00,4,1286.7,68,United Kingdom,2751
15137,2010-01-28 15:45:00,2010-07-07 09:41:00,2,823.4,34,United Kingdom,2752
15138,2010-11-11 09:16:00,2010-11-11 09:16:00,1,502.52,31,United Kingdom,2753
15139,2011-01-07 12:44:00,2011-04-14 11:39:00,2,178.96,13,United Kingdom,2754
15140,2010-09-23 13:07:00,2011-10-18 14:07:00,8,3243.69,112,United Kingdom,2755
15141,2010-03-28 15:58:00,2010-09-08 11:33:00,7,1388.47,80,United Kingdom,2756
15142,2010-07-27 09:05:00,2011-10-24 12:51:00,6,2619.92,142,United Kingdom,2757
15143,2010-10-03 13:58:00,2011-04-28 12:03:00,2,563.63,31,United Kingdom,2758
15144,2009-12-13 11:35:00,2011-12-01 15:12:00,29,12160.31,349,United Kingdom,2759
15145,2011-04-05 15:20:00,2011-12-05 17:21:00,4,1194.73,67,United Kingdom,2760
15146,2011-02-21 13:07:00,2011-06-28 12:09:00,2,1327.16,91,United Kingdom,2761
15147,2011-04-13 15:57:00,2011-04-13 15:57:00,1,623.5,28,United Kingdom,2762
15148,2011-11-29 08:21:00,2011-11-29 08:21:00,1,301.29,20,United Kingdom,2763
15149,2010-02-28 11:13:00,2011-07-29 10:58:00,4,1524.6100000000001,68,United Kingdom,2764
15150,2010-06-14 12:01:00,2011-11-22 12:52:00,13,8977.94,573,United Kingdom,2765
15151,2010-07-18 12:19:00,2010-10-12 16:37:00,2,2085.61,57,United Kingdom,2766
15152,2010-01-07 15:15:00,2011-11-30 12:32:00,14,5263.83,300,United Kingdom,2767
15153,2011-11-08 17:09:00,2011-11-08 17:09:00,1,329.25,22,United Kingdom,2768
15154,2010-08-18 17:41:00,2011-09-25 16:05:00,3,1343.72,173,United Kingdom,2769
15155,2010-11-21 12:59:00,2010-11-21 12:59:00,1,383.96999999999997,24,United Kingdom,2770
15156,2011-11-06 12:41:00,2011-12-08 18:22:00,3,961.49,55,United Kingdom,2771
15157,2009-12-10 14:44:00,2011-12-06 11:28:00,5,2654.11,152,United Kingdom,2772
15158,2010-11-03 13:46:00,2011-10-25 13:53:00,2,606.02,11,United Kingdom,2773
15159,2010-10-04 09:31:00,2011-12-08 12:05:00,34,22116.73,810,United Kingdom,2774
15160,2010-10-14 15:26:00,2010-12-17 14:15:00,4,589.27,23,United Kingdom,2775
15161,2010-11-16 16:08:00,2010-11-16 16:08:00,1,119.92,33,United Kingdom,2776
15162,2009-12-08 13:14:00,2009-12-08 13:14:00,1,312.9,12,United Kingdom,2777
15163,2011-05-31 15:22:00,2011-11-21 13:10:00,2,304.47,29,United Kingdom,2778
15164,2010-01-18 13:34:00,2011-10-02 12:05:00,9,2028.1100000000001,352,United Kingdom,2779
15165,2010-12-01 14:03:00,2010-12-01 14:03:00,1,975.5,54,United Kingdom,2780
15166,2010-08-29 12:31:00,2010-08-29 12:31:00,1,167.16,12,United Kingdom,2781
15167,2010-02-04 14:13:00,2011-01-23 12:41:00,5,1627.62,304,United Kingdom,2782
15168,2011-11-14 11:26:00,2011-11-14 11:26:00,1,106.56,5,United Kingdom,2783
15169,2009-12-13 11:16:00,2010-11-22 13:04:00,2,569.22,59,United Kingdom,2784
15170,2010-10-29 10:34:00,2010-10-29 10:34:00,1,81.15,4,United Kingdom,2785
15171,2011-01-12 15:36:00,2011-01-12 15:36:00,1,1289.5,5,United Kingdom,2786
15172,2011-04-17 11:56:00,2011-12-01 11:51:00,5,1624.05,110,United Kingdom,2787
15173,2010-04-01 12:26:00,2010-11-24 10:21:00,7,1494.6,86,United Kingdom,2788
15174,2010-10-25 09:40:00,2011-01-21 09:06:00,2,481.46,34,United Kingdom,2789
15175,2011-09-29 11:31:00,2011-09-29 11:31:00,1,224.14,23,United Kingdom,2790
15176,2010-02-10 10:36:00,2010-02-10 10:36:00,1,988.04,52,United Kingdom,2791
15177,2010-10-10 12:48:00,2010-10-10 12:48:00,1,948.93,26,United Kingdom,2792
15178,2011-03-24 15:12:00,2011-03-24 15:12:00,1,40.5,3,United Kingdom,2793
15179,2009-12-03 12:27:00,2011-11-21 12:53:00,13,7491.92,314,United Kingdom,2794
15180,2010-04-29 15:27:00,2010-12-07 14:57:00,3,904.4300000000001,58,United Kingdom,2795
15181,2009-12-08 19:02:00,2011-10-04 13:58:00,5,1200.2,20,United Kingdom,2796
15182,2010-02-21 12:03:00,2011-07-08 13:37:00,11,2998.9500000000003,123,United Kingdom,2797
15183,2010-05-04 11:31:00,2010-06-10 10:43:00,3,639.93,38,United Kingdom,2798
15184,2009-12-16 12:06:00,2011-11-10 13:41:00,4,685.39,84,United Kingdom,2799
15185,2011-09-30 14:06:00,2011-09-30 14:06:00,1,310.62,21,United Kingdom,2800
15186,2010-01-12 10:14:00,2011-11-25 14:58:00,5,1403.2,52,United Kingdom,2801
15187,2011-05-11 13:49:00,2011-12-08 11:56:00,15,4762.18,90,United Kingdom,2802
15188,2009-12-14 13:30:00,2009-12-14 13:30:00,1,310.43,23,United Kingdom,2803
15189,2010-07-18 13:37:00,2011-12-08 13:22:00,46,17524.38,241,United Kingdom,2804
15190,2010-10-01 13:09:00,2010-10-01 13:09:00,1,834.4399999999999,40,United Kingdom,2805
15191,2010-01-20 12:35:00,2010-09-02 15:37:00,3,588.05,35,United Kingdom,2806
15192,2010-01-29 10:13:00,2011-08-12 11:41:00,5,1981.39,106,United Kingdom,2807
15193,2011-10-10 08:23:00,2011-10-10 08:23:00,1,499.32,19,United Kingdom,2808
15194,2009-12-03 10:37:00,2011-12-06 15:10:00,28,12427.69,492,United Kingdom,2809
15195,2011-12-07 12:20:00,2011-12-07 12:20:00,1,3861.0,1,United Kingdom,2810
15196,2009-12-13 11:14:00,2010-10-03 10:50:00,2,313.7,42,United Kingdom,2811
15197,2009-12-11 12:56:00,2011-11-29 10:00:00,6,1877.51,59,United Kingdom,2812
15198,2010-01-19 10:01:00,2011-09-08 14:42:00,5,571.35,31,United Kingdom,2813
15199,2010-05-13 10:14:00,2011-10-11 15:12:00,10,3122.4,51,United Kingdom,2814
15200,2010-08-02 09:38:00,2010-08-02 09:38:00,1,549.05,30,United Kingdom,2815
15201,2010-04-07 14:50:00,2011-09-13 14:53:00,7,1842.95,100,United Kingdom,2816
15203,2009-12-08 18:06:00,2011-11-14 08:16:00,15,4400.18,343,United Kingdom,2817
15204,2010-12-17 13:49:00,2010-12-17 13:49:00,1,316.58,9,United Kingdom,2818
15205,2011-08-04 16:07:00,2011-09-15 19:36:00,2,653.24,37,United Kingdom,2819
15206,2011-03-09 08:59:00,2011-11-29 13:41:00,4,420.29999999999995,9,United Kingdom,2820
15207,2010-06-10 17:29:00,2010-10-19 13:29:00,3,683.9200000000001,24,United Kingdom,2821
15208,2010-10-12 12:17:00,2011-12-08 17:24:00,6,970.52,48,United Kingdom,2822
15209,2009-12-09 17:26:00,2009-12-09 17:26:00,1,178.98000000000002,13,United Kingdom,2823
15210,2010-05-13 14:42:00,2011-04-28 16:11:00,3,1176.19,67,United Kingdom,2824
15211,2010-12-09 16:08:00,2011-10-10 13:31:00,2,1277.48,75,United Kingdom,2825
15212,2010-11-28 10:45:00,2011-04-12 13:45:00,2,208.28,10,United Kingdom,2826
15213,2011-01-14 11:05:00,2011-01-25 12:21:00,2,328.35,24,United Kingdom,2827
15214,2011-04-11 09:46:00,2011-12-08 12:07:00,8,1661.44,110,United Kingdom,2828
15215,2010-04-06 11:21:00,2011-10-24 11:41:00,7,2422.43,113,United Kingdom,2829
15216,2010-03-31 09:52:00,2011-09-13 11:41:00,2,486.09,24,United Kingdom,2830
15217,2010-05-25 13:51:00,2010-05-25 13:51:00,1,426.24,28,United Kingdom,2831
15218,2010-01-26 11:33:00,2011-11-29 11:48:00,22,11453.83,395,United Kingdom,2832
15219,2010-03-01 11:33:00,2011-06-16 16:57:00,2,685.45,26,United Kingdom,2833
15220,2011-03-04 10:24:00,2011-10-19 12:39:00,6,1778.96,117,United Kingdom,2834
15221,2010-03-12 10:40:00,2010-12-08 13:08:00,4,2465.4500000000003,34,United Kingdom,2835
15222,2009-12-16 13:49:00,2011-01-25 08:03:00,11,3550.91,138,United Kingdom,2836
15223,2009-12-05 11:19:00,2011-04-28 11:31:00,5,1417.95,34,United Kingdom,2837
15224,2010-01-15 16:14:00,2010-12-16 15:02:00,5,871.36,35,United Kingdom,2838
15225,2011-04-19 14:51:00,2011-04-19 14:51:00,1,409.40000000000003,23,United Kingdom,2839
15226,2011-02-02 11:41:00,2011-02-02 11:41:00,1,154.41,8,United Kingdom,2840
15227,2010-03-16 08:23:00,2011-11-03 11:59:00,9,2488.4900000000002,120,United Kingdom,2841
15228,2010-07-28 10:21:00,2011-10-04 13:56:00,6,5580.2699999999995,234,United Kingdom,2842
15229,2010-05-02 13:50:00,2010-05-02 13:50:00,1,160.5,9,United Kingdom,2843
15230,2011-04-13 11:04:00,2011-04-14 14:39:00,2,429.6,23,United Kingdom,2844
15231,2010-03-28 15:12:00,2010-03-28 15:12:00,1,250.26,14,United Kingdom,2845
15232,2011-07-22 12:21:00,2011-08-18 16:27:00,2,612.06,31,United Kingdom,2846
15233,2010-11-03 13:36:00,2010-11-03 13:36:00,1,59.400000000000006,1,United Kingdom,2847
15234,2011-03-08 08:53:00,2011-03-08 08:53:00,1,197.0,14,United Kingdom,2848
15235,2010-11-16 12:48:00,2011-05-06 09:44:00,16,2937.81,187,United Kingdom,2849
15236,2011-02-14 10:52:00,2011-02-14 10:52:00,1,321.05,15,United Kingdom,2850
15237,2011-04-26 15:04:00,2011-12-08 09:46:00,4,1412.32,99,United Kingdom,2851
15238,2011-06-08 16:00:00,2011-11-10 14:28:00,3,1071.99,50,United Kingdom,2852
15239,2011-09-22 09:53:00,2011-11-29 14:14:00,2,780.59,49,United Kingdom,2853
15240,2009-12-05 14:57:00,2011-10-26 09:50:00,12,4459.98,224,United Kingdom,2854
15241,2010-02-23 13:59:00,2011-10-04 09:05:00,11,3050.16,184,United Kingdom,2855
15242,2010-10-13 15:33:00,2010-10-13 15:33:00,1,302.04,4,United Kingdom,2856
15243,2010-09-30 17:28:00,2011-09-26 14:12:00,2,927.2800000000001,61,United Kingdom,2857
15244,2010-02-11 14:48:00,2011-10-05 13:19:00,3,912.08,48,United Kingdom,2858
15245,2010-04-23 14:23:00,2011-07-28 18:56:00,8,4610.84,148,United Kingdom,2859
15246,2010-06-02 11:28:00,2011-04-15 14:45:00,3,780.4,51,United Kingdom,2860
15247,2010-06-20 14:08:00,2011-08-09 12:52:00,3,976.06,17,United Kingdom,2861
15248,2010-06-23 14:34:00,2010-10-24 13:09:00,3,1893.93,106,United Kingdom,2862
15249,2010-03-26 14:51:00,2011-11-08 11:45:00,18,9266.0,502,United Kingdom,2863
15250,2010-03-09 07:35:00,2010-03-09 07:35:00,1,60.0,3,United Kingdom,2864
15251,2010-01-29 12:42:00,2011-11-30 15:02:00,21,20324.54,230,United Kingdom,2865
15252,2010-04-07 10:24:00,2011-11-03 13:30:00,5,2103.41,118,United Kingdom,2866
15253,2010-05-02 11:17:00,2011-11-23 16:22:00,8,2055.09,116,United Kingdom,2867
15254,2010-05-28 10:08:00,2011-08-04 15:04:00,3,1088.35,67,United Kingdom,2868
15255,2009-12-03 09:10:00,2011-10-04 12:43:00,9,3706.02,188,United Kingdom,2869
15256,2010-05-27 11:41:00,2011-07-14 11:47:00,2,170.4,10,United Kingdom,2870
15257,2010-10-21 14:03:00,2011-03-01 12:58:00,2,685.9,12,United Kingdom,2871
15258,2011-05-06 14:16:00,2011-06-24 12:30:00,2,623.16,34,United Kingdom,2872
15259,2010-01-26 09:41:00,2010-07-15 08:47:00,4,1182.3799999999999,57,United Kingdom,2873
15260,2009-12-06 11:45:00,2011-08-31 13:55:00,25,9188.23,398,United Kingdom,2874
15261,2010-10-01 11:59:00,2011-07-27 15:20:00,4,1508.0,92,United Kingdom,2875
15262,2010-08-08 15:55:00,2011-01-20 12:16:00,3,418.82,26,United Kingdom,2876
15263,2011-08-25 10:26:00,2011-08-25 10:26:00,1,156.51,12,United Kingdom,2877
15264,2010-06-27 13:29:00,2011-10-06 13:49:00,2,848.4,55,United Kingdom,2878
15265,2009-12-01 17:08:00,2011-07-11 14:46:00,4,3345.64,193,United Kingdom,2879
15266,2010-01-07 12:19:00,2011-01-05 13:40:00,5,852.21,45,United Kingdom,2880
15267,2011-06-10 10:24:00,2011-11-17 15:59:00,5,1717.36,11,United Kingdom,2881
15268,2010-04-13 11:27:00,2010-08-18 10:33:00,3,961.9000000000001,22,United Kingdom,2882
15269,2010-11-14 12:58:00,2011-11-16 09:32:00,3,1225.3600000000001,35,United Kingdom,2883
15270,2009-12-17 15:02:00,2011-11-24 09:24:00,21,8524.86,168,United Kingdom,2884
15271,2010-08-05 14:57:00,2011-12-02 14:11:00,24,4640.29,594,United Kingdom,2885
15272,2010-02-14 13:39:00,2011-10-13 12:59:00,6,2030.95,286,United Kingdom,2886
15273,2010-04-19 11:31:00,2010-04-19 11:31:00,1,228.96,1,United Kingdom,2887
15274,2011-11-21 14:17:00,2011-12-05 16:57:00,2,716.57,47,United Kingdom,2888
15275,2011-11-02 11:20:00,2011-11-02 11:20:00,1,615.14,41,United Kingdom,2889
15276,2010-10-01 12:24:00,2011-10-04 16:39:00,4,619.8,178,United Kingdom,2890
15277,2010-10-10 16:02:00,2011-10-24 10:08:00,2,476.34,26,United Kingdom,2891
15278,2010-02-12 14:53:00,2010-05-27 10:03:00,4,496.15999999999997,29,United Kingdom,2892
15279,2010-02-02 10:15:00,2010-12-20 10:48:00,5,1580.54,94,United Kingdom,2893
15280,2010-05-17 14:17:00,2011-06-20 17:14:00,3,397.52,60,United Kingdom,2894
15281,2010-10-08 12:14:00,2011-10-12 09:10:00,16,8543.57,522,United Kingdom,2895
15282,2010-05-18 16:27:00,2010-05-18 16:27:00,1,348.59,27,United Kingdom,2896
15283,2010-07-09 15:46:00,2010-11-14 14:54:00,3,148.33,9,United Kingdom,2897
15284,2010-07-27 13:25:00,2010-07-27 13:25:00,1,24.75,1,United Kingdom,2898
15285,2010-10-28 09:46:00,2010-10-28 09:46:00,1,94.92,6,United Kingdom,2899
15286,2011-10-21 11:08:00,2011-10-21 11:08:00,1,240.55,3,United Kingdom,2900
15287,2009-12-02 12:13:00,2011-11-17 15:34:00,5,856.03,36,United Kingdom,2901
15288,2010-02-12 15:27:00,2011-10-27 16:58:00,10,3872.1800000000003,178,United Kingdom,2902
15289,2010-03-28 11:45:00,2011-11-10 13:49:00,5,1593.09,97,United Kingdom,2903
15290,2010-02-24 10:15:00,2011-12-05 11:39:00,26,10496.28,292,United Kingdom,2904
15291,2009-12-03 11:09:00,2011-11-14 11:02:00,39,13801.56,245,United Kingdom,2905
15292,2011-05-22 15:00:00,2011-05-22 15:00:00,1,178.39,24,United Kingdom,2906
15293,2010-02-12 11:54:00,2010-02-12 11:54:00,1,247.5,19,United Kingdom,2907
15294,2010-10-25 11:45:00,2010-10-25 11:45:00,1,233.35,15,United Kingdom,2908
15295,2010-02-23 13:03:00,2010-02-23 13:03:00,1,207.04,52,United Kingdom,2909
15296,2010-01-21 13:48:00,2011-10-20 11:47:00,12,10323.03,534,United Kingdom,2910
15297,2011-10-07 09:42:00,2011-11-29 16:32:00,3,641.94,39,United Kingdom,2911
15298,2009-12-08 17:04:00,2011-12-07 17:17:00,23,9459.37,442,United Kingdom,2912
15299,2010-01-12 11:34:00,2011-10-03 14:19:00,9,7391.54,12,United Kingdom,2913
15300,2011-10-06 17:08:00,2011-10-06 17:08:00,1,496.44,28,United Kingdom,2914
15301,2010-09-15 15:41:00,2011-10-20 09:57:00,17,7583.04,379,United Kingdom,2915
15302,2009-12-09 13:11:00,2009-12-09 13:11:00,1,308.0,15,United Kingdom,2916
15303,2010-01-25 09:42:00,2011-02-22 13:59:00,3,1224.18,69,United Kingdom,2917
15304,2010-10-14 10:24:00,2011-10-10 10:23:00,9,919.5500000000001,29,United Kingdom,2918
15305,2010-06-02 13:50:00,2010-06-02 13:50:00,1,93.6,5,United Kingdom,2919
15306,2010-02-18 17:12:00,2011-10-06 12:56:00,9,3484.73,162,United Kingdom,2920
15307,2011-09-05 11:38:00,2011-09-05 11:38:00,1,205.3,12,United Kingdom,2921
15308,2011-03-10 13:08:00,2011-03-10 13:08:00,1,310.47,19,United Kingdom,2922
15309,2009-12-04 13:01:00,2010-04-08 11:11:00,4,797.96,54,United Kingdom,2923
15310,2010-08-18 11:38:00,2010-08-18 11:38:00,1,1634.64,45,United Kingdom,2924
15311,2009-12-01 11:21:00,2011-12-09 12:00:00,207,116280.49,4401,United Kingdom,2925
15312,2009-12-16 09:23:00,2011-09-25 13:10:00,12,2930.19,163,United Kingdom,2926
15313,2011-08-21 16:02:00,2011-08-21 16:02:00,1,52.0,1,United Kingdom,2927
15314,2010-10-07 15:41:00,2011-05-24 14:39:00,3,820.4499999999999,50,United Kingdom,2928
15315,2011-08-15 15:17:00,2011-10-06 12:51:00,2,570.5,37,United Kingdom,2929
15316,2011-01-17 11:34:00,2011-01-17 11:34:00,1,165.0,1,United Kingdom,2930
15317,2010-01-31 15:55:00,2010-01-31 15:55:00,1,129.75,5,United Kingdom,2931
15318,2011-12-06 11:30:00,2011-12-06 11:30:00,1,312.62,33,United Kingdom,2932
15319,2011-03-01 12:48:00,2011-03-01 12:48:00,1,204.5,16,United Kingdom,2933
15320,2011-10-26 13:27:00,2011-10-26 13:27:00,1,267.13,36,United Kingdom,2934
15321,2010-02-03 09:47:00,2011-09-30 09:40:00,12,6709.7300000000005,309,United Kingdom,2935
15322,2010-08-20 13:10:00,2011-09-15 09:34:00,2,1390.86,83,United Kingdom,2936
15323,2010-02-16 09:21:00,2010-05-26 10:01:00,3,434.6,29,United Kingdom,2937
15324,2010-01-07 14:37:00,2010-01-07 14:37:00,1,140.22000000000003,8,United Kingdom,2938
15325,2010-02-16 13:30:00,2011-08-28 11:55:00,8,1601.46,224,United Kingdom,2939
15326,2009-12-01 13:19:00,2011-01-10 11:38:00,5,1700.52,129,United Kingdom,2940
15327,2011-10-18 11:55:00,2011-10-18 11:55:00,1,208.75,10,United Kingdom,2941
15328,2010-10-28 09:05:00,2010-10-28 09:05:00,1,107.24,8,United Kingdom,2942
15329,2009-12-14 12:18:00,2011-10-31 15:36:00,11,2958.83,154,United Kingdom,2943
15330,2011-10-10 12:30:00,2011-11-07 17:50:00,2,714.96,13,United Kingdom,2944
15331,2010-04-09 14:26:00,2010-07-28 09:42:00,3,767.91,44,United Kingdom,2945
15332,2010-07-14 13:01:00,2010-12-08 14:43:00,6,6553.74,189,Lithuania,2946
15333,2011-05-15 13:27:00,2011-05-15 13:27:00,1,1028.56,16,United Kingdom,2947
15334,2011-06-19 13:51:00,2011-07-06 11:22:00,3,347.87,97,United Kingdom,2948
15335,2011-10-17 12:50:00,2011-10-17 12:50:00,1,170.22,35,United Kingdom,2949
15336,2010-11-03 12:39:00,2010-11-03 12:39:00,1,240.5,15,United Kingdom,2950
15337,2010-10-24 15:29:00,2010-10-24 15:29:00,1,373.02,21,United Kingdom,2951
15338,2010-01-31 14:25:00,2010-01-31 14:25:00,1,277.93,58,United Kingdom,2952
15339,2010-02-08 13:38:00,2011-10-04 12:51:00,7,1821.02,220,United Kingdom,2953
15340,2010-05-27 10:27:00,2010-05-27 10:27:00,1,105.5,7,United Kingdom,2954
15341,2010-09-16 16:41:00,2011-09-20 09:40:00,2,2402.7200000000003,24,United Kingdom,2955
15342,2011-08-02 10:19:00,2011-08-02 10:19:00,1,406.09,24,United Kingdom,2956
15343,2011-09-13 13:55:00,2011-09-13 13:55:00,1,364.5,21,United Kingdom,2957
15344,2011-09-26 14:48:00,2011-12-09 10:45:00,3,563.94,26,United Kingdom,2958
15345,2011-10-25 11:28:00,2011-10-25 11:28:00,1,393.54,20,United Kingdom,2959
15346,2010-10-04 15:11:00,2011-01-11 11:18:00,3,596.12,37,United Kingdom,2960
15347,2010-09-28 12:50:00,2010-12-08 15:25:00,4,1363.6,41,United Kingdom,2961
15348,2011-09-28 13:17:00,2011-09-28 13:17:00,1,158.04,9,United Kingdom,2962
15349,2011-06-05 15:46:00,2011-07-04 16:06:00,2,463.90999999999997,71,United Kingdom,2963
15350,2010-11-21 15:14:00,2010-12-01 13:33:00,2,663.25,35,United Kingdom,2964
15351,2010-10-03 12:18:00,2011-11-27 12:52:00,10,3704.89,365,United Kingdom,2965
15352,2010-06-09 11:28:00,2010-06-09 11:28:00,1,111.15,34,United Kingdom,2966
15353,2009-12-02 11:33:00,2011-03-30 12:15:00,7,3106.12,372,United Kingdom,2967
15355,2011-10-17 15:22:00,2011-11-10 13:44:00,2,277.05,14,United Kingdom,2968
15356,2010-10-13 13:12:00,2011-11-08 13:11:00,13,3382.69,718,United Kingdom,2969
15358,2009-12-07 12:19:00,2011-12-05 09:04:00,42,17050.41,1130,United Kingdom,2970
15359,2010-01-15 11:30:00,2010-02-15 10:47:00,8,181.35,16,United Kingdom,2971
15360,2011-10-31 09:35:00,2011-10-31 09:35:00,1,427.93,13,United Kingdom,2972
15361,2010-06-14 13:27:00,2010-12-13 09:52:00,4,689.07,10,United Kingdom,2973
15362,2009-12-01 09:08:00,2010-09-17 10:37:00,2,613.08,40,United Kingdom,2974
15363,2010-08-04 08:41:00,2010-12-02 12:28:00,2,1004.11,51,United Kingdom,2975
15364,2011-03-30 13:39:00,2011-09-05 09:46:00,2,913.19,29,United Kingdom,2976
15365,2010-02-04 16:43:00,2011-11-14 08:29:00,13,4557.13,218,United Kingdom,2977
15366,2010-02-26 10:10:00,2011-09-25 15:01:00,7,2389.08,138,United Kingdom,2978
15367,2009-12-10 14:20:00,2011-10-13 14:13:00,11,5081.33,279,United Kingdom,2979
15368,2010-11-10 15:52:00,2011-11-18 14:42:00,2,722.74,8,United Kingdom,2980
15369,2009-12-08 07:43:00,2010-08-04 13:54:00,11,6251.26,59,United Kingdom,2981
15370,2010-10-25 12:08:00,2011-10-30 10:58:00,8,3739.01,144,United Kingdom,2982
15371,2010-02-15 13:14:00,2010-02-15 13:14:00,1,59.400000000000006,1,United Kingdom,2983
15372,2010-02-14 11:24:00,2011-07-25 16:39:00,8,6017.06,57,United Kingdom,2984
15373,2010-05-02 11:57:00,2011-12-01 15:05:00,17,3418.84,200,United Kingdom,2985
15374,2010-03-25 12:03:00,2011-08-03 09:59:00,2,307.32,10,United Kingdom,2986
15375,2010-01-18 15:38:00,2010-01-18 15:38:00,1,60.959999999999994,6,United Kingdom,2987
15376,2011-05-01 13:45:00,2011-10-30 15:04:00,3,1221.56,116,United Kingdom,2988
15377,2010-10-20 11:42:00,2010-11-22 08:55:00,4,1211.75,21,United Kingdom,2989
15378,2010-07-26 08:47:00,2010-09-03 11:30:00,2,246.5,12,United Kingdom,2990
15379,2010-11-04 11:59:00,2011-06-23 13:13:00,8,4877.84,263,United Kingdom,2991
15380,2009-12-01 13:50:00,2011-12-01 12:13:00,11,3479.0600000000004,53,United Kingdom,2992
15381,2010-05-05 14:35:00,2011-05-10 11:55:00,5,1890.5700000000002,24,United Kingdom,2993
15382,2009-12-04 14:13:00,2011-11-25 10:58:00,12,13733.550000000001,632,United Kingdom,2994
15384,2010-04-26 12:38:00,2011-06-23 10:57:00,4,2027.79,118,United Kingdom,2995
15385,2010-01-31 13:02:00,2011-10-30 15:11:00,3,942.08,21,United Kingdom,2996
15386,2011-06-06 13:47:00,2011-06-06 13:47:00,1,394.14,31,United Kingdom,2997
15387,2010-08-04 16:05:00,2010-08-04 16:05:00,1,468.65,20,United Kingdom,2998
15388,2011-03-14 13:53:00,2011-03-14 13:53:00,1,140.54,10,Canada,2999
15389,2010-01-27 12:44:00,2011-06-20 16:18:00,5,2733.8,6,United Kingdom,3000
15390,2010-10-26 17:23:00,2010-11-08 15:19:00,2,1216.66,77,Canada,3001
15391,2010-05-04 15:04:00,2010-05-04 15:04:00,1,289.87,12,United Kingdom,3002
15392,2010-10-04 12:50:00,2011-12-05 11:01:00,7,2911.62,144,United Kingdom,3003
15393,2009-12-15 17:56:00,2011-11-23 16:48:00,5,891.34,44,United Kingdom,3004
15394,2009-12-15 19:05:00,2011-11-30 11:49:00,11,5286.8,227,United Kingdom,3005
15395,2011-01-18 12:40:00,2011-01-18 12:40:00,1,107.45,7,United Kingdom,3006
15396,2010-05-05 09:04:00,2011-08-19 10:56:00,2,796.38,16,United Kingdom,3007
15397,2011-02-23 09:25:00,2011-02-23 09:25:00,1,94.0,6,United Kingdom,3008
15398,2011-09-22 14:56:00,2011-11-23 16:47:00,2,1345.53,73,United Kingdom,3009
15399,2011-09-21 15:57:00,2011-12-08 13:04:00,3,815.77,50,United Kingdom,3010
15400,2010-05-28 08:33:00,2011-09-08 13:57:00,8,1302.3,27,United Kingdom,3011
15401,2010-05-20 10:56:00,2010-09-13 13:42:00,2,216.95000000000002,14,United Kingdom,3012
15402,2010-04-27 12:12:00,2011-07-14 12:17:00,6,1830.12,130,United Kingdom,3013
15403,2009-12-09 12:45:00,2010-08-05 12:21:00,2,170.88,8,United Kingdom,3014
15404,2010-11-29 11:03:00,2010-11-29 11:03:00,1,257.06,16,United Kingdom,3015
15405,2010-05-12 15:56:00,2011-06-03 14:44:00,2,659.84,30,United Kingdom,3016
15406,2010-09-12 13:06:00,2011-11-08 13:22:00,4,975.87,122,United Kingdom,3017
15407,2011-02-07 13:18:00,2011-11-06 11:55:00,4,1046.74,148,United Kingdom,3018
15408,2011-03-20 15:02:00,2011-03-20 15:02:00,1,267.18,34,United Kingdom,3019
15409,2009-12-18 15:35:00,2009-12-18 15:35:00,1,131.25,9,United Kingdom,3020
15410,2010-04-19 08:57:00,2011-09-16 14:47:00,10,4685.72,162,United Kingdom,3021
15411,2011-06-10 12:30:00,2011-11-13 15:19:00,4,1348.93,98,United Kingdom,3022
15412,2011-06-21 15:24:00,2011-06-21 15:24:00,1,190.53,10,United Kingdom,3023
15413,2009-12-01 10:18:00,2010-01-17 11:33:00,5,6798.72,25,United Kingdom,3024
15414,2011-04-11 13:45:00,2011-11-30 09:50:00,3,774.9000000000001,39,United Kingdom,3025
15415,2011-01-30 14:13:00,2011-01-30 14:13:00,1,559.61,47,United Kingdom,3026
15416,2010-02-01 11:55:00,2011-10-06 09:38:00,7,4572.82,228,United Kingdom,3027
15417,2011-09-15 15:26:00,2011-09-15 15:26:00,1,508.8,28,United Kingdom,3028
15418,2010-05-02 11:31:00,2010-10-10 13:38:00,2,449.42,68,United Kingdom,3029
15419,2011-11-15 09:23:00,2011-11-15 09:23:00,1,135.86,8,United Kingdom,3030
15420,2009-12-05 13:29:00,2010-10-01 15:46:00,6,743.0,56,United Kingdom,3031
15421,2009-12-07 15:10:00,2011-10-12 09:20:00,10,3805.34,316,United Kingdom,3032
15422,2010-02-07 11:52:00,2011-01-20 16:17:00,7,1619.97,120,United Kingdom,3033
15423,2010-03-28 13:42:00,2011-11-01 14:01:00,3,266.89,14,United Kingdom,3034
15424,2010-09-02 17:17:00,2011-03-30 13:02:00,3,597.78,33,United Kingdom,3035
15425,2010-02-14 12:36:00,2010-11-04 18:13:00,4,1941.1200000000001,143,United Kingdom,3036
15426,2010-05-02 15:10:00,2011-11-20 15:36:00,9,2538.92,505,United Kingdom,3037
15427,2011-10-23 14:47:00,2011-11-06 14:29:00,3,1430.54,292,United Kingdom,3038
15428,2009-12-17 17:46:00,2011-11-24 16:54:00,4,762.75,44,United Kingdom,3039
15429,2011-09-25 13:42:00,2011-11-13 12:28:00,2,397.35,82,United Kingdom,3040
15430,2010-06-29 15:04:00,2010-08-29 10:42:00,2,954.75,36,United Kingdom,3041
15431,2010-07-25 12:44:00,2010-07-25 12:44:00,1,153.24,2,United Kingdom,3042
15432,2010-06-16 14:34:00,2011-11-16 16:30:00,2,320.76,16,United Kingdom,3043
15433,2011-03-17 14:12:00,2011-05-10 10:45:00,2,533.3,41,United Kingdom,3044
15434,2010-01-24 15:35:00,2011-12-01 13:33:00,11,2567.06,134,United Kingdom,3045
15435,2011-11-17 16:39:00,2011-11-17 16:39:00,1,149.29,29,United Kingdom,3046
15436,2011-04-19 16:52:00,2011-11-27 16:05:00,3,1067.75,291,United Kingdom,3047
15437,2010-03-09 10:45:00,2011-03-22 13:11:00,2,393.45,57,United Kingdom,3048
15438,2011-07-31 14:19:00,2011-07-31 14:19:00,1,156.57999999999998,25,United Kingdom,3049
15439,2010-02-24 12:05:00,2010-10-31 10:38:00,4,1269.05,57,United Kingdom,3050
15440,2011-05-15 11:30:00,2011-10-16 12:16:00,3,383.68,62,United Kingdom,3051
15441,2009-12-09 14:55:00,2010-11-08 15:50:00,3,1254.21,57,United Kingdom,3052
15442,2011-04-05 12:24:00,2011-04-05 12:24:00,1,594.0,2,United Kingdom,3053
15443,2010-03-07 12:10:00,2011-12-08 10:40:00,14,5114.23,625,United Kingdom,3054
15444,2011-10-30 16:12:00,2011-11-30 17:37:00,2,1411.21,214,United Kingdom,3055
15445,2010-04-28 15:00:00,2011-03-20 15:06:00,2,284.5,14,United Kingdom,3056
15446,2009-12-13 13:53:00,2010-11-28 11:59:00,3,396.75,111,United Kingdom,3057
15447,2010-03-24 14:40:00,2011-01-13 11:26:00,5,492.88,29,United Kingdom,3058
15448,2010-02-03 13:29:00,2011-01-31 10:42:00,2,788.81,49,United Kingdom,3059
15449,2011-03-23 10:43:00,2011-11-13 15:02:00,3,974.52,60,United Kingdom,3060
15450,2011-11-09 17:11:00,2011-11-09 17:11:00,1,429.84,30,United Kingdom,3061
15451,2010-04-19 14:08:00,2010-10-01 13:40:00,2,226.86,60,United Kingdom,3062
15452,2010-07-16 14:23:00,2011-11-10 12:13:00,6,1785.1100000000001,199,United Kingdom,3063
15453,2011-06-05 12:37:00,2011-12-08 10:59:00,7,1371.77,279,United Kingdom,3064
15454,2010-03-31 13:15:00,2010-12-12 14:21:00,2,303.89,39,United Kingdom,3065
15455,2010-04-21 12:43:00,2010-04-21 12:43:00,1,38.25,2,United Kingdom,3066
15456,2009-12-08 12:54:00,2011-03-01 13:51:00,10,2091.52,227,United Kingdom,3067
15457,2011-03-22 15:31:00,2011-03-22 15:31:00,1,237.07,58,United Kingdom,3068
15458,2010-11-02 19:50:00,2011-11-14 13:08:00,2,370.43999999999994,13,United Kingdom,3069
15459,2010-07-30 14:31:00,2010-10-18 15:25:00,2,202.82999999999998,7,United Kingdom,3070
15460,2010-12-20 16:08:00,2010-12-20 16:08:00,1,214.26,56,United Kingdom,3071
15461,2010-03-18 12:40:00,2010-09-05 12:31:00,2,429.7,2,United Kingdom,3072
15462,2010-09-20 10:23:00,2011-09-06 13:11:00,4,737.05,41,United Kingdom,3073
15463,2011-11-10 12:57:00,2011-11-10 12:57:00,1,126.14,7,United Kingdom,3074
15464,2011-01-05 15:56:00,2011-01-05 15:56:00,1,1044.65,155,United Kingdom,3075
15465,2009-12-10 09:42:00,2011-11-20 10:11:00,32,12636.15,262,United Kingdom,3076
15466,2009-12-03 12:28:00,2011-09-15 14:08:00,4,1560.46,262,United Kingdom,3077
15467,2011-07-10 14:42:00,2011-11-30 14:17:00,3,524.88,52,United Kingdom,3078
15468,2010-11-12 09:39:00,2011-10-19 13:49:00,3,1430.48,80,United Kingdom,3079
15469,2010-09-27 10:09:00,2011-10-20 16:21:00,3,874.25,43,United Kingdom,3080
15470,2010-05-13 09:35:00,2010-05-13 09:35:00,1,63.419999999999995,4,United Kingdom,3081
15471,2010-06-07 12:17:00,2011-12-07 14:12:00,3,1292.01,155,United Kingdom,3082
15472,2011-08-18 15:17:00,2011-08-18 15:17:00,1,371.56,76,United Kingdom,3083
15473,2010-09-21 09:14:00,2011-11-25 15:15:00,8,2046.0,14,United Kingdom,3084
15474,2010-04-23 11:14:00,2010-04-23 11:14:00,1,150.35,19,United Kingdom,3085
15475,2011-09-23 15:20:00,2011-09-23 15:20:00,1,454.10999999999996,29,United Kingdom,3086
15476,2010-09-23 14:00:00,2010-11-24 15:17:00,4,2209.98,79,United Kingdom,3087
15477,2010-02-28 10:37:00,2010-02-28 10:37:00,1,368.4,2,United Kingdom,3088
15478,2010-05-13 18:49:00,2011-10-30 14:19:00,3,1940.98,67,United Kingdom,3089
15479,2009-12-06 15:08:00,2009-12-06 15:08:00,1,147.4,9,United Kingdom,3090
15480,2010-02-01 14:52:00,2011-08-15 14:32:00,3,3592.25,213,Malta,3091
15481,2010-11-03 14:52:00,2010-11-03 14:52:00,1,1993.34,38,Norway,3092
15482,2009-12-02 16:59:00,2011-11-24 10:46:00,18,14377.36,147,United Kingdom,3093
15483,2010-01-24 15:42:00,2011-07-01 13:07:00,10,810.68,268,United Kingdom,3094
15484,2009-12-05 15:18:00,2011-12-08 15:03:00,6,4652.1,240,United Kingdom,3095
15485,2009-12-01 17:31:00,2011-11-09 14:31:00,7,5750.51,159,United Kingdom,3096
15486,2010-06-30 13:15:00,2010-06-30 13:15:00,1,102.0,1,United Kingdom,3097
15487,2010-01-29 12:07:00,2010-01-29 12:07:00,1,231.32,14,United Kingdom,3098
15488,2010-05-05 13:03:00,2011-09-08 10:11:00,5,431.92,11,United Kingdom,3099
15489,2010-01-15 16:58:00,2011-11-17 08:53:00,8,2419.61,114,United Kingdom,3100
15490,2010-10-05 13:11:00,2010-10-05 13:11:00,1,210.85,25,United Kingdom,3101
15491,2011-04-18 10:04:00,2011-09-05 15:56:00,6,3100.09,154,United Kingdom,3102
15492,2011-09-26 14:02:00,2011-11-11 14:53:00,2,659.4599999999999,35,United Kingdom,3103
15493,2010-02-23 11:14:00,2011-11-07 12:04:00,9,4113.19,611,United Kingdom,3104
15494,2009-12-10 20:16:00,2011-11-18 14:51:00,5,3702.6,368,United Kingdom,3105
15495,2010-11-25 13:46:00,2010-11-25 13:46:00,1,246.5,20,United Kingdom,3106
15496,2010-03-18 13:16:00,2010-03-18 13:16:00,1,146.14000000000001,22,United Kingdom,3107
15497,2009-12-18 15:08:00,2011-11-22 11:51:00,9,8657.39,121,United Kingdom,3108
15498,2009-12-16 17:27:00,2011-12-07 12:48:00,44,25949.58,969,United Kingdom,3109
15499,2009-12-16 12:17:00,2009-12-16 12:17:00,1,158.65,41,United Kingdom,3110
15500,2011-09-19 13:47:00,2011-12-01 13:47:00,4,1131.56,68,United Kingdom,3111
15501,2010-10-20 12:47:00,2010-10-31 11:15:00,2,399.95,69,United Kingdom,3112
15502,2010-06-03 11:12:00,2011-11-24 12:48:00,12,10472.32,354,United Kingdom,3113
15503,2009-12-13 11:34:00,2010-12-12 10:57:00,2,257.3,117,United Kingdom,3114
15504,2010-02-12 12:34:00,2011-09-19 13:45:00,4,391.45,63,United Kingdom,3115
15505,2011-07-07 13:33:00,2011-10-18 07:56:00,5,3610.96,97,United Kingdom,3116
15506,2010-08-19 12:38:00,2011-11-17 12:11:00,6,2030.33,273,United Kingdom,3117
15507,2011-06-21 11:19:00,2011-06-21 11:19:00,1,475.86,45,United Kingdom,3118
15508,2011-04-18 15:31:00,2011-06-03 15:43:00,6,1000.27,92,United Kingdom,3119
15509,2010-11-24 14:48:00,2010-11-24 14:48:00,1,152.41,26,United Kingdom,3120
15510,2011-01-13 12:10:00,2011-01-13 12:10:00,1,250.0,1,United Kingdom,3121
15511,2011-09-15 15:05:00,2011-11-28 09:43:00,5,900.53,158,United Kingdom,3122
15512,2010-02-01 13:23:00,2011-07-07 10:20:00,4,331.58,32,United Kingdom,3123
15513,2010-01-13 14:59:00,2011-11-06 14:36:00,35,27750.55,562,United Kingdom,3124
15514,2009-12-04 16:37:00,2011-11-27 14:40:00,18,6388.28,316,United Kingdom,3125
15515,2010-11-17 13:39:00,2010-11-17 13:39:00,1,171.81,7,United Kingdom,3126
15516,2011-10-24 11:33:00,2011-10-26 10:51:00,3,62.43,15,United Kingdom,3127
15517,2011-04-20 14:02:00,2011-04-20 14:02:00,1,267.03,27,United Kingdom,3128
15518,2009-12-20 12:21:00,2011-10-06 13:05:00,15,4189.99,448,United Kingdom,3129
15519,2010-09-19 13:57:00,2010-11-21 14:35:00,2,344.61,37,United Kingdom,3130
15520,2011-12-08 10:58:00,2011-12-08 10:58:00,1,343.5,18,United Kingdom,3131
15521,2010-01-05 10:19:00,2011-10-30 13:42:00,16,7087.64,401,United Kingdom,3132
15522,2011-09-13 12:26:00,2011-11-07 11:26:00,2,397.99,56,United Kingdom,3133
15523,2009-12-02 15:16:00,2011-09-16 16:29:00,16,17259.19,212,United Kingdom,3134
15524,2010-04-12 09:19:00,2011-11-15 12:09:00,2,591.4,9,United Kingdom,3135
15525,2010-11-22 12:10:00,2011-12-07 14:43:00,4,1162.65,227,United Kingdom,3136
15526,2011-11-06 15:01:00,2011-11-06 15:04:00,2,148.44,4,United Kingdom,3137
15527,2009-12-15 17:31:00,2011-11-21 12:17:00,23,5554.04,328,United Kingdom,3138
15528,2011-03-30 16:14:00,2011-03-30 16:14:00,1,229.33,26,United Kingdom,3139
15529,2010-11-10 14:26:00,2011-11-17 11:29:00,12,5076.77,799,United Kingdom,3140
15530,2010-07-15 11:10:00,2011-11-18 12:25:00,5,1808.68,142,United Kingdom,3141
15531,2011-11-09 17:47:00,2011-12-01 18:43:00,2,1972.39,219,United Kingdom,3142
15532,2010-06-08 14:52:00,2011-11-14 14:51:00,10,3717.2,614,United Kingdom,3143
15533,2011-09-11 15:41:00,2011-11-20 15:35:00,3,807.57,83,United Kingdom,3144
15534,2009-12-14 12:48:00,2009-12-14 12:48:00,1,162.25,8,United Kingdom,3145
15535,2010-09-16 20:04:00,2011-06-19 16:02:00,6,1044.3700000000001,130,United Kingdom,3146
15536,2010-10-26 16:31:00,2010-10-26 16:31:00,1,259.09,16,United Kingdom,3147
15537,2011-06-29 13:10:00,2011-06-29 13:10:00,1,110.92,24,United Kingdom,3148
15538,2010-02-14 12:38:00,2010-06-20 10:49:00,6,3358.3999999999996,14,United Kingdom,3149
15539,2011-12-02 13:36:00,2011-12-02 13:36:00,1,538.46,41,United Kingdom,3150
15540,2010-11-29 11:10:00,2011-11-28 13:51:00,2,460.68,31,United Kingdom,3151
15541,2011-08-17 14:58:00,2011-08-17 14:58:00,1,85.13000000000001,29,United Kingdom,3152
15542,2009-12-02 11:53:00,2010-07-15 13:32:00,3,855.71,226,United Kingdom,3153
15543,2010-09-06 11:28:00,2011-02-24 15:26:00,2,242.26,56,United Kingdom,3154
15544,2010-01-28 14:39:00,2011-11-30 16:43:00,20,8162.43,557,United Kingdom,3155
15545,2010-12-03 17:28:00,2011-10-16 13:24:00,2,424.3,111,United Kingdom,3156
15546,2010-04-12 11:45:00,2010-04-12 11:51:00,2,1079.1000000000001,12,United Kingdom,3157
15547,2009-12-06 13:40:00,2011-12-02 12:52:00,26,10002.65,1329,United Kingdom,3158
15548,2010-04-23 12:20:00,2010-04-23 12:20:00,1,158.09,23,United Kingdom,3159
15549,2010-01-11 13:16:00,2011-09-23 16:22:00,8,2330.41,160,United Kingdom,3160
15550,2009-12-03 15:15:00,2011-12-05 15:38:00,12,2211.05,235,United Kingdom,3161
15551,2010-06-07 15:05:00,2011-11-03 12:37:00,7,1679.81,143,United Kingdom,3162
15552,2010-03-26 16:17:00,2011-05-06 14:47:00,2,252.52,30,United Kingdom,3163
15553,2011-10-10 14:02:00,2011-10-10 14:02:00,1,428.93,55,United Kingdom,3164
15554,2011-03-07 09:00:00,2011-03-07 09:00:00,1,217.2,14,United Kingdom,3165
15555,2009-12-06 11:58:00,2011-11-27 16:19:00,36,12052.56,1656,United Kingdom,3166
15556,2011-11-15 16:08:00,2011-11-15 16:08:00,1,279.77,31,United Kingdom,3167
15557,2011-11-11 12:46:00,2011-11-11 12:46:00,1,468.91,19,United Kingdom,3168
15558,2010-03-10 15:25:00,2010-03-10 15:25:00,1,202.68,23,United Kingdom,3169
15559,2010-05-20 14:06:00,2010-05-20 14:06:00,1,1109.4,62,United Kingdom,3170
15560,2010-11-07 10:14:00,2010-11-07 10:15:00,2,153.52,10,United Kingdom,3171
15561,2010-02-14 12:22:00,2011-11-28 11:07:00,8,1934.3899999999999,92,United Kingdom,3172
15562,2009-12-13 15:17:00,2010-12-23 09:55:00,3,671.4300000000001,33,United Kingdom,3173
15563,2010-01-28 11:36:00,2011-11-17 12:59:00,6,2820.46,255,United Kingdom,3174
15564,2010-02-01 15:58:00,2010-09-02 15:52:00,2,70.74000000000001,4,United Kingdom,3175
15565,2011-09-30 10:44:00,2011-10-20 14:33:00,2,173.16,8,United Kingdom,3176
15566,2009-12-15 14:53:00,2010-11-12 12:11:00,2,227.87,12,United Kingdom,3177
15567,2011-11-21 10:48:00,2011-11-21 10:48:00,1,186.01,7,United Kingdom,3178
15568,2011-09-27 14:37:00,2011-12-07 11:27:00,3,758.29,53,United Kingdom,3179
15569,2010-02-28 10:55:00,2011-08-28 10:15:00,10,3583.45,140,United Kingdom,3180
15570,2010-03-28 14:04:00,2011-12-02 14:47:00,25,9254.14,774,United Kingdom,3181
15571,2009-12-06 12:10:00,2011-11-28 10:02:00,14,3892.35,600,United Kingdom,3182
15572,2010-04-14 14:38:00,2011-12-05 10:09:00,10,3965.2,343,United Kingdom,3183
15573,2009-12-10 14:19:00,2011-11-08 11:38:00,5,1180.47,210,United Kingdom,3184
15574,2010-09-01 14:37:00,2011-06-15 12:01:00,6,1450.48,335,United Kingdom,3185
15575,2010-03-30 12:50:00,2010-03-30 12:50:00,1,30.1,3,United Kingdom,3186
15576,2011-11-02 12:03:00,2011-11-02 12:03:00,1,921.37,43,United Kingdom,3187
15577,2009-12-13 16:17:00,2011-07-11 17:03:00,5,396.03000000000003,59,United Kingdom,3188
15578,2011-06-30 13:03:00,2011-06-30 13:03:00,1,127.1,13,United Kingdom,3189
15579,2010-10-03 14:37:00,2011-10-02 12:45:00,5,1250.63,161,United Kingdom,3190
15580,2010-02-07 11:21:00,2010-11-28 11:00:00,8,1375.39,225,United Kingdom,3191
15581,2009-12-02 12:19:00,2011-07-06 14:04:00,34,4777.5,700,United Kingdom,3192
15582,2011-05-03 13:36:00,2011-11-15 09:55:00,3,682.9100000000001,44,United Kingdom,3193
15583,2010-11-28 15:04:00,2010-11-28 15:04:00,1,95.96,39,United Kingdom,3194
15584,2010-02-07 12:16:00,2011-11-16 10:55:00,6,1268.2,220,United Kingdom,3195
15585,2011-06-16 08:38:00,2011-06-16 08:38:00,1,455.3,31,United Kingdom,3196
15586,2010-01-08 10:02:00,2010-04-26 11:00:00,3,1139.1,38,United Kingdom,3197
15587,2010-08-05 08:44:00,2011-10-20 13:37:00,7,1522.0800000000002,14,United Kingdom,3198
15588,2010-01-31 12:19:00,2010-01-31 12:19:00,1,579.6,4,United Kingdom,3199
15589,2011-02-02 10:46:00,2011-03-29 09:54:00,3,478.53000000000003,29,United Kingdom,3200
15590,2010-04-12 10:09:00,2010-11-22 14:49:00,5,1496.6,87,United Kingdom,3201
15591,2010-02-04 09:20:00,2010-05-06 09:23:00,3,217.9,7,United Kingdom,3202
15592,2011-10-24 08:59:00,2011-10-24 08:59:00,1,388.58,24,United Kingdom,3203
15593,2011-09-30 11:46:00,2011-09-30 11:46:00,1,199.8,5,United Kingdom,3204
15594,2011-04-19 10:08:00,2011-11-24 08:53:00,5,1771.78,103,United Kingdom,3205
15595,2010-08-09 12:27:00,2010-08-09 12:27:00,1,357.6,4,United Kingdom,3206
15596,2010-07-28 11:46:00,2011-08-31 10:55:00,9,3130.04,176,United Kingdom,3207
15597,2010-05-13 13:10:00,2011-11-04 13:26:00,2,563.37,37,United Kingdom,3208
15598,2010-10-08 09:20:00,2011-10-17 16:04:00,2,548.02,36,United Kingdom,3209
15599,2010-09-20 10:15:00,2011-11-13 11:44:00,3,1250.06,83,United Kingdom,3210
15600,2010-04-25 11:50:00,2010-10-07 14:30:00,4,1199.31,71,United Kingdom,3211
15601,2009-12-01 14:53:00,2011-11-28 15:15:00,30,14960.12,872,United Kingdom,3212
15602,2009-12-02 09:35:00,2011-12-01 14:14:00,16,3230.51,128,United Kingdom,3213
15603,2010-03-01 16:02:00,2011-09-22 10:04:00,2,88.48,4,United Kingdom,3214
15604,2011-10-18 14:47:00,2011-10-18 14:47:00,1,216.39,17,United Kingdom,3215
15605,2010-01-14 14:03:00,2011-11-03 14:17:00,9,1936.8,111,United Kingdom,3216
15606,2010-03-02 14:48:00,2011-10-09 15:47:00,17,5230.99,145,United Kingdom,3217
15607,2010-01-08 12:16:00,2011-01-07 12:44:00,9,1708.97,109,United Kingdom,3218
15608,2010-10-20 10:10:00,2011-11-11 13:20:00,5,1785.98,105,United Kingdom,3219
15609,2011-06-08 13:00:00,2011-06-08 13:00:00,1,298.48,16,United Kingdom,3220
15610,2011-10-19 10:36:00,2011-10-19 10:36:00,1,112.46000000000001,6,United Kingdom,3221
15611,2010-01-25 14:50:00,2011-11-30 12:36:00,24,2976.28,92,United Kingdom,3222
15612,2011-10-09 12:49:00,2011-11-03 14:52:00,2,195.15,6,United Kingdom,3223
15613,2010-04-08 12:51:00,2010-04-08 12:51:00,1,433.71999999999997,27,United Kingdom,3224
15614,2010-03-23 11:13:00,2010-09-28 10:46:00,4,3147.36,81,United Kingdom,3225
15615,2009-12-02 15:28:00,2011-11-29 14:42:00,47,21373.97,901,United Kingdom,3226
15616,2010-09-27 13:10:00,2010-09-27 13:10:00,1,317.11,13,United Kingdom,3227
15617,2010-07-20 13:16:00,2010-11-08 16:07:00,3,828.5500000000001,42,United Kingdom,3228
15618,2011-07-26 10:13:00,2011-11-07 08:34:00,4,776.85,44,United Kingdom,3229
15619,2011-11-29 08:14:00,2011-11-29 08:14:00,1,336.40000000000003,3,United Kingdom,3230
15620,2010-10-26 11:32:00,2011-10-14 12:41:00,4,1942.36,129,United Kingdom,3231
15621,2011-11-18 11:49:00,2011-12-05 14:01:00,4,1293.03,16,United Kingdom,3232
15622,2010-03-04 10:29:00,2011-10-27 16:44:00,17,7852.61,426,United Kingdom,3233
15623,2009-12-10 14:46:00,2011-07-21 17:26:00,8,2437.05,108,United Kingdom,3234
15624,2011-03-28 13:32:00,2011-08-15 11:38:00,4,588.13,34,United Kingdom,3235
15625,2010-06-15 15:23:00,2011-08-28 10:21:00,9,3236.4,171,United Kingdom,3236
15626,2010-10-14 17:16:00,2011-09-26 10:03:00,3,1067.52,80,United Kingdom,3237
15627,2010-07-05 11:56:00,2010-09-08 14:14:00,2,566.9,24,United Kingdom,3238
15628,2009-12-13 13:39:00,2011-12-05 10:24:00,17,5652.26,318,United Kingdom,3239
15629,2010-06-25 11:39:00,2010-09-15 13:46:00,4,2240.9,77,United Kingdom,3240
15630,2010-03-05 14:30:00,2011-10-25 15:36:00,3,1481.4,80,United Kingdom,3241
15631,2010-03-07 14:52:00,2010-03-07 14:52:00,1,596.67,39,United Kingdom,3242
15632,2011-03-10 08:29:00,2011-11-24 09:51:00,8,3285.31,167,United Kingdom,3243
15633,2009-12-08 17:51:00,2010-07-18 13:54:00,13,4335.96,176,United Kingdom,3244
15634,2010-11-21 15:30:00,2011-11-22 16:28:00,2,554.65,34,United Kingdom,3245
15635,2010-11-09 08:58:00,2010-11-09 08:58:00,1,100.35,2,United Kingdom,3246
15636,2010-05-19 11:37:00,2011-09-11 11:17:00,4,1444.58,57,United Kingdom,3247
15637,2009-12-15 17:54:00,2011-10-18 08:28:00,5,797.59,41,United Kingdom,3248
15638,2010-04-08 14:37:00,2010-11-26 11:52:00,6,2265.2,25,United Kingdom,3249
15639,2010-04-13 13:11:00,2011-07-28 14:30:00,3,1065.08,69,United Kingdom,3250
15640,2009-12-14 16:36:00,2011-12-05 14:35:00,29,23793.23,754,United Kingdom,3251
15641,2009-12-06 15:31:00,2011-08-26 14:04:00,12,5345.55,311,United Kingdom,3252
15642,2009-12-10 11:51:00,2009-12-10 11:51:00,1,105.78000000000002,6,United Kingdom,3253
15643,2011-03-02 14:34:00,2011-06-01 07:38:00,3,664.0,33,United Kingdom,3254
15644,2011-03-23 15:37:00,2011-06-26 14:54:00,4,803.54,232,United Kingdom,3255
15645,2010-10-10 12:51:00,2011-11-21 11:55:00,3,1054.75,67,United Kingdom,3256
15646,2010-10-25 13:06:00,2011-07-05 09:53:00,5,974.61,85,United Kingdom,3257
15647,2010-10-20 15:09:00,2010-10-20 15:09:00,1,169.0,11,United Kingdom,3258
15648,2011-03-17 18:59:00,2011-05-19 15:53:00,2,639.5,24,United Kingdom,3259
15649,2010-11-17 16:22:00,2011-01-07 13:34:00,4,2170.35,12,United Kingdom,3260
15650,2010-03-21 11:46:00,2010-07-06 10:41:00,2,553.88,36,United Kingdom,3261
15651,2010-04-22 13:26:00,2011-11-03 08:41:00,5,1259.06,60,United Kingdom,3262
15652,2010-08-11 16:58:00,2011-09-09 14:22:00,5,1405.94,102,United Kingdom,3263
15653,2011-08-16 09:50:00,2011-09-08 10:49:00,2,877.4399999999999,6,United Kingdom,3264
15654,2011-11-13 15:15:00,2011-11-30 13:08:00,2,922.53,21,United Kingdom,3265
15655,2011-04-10 15:25:00,2011-04-10 15:25:00,1,560.67,34,United Kingdom,3266
15656,2011-02-28 15:32:00,2011-10-25 14:56:00,4,748.5,47,United Kingdom,3267
15657,2011-11-17 12:19:00,2011-11-17 12:19:00,1,30.0,1,United Kingdom,3268
15658,2009-12-03 11:19:00,2011-06-02 15:22:00,8,2423.4700000000003,116,United Kingdom,3269
15659,2010-02-24 13:32:00,2011-10-27 09:23:00,3,532.49,21,United Kingdom,3270
15660,2010-02-05 16:01:00,2011-11-14 16:58:00,15,2812.99,161,United Kingdom,3271
15661,2010-05-10 07:59:00,2011-01-26 13:56:00,8,1215.95,44,United Kingdom,3272
15662,2009-12-01 13:49:00,2010-02-16 16:47:00,2,283.73,12,United Kingdom,3273
15663,2011-08-25 15:50:00,2011-08-25 15:50:00,1,138.14,9,United Kingdom,3274
15664,2010-02-28 12:50:00,2011-10-20 10:57:00,4,1231.53,69,United Kingdom,3275
15665,2010-03-14 15:07:00,2011-06-24 14:57:00,5,3987.07,286,United Kingdom,3276
15666,2010-08-01 15:41:00,2010-08-24 16:14:00,2,632.9399999999999,67,United Kingdom,3277
15667,2011-10-31 10:56:00,2011-10-31 10:56:00,1,301.32,13,United Kingdom,3278
15668,2011-05-06 10:39:00,2011-05-06 10:39:00,1,76.32000000000001,1,United Kingdom,3279
15669,2011-03-21 09:13:00,2011-10-30 16:03:00,4,684.34,33,United Kingdom,3280
15670,2010-06-01 15:34:00,2011-02-16 10:50:00,2,325.2,19,United Kingdom,3281
15671,2011-03-14 09:37:00,2011-11-21 12:43:00,7,2657.13,78,United Kingdom,3282
15672,2009-12-14 16:52:00,2009-12-14 16:52:00,1,45.300000000000004,3,United Kingdom,3283
15673,2010-02-22 14:28:00,2011-09-12 16:12:00,9,6204.32,268,United Kingdom,3284
15674,2009-12-08 17:08:00,2011-09-27 15:17:00,12,6613.52,350,United Kingdom,3285
15675,2010-10-31 14:14:00,2011-09-19 13:48:00,4,542.04,35,United Kingdom,3286
15676,2011-03-01 10:19:00,2011-11-21 12:40:00,3,3435.76,202,United Kingdom,3287
15677,2010-09-02 12:08:00,2011-10-21 15:36:00,3,1305.63,72,United Kingdom,3288
15678,2010-07-05 12:49:00,2011-10-18 09:25:00,3,1825.94,92,United Kingdom,3289
15679,2011-06-10 08:24:00,2011-11-15 16:19:00,4,781.28,110,United Kingdom,3290
15680,2009-12-02 12:15:00,2011-11-30 13:46:00,10,4507.58,266,United Kingdom,3291
15681,2010-05-24 14:18:00,2011-11-14 16:30:00,14,2989.7,88,United Kingdom,3292
15682,2010-01-21 14:37:00,2010-04-19 15:30:00,2,318.24,25,United Kingdom,3293
15683,2010-08-23 12:01:00,2011-08-14 12:56:00,2,524.54,26,United Kingdom,3294
15684,2009-12-04 16:13:00,2010-06-10 18:51:00,3,173.95,11,United Kingdom,3295
15685,2010-09-15 13:43:00,2010-09-15 13:43:00,1,55.980000000000004,17,United Kingdom,3296
15686,2010-10-15 13:50:00,2010-10-15 13:50:00,1,90.0,1,United Kingdom,3297
15687,2011-01-13 15:13:00,2011-12-01 08:33:00,9,2993.1,166,United Kingdom,3298
15688,2010-10-17 12:06:00,2010-10-17 12:06:00,1,190.57,27,United Kingdom,3299
15689,2010-04-01 09:53:00,2011-08-12 09:37:00,3,521.03,24,United Kingdom,3300
15690,2011-08-31 11:40:00,2011-12-05 15:59:00,2,239.76,19,United Kingdom,3301
15691,2009-12-06 16:01:00,2011-04-01 15:13:00,4,571.3,14,United Kingdom,3302
15692,2011-11-11 14:12:00,2011-11-11 14:12:00,1,191.04,12,United Kingdom,3303
15693,2010-02-18 14:37:00,2010-02-18 14:37:00,1,37.5,1,United Kingdom,3304
15694,2009-12-07 15:43:00,2011-12-09 09:44:00,23,10795.81,154,United Kingdom,3305
15695,2010-01-27 10:56:00,2011-03-18 08:32:00,4,1131.04,59,United Kingdom,3306
15696,2010-01-24 14:36:00,2011-11-06 14:02:00,13,3881.2200000000003,221,United Kingdom,3307
15697,2010-01-19 09:10:00,2010-01-19 09:10:00,1,246.75,14,United Kingdom,3308
15698,2010-03-25 17:38:00,2010-03-25 17:38:00,1,46.2,2,United Kingdom,3309
15699,2011-11-22 08:26:00,2011-11-22 08:26:00,1,309.65,18,United Kingdom,3310
15700,2011-06-19 15:36:00,2011-06-20 16:53:00,2,696.68,86,United Kingdom,3311
15701,2011-08-21 12:36:00,2011-12-07 14:39:00,4,1529.0,230,United Kingdom,3312
15702,2010-01-26 17:23:00,2010-08-20 14:50:00,2,140.39000000000001,30,Nigeria,3313
15703,2011-03-20 10:51:00,2011-03-20 10:51:00,1,211.5,5,United Kingdom,3314
15704,2010-05-05 14:51:00,2011-07-22 13:35:00,6,3734.6600000000003,204,United Kingdom,3315
15705,2011-05-22 15:37:00,2011-05-22 15:37:00,1,143.1,6,United Kingdom,3316
15706,2011-08-15 14:32:00,2011-10-07 10:09:00,4,1060.56,55,United Kingdom,3317
15707,2011-09-14 14:19:00,2011-11-04 14:35:00,4,916.98,205,United Kingdom,3318
15708,2010-10-10 11:33:00,2011-10-30 10:54:00,9,4204.4400000000005,374,United Kingdom,3319
15709,2010-04-29 18:31:00,2011-03-01 10:38:00,2,327.85,27,United Kingdom,3320
15710,2010-10-18 17:05:00,2010-10-18 17:05:00,1,898.87,110,United Kingdom,3321
15711,2010-01-24 12:13:00,2010-06-01 12:14:00,2,420.25,25,United Kingdom,3322
15712,2009-12-01 11:17:00,2011-11-30 14:09:00,12,3472.4100000000003,166,United Kingdom,3323
15713,2009-12-16 09:41:00,2011-07-19 13:34:00,4,1010.79,61,United Kingdom,3324
15714,2010-06-02 12:08:00,2011-11-28 11:26:00,5,783.96,48,United Kingdom,3325
15715,2010-03-30 12:17:00,2010-06-02 09:56:00,5,658.02,38,United Kingdom,3326
15716,2009-12-07 12:42:00,2011-07-17 11:59:00,11,3012.14,322,United Kingdom,3327
15717,2010-04-26 10:41:00,2011-04-19 13:21:00,5,607.0,24,United Kingdom,3328
15718,2010-06-17 16:20:00,2010-06-17 16:20:00,1,293.79,18,United Kingdom,3329
15719,2009-12-01 12:47:00,2011-11-07 12:29:00,31,10194.32,1769,United Kingdom,3330
15720,2010-06-07 15:40:00,2011-11-15 14:48:00,2,739.22,153,United Kingdom,3331
15721,2011-11-28 12:14:00,2011-11-28 12:14:00,1,471.40000000000003,84,United Kingdom,3332
15722,2010-03-09 15:05:00,2011-11-04 11:43:00,11,5234.0,178,United Kingdom,3333
15723,2010-05-14 12:55:00,2010-12-10 11:12:00,4,930.7,123,United Kingdom,3334
15724,2010-11-04 10:22:00,2011-05-22 14:40:00,3,310.85,17,United Kingdom,3335
15725,2011-11-24 14:51:00,2011-11-24 14:51:00,1,415.25,32,United Kingdom,3336
15726,2010-11-14 16:12:00,2010-11-14 16:12:00,1,321.91,23,United Kingdom,3337
15727,2010-01-24 12:12:00,2011-11-23 12:36:00,15,9371.71,685,United Kingdom,3338
15728,2010-09-21 14:46:00,2010-11-25 10:39:00,2,544.6,12,United Kingdom,3339
15729,2010-11-01 13:44:00,2011-05-11 12:36:00,3,192.55,11,United Kingdom,3340
15730,2010-10-04 14:15:00,2011-10-05 12:31:00,5,1726.58,111,United Kingdom,3341
15731,2010-06-04 10:10:00,2010-06-04 10:10:00,1,125.3,8,United Kingdom,3342
15732,2010-02-04 10:10:00,2011-05-11 14:24:00,10,1682.07,104,United Kingdom,3343
15733,2011-03-02 09:05:00,2011-03-02 09:05:00,1,162.3,10,United Kingdom,3344
15734,2010-06-10 14:25:00,2011-08-17 10:50:00,4,2263.3,43,United Kingdom,3345
15735,2010-10-14 13:38:00,2010-10-14 13:38:00,1,327.68,19,United Kingdom,3346
15736,2010-09-30 14:19:00,2010-09-30 14:20:00,2,1767.12,100,United Kingdom,3347
15737,2011-04-11 10:01:00,2011-11-25 11:21:00,8,1188.1200000000001,71,United Kingdom,3348
15738,2009-12-10 15:52:00,2011-11-21 08:26:00,41,13372.970000000001,496,United Kingdom,3349
15739,2011-10-04 13:42:00,2011-10-04 13:42:00,1,449.12,8,United Kingdom,3350
15740,2011-10-21 14:29:00,2011-10-21 14:29:00,1,154.88,9,United Kingdom,3351
15741,2010-03-31 11:55:00,2010-09-07 16:21:00,2,208.62,12,United Kingdom,3352
15742,2010-03-30 15:25:00,2010-03-30 15:25:00,1,156.87,41,United Kingdom,3353
15743,2011-06-08 10:14:00,2011-11-23 17:19:00,4,775.96,86,United Kingdom,3354
15744,2011-09-23 09:52:00,2011-09-23 09:52:00,1,34.8,3,United Kingdom,3355
15745,2011-04-17 13:04:00,2011-11-20 13:45:00,4,1094.59,62,United Kingdom,3356
15746,2011-07-28 15:21:00,2011-07-28 15:21:00,1,196.88,28,United Kingdom,3357
15747,2010-01-18 11:21:00,2011-11-27 12:26:00,9,2499.81,216,United Kingdom,3358
15748,2010-09-16 16:52:00,2011-10-30 12:51:00,3,609.8100000000001,36,United Kingdom,3359
15749,2011-01-11 12:55:00,2011-04-18 13:20:00,3,44534.3,10,United Kingdom,3360
15750,2009-12-01 17:19:00,2011-12-07 12:34:00,18,6793.51,646,United Kingdom,3361
15751,2009-12-06 13:08:00,2010-09-05 12:44:00,11,1380.44,130,United Kingdom,3362
15752,2010-09-08 11:56:00,2011-10-31 11:37:00,9,4184.56,600,United Kingdom,3363
15753,2011-02-08 12:41:00,2011-02-08 12:41:00,1,79.2,1,United Kingdom,3364
15754,2010-02-22 13:31:00,2011-10-19 14:40:00,9,3037.61,131,United Kingdom,3365
15755,2009-12-04 08:24:00,2011-11-29 14:57:00,17,5993.12,371,United Kingdom,3366
15756,2011-04-04 14:00:00,2011-10-09 13:30:00,4,528.01,191,United Kingdom,3367
15757,2010-06-10 13:47:00,2011-10-05 12:14:00,6,2940.36,193,United Kingdom,3368
15758,2011-11-15 10:48:00,2011-11-15 10:48:00,1,205.25,9,United Kingdom,3369
15759,2009-12-02 10:08:00,2011-05-05 15:13:00,7,830.9300000000001,17,United Kingdom,3370
15761,2010-09-23 09:33:00,2010-09-23 09:33:00,1,143.05,5,United Kingdom,3371
15762,2011-09-23 15:17:00,2011-10-05 16:15:00,2,583.75,37,United Kingdom,3372
15763,2011-09-23 12:10:00,2011-11-08 09:44:00,2,1086.92,61,United Kingdom,3373
15764,2010-08-18 13:58:00,2011-09-12 17:58:00,8,4503.08,249,United Kingdom,3374
15765,2010-02-11 10:25:00,2010-02-11 10:25:00,1,370.63,25,United Kingdom,3375
15766,2010-01-26 15:55:00,2011-10-06 17:03:00,3,831.06,26,United Kingdom,3376
15768,2009-12-03 12:10:00,2011-08-16 10:48:00,34,15308.89,1208,United Kingdom,3377
15769,2009-12-11 09:58:00,2011-12-02 13:52:00,46,88704.32,224,United Kingdom,3378
15770,2010-04-06 11:47:00,2010-04-06 11:47:00,1,321.45,18,United Kingdom,3379
15771,2010-01-15 12:14:00,2010-04-14 13:56:00,3,1006.54,28,United Kingdom,3380
15772,2010-10-17 13:33:00,2010-10-17 13:33:00,1,280.88,16,United Kingdom,3381
15773,2010-10-26 15:27:00,2011-12-04 12:48:00,2,774.52,47,United Kingdom,3382
15774,2010-02-21 12:57:00,2011-10-02 12:04:00,6,1287.09,109,United Kingdom,3383
15775,2010-03-18 07:32:00,2011-04-08 12:56:00,2,150.5,9,United Kingdom,3384
15776,2011-07-29 13:46:00,2011-07-29 13:46:00,1,241.62,18,United Kingdom,3385
15777,2010-05-20 10:37:00,2011-04-12 16:43:00,7,1762.61,39,United Kingdom,3386
15778,2010-10-04 15:10:00,2010-10-04 15:10:00,1,307.95,17,United Kingdom,3387
15779,2010-06-25 15:55:00,2010-09-02 16:40:00,2,124.08000000000001,8,United Kingdom,3388
15780,2010-12-17 11:43:00,2011-06-09 12:01:00,3,475.28000000000003,29,United Kingdom,3389
15781,2011-02-07 09:15:00,2011-11-14 14:57:00,3,345.46,20,United Kingdom,3390
15782,2010-10-05 15:43:00,2011-11-30 10:49:00,4,4014.1,61,United Kingdom,3391
15783,2011-11-29 09:50:00,2011-11-29 09:50:00,1,246.3,14,United Kingdom,3392
15784,2010-02-05 14:42:00,2010-08-29 10:38:00,2,848.3299999999999,43,United Kingdom,3393
15785,2009-12-15 16:28:00,2011-11-07 11:33:00,16,5969.93,225,United Kingdom,3394
15786,2010-06-21 10:13:00,2011-10-24 14:13:00,5,8501.62,465,United Kingdom,3395
15787,2011-10-09 13:11:00,2011-11-13 14:55:00,3,933.26,200,United Kingdom,3396
15788,2010-07-19 12:48:00,2010-07-19 12:48:00,1,221.82999999999998,14,United Kingdom,3397
15789,2010-03-26 11:21:00,2010-12-16 14:35:00,6,1962.01,138,United Kingdom,3398
15790,2011-11-29 14:53:00,2011-11-29 14:53:00,1,218.75,34,United Kingdom,3399
15791,2010-03-08 09:41:00,2011-10-27 10:14:00,5,3608.34,167,United Kingdom,3400
15792,2010-03-31 09:42:00,2010-11-05 08:21:00,2,933.84,57,United Kingdom,3401
15793,2009-12-01 12:54:00,2011-11-25 09:31:00,8,2399.57,30,United Kingdom,3402
15794,2009-12-02 15:10:00,2009-12-03 13:04:00,2,777.0,15,United Kingdom,3403
15795,2010-01-18 11:31:00,2011-07-13 10:43:00,8,1979.8700000000001,131,United Kingdom,3404
15796,2010-03-31 13:10:00,2011-12-08 19:55:00,17,5170.63,292,United Kingdom,3405
15797,2010-01-27 13:12:00,2011-08-18 17:04:00,5,2806.08,11,United Kingdom,3406
15798,2010-01-27 11:55:00,2010-08-04 09:13:00,3,1535.37,83,United Kingdom,3407
15799,2010-10-17 14:26:00,2011-09-25 12:46:00,4,1421.34,154,United Kingdom,3408
15800,2010-03-31 13:17:00,2011-08-24 14:23:00,7,1227.07,232,United Kingdom,3409
15801,2011-08-22 09:53:00,2011-10-24 13:52:00,3,1063.95,64,United Kingdom,3410
15803,2010-02-01 16:29:00,2011-10-19 14:56:00,4,1929.66,51,United Kingdom,3411
15804,2011-05-25 10:12:00,2011-12-09 12:31:00,13,4206.39,262,United Kingdom,3412
15805,2009-12-10 12:57:00,2011-11-16 16:32:00,30,10148.93,529,United Kingdom,3413
15806,2011-03-08 09:24:00,2011-10-24 14:35:00,3,784.58,31,United Kingdom,3414
15807,2010-02-11 15:32:00,2011-10-20 14:10:00,5,1817.52,88,United Kingdom,3415
15808,2009-12-01 16:30:00,2011-02-06 14:33:00,21,18133.3,827,United Kingdom,3416
15809,2010-06-22 14:23:00,2011-11-03 16:40:00,7,1274.44,58,United Kingdom,3417
15810,2010-02-04 18:18:00,2011-09-22 09:38:00,8,2999.04,166,United Kingdom,3418
15811,2010-11-16 16:46:00,2011-11-17 15:31:00,7,3682.4,288,United Kingdom,3419
15812,2009-12-15 13:40:00,2011-08-24 14:19:00,12,5201.47,125,United Kingdom,3420
15813,2011-04-14 09:09:00,2011-05-16 08:13:00,2,1303.9099999999999,40,United Kingdom,3421
15814,2010-04-15 14:31:00,2011-11-23 08:17:00,6,2634.44,98,United Kingdom,3422
15815,2011-03-25 08:43:00,2011-10-07 12:42:00,5,2100.6,49,United Kingdom,3423
15816,2010-06-15 12:54:00,2010-06-15 13:36:00,2,144.14999999999998,11,United Kingdom,3424
15817,2010-06-14 13:31:00,2010-10-15 11:07:00,3,2766.4,152,United Kingdom,3425
15818,2010-04-30 12:58:00,2010-04-30 12:58:00,1,340.5,11,United Kingdom,3426
15819,2010-03-18 11:08:00,2011-10-21 14:50:00,10,3934.79,260,United Kingdom,3427
15820,2011-01-24 12:00:00,2011-01-24 12:00:00,1,206.98,17,United Kingdom,3428
15821,2011-10-09 13:28:00,2011-10-26 15:48:00,2,570.96,62,United Kingdom,3429
15822,2009-12-06 15:12:00,2011-12-06 14:50:00,6,1840.06,65,United Kingdom,3430
15823,2009-12-08 15:12:00,2009-12-10 18:03:00,2,3867.17,154,United Kingdom,3431
15824,2010-06-25 15:10:00,2010-09-12 13:20:00,2,890.94,26,United Kingdom,3432
15825,2011-06-20 13:27:00,2011-06-20 13:27:00,1,532.94,20,United Kingdom,3433
15826,2010-05-20 17:00:00,2011-10-14 16:05:00,4,2598.28,119,United Kingdom,3434
15827,2010-01-08 11:25:00,2011-09-27 15:35:00,28,3794.07,231,United Kingdom,3435
15828,2010-11-29 16:41:00,2010-11-29 16:41:00,1,1108.82,74,United Kingdom,3436
15829,2011-07-22 10:23:00,2011-09-01 16:45:00,2,636.14,51,United Kingdom,3437
15830,2011-11-02 10:40:00,2011-11-02 10:40:00,1,576.0,39,United Kingdom,3438
15831,2011-01-19 14:52:00,2011-10-12 13:14:00,3,794.64,66,United Kingdom,3439
15832,2011-03-30 15:29:00,2011-03-30 15:29:00,1,836.79,54,United Kingdom,3440
15833,2009-12-02 11:59:00,2009-12-02 11:59:00,1,80.4,5,United Kingdom,3441
15834,2010-10-11 14:05:00,2011-09-30 14:41:00,7,3761.89,373,United Kingdom,3442
15835,2011-01-13 10:35:00,2011-10-26 15:47:00,4,954.09,50,United Kingdom,3443
15836,2011-10-20 17:13:00,2011-10-20 17:13:00,1,137.37,10,United Kingdom,3444
15837,2010-08-11 10:16:00,2011-10-06 09:01:00,2,777.01,52,United Kingdom,3445
15838,2009-12-15 09:51:00,2011-11-28 14:00:00,34,74163.0,209,United Kingdom,3446
15839,2011-07-14 16:35:00,2011-11-06 13:54:00,3,1048.49,62,United Kingdom,3447
15840,2011-06-20 11:42:00,2011-10-12 09:08:00,2,355.56,27,United Kingdom,3448
15841,2009-12-10 08:29:00,2011-09-28 12:15:00,9,2742.41,92,United Kingdom,3449
15842,2010-06-30 09:06:00,2010-11-11 14:08:00,2,548.8,25,United Kingdom,3450
15843,2011-02-09 10:19:00,2011-02-09 10:19:00,1,118.95000000000002,8,United Kingdom,3451
15844,2011-10-24 15:19:00,2011-10-24 15:19:00,1,130.73999999999998,11,United Kingdom,3452
15845,2010-01-26 14:44:00,2011-11-22 09:42:00,11,4426.28,174,United Kingdom,3453
15846,2010-11-19 14:40:00,2010-11-19 14:40:00,1,107.01,29,United Kingdom,3454
15847,2010-03-08 08:47:00,2011-11-01 14:41:00,5,822.57,48,United Kingdom,3455
15848,2010-03-28 10:54:00,2010-03-28 10:54:00,1,137.99,34,United Kingdom,3456
15850,2009-12-13 13:27:00,2011-11-20 14:14:00,6,1006.75,311,United Kingdom,3457
15851,2010-07-01 12:34:00,2010-07-01 12:34:00,1,109.73,8,United Kingdom,3458
15852,2010-07-01 10:16:00,2011-06-06 11:22:00,3,257.26,33,United Kingdom,3459
15853,2011-10-19 10:38:00,2011-10-19 10:38:00,1,110.8,30,United Kingdom,3460
15854,2009-12-10 12:08:00,2011-12-05 13:39:00,21,5578.28,256,United Kingdom,3461
15855,2010-08-20 17:15:00,2011-07-26 10:20:00,6,1052.72,95,United Kingdom,3462
15856,2009-12-03 14:02:00,2011-12-05 17:09:00,52,33846.01,1131,United Kingdom,3463
15857,2010-10-05 16:43:00,2011-11-21 12:18:00,2,570.48,24,United Kingdom,3464
15858,2009-12-10 11:42:00,2011-11-24 12:48:00,13,3936.34,479,United Kingdom,3465
15859,2010-10-03 12:52:00,2010-10-03 12:52:00,1,438.46,22,United Kingdom,3466
15860,2009-12-06 12:31:00,2011-10-30 11:25:00,17,2461.46,357,United Kingdom,3467
15861,2010-01-28 19:41:00,2011-11-27 15:59:00,12,4360.9,786,United Kingdom,3468
15862,2009-12-17 11:33:00,2011-12-01 13:28:00,13,2861.37,560,United Kingdom,3469
15863,2009-12-17 10:20:00,2011-11-14 12:49:00,5,355.1,77,United Kingdom,3470
15864,2010-11-23 15:02:00,2011-11-17 13:32:00,7,2180.76,23,United Kingdom,3471
15865,2010-01-05 13:58:00,2011-10-30 12:43:00,5,2241.42,126,United Kingdom,3472
15866,2011-08-30 14:09:00,2011-08-30 14:09:00,1,211.89,43,United Kingdom,3473
15867,2009-12-14 15:16:00,2011-12-04 13:32:00,31,8981.52,1041,United Kingdom,3474
15868,2010-05-05 14:11:00,2010-05-05 14:11:00,1,94.53,4,United Kingdom,3475
15869,2010-03-23 16:50:00,2011-03-07 17:23:00,3,321.11,34,United Kingdom,3476
15870,2010-09-19 16:22:00,2011-11-07 10:58:00,4,857.46,143,United Kingdom,3477
15871,2010-09-28 14:16:00,2010-09-28 14:16:00,1,33.099999999999994,5,United Kingdom,3478
15872,2010-06-07 14:53:00,2011-11-25 11:55:00,4,729.25,188,United Kingdom,3479
15873,2010-07-27 11:58:00,2010-07-28 12:41:00,4,313.91999999999996,6,United Kingdom,3480
15874,2010-01-07 13:56:00,2011-10-07 12:31:00,21,11284.76,342,United Kingdom,3481
15875,2010-03-03 16:51:00,2010-03-03 16:51:00,1,108.52,23,United Kingdom,3482
15876,2010-09-17 15:26:00,2010-10-26 18:58:00,2,1449.1399999999999,11,United Kingdom,3483
15877,2011-11-22 11:18:00,2011-12-08 11:53:00,2,490.33,126,United Kingdom,3484
15878,2009-12-06 12:28:00,2010-05-27 12:17:00,2,330.77,51,United Kingdom,3485
15879,2009-12-17 19:54:00,2010-10-31 16:21:00,4,1137.8,179,United Kingdom,3486
15880,2010-12-05 13:00:00,2010-12-05 13:00:00,1,658.0600000000001,192,United Kingdom,3487
15881,2010-12-10 13:32:00,2011-01-31 16:59:00,5,501.39000000000004,29,United Kingdom,3488
15882,2009-12-10 15:33:00,2011-05-25 11:35:00,8,1491.42,73,United Kingdom,3489
15883,2011-11-06 14:50:00,2011-12-07 17:05:00,2,396.48,49,United Kingdom,3490
15884,2009-12-03 18:23:00,2010-10-03 15:55:00,2,244.60000000000002,14,United Kingdom,3491
15885,2010-01-21 12:47:00,2011-09-07 14:56:00,13,1921.82,113,United Kingdom,3492
15886,2010-04-20 15:03:00,2011-10-10 14:25:00,4,1052.8700000000001,62,United Kingdom,3493
15887,2010-06-02 11:53:00,2010-10-29 08:36:00,3,1027.15,37,United Kingdom,3494
15888,2010-07-01 11:51:00,2011-09-20 12:30:00,3,423.49,37,United Kingdom,3495
15889,2009-12-10 12:21:00,2011-07-06 11:10:00,8,1675.72,356,United Kingdom,3496
15890,2010-04-14 08:43:00,2010-11-10 12:46:00,5,535.65,10,United Kingdom,3497
15891,2011-04-27 12:35:00,2011-04-27 12:35:00,1,509.13,59,United Kingdom,3498
15892,2010-02-08 16:23:00,2010-02-08 16:23:00,1,128.2,38,United Kingdom,3499
15893,2010-08-15 11:12:00,2010-08-15 11:12:00,1,305.28000000000003,1,United Kingdom,3500
15894,2010-12-05 14:06:00,2011-03-31 13:50:00,2,408.39,69,United Kingdom,3501
15895,2011-07-13 10:27:00,2011-07-13 10:27:00,1,179.17,11,United Kingdom,3502
15897,2011-05-29 13:32:00,2011-05-29 13:50:00,2,208.59,22,United Kingdom,3503
15898,2009-12-11 16:11:00,2011-12-08 15:23:00,25,5509.34,680,United Kingdom,3504
15899,2010-12-06 10:36:00,2010-12-06 10:36:00,1,112.5,8,United Kingdom,3505
15900,2010-05-26 11:27:00,2011-11-16 12:19:00,4,886.5699999999999,126,United Kingdom,3506
15901,2010-06-14 12:39:00,2011-11-23 12:43:00,6,667.89,160,United Kingdom,3507
15902,2010-11-24 16:57:00,2010-11-24 16:57:00,1,145.01,18,United Kingdom,3508
15903,2010-01-14 10:57:00,2011-11-30 08:08:00,12,8939.84,116,United Kingdom,3509
15904,2011-12-01 14:50:00,2011-12-01 14:50:00,1,164.68,30,United Kingdom,3510
15905,2010-06-14 16:00:00,2010-06-14 16:00:00,1,114.69,22,United Kingdom,3511
15906,2010-09-15 12:17:00,2011-11-20 12:24:00,10,2530.19,201,United Kingdom,3512
15907,2011-05-13 13:01:00,2011-12-06 12:21:00,3,881.87,225,United Kingdom,3513
15908,2010-07-15 19:21:00,2010-08-06 11:56:00,2,758.62,40,United Kingdom,3514
15909,2011-06-19 10:38:00,2011-06-19 10:38:00,1,191.94,7,United Kingdom,3515
15910,2010-01-21 11:51:00,2011-12-09 10:51:00,15,2661.17,620,United Kingdom,3516
15911,2009-12-09 13:26:00,2010-03-26 12:06:00,8,1683.79,256,United Kingdom,3517
15912,2009-12-10 12:58:00,2011-06-14 14:29:00,9,1074.7,95,United Kingdom,3518
15913,2010-06-23 16:31:00,2010-06-23 16:31:00,1,6.300000000000001,1,United Kingdom,3519
15914,2010-11-26 16:09:00,2010-11-26 16:10:00,2,205.99,13,United Kingdom,3520
15915,2010-11-03 11:13:00,2010-11-03 11:13:00,1,364.24,112,United Kingdom,3521
15916,2009-12-10 16:21:00,2011-11-23 13:46:00,13,3377.69,319,United Kingdom,3522
15917,2009-12-02 14:55:00,2011-04-06 10:40:00,5,530.17,142,United Kingdom,3523
15918,2010-03-18 11:40:00,2011-06-02 11:42:00,3,582.88,61,United Kingdom,3524
15919,2010-12-06 11:26:00,2011-11-20 11:28:00,2,739.77,161,United Kingdom,3525
15920,2009-12-14 13:09:00,2011-07-08 15:25:00,8,565.19,105,United Kingdom,3526
15921,2010-03-09 11:03:00,2011-06-20 11:03:00,4,765.61,77,United Kingdom,3527
15922,2010-12-01 13:51:00,2010-12-01 13:51:00,1,739.0,22,United Kingdom,3528
15923,2010-12-02 12:16:00,2010-12-02 12:16:00,1,254.16,42,United Kingdom,3529
15924,2009-12-08 15:00:00,2009-12-08 15:00:00,1,102.82,15,United Kingdom,3530
15925,2011-05-29 15:35:00,2011-05-29 15:35:00,1,207.15,12,United Kingdom,3531
15926,2010-06-15 15:23:00,2010-06-15 15:23:00,1,134.44,7,United Kingdom,3532
15927,2010-03-02 13:25:00,2010-03-02 13:25:00,1,106.54,15,United Kingdom,3533
15928,2010-02-21 15:16:00,2010-02-21 15:16:00,1,293.53,11,United Kingdom,3534
15929,2010-03-05 14:56:00,2010-03-05 14:56:00,1,594.0,1,United Kingdom,3535
15930,2011-10-03 14:52:00,2011-10-03 14:52:00,1,426.63,21,United Kingdom,3536
15931,2010-10-07 16:46:00,2010-10-07 16:46:00,1,239.9,14,United Kingdom,3537
15932,2011-02-23 14:50:00,2011-12-05 17:13:00,8,2495.87,115,United Kingdom,3538
15933,2011-09-14 12:05:00,2011-11-18 13:14:00,3,1107.46,74,United Kingdom,3539
15934,2010-10-06 12:08:00,2010-10-18 10:13:00,2,2190.66,29,United Kingdom,3540
15935,2011-04-14 13:27:00,2011-04-14 13:27:00,1,108.03999999999999,11,United Kingdom,3541
15936,2010-08-29 11:42:00,2010-11-25 16:39:00,2,282.79,19,United Kingdom,3542
15937,2011-10-06 15:48:00,2011-10-06 15:48:00,1,145.35,7,United Kingdom,3543
15938,2010-06-01 09:42:00,2011-08-19 12:56:00,9,734.81,39,United Kingdom,3544
15939,2010-11-30 12:07:00,2011-09-11 11:30:00,15,9004.84,153,United Kingdom,3545
15940,2011-02-01 16:18:00,2011-02-01 16:18:00,1,35.8,1,United Kingdom,3546
15941,2010-03-12 14:45:00,2010-03-12 14:45:00,1,405.0,6,United Kingdom,3547
15942,2011-07-29 09:01:00,2011-07-29 09:01:00,1,337.44,14,United Kingdom,3548
15943,2010-01-31 11:04:00,2010-02-28 12:49:00,2,271.28999999999996,12,United Kingdom,3549
15944,2009-12-13 12:57:00,2011-03-08 10:33:00,4,2164.24,38,United Kingdom,3550
15945,2009-12-01 13:47:00,2010-12-09 13:14:00,4,827.27,30,United Kingdom,3551
15946,2010-03-16 10:49:00,2010-07-25 12:18:00,3,2304.18,26,United Kingdom,3552
15947,2011-09-18 10:46:00,2011-09-18 10:46:00,1,1708.24,29,United Kingdom,3553
15948,2010-10-11 12:16:00,2011-12-01 15:32:00,3,1509.0900000000001,95,United Kingdom,3554
15949,2011-09-29 17:34:00,2011-11-23 09:09:00,2,364.72,19,United Kingdom,3555
15950,2010-01-26 11:39:00,2011-11-08 11:09:00,10,7120.91,393,United Kingdom,3556
15951,2010-11-23 18:20:00,2011-12-01 08:34:00,3,1013.17,59,United Kingdom,3557
15952,2011-04-28 12:55:00,2011-11-06 11:18:00,4,781.91,84,United Kingdom,3558
15953,2009-12-03 14:00:00,2011-11-24 15:32:00,18,3648.08,182,United Kingdom,3559
15954,2010-04-29 13:35:00,2010-04-29 13:35:00,1,187.8,19,United Kingdom,3560
15955,2010-02-23 16:36:00,2011-11-15 14:15:00,22,8658.36,362,United Kingdom,3561
15956,2009-12-13 11:16:00,2010-06-06 13:06:00,2,617.6,18,United Kingdom,3562
15957,2010-10-15 12:11:00,2011-11-08 12:14:00,3,921.25,146,United Kingdom,3563
15958,2010-06-07 10:59:00,2011-09-26 13:41:00,4,462.12,65,United Kingdom,3564
15959,2010-01-26 16:19:00,2010-01-26 16:38:00,3,542.89,71,United Kingdom,3565
15960,2010-09-30 15:50:00,2010-11-30 15:57:00,4,410.95,26,United Kingdom,3566
15961,2010-11-25 15:59:00,2010-11-25 15:59:00,1,451.28999999999996,42,United Kingdom,3567
15962,2010-09-16 13:48:00,2010-09-16 13:48:00,1,289.48,55,United Kingdom,3568
15963,2011-10-25 13:05:00,2011-11-20 11:33:00,2,470.76,28,United Kingdom,3569
15964,2010-02-14 15:30:00,2010-02-14 15:30:00,1,269.21000000000004,20,United Kingdom,3570
15965,2009-12-03 11:45:00,2011-11-22 16:44:00,13,2928.13,348,United Kingdom,3571
15966,2010-09-15 10:44:00,2010-09-15 10:44:00,1,426.53000000000003,27,United Kingdom,3572
15967,2009-12-01 13:29:00,2011-11-16 15:41:00,12,2966.0,480,United Kingdom,3573
15968,2010-11-16 13:04:00,2010-11-16 13:04:00,1,401.8,79,United Kingdom,3574
15969,2010-07-05 13:10:00,2011-12-07 11:06:00,5,1127.05,35,United Kingdom,3575
15970,2010-04-20 11:30:00,2011-02-09 12:08:00,2,1017.32,24,United Kingdom,3576
15971,2009-12-08 09:46:00,2011-11-22 12:50:00,18,5897.88,41,United Kingdom,3577
15972,2010-04-18 14:06:00,2010-09-09 13:20:00,5,1769.33,139,United Kingdom,3578
15973,2010-10-07 08:33:00,2010-12-08 11:42:00,2,973.44,14,United Kingdom,3579
15974,2011-02-24 10:10:00,2011-10-31 13:13:00,7,3442.15,176,United Kingdom,3580
15975,2011-09-16 13:33:00,2011-09-16 13:33:00,1,371.01,24,United Kingdom,3581
15976,2010-06-06 14:01:00,2011-06-27 13:00:00,6,1680.31,376,United Kingdom,3582
15977,2011-10-31 16:24:00,2011-11-22 13:29:00,2,1054.73,65,United Kingdom,3583
15978,2010-03-05 14:39:00,2011-09-23 15:21:00,3,3279.42,129,United Kingdom,3584
15979,2010-04-16 11:35:00,2010-04-16 11:35:00,1,329.22,22,United Kingdom,3585
15980,2010-06-01 14:40:00,2011-09-12 09:41:00,7,6543.68,115,United Kingdom,3586
15981,2010-03-29 10:07:00,2011-11-15 08:00:00,21,9362.77,288,United Kingdom,3587
15982,2010-04-13 15:47:00,2010-04-13 15:47:00,1,324.51,45,United Kingdom,3588
15983,2009-12-06 12:52:00,2011-11-17 17:34:00,8,3924.02,313,United Kingdom,3589
15984,2009-12-01 13:38:00,2011-12-07 12:16:00,30,8515.72,705,United Kingdom,3590
15985,2010-05-27 15:51:00,2011-08-08 16:31:00,7,2715.28,104,United Kingdom,3591
15986,2010-11-23 10:02:00,2011-11-09 15:17:00,2,354.42,25,United Kingdom,3592
15987,2010-11-25 12:56:00,2011-11-27 15:38:00,8,1649.47,178,United Kingdom,3593
15988,2010-02-21 11:36:00,2011-11-20 13:23:00,3,736.39,119,United Kingdom,3594
15989,2009-12-02 15:51:00,2010-11-29 12:03:00,2,368.31,86,United Kingdom,3595
15990,2010-02-28 12:30:00,2011-10-26 15:58:00,7,1997.75,177,United Kingdom,3596
15991,2010-06-23 15:50:00,2010-06-23 15:50:00,1,150.55,6,United Kingdom,3597
15992,2010-09-12 11:52:00,2011-12-06 11:00:00,3,896.6,54,United Kingdom,3598
15993,2011-10-26 16:21:00,2011-12-01 10:45:00,7,2768.97,542,United Kingdom,3599
15994,2010-03-14 11:55:00,2011-10-16 12:28:00,3,1175.68,108,United Kingdom,3600
15995,2010-10-21 13:57:00,2010-10-21 13:57:00,1,694.54,110,United Kingdom,3601
15996,2010-11-07 15:49:00,2011-09-12 15:14:00,7,1649.65,205,United Kingdom,3602
15998,2009-12-01 11:45:00,2011-11-03 12:45:00,16,8274.14,1425,United Kingdom,3603
15999,2009-12-04 12:31:00,2009-12-04 12:31:00,1,20.4,1,United Kingdom,3604
16000,2011-12-07 12:14:00,2011-12-07 12:17:00,3,12393.7,9,United Kingdom,3605
16001,2010-11-23 17:10:00,2010-11-23 17:10:00,1,583.39,29,United Kingdom,3606
16002,2010-03-24 13:08:00,2010-03-24 13:08:00,1,169.21,42,United Kingdom,3607
16003,2009-12-03 18:51:00,2011-11-10 09:57:00,10,5613.83,203,United Kingdom,3608
16004,2010-01-25 13:56:00,2010-08-22 11:48:00,5,2146.39,90,United Kingdom,3609
16005,2010-09-15 13:21:00,2011-11-27 13:47:00,10,2365.07,483,United Kingdom,3610
16006,2010-11-17 12:03:00,2011-05-12 13:12:00,2,332.82,78,United Kingdom,3611
16007,2010-06-14 13:18:00,2011-10-23 11:05:00,7,3053.06,657,United Kingdom,3612
16008,2010-03-19 11:07:00,2011-11-16 10:32:00,15,5339.13,253,United Kingdom,3613
16009,2011-07-03 11:26:00,2011-11-17 16:51:00,4,972.11,82,United Kingdom,3614
16010,2010-10-24 10:54:00,2011-04-08 10:14:00,11,1694.86,289,United Kingdom,3615
16011,2009-12-01 12:02:00,2011-12-01 16:31:00,29,5837.26,446,United Kingdom,3616
16012,2010-06-28 11:39:00,2011-11-04 13:25:00,5,2978.59,239,United Kingdom,3617
16013,2009-12-08 10:24:00,2011-12-06 10:36:00,84,57140.44,219,United Kingdom,3618
16014,2010-01-31 12:43:00,2011-11-02 12:04:00,5,1100.28,275,United Kingdom,3619
16015,2011-10-21 12:56:00,2011-12-06 10:58:00,3,704.26,180,United Kingdom,3620
16016,2010-11-02 13:27:00,2011-12-06 14:35:00,11,2446.42,363,United Kingdom,3621
16017,2010-01-05 12:06:00,2011-10-23 12:56:00,5,1545.58,130,United Kingdom,3622
16018,2009-12-07 13:57:00,2011-10-31 14:13:00,4,698.13,56,United Kingdom,3623
16019,2009-12-14 14:12:00,2011-10-24 11:51:00,27,17329.16,403,United Kingdom,3624
16020,2011-10-05 13:54:00,2011-11-23 11:18:00,3,851.01,46,United Kingdom,3625
16021,2010-06-13 11:05:00,2010-11-09 14:48:00,2,487.03,126,United Kingdom,3626
16022,2011-03-24 13:16:00,2011-03-24 13:16:00,1,602.63,71,United Kingdom,3627
16023,2011-03-18 13:32:00,2011-10-24 16:34:00,3,719.81,101,United Kingdom,3628
16024,2010-10-24 11:40:00,2011-11-27 13:26:00,3,478.71,83,United Kingdom,3629
16025,2011-11-10 11:45:00,2011-11-10 11:45:00,1,439.65999999999997,28,United Kingdom,3630
16026,2011-10-27 13:53:00,2011-10-27 13:53:00,1,236.09,32,United Kingdom,3631
16027,2010-01-08 13:21:00,2011-09-09 10:47:00,15,2048.36,35,United Kingdom,3632
16028,2010-04-23 11:45:00,2010-04-23 11:45:00,1,82.2,5,United Kingdom,3633
16029,2009-12-08 11:23:00,2011-11-01 10:27:00,106,113892.39,381,United Kingdom,3634
16030,2011-02-03 11:28:00,2011-02-03 11:28:00,1,331.24,29,United Kingdom,3635
16031,2011-04-06 14:23:00,2011-09-08 13:07:00,2,547.9,98,United Kingdom,3636
16032,2010-07-04 13:31:00,2010-09-09 18:00:00,6,1965.72,210,United Kingdom,3637
16033,2010-08-11 16:44:00,2011-12-04 12:44:00,27,10764.45,1385,United Kingdom,3638
16034,2010-10-26 13:00:00,2011-05-27 16:17:00,6,911.3199999999999,56,United Kingdom,3639
16035,2010-05-28 15:09:00,2010-05-28 15:09:00,1,217.73,21,United Kingdom,3640
16036,2010-03-29 14:47:00,2011-09-13 14:53:00,4,2556.84,140,United Kingdom,3641
16037,2010-03-01 12:31:00,2011-03-15 09:13:00,5,1509.34,71,United Kingdom,3642
16038,2011-05-22 11:29:00,2011-12-02 12:40:00,3,471.78000000000003,26,United Kingdom,3643
16039,2010-03-21 15:17:00,2010-10-12 10:44:00,2,456.4,32,United Kingdom,3644
16040,2010-04-09 10:12:00,2011-10-05 13:47:00,7,2416.9,125,United Kingdom,3645
16041,2011-07-21 16:27:00,2011-11-09 12:25:00,3,3166.4,6,United Kingdom,3646
16042,2010-09-12 12:00:00,2011-11-17 17:50:00,8,2245.32,129,United Kingdom,3647
16043,2010-08-15 11:26:00,2011-11-02 12:50:00,8,1856.5900000000001,73,United Kingdom,3648
16044,2010-09-30 18:12:00,2010-09-30 18:12:00,1,340.84000000000003,19,United Kingdom,3649
16045,2010-07-29 12:50:00,2011-08-12 12:41:00,8,3434.9300000000003,148,United Kingdom,3650
16046,2010-05-26 13:18:00,2010-05-26 13:18:00,1,235.78,22,United Kingdom,3651
16047,2010-01-26 16:34:00,2010-01-26 16:34:00,1,107.14,1,EIRE,3652
16048,2010-06-08 12:36:00,2010-12-01 15:28:00,4,1075.23,44,United Kingdom,3653
16049,2010-07-11 13:53:00,2011-10-30 13:19:00,6,1852.15,485,United Kingdom,3654
16050,2010-11-03 15:55:00,2011-06-19 11:44:00,3,300.7,21,United Kingdom,3655
16051,2010-01-27 09:38:00,2010-01-27 09:38:00,1,188.44,12,United Kingdom,3656
16052,2011-10-16 15:13:00,2011-10-16 15:13:00,1,362.06,34,United Kingdom,3657
16053,2010-04-08 11:11:00,2011-11-07 11:21:00,6,3634.84,194,United Kingdom,3658
16054,2010-04-01 18:37:00,2011-07-17 13:08:00,4,2111.88,122,United Kingdom,3659
16055,2011-05-03 09:26:00,2011-05-03 09:26:00,1,134.8,8,United Kingdom,3660
16056,2011-10-25 15:19:00,2011-10-25 15:19:00,1,650.75,66,United Kingdom,3661
16057,2010-01-07 17:11:00,2011-11-23 15:23:00,10,3854.85,218,United Kingdom,3662
16058,2010-10-29 16:48:00,2010-10-29 16:48:00,1,62.7,2,United Kingdom,3663
16059,2010-05-19 13:04:00,2011-10-05 09:56:00,12,3171.82,409,United Kingdom,3664
16060,2010-08-02 15:26:00,2010-11-04 12:10:00,3,541.95,24,United Kingdom,3665
16061,2010-10-04 15:29:00,2010-10-04 15:29:00,1,89.65,3,United Kingdom,3666
16062,2010-06-21 13:32:00,2011-11-30 12:15:00,8,2863.45,185,United Kingdom,3667
16063,2011-03-24 14:55:00,2011-03-24 14:56:00,1,335.32,23,United Kingdom,3668
16064,2009-12-14 16:11:00,2009-12-14 16:11:00,1,109.31,17,United Kingdom,3669
16065,2010-09-02 13:27:00,2010-12-09 13:03:00,8,2359.27,426,United Kingdom,3670
16066,2011-08-07 14:33:00,2011-11-23 11:54:00,5,1521.04,101,United Kingdom,3671
16067,2010-02-02 18:01:00,2010-05-26 12:33:00,3,3269.11,68,United Kingdom,3672
16068,2010-04-25 11:52:00,2010-04-25 11:52:00,1,115.73,35,United Kingdom,3673
16069,2010-10-18 10:32:00,2010-10-18 10:32:00,1,457.7,25,United Kingdom,3674
16070,2011-11-07 16:36:00,2011-11-17 15:50:00,2,852.15,33,United Kingdom,3675
16071,2010-02-22 14:48:00,2011-10-26 11:14:00,4,1076.8,73,United Kingdom,3676
16072,2010-06-08 16:47:00,2011-02-24 14:32:00,4,4180.09,531,United Kingdom,3677
16073,2011-02-15 15:41:00,2011-02-15 15:41:00,1,122.39999999999999,1,United Kingdom,3678
16074,2010-11-14 13:19:00,2010-11-14 13:19:00,1,252.5,25,United Kingdom,3679
16075,2010-05-24 15:57:00,2010-07-25 11:31:00,2,736.9300000000001,41,United Kingdom,3680
16076,2011-05-15 12:31:00,2011-12-06 14:59:00,10,2234.73,129,United Kingdom,3681
16077,2010-03-24 10:42:00,2010-03-24 10:42:00,1,2300.4,8,United Kingdom,3682
16078,2010-02-08 13:29:00,2011-03-01 09:47:00,2,362.99,39,United Kingdom,3683
16079,2011-10-30 13:06:00,2011-11-23 12:48:00,3,1352.0,21,United Kingdom,3684
16080,2010-09-15 14:19:00,2011-09-19 10:42:00,4,602.5600000000001,30,United Kingdom,3685
16081,2010-02-03 12:46:00,2011-10-14 13:06:00,8,4436.56,390,United Kingdom,3686
16082,2010-02-07 15:16:00,2010-02-07 15:16:00,1,106.75,16,United Kingdom,3687
16083,2010-11-16 11:53:00,2011-08-31 10:47:00,4,2351.42,71,United Kingdom,3688
16084,2011-02-13 16:05:00,2011-02-13 16:05:00,1,436.18,38,United Kingdom,3689
16085,2010-01-20 14:03:00,2011-11-16 13:24:00,12,2324.71,373,United Kingdom,3690
16086,2009-12-02 13:20:00,2011-10-11 13:09:00,10,2864.9900000000002,137,United Kingdom,3691
16087,2010-01-19 12:30:00,2010-11-15 16:44:00,5,1739.92,10,United Kingdom,3692
16088,2010-04-27 10:56:00,2010-05-13 10:16:00,2,1437.43,6,United Kingdom,3693
16089,2010-07-18 15:51:00,2010-11-18 13:51:00,2,263.49,47,United Kingdom,3694
16090,2010-03-25 13:05:00,2010-03-25 13:05:00,1,180.56,18,United Kingdom,3695
16091,2011-05-25 09:18:00,2011-07-08 08:45:00,2,315.06,18,United Kingdom,3696
16092,2010-05-09 16:10:00,2011-08-17 10:46:00,6,1587.94,90,United Kingdom,3697
16093,2011-08-25 11:09:00,2011-08-25 11:09:00,1,17.0,1,United Kingdom,3698
16094,2010-04-16 14:00:00,2011-11-28 12:45:00,11,3695.56,196,United Kingdom,3699
16095,2010-09-09 16:54:00,2010-09-09 16:54:00,1,447.05,30,United Kingdom,3700
16096,2010-03-04 15:44:00,2011-03-20 13:38:00,4,1584.97,66,United Kingdom,3701
16097,2011-04-13 13:47:00,2011-04-13 13:47:00,1,185.04999999999998,10,United Kingdom,3702
16098,2009-12-15 09:40:00,2011-09-13 09:59:00,14,4441.3,162,United Kingdom,3703
16099,2010-03-03 11:13:00,2011-10-20 13:13:00,7,1573.2,69,United Kingdom,3704
16100,2010-09-03 11:39:00,2010-09-03 11:39:00,1,582.64,37,United Kingdom,3705
16101,2010-05-27 12:50:00,2011-09-30 10:18:00,4,3229.16,192,United Kingdom,3706
16102,2011-08-03 12:50:00,2011-10-28 13:19:00,3,1842.14,57,United Kingdom,3707
16103,2010-01-08 12:08:00,2011-12-02 14:16:00,22,6191.71,200,United Kingdom,3708
16104,2009-12-06 10:41:00,2011-10-09 10:23:00,9,2774.46,232,United Kingdom,3709
16105,2010-04-14 13:27:00,2011-04-05 10:13:00,5,2386.19,110,United Kingdom,3710
16106,2011-10-05 10:37:00,2011-10-05 10:37:00,1,108.38,6,United Kingdom,3711
16107,2011-06-09 18:42:00,2011-11-22 09:40:00,7,3204.1600000000003,31,United Kingdom,3712
16108,2010-03-18 14:14:00,2011-09-16 11:48:00,4,2235.92,135,United Kingdom,3713
16109,2010-01-10 10:37:00,2011-05-05 09:17:00,3,939.48,31,United Kingdom,3714
16110,2010-07-05 13:04:00,2011-10-25 14:35:00,4,1781.59,430,United Kingdom,3715
16111,2010-10-07 19:51:00,2010-10-07 19:51:00,1,549.33,73,United Kingdom,3716
16112,2011-01-05 11:47:00,2011-07-19 14:28:00,4,195.73999999999998,16,United Kingdom,3717
16113,2011-06-09 16:16:00,2011-06-09 16:16:00,1,161.38,30,United Kingdom,3718
16114,2011-06-22 10:13:00,2011-06-22 10:13:00,1,135.75000000000003,8,United Kingdom,3719
16115,2010-05-14 11:59:00,2011-11-30 11:32:00,12,2553.8,419,United Kingdom,3720
16116,2011-05-12 12:01:00,2011-05-12 12:01:00,1,612.78,34,United Kingdom,3721
16117,2010-04-27 11:50:00,2011-06-03 11:42:00,3,654.4,89,United Kingdom,3722
16118,2010-02-25 09:40:00,2010-02-25 09:40:00,1,4376.25,41,United Kingdom,3723
16119,2009-12-16 11:56:00,2011-12-01 15:11:00,8,1720.81,54,United Kingdom,3724
16120,2010-10-13 15:07:00,2011-10-11 14:22:00,6,2967.51,92,United Kingdom,3725
16121,2010-05-23 10:52:00,2011-10-13 12:59:00,5,1450.04,344,United Kingdom,3726
16122,2010-10-10 15:26:00,2011-09-27 15:34:00,6,1001.34,64,United Kingdom,3727
16123,2011-10-19 09:18:00,2011-10-19 09:18:00,1,307.78,16,United Kingdom,3728
16124,2009-12-07 10:33:00,2011-01-26 14:45:00,4,1772.49,82,United Kingdom,3729
16125,2009-12-14 15:38:00,2010-12-07 15:48:00,14,4581.7,300,United Kingdom,3730
16126,2009-12-02 13:34:00,2011-11-10 16:03:00,15,14644.6,381,United Kingdom,3731
16127,2009-12-13 12:19:00,2011-10-31 13:58:00,2,801.31,75,United Kingdom,3732
16128,2010-07-16 16:30:00,2011-11-22 11:14:00,11,3801.05,182,United Kingdom,3733
16129,2010-07-20 12:32:00,2010-10-28 14:29:00,3,1396.05,96,United Kingdom,3734
16130,2010-04-01 13:58:00,2010-10-13 15:14:00,4,987.48,55,United Kingdom,3735
16131,2009-12-02 10:09:00,2011-10-19 11:53:00,12,9957.42,219,United Kingdom,3736
16132,2010-03-22 10:25:00,2010-06-13 13:49:00,2,664.1999999999999,17,United Kingdom,3737
16133,2010-03-31 12:21:00,2011-12-06 11:24:00,56,22992.260000000002,544,United Kingdom,3738
16134,2010-06-17 09:48:00,2011-11-18 10:05:00,5,2145.34,116,United Kingdom,3739
16135,2010-05-05 09:35:00,2011-03-22 12:30:00,2,819.45,39,United Kingdom,3740
16136,2010-02-14 12:49:00,2011-10-11 09:10:00,4,946.8,46,United Kingdom,3741
16137,2010-01-28 15:04:00,2010-01-28 15:04:00,1,422.7,28,United Kingdom,3742
16138,2010-04-28 09:51:00,2010-11-26 12:13:00,3,910.35,37,United Kingdom,3743
16139,2009-12-03 13:51:00,2011-11-21 08:37:00,5,1111.15,57,United Kingdom,3744
16140,2010-09-24 12:03:00,2011-10-05 12:15:00,3,1557.6000000000001,71,United Kingdom,3745
16141,2010-10-18 14:12:00,2011-09-12 13:11:00,2,955.94,50,United Kingdom,3746
16142,2011-04-04 10:16:00,2011-04-04 10:16:00,1,535.34,37,United Kingdom,3747
16143,2009-12-10 09:44:00,2011-12-06 14:13:00,12,4910.83,239,United Kingdom,3748
16144,2011-04-07 10:09:00,2011-04-07 10:09:00,1,175.2,1,United Kingdom,3749
16145,2010-05-04 13:31:00,2011-12-01 10:33:00,19,6805.4400000000005,396,United Kingdom,3750
16146,2010-09-17 10:46:00,2011-07-05 14:20:00,4,946.38,41,United Kingdom,3751
16147,2010-02-05 12:26:00,2011-07-29 09:57:00,5,2398.91,136,United Kingdom,3752
16148,2010-09-29 10:12:00,2011-02-16 14:01:00,2,386.62,9,United Kingdom,3753
16149,2010-10-06 15:54:00,2011-12-05 11:29:00,3,422.22,30,United Kingdom,3754
16150,2009-12-17 15:33:00,2011-10-28 12:39:00,10,4395.59,238,United Kingdom,3755
16152,2011-03-16 09:47:00,2011-03-16 09:47:00,1,1829.04,29,United Kingdom,3756
16153,2010-05-26 12:41:00,2011-10-21 10:50:00,11,5133.49,226,United Kingdom,3757
16155,2010-06-18 11:23:00,2010-11-23 12:03:00,5,796.9,48,United Kingdom,3758
16156,2009-12-02 17:06:00,2011-12-01 12:42:00,20,6188.18,261,United Kingdom,3759
16157,2011-09-28 11:48:00,2011-11-24 11:41:00,3,656.69,18,United Kingdom,3760
16158,2009-12-05 15:00:00,2010-07-05 13:55:00,9,628.32,35,United Kingdom,3761
16159,2009-12-03 11:51:00,2011-03-03 12:27:00,4,1232.79,52,United Kingdom,3762
16160,2011-09-15 10:53:00,2011-10-05 14:19:00,2,1025.44,20,United Kingdom,3763
16161,2010-02-08 11:06:00,2011-12-08 12:10:00,43,12744.26,1149,United Kingdom,3764
16162,2011-04-01 15:03:00,2011-04-01 15:03:00,1,37.4,2,United Kingdom,3765
16163,2009-12-02 10:00:00,2011-04-21 15:15:00,6,2849.58,73,United Kingdom,3766
16164,2011-10-28 09:12:00,2011-11-22 15:04:00,3,822.48,34,United Kingdom,3767
16165,2010-07-22 14:17:00,2010-07-22 14:17:00,1,79.9,1,United Kingdom,3768
16166,2010-01-17 14:16:00,2010-10-07 15:44:00,2,435.83,22,United Kingdom,3769
16167,2009-12-01 10:46:00,2010-10-21 15:33:00,5,1386.1200000000001,63,United Kingdom,3770
16168,2009-12-03 12:38:00,2011-11-29 12:45:00,66,10636.47,309,United Kingdom,3771
16169,2011-09-25 11:33:00,2011-12-01 15:28:00,4,1822.97,85,United Kingdom,3772
16170,2010-02-18 13:50:00,2011-10-20 08:21:00,20,6869.0,440,United Kingdom,3773
16171,2011-10-11 14:51:00,2011-10-11 14:51:00,1,73.2,3,United Kingdom,3774
16172,2010-07-14 15:34:00,2011-09-05 13:22:00,8,1884.55,113,United Kingdom,3775
16173,2011-09-02 15:23:00,2011-11-24 10:53:00,6,1418.32,84,United Kingdom,3776
16174,2010-04-15 15:12:00,2011-08-05 13:26:00,7,2246.75,65,United Kingdom,3777
16175,2010-05-25 12:01:00,2011-09-06 14:32:00,7,1836.44,98,United Kingdom,3778
16176,2010-03-29 14:52:00,2010-10-14 13:54:00,4,2052.69,72,United Kingdom,3779
16177,2010-03-02 14:03:00,2011-10-20 12:57:00,8,2247.31,118,United Kingdom,3780
16178,2010-11-03 14:46:00,2011-07-24 16:05:00,2,612.6,25,United Kingdom,3781
16179,2011-10-10 09:41:00,2011-10-10 09:41:00,1,215.83,11,United Kingdom,3782
16180,2010-06-23 13:19:00,2011-08-31 16:28:00,13,16249.87,327,United Kingdom,3783
16181,2011-09-27 13:38:00,2011-09-27 13:38:00,1,305.54,11,United Kingdom,3784
16182,2010-03-09 09:34:00,2011-09-28 13:23:00,9,9971.65,51,United Kingdom,3785
16183,2010-10-28 14:43:00,2011-10-03 14:59:00,4,1077.81,41,United Kingdom,3786
16184,2011-05-12 13:33:00,2011-10-06 17:43:00,6,1158.79,45,United Kingdom,3787
16185,2010-05-24 11:04:00,2011-11-23 09:41:00,3,644.72,40,United Kingdom,3788
16186,2009-12-09 15:36:00,2011-11-17 12:43:00,26,9026.11,525,United Kingdom,3789
16187,2011-02-28 13:34:00,2011-11-08 09:50:00,15,6911.4400000000005,295,United Kingdom,3790
16188,2010-10-27 11:50:00,2011-10-26 12:19:00,5,1087.66,74,United Kingdom,3791
16189,2011-09-15 15:21:00,2011-11-24 11:47:00,2,215.48,11,United Kingdom,3792
16190,2009-12-14 11:59:00,2011-10-30 15:59:00,8,2723.55,119,United Kingdom,3793
16191,2009-12-11 12:24:00,2011-12-07 11:26:00,24,15677.82,232,United Kingdom,3794
16192,2009-12-04 12:28:00,2009-12-04 12:28:00,1,351.3,11,United Kingdom,3795
16193,2010-10-25 10:25:00,2011-04-17 11:45:00,2,630.43,38,United Kingdom,3796
16194,2010-11-29 13:28:00,2010-11-29 13:28:00,1,308.59999999999997,8,United Kingdom,3797
16195,2009-12-16 14:09:00,2009-12-16 14:09:00,1,323.25,16,United Kingdom,3798
16196,2010-08-08 11:40:00,2010-08-08 11:40:00,1,93.3,4,United Kingdom,3799
16197,2009-12-16 11:44:00,2010-08-27 12:56:00,9,2016.71,93,United Kingdom,3800
16198,2010-09-28 13:59:00,2011-09-25 14:58:00,2,1030.04,32,United Kingdom,3801
16199,2010-03-18 18:47:00,2010-11-12 12:55:00,7,942.75,10,United Kingdom,3802
16200,2009-12-02 15:04:00,2011-12-05 14:40:00,12,5608.1,613,United Kingdom,3803
16201,2010-10-20 12:00:00,2011-12-06 16:02:00,5,2112.12,124,United Kingdom,3804
16202,2009-12-02 10:48:00,2010-12-14 10:43:00,9,2501.9900000000002,124,United Kingdom,3805
16203,2010-07-23 13:09:00,2011-10-12 12:31:00,6,1114.54,77,United Kingdom,3806
16204,2009-12-08 17:44:00,2011-11-16 13:40:00,3,918.71,101,United Kingdom,3807
16205,2010-06-15 11:58:00,2011-11-09 09:32:00,7,1813.51,196,United Kingdom,3808
16206,2010-01-24 15:25:00,2011-10-16 10:41:00,13,2577.12,239,United Kingdom,3809
16207,2011-11-14 13:51:00,2011-11-14 13:51:00,1,394.38,19,United Kingdom,3810
16208,2010-02-24 14:24:00,2011-10-26 11:36:00,10,3440.45,253,United Kingdom,3811
16209,2010-06-11 11:58:00,2011-09-12 11:58:00,9,4146.78,67,United Kingdom,3812
16210,2009-12-02 12:54:00,2011-12-08 12:36:00,33,38469.51,279,United Kingdom,3813
16211,2010-09-27 15:24:00,2011-09-12 12:11:00,3,1090.59,36,United Kingdom,3814
16212,2010-02-07 15:26:00,2011-11-20 13:00:00,4,1293.71,78,United Kingdom,3815
16213,2011-09-22 10:03:00,2011-09-22 10:03:00,1,159.0,6,United Kingdom,3816
16214,2010-09-30 13:57:00,2011-06-22 11:30:00,4,2038.25,98,United Kingdom,3817
16215,2011-09-20 10:18:00,2011-09-20 10:18:00,1,242.35,14,United Kingdom,3818
16216,2011-03-17 15:34:00,2011-03-17 15:34:00,1,914.9300000000001,37,United Kingdom,3819
16217,2011-03-02 15:28:00,2011-04-18 13:31:00,2,304.25,15,United Kingdom,3820
16218,2010-05-27 16:09:00,2011-11-10 09:59:00,13,4439.97,164,United Kingdom,3821
16219,2010-07-27 11:44:00,2010-07-27 11:44:00,1,40.8,1,United Kingdom,3822
16221,2010-08-10 13:32:00,2011-11-03 11:43:00,9,2185.21,250,United Kingdom,3823
16222,2009-12-18 14:31:00,2011-01-25 13:38:00,2,1272.05,145,United Kingdom,3824
16223,2010-11-09 12:07:00,2010-11-30 11:50:00,2,1087.05,123,United Kingdom,3825
16224,2010-11-17 13:14:00,2011-10-13 17:51:00,5,1616.54,116,United Kingdom,3826
16225,2010-02-07 12:41:00,2011-10-26 08:30:00,15,2859.31,300,United Kingdom,3827
16226,2010-10-22 11:19:00,2011-05-20 14:41:00,5,672.1700000000001,31,United Kingdom,3828
16227,2010-06-22 13:28:00,2011-04-28 13:33:00,3,1027.22,34,United Kingdom,3829
16228,2010-11-04 18:54:00,2010-11-19 14:20:00,3,885.71,54,United Kingdom,3830
16229,2010-05-24 12:59:00,2011-09-13 17:16:00,6,2867.86,176,United Kingdom,3831
16230,2011-05-03 15:12:00,2011-06-03 10:06:00,2,542.03,35,United Kingdom,3832
16231,2010-04-21 12:06:00,2010-11-25 15:00:00,4,1074.47,100,United Kingdom,3833
16232,2010-06-07 14:04:00,2011-10-27 12:16:00,7,2712.97,105,United Kingdom,3834
16233,2009-12-02 13:23:00,2011-09-29 17:27:00,9,1965.71,75,United Kingdom,3835
16234,2010-05-27 10:39:00,2010-08-20 14:33:00,3,333.18,15,United Kingdom,3836
16235,2010-08-26 12:10:00,2011-10-30 10:56:00,8,2043.71,114,United Kingdom,3837
16236,2011-09-22 14:10:00,2011-09-22 14:10:00,1,432.2,20,United Kingdom,3838
16237,2010-09-28 17:02:00,2010-09-28 17:02:00,1,136.65,7,United Kingdom,3839
16238,2010-10-13 12:36:00,2010-10-13 12:36:00,1,63.66,6,United Kingdom,3840
16239,2010-09-02 19:17:00,2011-10-14 08:29:00,6,1492.2,35,United Kingdom,3841
16240,2011-09-23 13:44:00,2011-11-15 14:30:00,2,3718.8,135,United Kingdom,3842
16241,2010-10-25 13:40:00,2011-11-30 11:08:00,16,4267.46,974,United Kingdom,3843
16242,2010-03-15 16:02:00,2011-12-01 15:12:00,14,7404.65,672,United Kingdom,3844
16243,2011-10-16 12:09:00,2011-11-06 12:32:00,2,409.1,51,United Kingdom,3845
16244,2010-12-02 11:41:00,2011-05-12 10:18:00,2,2579.38,154,United Kingdom,3846
16245,2011-03-28 09:30:00,2011-11-16 10:14:00,3,1413.66,90,United Kingdom,3847
16246,2010-02-08 12:32:00,2010-09-06 12:04:00,2,821.35,88,United Kingdom,3848
16247,2011-06-22 14:23:00,2011-06-22 14:23:00,1,114.56,16,United Kingdom,3849
16248,2011-10-09 11:32:00,2011-10-09 11:32:00,1,152.94,7,United Kingdom,3850
16249,2011-04-14 13:50:00,2011-10-18 10:07:00,5,1800.07,69,United Kingdom,3851
16250,2010-11-18 10:43:00,2011-03-23 15:07:00,3,791.38,49,United Kingdom,3852
16251,2010-07-15 14:55:00,2010-07-15 14:55:00,1,128.31,20,United Kingdom,3853
16252,2010-11-22 11:57:00,2010-11-22 11:57:00,1,295.09000000000003,21,United Kingdom,3854
16253,2009-12-08 17:24:00,2011-10-04 09:09:00,7,7272.2,297,United Kingdom,3855
16254,2010-03-17 15:43:00,2010-11-26 13:22:00,3,967.44,74,United Kingdom,3856
16255,2010-01-24 12:21:00,2011-11-23 12:40:00,15,4904.25,534,United Kingdom,3857
16256,2010-04-21 10:34:00,2011-03-18 12:18:00,3,1629.37,29,United Kingdom,3858
16257,2011-06-16 10:11:00,2011-06-16 10:11:00,1,46.95,2,United Kingdom,3859
16258,2010-03-10 14:19:00,2011-10-25 13:30:00,15,11942.52,344,United Kingdom,3860
16259,2010-04-13 16:57:00,2010-10-25 14:27:00,3,340.94,85,United Kingdom,3861
16260,2011-10-20 09:40:00,2011-10-20 09:40:00,1,1035.45,18,United Kingdom,3862
16261,2010-09-23 16:40:00,2011-11-22 17:23:00,6,1041.16,163,United Kingdom,3863
16262,2010-11-26 13:22:00,2010-11-26 13:22:00,1,755.15,46,United Kingdom,3864
16263,2010-10-12 14:52:00,2010-10-12 14:52:00,1,348.16,21,United Kingdom,3865
16264,2010-09-19 16:14:00,2010-09-27 15:00:00,2,823.53,63,United Kingdom,3866
16265,2010-10-28 15:18:00,2011-11-30 16:41:00,12,6935.17,337,United Kingdom,3867
16266,2010-02-04 16:21:00,2011-09-27 12:08:00,14,1757.95,109,United Kingdom,3868
16267,2010-04-27 14:10:00,2010-04-27 14:10:00,1,186.66,7,United Kingdom,3869
16268,2011-09-29 18:30:00,2011-09-29 18:30:00,2,667.65,45,United Kingdom,3870
16269,2010-09-28 11:50:00,2010-09-28 11:50:00,1,717.57,53,United Kingdom,3871
16270,2010-12-21 14:26:00,2010-12-21 14:26:00,1,1141.24,54,United Kingdom,3872
16271,2010-03-07 12:03:00,2011-11-24 12:12:00,8,3367.82,297,United Kingdom,3873
16272,2011-08-15 10:53:00,2011-08-15 10:54:00,1,411.7,25,United Kingdom,3874
16273,2010-02-21 16:02:00,2010-03-01 13:24:00,2,318.34000000000003,15,United Kingdom,3875
16274,2010-12-01 15:35:00,2010-12-01 15:35:00,1,663.1,126,United Kingdom,3876
16275,2010-03-08 14:41:00,2011-05-27 12:41:00,3,2151.11,111,United Kingdom,3877
16276,2010-04-11 12:02:00,2011-06-16 09:34:00,3,2629.3900000000003,26,United Kingdom,3878
16277,2009-12-06 11:27:00,2009-12-06 11:27:00,1,188.69,23,United Kingdom,3879
16278,2010-07-28 15:40:00,2011-08-31 17:12:00,3,1117.84,55,United Kingdom,3880
16279,2010-04-22 14:09:00,2011-11-18 15:00:00,9,5698.28,348,United Kingdom,3881
16280,2009-12-14 15:49:00,2009-12-14 15:49:00,1,238.05,16,United Kingdom,3882
16281,2010-01-26 13:41:00,2011-09-28 14:57:00,3,3424.02,39,United Kingdom,3883
16282,2009-12-21 11:52:00,2011-01-04 11:42:00,3,1307.58,33,United Kingdom,3884
16283,2010-02-28 14:12:00,2011-12-04 12:08:00,8,4348.62,581,United Kingdom,3885
16284,2010-11-11 13:27:00,2011-11-08 16:12:00,3,1018.48,133,United Kingdom,3886
16285,2010-03-03 16:03:00,2010-03-03 16:03:00,1,176.9,31,United Kingdom,3887
16286,2010-03-26 09:58:00,2010-08-19 14:48:00,2,328.95,17,United Kingdom,3888
16287,2010-01-19 09:46:00,2011-06-23 09:08:00,5,1006.98,42,United Kingdom,3889
16288,2010-08-26 14:45:00,2010-08-26 14:45:00,1,129.85,7,United Kingdom,3890
16289,2010-09-03 14:02:00,2010-09-03 14:02:00,1,136.31,21,United Kingdom,3891
16290,2010-05-23 11:46:00,2010-09-01 11:52:00,4,1957.7,124,United Kingdom,3892
16291,2010-01-26 16:26:00,2010-01-26 16:26:00,1,117.72,1,Portugal,3893
16292,2010-04-14 13:29:00,2011-08-10 12:24:00,5,1253.76,62,United Kingdom,3894
16293,2009-12-11 09:58:00,2011-11-18 09:58:00,15,4657.95,241,United Kingdom,3895
16294,2010-08-20 12:01:00,2010-08-20 12:01:00,1,126.05000000000001,8,United Kingdom,3896
16295,2011-10-06 10:45:00,2011-11-30 08:17:00,4,1328.55,79,United Kingdom,3897
16296,2009-12-18 12:03:00,2010-03-23 13:11:00,4,1313.67,74,United Kingdom,3898
16297,2011-03-16 08:29:00,2011-03-16 08:29:00,1,301.9,20,United Kingdom,3899
16298,2010-09-23 15:23:00,2011-11-17 11:59:00,7,1085.7,47,United Kingdom,3900
16299,2010-08-19 17:46:00,2010-08-19 17:46:00,1,193.65,12,United Kingdom,3901
16300,2010-02-02 11:40:00,2010-10-05 13:14:00,3,1367.32,238,United Kingdom,3902
16301,2009-12-03 10:20:00,2009-12-03 10:20:00,1,107.33,6,United Kingdom,3903
16302,2011-08-05 09:44:00,2011-08-05 09:44:00,1,233.22,11,United Kingdom,3904
16303,2010-03-18 14:12:00,2011-11-14 10:49:00,7,7928.27,286,United Kingdom,3905
16304,2010-01-14 08:30:00,2010-01-14 08:30:00,1,381.66,25,United Kingdom,3906
16305,2011-07-24 12:18:00,2011-07-24 12:18:00,1,361.21999999999997,22,United Kingdom,3907
16306,2010-10-01 09:36:00,2011-05-10 12:12:00,7,1192.82,69,United Kingdom,3908
16307,2010-05-11 14:40:00,2010-10-06 14:31:00,3,1194.92,75,United Kingdom,3909
16308,2009-12-15 15:48:00,2011-11-02 11:24:00,7,5120.0,7,United Kingdom,3910
16309,2011-04-13 11:46:00,2011-08-25 15:35:00,2,706.57,42,United Kingdom,3911
16310,2010-03-07 15:41:00,2010-10-21 14:47:00,2,460.08,28,United Kingdom,3912
16311,2011-10-21 13:13:00,2011-11-22 08:54:00,2,616.26,37,United Kingdom,3913
16312,2010-10-03 14:15:00,2010-10-03 14:15:00,1,171.15,10,United Kingdom,3914
16313,2011-10-21 09:04:00,2011-12-06 13:02:00,2,274.15000000000003,16,United Kingdom,3915
16314,2010-08-24 11:52:00,2010-11-15 12:06:00,3,1491.4,62,United Kingdom,3916
16315,2010-06-21 13:53:00,2011-01-13 11:57:00,2,402.71,23,United Kingdom,3917
16316,2010-08-03 14:38:00,2011-10-06 13:48:00,13,5744.91,297,United Kingdom,3918
16317,2010-05-04 10:17:00,2011-08-12 12:46:00,5,2192.51,117,United Kingdom,3919
16318,2011-11-04 13:05:00,2011-11-04 13:05:00,1,328.15,19,United Kingdom,3920
16319,2011-05-06 11:27:00,2011-05-06 11:27:00,1,404.40000000000003,3,United Kingdom,3921
16320,2010-01-27 13:29:00,2011-06-20 15:25:00,6,5628.99,241,Unspecified,3922
16321,2009-12-01 10:36:00,2011-09-28 14:55:00,7,604.5500000000001,23,Australia,3923
16322,2011-11-03 14:33:00,2011-12-08 15:41:00,2,326.75,37,United Kingdom,3924
16323,2010-05-11 09:48:00,2011-05-27 14:48:00,2,353.66,4,United Kingdom,3925
16324,2011-06-15 14:26:00,2011-08-03 12:58:00,3,408.59000000000003,111,United Kingdom,3926
16325,2009-12-04 13:21:00,2011-10-24 08:48:00,12,3597.5,138,United Kingdom,3927
16326,2010-01-28 13:23:00,2011-12-04 10:11:00,24,4626.25,466,United Kingdom,3928
16327,2009-12-14 13:06:00,2011-11-25 13:23:00,16,10634.04,941,United Kingdom,3929
16328,2010-05-25 14:02:00,2010-05-25 14:02:00,1,310.83,16,United Kingdom,3930
16329,2009-12-01 11:34:00,2010-10-08 12:44:00,4,1664.92,104,United Kingdom,3931
16330,2010-02-15 12:36:00,2011-11-22 12:24:00,7,625.38,117,United Kingdom,3932
16331,2010-03-07 10:55:00,2010-10-03 13:47:00,6,2037.7,34,United Kingdom,3933
16332,2010-04-29 13:41:00,2011-11-11 14:22:00,11,1997.49,196,United Kingdom,3934
16333,2011-02-03 10:50:00,2011-12-02 12:19:00,22,26626.8,45,United Kingdom,3935
16334,2010-08-04 16:38:00,2010-08-04 16:38:00,1,263.73,54,United Kingdom,3936
16335,2009-12-04 10:18:00,2010-06-06 11:35:00,7,2753.52,361,United Kingdom,3937
16336,2010-03-18 08:05:00,2010-10-15 12:32:00,4,3517.69,68,United Kingdom,3938
16337,2011-11-03 10:03:00,2011-11-03 10:03:00,1,151.05,10,United Kingdom,3939
16338,2011-07-05 13:56:00,2011-07-05 13:56:00,1,214.79999999999998,11,United Kingdom,3940
16339,2011-02-28 13:41:00,2011-02-28 13:41:00,1,94.05,18,United Kingdom,3941
16340,2010-06-06 13:26:00,2011-08-24 14:53:00,3,1496.24,357,United Kingdom,3942
16341,2010-04-09 10:30:00,2011-11-15 09:12:00,7,3850.79,158,United Kingdom,3943
16342,2011-06-13 10:10:00,2011-09-25 14:36:00,4,322.41,15,United Kingdom,3944
16343,2010-10-28 14:15:00,2011-11-23 17:45:00,3,614.12,78,United Kingdom,3945
16344,2010-02-09 12:16:00,2011-07-04 15:50:00,4,842.42,46,United Kingdom,3946
16345,2010-08-13 17:13:00,2011-10-26 16:03:00,2,1178.79,108,United Kingdom,3947
16346,2010-11-19 15:55:00,2010-11-19 15:55:00,1,224.51,15,United Kingdom,3948
16347,2010-03-12 12:41:00,2011-11-28 13:14:00,11,3442.96,342,United Kingdom,3949
16348,2010-10-05 13:57:00,2011-11-07 15:44:00,8,1742.08,252,United Kingdom,3950
16349,2011-02-22 12:40:00,2011-02-22 12:40:00,1,53.5,9,United Kingdom,3951
16350,2010-10-07 16:33:00,2011-11-18 15:53:00,9,2253.89,122,United Kingdom,3952
16351,2009-12-04 16:12:00,2011-01-11 10:26:00,13,3330.0299999999997,187,United Kingdom,3953
16352,2011-11-02 08:44:00,2011-11-22 10:32:00,2,494.44,28,United Kingdom,3954
16353,2009-12-07 13:55:00,2011-12-06 12:23:00,38,9999.460000000001,174,United Kingdom,3955
16354,2010-04-27 13:33:00,2011-10-07 14:28:00,5,1119.46,140,United Kingdom,3956
16355,2010-11-29 14:21:00,2010-11-29 14:21:00,1,416.35,48,United Kingdom,3957
16356,2010-06-06 11:26:00,2011-05-26 11:51:00,6,415.87,59,United Kingdom,3958
16357,2010-11-23 18:52:00,2011-11-06 16:04:00,4,868.37,47,United Kingdom,3959
16358,2010-11-10 11:36:00,2011-12-08 15:09:00,5,2919.65,154,United Kingdom,3960
16359,2010-02-16 10:39:00,2011-12-02 17:04:00,16,2697.75,125,United Kingdom,3961
16360,2011-09-12 13:50:00,2011-12-05 12:16:00,6,3450.41,636,United Kingdom,3962
16361,2011-09-29 13:13:00,2011-11-30 12:32:00,4,891.21,104,United Kingdom,3963
16362,2010-09-28 09:24:00,2011-11-07 13:01:00,6,922.16,90,United Kingdom,3964
16363,2011-10-17 14:14:00,2011-10-17 14:14:00,1,109.36000000000001,5,United Kingdom,3965
16364,2011-07-25 14:35:00,2011-11-28 11:27:00,2,705.79,52,United Kingdom,3966
16365,2009-12-11 12:41:00,2011-11-22 11:24:00,15,3307.2,130,United Kingdom,3967
16366,2009-12-16 10:39:00,2011-11-21 08:19:00,4,1548.1299999999999,78,United Kingdom,3968
16367,2010-11-21 13:23:00,2011-11-02 13:13:00,3,1350.48,223,United Kingdom,3969
16368,2010-09-30 11:30:00,2011-12-07 13:12:00,3,621.44,90,United Kingdom,3970
16369,2010-04-07 16:52:00,2011-11-21 16:25:00,7,2654.48,167,United Kingdom,3971
16370,2011-04-28 16:40:00,2011-09-18 15:55:00,4,1301.91,221,United Kingdom,3972
16371,2010-09-17 12:09:00,2010-09-17 12:09:00,1,157.2,11,United Kingdom,3973
16372,2010-04-11 15:20:00,2011-11-06 13:08:00,5,1290.31,315,United Kingdom,3974
16373,2010-10-24 13:10:00,2010-11-22 15:50:00,2,309.49,29,United Kingdom,3975
16374,2010-04-30 13:10:00,2011-10-04 15:21:00,5,1709.55,344,United Kingdom,3976
16375,2010-08-26 14:12:00,2010-08-26 14:25:00,2,104.0,13,United Kingdom,3977
16376,2011-11-22 16:47:00,2011-12-01 11:38:00,2,974.96,122,United Kingdom,3978
16377,2010-04-01 10:36:00,2011-03-17 15:41:00,2,1308.48,10,United Kingdom,3979
16378,2011-02-02 12:42:00,2011-04-06 15:07:00,3,362.95,23,United Kingdom,3980
16379,2011-09-22 09:33:00,2011-12-05 15:38:00,4,2157.4,108,United Kingdom,3981
16380,2011-10-09 15:40:00,2011-10-09 15:40:00,1,1743.1499999999999,31,United Kingdom,3982
16381,2010-10-17 13:06:00,2010-11-09 09:56:00,2,247.85,61,United Kingdom,3983
16382,2010-06-07 12:42:00,2010-10-27 16:23:00,2,353.1,44,United Kingdom,3984
16383,2010-02-04 13:18:00,2011-09-26 12:45:00,7,2887.99,399,United Kingdom,3985
16384,2010-04-28 14:01:00,2011-09-11 11:19:00,4,1358.95,81,United Kingdom,3986
16385,2010-03-18 12:45:00,2011-10-10 13:12:00,5,1028.55,133,United Kingdom,3987
16386,2010-11-17 11:19:00,2011-11-11 12:28:00,3,1068.16,139,United Kingdom,3988
16387,2010-03-11 12:22:00,2011-01-21 11:34:00,5,882.46,87,United Kingdom,3989
16388,2010-02-24 10:20:00,2010-02-24 10:20:00,1,186.05,13,United Kingdom,3990
16389,2011-03-01 15:47:00,2011-10-17 14:41:00,4,1382.07,34,United Kingdom,3991
16390,2010-01-29 15:25:00,2010-06-21 10:11:00,3,467.5,21,United Kingdom,3992
16391,2010-05-27 11:27:00,2010-11-04 12:27:00,4,1048.86,302,United Kingdom,3993
16392,2010-05-27 11:17:00,2011-03-15 12:11:00,3,755.45,143,United Kingdom,3994
16393,2009-12-01 12:13:00,2011-12-07 12:51:00,23,5482.57,757,United Kingdom,3995
16394,2011-02-23 10:58:00,2011-10-14 09:48:00,5,1555.34,83,United Kingdom,3996
16395,2009-12-06 12:26:00,2011-10-10 12:50:00,14,3517.56,633,United Kingdom,3997
16396,2010-08-20 14:17:00,2010-08-20 14:17:00,1,137.8,8,United Kingdom,3998
16397,2010-03-21 15:36:00,2010-03-21 15:36:00,1,123.13,9,United Kingdom,3999
16398,2011-03-31 09:38:00,2011-07-08 15:16:00,2,1705.8,82,United Kingdom,4000
16399,2010-11-15 15:03:00,2011-11-20 16:12:00,3,628.42,109,United Kingdom,4001
16400,2009-12-08 12:38:00,2011-09-06 12:27:00,9,3059.85,267,United Kingdom,4002
16401,2010-06-02 13:13:00,2011-12-08 18:15:00,23,6847.45,362,United Kingdom,4003
16402,2010-12-05 13:42:00,2011-03-20 12:25:00,2,499.1,111,United Kingdom,4004
16403,2011-01-31 13:39:00,2011-01-31 13:39:00,1,177.5,10,United Kingdom,4005
16404,2011-09-30 14:55:00,2011-09-30 14:55:00,1,443.05,23,United Kingdom,4006
16405,2011-02-02 17:08:00,2011-02-10 15:24:00,2,167.25,5,United Kingdom,4007
16406,2010-02-24 11:51:00,2011-11-21 11:57:00,3,528.36,148,United Kingdom,4008
16407,2010-10-03 13:56:00,2011-11-27 11:05:00,14,2761.65,225,United Kingdom,4009
16408,2010-04-27 14:08:00,2010-04-27 14:08:00,1,231.93,45,United Kingdom,4010
16409,2009-12-13 15:38:00,2011-11-03 16:45:00,12,5652.74,775,United Kingdom,4011
16410,2009-12-05 14:51:00,2009-12-05 14:51:00,1,130.32,5,United Kingdom,4012
16411,2010-10-07 15:09:00,2011-11-20 13:23:00,4,884.9399999999999,201,United Kingdom,4013
16412,2010-02-04 13:46:00,2011-10-17 12:35:00,5,593.19,122,United Kingdom,4014
16413,2010-11-29 12:49:00,2011-10-14 12:08:00,2,522.03,68,United Kingdom,4015
16414,2010-01-14 10:21:00,2011-11-18 09:42:00,5,551.21,63,United Kingdom,4016
16415,2010-02-01 12:30:00,2011-10-26 13:35:00,3,696.76,145,United Kingdom,4017
16416,2010-02-23 12:00:00,2011-11-13 12:50:00,9,2957.88,186,United Kingdom,4018
16417,2010-08-04 09:08:00,2010-08-04 09:08:00,1,35.7,1,United Kingdom,4019
16418,2010-10-13 12:31:00,2011-10-26 12:39:00,5,1028.74,156,United Kingdom,4020
16419,2010-02-09 13:26:00,2011-08-19 12:33:00,8,1463.7,90,United Kingdom,4021
16420,2010-11-08 15:15:00,2010-11-08 15:15:00,1,75.0,2,United Kingdom,4022
16421,2010-08-27 12:02:00,2010-11-28 13:31:00,3,526.27,38,United Kingdom,4023
16422,2010-01-12 11:57:00,2011-11-22 14:00:00,108,63397.07,710,United Kingdom,4024
16423,2011-11-15 09:21:00,2011-11-15 09:21:00,1,346.12,18,United Kingdom,4025
16424,2010-11-22 11:24:00,2011-06-01 13:40:00,2,443.06,13,United Kingdom,4026
16425,2011-02-10 14:30:00,2011-02-10 14:30:00,1,302.7,21,United Kingdom,4027
16426,2011-03-08 15:45:00,2011-12-07 14:01:00,10,1863.76,353,United Kingdom,4028
16427,2011-02-28 15:18:00,2011-03-21 17:10:00,2,241.06,9,United Kingdom,4029
16428,2010-07-30 12:10:00,2010-10-22 12:22:00,3,638.49,127,United Kingdom,4030
16429,2011-08-25 13:54:00,2011-08-25 13:54:00,1,284.55,2,United Kingdom,4031
16430,2010-01-27 12:45:00,2011-10-13 14:47:00,6,1102.94,27,United Kingdom,4032
16431,2011-02-15 14:02:00,2011-05-10 14:09:00,3,623.28,76,United Kingdom,4033
16432,2011-10-06 13:59:00,2011-10-06 13:59:00,1,287.4,8,United Kingdom,4034
16433,2010-10-27 12:26:00,2011-11-11 14:09:00,2,384.52,34,United Kingdom,4035
16434,2010-01-17 14:51:00,2011-11-10 14:28:00,12,2673.69,180,United Kingdom,4036
16435,2010-07-13 13:29:00,2010-07-15 18:22:00,3,1003.0699999999999,125,United Kingdom,4037
16436,2009-12-06 16:02:00,2010-02-09 13:19:00,3,319.14,40,United Kingdom,4038
16437,2010-10-06 12:34:00,2010-11-23 16:59:00,2,301.25,21,United Kingdom,4039
16438,2011-09-18 13:31:00,2011-12-04 10:51:00,5,798.35,132,United Kingdom,4040
16439,2009-12-17 14:22:00,2009-12-17 14:22:00,1,310.70000000000005,9,United Kingdom,4041
16440,2010-08-03 11:32:00,2011-12-02 12:02:00,6,3856.9700000000003,307,United Kingdom,4042
16441,2010-03-22 18:00:00,2011-10-03 17:48:00,5,1013.18,84,United Kingdom,4043
16442,2009-12-13 11:05:00,2011-12-08 11:43:00,5,891.98,247,United Kingdom,4044
16443,2010-07-07 11:57:00,2010-07-07 11:57:00,1,162.24,1,United Kingdom,4045
16444,2010-03-24 14:06:00,2011-10-24 13:50:00,17,3625.88,371,United Kingdom,4046
16445,2010-10-24 12:39:00,2011-11-06 12:32:00,4,583.16,180,United Kingdom,4047
16446,2011-05-18 09:52:00,2011-12-09 09:15:00,2,168472.5,3,United Kingdom,4048
16447,2010-02-17 14:09:00,2011-07-27 12:45:00,3,727.1,68,United Kingdom,4049
16448,2010-08-25 16:58:00,2011-05-25 16:28:00,2,361.12,50,United Kingdom,4050
16449,2011-03-04 12:15:00,2011-05-26 10:25:00,2,707.69,40,United Kingdom,4051
16450,2010-02-21 15:46:00,2011-07-13 11:47:00,3,1505.73,43,United Kingdom,4052
16451,2009-12-04 15:11:00,2011-09-13 09:17:00,3,1013.15,65,United Kingdom,4053
16452,2010-01-15 12:22:00,2010-03-19 12:39:00,2,332.17,18,United Kingdom,4054
16453,2010-06-09 13:15:00,2010-06-27 12:46:00,2,251.71,15,United Kingdom,4055
16454,2010-04-07 15:54:00,2011-10-06 16:57:00,3,29.950000000000003,3,United Kingdom,4056
16455,2010-03-30 10:31:00,2011-10-07 12:17:00,11,4376.87,224,United Kingdom,4057
16456,2010-03-29 11:16:00,2011-09-01 13:50:00,13,6788.34,407,United Kingdom,4058
16457,2011-05-05 13:19:00,2011-05-05 13:19:00,1,208.36,9,United Kingdom,4059
16458,2010-05-26 14:38:00,2011-12-07 09:34:00,30,5690.89,381,United Kingdom,4060
16459,2009-12-10 12:42:00,2009-12-10 12:42:00,1,71.78999999999999,5,United Kingdom,4061
16460,2011-09-19 10:15:00,2011-11-11 13:46:00,3,811.23,132,United Kingdom,4062
16461,2010-03-03 13:57:00,2011-06-15 12:07:00,3,1539.83,251,United Kingdom,4063
16462,2011-03-01 08:58:00,2011-09-27 10:24:00,3,136.0,3,United Kingdom,4064
16463,2011-05-19 14:45:00,2011-11-18 14:01:00,4,1422.4,82,United Kingdom,4065
16464,2011-07-20 13:53:00,2011-11-20 12:11:00,3,1298.66,230,United Kingdom,4066
16465,2010-09-21 10:46:00,2010-10-15 09:27:00,2,746.24,48,United Kingdom,4067
16466,2010-03-07 14:31:00,2011-11-06 11:35:00,15,3767.09,336,United Kingdom,4068
16467,2009-12-02 11:59:00,2010-07-19 11:49:00,7,2869.16,24,United Kingdom,4069
16468,2010-08-15 13:10:00,2011-09-26 14:13:00,3,787.52,45,United Kingdom,4070
16469,2010-07-13 13:17:00,2011-11-16 12:25:00,5,803.9,194,United Kingdom,4071
16470,2009-12-11 12:21:00,2011-10-19 12:11:00,11,2416.85,468,United Kingdom,4072
16471,2010-02-25 10:07:00,2011-03-10 09:41:00,4,1189.98,62,United Kingdom,4073
16472,2010-04-21 11:48:00,2010-10-01 13:56:00,2,789.6,39,United Kingdom,4074
16473,2010-11-30 16:29:00,2011-06-28 09:10:00,4,470.83,28,United Kingdom,4075
16474,2011-07-17 14:51:00,2011-12-02 13:02:00,7,1810.49,336,United Kingdom,4076
16475,2011-03-11 09:39:00,2011-09-12 14:37:00,4,544.3,28,United Kingdom,4077
16476,2010-10-04 10:29:00,2010-10-04 10:29:00,1,350.35,24,United Kingdom,4078
16477,2010-08-12 09:43:00,2011-10-07 09:44:00,11,4320.02,260,United Kingdom,4079
16478,2011-10-05 12:02:00,2011-11-14 15:51:00,3,331.0,17,United Kingdom,4080
16479,2011-11-29 13:04:00,2011-11-29 13:40:00,2,300.83,35,United Kingdom,4081
16480,2011-09-25 11:40:00,2011-09-25 11:40:00,1,769.29,53,United Kingdom,4082
16481,2010-01-26 13:09:00,2010-01-26 13:09:00,1,453.38,16,United Kingdom,4083
16482,2011-11-24 12:33:00,2011-11-24 12:33:00,1,220.62,18,United Kingdom,4084
16483,2011-05-31 13:08:00,2011-05-31 13:08:00,1,139.35,19,United Kingdom,4085
16484,2011-06-02 10:39:00,2011-06-19 12:06:00,2,404.3,25,United Kingdom,4086
16485,2009-12-06 12:28:00,2011-09-23 15:50:00,5,2287.19,144,United Kingdom,4087
16486,2010-06-20 12:16:00,2010-06-20 12:16:00,1,134.36,7,United Kingdom,4088
16487,2010-02-18 17:36:00,2010-05-11 13:38:00,2,209.4,35,United Kingdom,4089
16488,2011-07-14 11:46:00,2011-11-06 13:42:00,3,498.8,29,United Kingdom,4090
16489,2010-09-29 15:02:00,2010-11-24 14:40:00,2,303.7,6,United Kingdom,4091
16490,2010-09-29 16:30:00,2010-09-29 16:30:00,1,205.41000000000003,13,United Kingdom,4092
16491,2010-10-22 15:42:00,2011-10-24 10:18:00,2,1533.16,87,United Kingdom,4093
16492,2010-06-17 08:20:00,2010-06-17 08:20:00,1,385.56,23,United Kingdom,4094
16493,2010-03-26 13:05:00,2011-09-21 11:10:00,7,2132.09,111,United Kingdom,4095
16494,2011-02-16 12:49:00,2011-02-16 12:49:00,1,826.53,50,United Kingdom,4096
16495,2011-03-08 16:38:00,2011-12-06 13:20:00,3,648.26,88,United Kingdom,4097
16496,2010-07-18 13:42:00,2011-12-01 10:31:00,6,2330.77,138,United Kingdom,4098
16497,2009-12-03 14:11:00,2011-10-21 10:55:00,23,6695.28,337,United Kingdom,4099
16498,2011-06-30 19:52:00,2011-07-01 15:07:00,2,100.97,15,United Kingdom,4100
16499,2010-06-11 12:22:00,2010-12-14 13:31:00,8,2578.34,144,United Kingdom,4101
16500,2010-06-14 14:54:00,2011-12-05 12:04:00,9,843.9100000000001,34,United Kingdom,4102
16501,2010-11-21 14:10:00,2010-11-21 14:10:00,1,1191.23,199,United Kingdom,4103
16502,2010-03-29 13:39:00,2010-03-29 13:44:00,2,258.55,41,United Kingdom,4104
16503,2010-06-21 14:07:00,2011-08-25 11:46:00,11,3614.34,213,United Kingdom,4105
16504,2011-11-14 15:18:00,2011-11-14 15:18:00,1,465.88,83,United Kingdom,4106
16505,2011-11-08 12:14:00,2011-11-08 12:14:00,1,777.6,4,United Kingdom,4107
16506,2011-10-30 15:50:00,2011-11-20 12:17:00,2,90.30000000000001,3,United Kingdom,4108
16507,2010-05-16 12:56:00,2010-05-16 12:56:00,1,142.71,38,United Kingdom,4109
16508,2010-03-19 13:41:00,2010-03-19 13:41:00,1,240.95,43,United Kingdom,4110
16509,2011-02-16 09:25:00,2011-02-16 09:25:00,1,363.7,13,United Kingdom,4111
16510,2010-01-17 12:30:00,2010-12-02 13:39:00,6,2005.35,124,United Kingdom,4112
16511,2010-03-01 12:21:00,2011-11-18 10:41:00,6,1758.49,303,United Kingdom,4113
16513,2011-10-27 14:56:00,2011-12-05 10:18:00,4,874.59,35,United Kingdom,4114
16515,2010-06-17 12:17:00,2011-10-18 13:10:00,10,3179.06,236,United Kingdom,4115
16516,2011-11-09 14:59:00,2011-11-09 14:59:00,1,101.69999999999999,6,United Kingdom,4116
16517,2011-03-07 13:50:00,2011-03-07 13:50:00,1,162.7,17,United Kingdom,4117
16518,2010-06-01 13:31:00,2011-10-09 15:04:00,4,959.37,68,United Kingdom,4118
16519,2010-03-01 13:51:00,2011-11-14 15:41:00,4,540.66,40,United Kingdom,4119
16520,2010-03-02 16:50:00,2011-06-06 13:24:00,6,2474.14,412,United Kingdom,4120
16521,2010-03-01 13:22:00,2010-10-20 13:09:00,3,1136.36,236,United Kingdom,4121
16522,2010-09-15 13:32:00,2010-09-30 10:54:00,2,433.36,18,United Kingdom,4122
16523,2010-01-24 13:14:00,2011-12-08 09:06:00,28,11916.33,371,United Kingdom,4123
16524,2010-01-17 13:16:00,2010-09-19 13:37:00,2,306.19,53,United Kingdom,4124
16525,2009-12-02 13:53:00,2011-12-07 15:07:00,48,24562.74,362,United Kingdom,4125
16526,2010-05-04 16:34:00,2011-06-21 12:02:00,2,717.21,35,United Kingdom,4126
16527,2010-10-11 13:25:00,2011-09-19 16:21:00,2,1232.94,73,United Kingdom,4127
16528,2011-12-06 12:45:00,2011-12-06 12:45:00,1,244.41,17,United Kingdom,4128
16529,2010-06-27 13:29:00,2011-06-02 17:23:00,4,1986.8,128,United Kingdom,4129
16530,2010-02-09 15:30:00,2010-02-09 15:30:00,1,48.349999999999994,3,United Kingdom,4130
16531,2010-09-24 09:49:00,2011-11-17 16:29:00,11,2298.33,138,United Kingdom,4131
16532,2010-03-29 10:26:00,2011-11-22 11:08:00,5,8756.64,6,United Kingdom,4132
16533,2011-10-02 15:07:00,2011-11-20 13:08:00,3,1082.81,176,United Kingdom,4133
16534,2010-03-07 15:47:00,2010-03-07 15:47:00,1,635.9,36,United Kingdom,4134
16535,2010-11-19 13:01:00,2011-12-04 15:18:00,2,952.04,70,United Kingdom,4135
16536,2011-08-21 15:54:00,2011-08-21 15:54:00,1,548.12,54,United Kingdom,4136
16537,2010-03-08 13:41:00,2010-03-08 13:41:00,1,10.55,2,United Kingdom,4137
16538,2010-04-23 16:25:00,2010-06-16 16:59:00,3,395.07,41,United Kingdom,4138
16539,2010-06-25 15:24:00,2011-12-07 08:41:00,10,3732.01,152,United Kingdom,4139
16540,2010-10-21 17:22:00,2010-10-21 17:22:00,1,205.75,29,United Kingdom,4140
16541,2009-12-04 13:22:00,2009-12-04 13:22:00,1,424.03,38,United Kingdom,4141
16542,2010-11-03 14:44:00,2011-10-17 10:47:00,2,257.32,14,United Kingdom,4142
16543,2010-04-27 11:38:00,2010-04-27 11:38:00,1,292.21,18,United Kingdom,4143
16544,2010-02-15 13:20:00,2010-07-08 11:11:00,4,376.70000000000005,11,United Kingdom,4144
16545,2010-11-29 10:39:00,2011-06-28 10:37:00,2,689.82,8,United Kingdom,4145
16546,2010-09-23 15:43:00,2011-02-22 11:20:00,5,5606.47,94,United Kingdom,4146
16547,2010-06-11 13:02:00,2010-06-11 13:02:00,1,104.25999999999999,25,United Kingdom,4147
16548,2010-04-19 16:15:00,2010-04-19 16:15:00,1,30.15,6,United Kingdom,4148
16549,2010-03-28 15:45:00,2011-11-29 15:06:00,34,12781.8,3093,United Kingdom,4149
16550,2009-12-02 11:24:00,2011-08-23 11:12:00,18,9362.34,802,United Kingdom,4150
16551,2009-12-13 16:12:00,2011-09-05 09:38:00,7,2237.12,88,United Kingdom,4151
16552,2010-12-01 12:36:00,2011-04-11 10:04:00,2,475.02000000000004,22,United Kingdom,4152
16553,2010-02-11 18:46:00,2011-06-29 15:42:00,33,16584.01,292,United Kingdom,4153
16554,2009-12-15 09:42:00,2011-10-28 14:51:00,8,2841.72,167,United Kingdom,4154
16555,2010-07-22 13:39:00,2011-11-04 14:31:00,6,1915.68,66,United Kingdom,4155
16556,2009-12-07 10:51:00,2011-10-04 11:36:00,17,8012.58,482,United Kingdom,4156
16557,2011-07-25 13:28:00,2011-11-15 14:04:00,2,281.85,11,United Kingdom,4157
16558,2009-12-03 18:11:00,2011-12-09 10:20:00,38,13873.51,780,United Kingdom,4158
16559,2010-11-07 13:52:00,2010-11-07 13:52:00,1,175.0,17,United Kingdom,4159
16560,2009-12-08 12:05:00,2011-11-13 10:35:00,8,3048.38,198,United Kingdom,4160
16561,2011-10-11 09:53:00,2011-12-04 11:50:00,2,511.12,31,United Kingdom,4161
16562,2010-08-20 11:45:00,2010-08-20 11:45:00,1,223.85999999999999,34,United Kingdom,4162
16563,2009-12-01 18:35:00,2011-10-17 11:51:00,6,4412.56,89,United Kingdom,4163
16564,2010-05-19 14:41:00,2010-05-19 14:41:00,1,87.8,5,United Kingdom,4164
16565,2010-06-02 12:47:00,2010-12-10 15:21:00,4,773.05,11,United Kingdom,4165
16566,2011-02-20 10:29:00,2011-11-24 16:34:00,5,614.66,18,United Kingdom,4166
16567,2011-01-07 09:31:00,2011-05-29 13:57:00,2,865.6,35,United Kingdom,4167
16568,2010-03-08 14:51:00,2010-10-08 10:54:00,2,1020.9000000000001,5,United Kingdom,4168
16569,2009-12-16 15:05:00,2011-12-06 15:32:00,5,1455.23,35,United Kingdom,4169
16570,2010-03-30 09:32:00,2011-11-24 17:02:00,20,7434.31,241,United Kingdom,4170
16571,2010-03-18 09:12:00,2011-11-13 11:46:00,10,4248.74,255,United Kingdom,4171
16572,2011-03-09 12:04:00,2011-08-04 16:34:00,3,1009.6,57,United Kingdom,4172
16573,2011-02-22 15:14:00,2011-09-16 09:13:00,2,663.61,42,United Kingdom,4173
16574,2010-02-19 11:46:00,2011-09-29 13:39:00,3,1301.78,86,United Kingdom,4174
16576,2010-07-06 10:42:00,2010-10-15 13:37:00,2,540.87,33,United Kingdom,4175
16577,2010-02-11 09:45:00,2010-02-11 09:45:00,1,380.0,23,United Kingdom,4176
16578,2010-03-23 15:11:00,2010-03-23 15:11:00,1,156.6,9,United Kingdom,4177
16579,2010-10-10 11:58:00,2010-10-10 11:58:00,1,295.05,14,United Kingdom,4178
16581,2011-06-10 10:05:00,2011-06-10 10:05:00,1,105.84,9,United Kingdom,4179
16582,2011-08-18 17:02:00,2011-08-18 17:02:00,1,313.62,6,United Kingdom,4180
16583,2010-02-04 12:18:00,2010-12-01 12:03:00,2,531.4,32,United Kingdom,4181
16584,2010-02-16 10:41:00,2011-09-20 13:45:00,5,3156.17,82,United Kingdom,4182
16585,2010-01-13 13:31:00,2010-04-25 10:34:00,2,341.59,18,United Kingdom,4183
16586,2010-03-14 11:24:00,2011-04-05 09:32:00,3,1462.78,28,United Kingdom,4184
16587,2011-04-21 15:51:00,2011-04-21 15:51:00,1,225.15,13,United Kingdom,4185
16588,2010-05-14 13:43:00,2010-11-18 17:56:00,4,1361.28,71,United Kingdom,4186
16589,2010-09-15 14:56:00,2011-09-29 14:50:00,4,612.36,44,United Kingdom,4187
16590,2010-10-21 12:09:00,2010-11-04 09:06:00,2,605.9,29,United Kingdom,4188
16591,2011-10-02 10:43:00,2011-10-02 10:43:00,1,213.5,10,United Kingdom,4189
16592,2009-12-18 15:57:00,2011-12-05 13:49:00,28,7807.91,428,United Kingdom,4190
16593,2009-12-05 10:44:00,2011-10-20 12:41:00,8,1071.1399999999999,78,United Kingdom,4191
16594,2011-09-25 14:08:00,2011-09-25 14:08:00,1,181.09,53,United Kingdom,4192
16595,2010-01-17 12:12:00,2011-10-09 13:15:00,5,1757.75,452,United Kingdom,4193
16596,2009-12-10 13:09:00,2011-11-24 10:02:00,4,579.63,30,United Kingdom,4194
16597,2011-12-05 15:44:00,2011-12-05 15:44:00,1,90.04,7,United Kingdom,4195
16598,2011-02-27 11:42:00,2011-02-27 11:42:00,1,145.04999999999998,10,United Kingdom,4196
16599,2010-11-19 12:45:00,2010-11-19 12:45:00,1,172.8,12,United Kingdom,4197
16600,2009-12-18 12:59:00,2011-12-05 16:00:00,13,2153.41,143,United Kingdom,4198
16601,2010-03-26 13:39:00,2011-10-30 11:09:00,3,675.83,68,United Kingdom,4199
16602,2010-11-16 09:13:00,2011-11-03 15:54:00,2,763.33,40,United Kingdom,4200
16603,2011-09-09 13:02:00,2011-09-26 10:06:00,2,482.47,34,United Kingdom,4201
16604,2010-05-20 16:34:00,2010-05-26 09:10:00,2,432.45,12,United Kingdom,4202
16605,2009-12-15 19:03:00,2009-12-15 19:03:00,1,60.48,1,United Kingdom,4203
16606,2010-10-01 13:21:00,2010-10-31 13:57:00,2,357.66,22,United Kingdom,4204
16607,2010-04-29 14:01:00,2011-11-22 10:24:00,25,5706.87,298,United Kingdom,4205
16608,2010-02-14 11:57:00,2010-09-12 11:44:00,2,1286.6200000000001,121,United Kingdom,4206
16609,2011-04-01 10:11:00,2011-11-24 13:32:00,7,5493.46,276,United Kingdom,4207
16610,2011-05-04 13:13:00,2011-05-04 13:13:00,1,75.66,6,United Kingdom,4208
16611,2010-03-10 16:07:00,2011-06-06 15:46:00,6,1785.13,110,United Kingdom,4209
16612,2009-12-03 15:54:00,2011-11-07 07:38:00,9,3245.43,167,United Kingdom,4210
16613,2011-09-30 15:52:00,2011-09-30 15:52:00,1,618.59,30,United Kingdom,4211
16614,2010-05-10 15:18:00,2011-06-10 11:36:00,3,1179.79,49,United Kingdom,4212
16615,2010-03-23 15:13:00,2010-03-23 15:13:00,1,291.5,19,United Kingdom,4213
16616,2011-07-05 13:38:00,2011-11-24 16:31:00,2,500.42,33,United Kingdom,4214
16617,2011-04-18 10:35:00,2011-04-18 10:35:00,1,151.85,5,United Kingdom,4215
16618,2011-01-21 11:55:00,2011-11-08 13:52:00,5,2647.59,96,United Kingdom,4216
16619,2010-02-22 12:05:00,2011-03-21 08:18:00,4,1938.33,116,United Kingdom,4217
16620,2009-12-01 14:35:00,2011-12-06 12:19:00,6,1758.93,94,United Kingdom,4218
16621,2011-03-07 11:32:00,2011-10-19 11:38:00,4,813.48,29,United Kingdom,4219
16622,2010-06-14 10:44:00,2010-06-14 10:44:00,1,225.4,12,United Kingdom,4220
16623,2010-04-26 14:04:00,2011-04-08 10:09:00,4,1015.24,51,United Kingdom,4221
16624,2011-05-26 14:20:00,2011-09-20 12:39:00,2,810.5699999999999,48,United Kingdom,4222
16625,2010-06-14 11:56:00,2011-03-10 12:50:00,5,1654.03,99,United Kingdom,4223
16626,2011-03-18 12:27:00,2011-12-09 11:56:00,17,4413.1,179,United Kingdom,4224
16627,2011-09-21 14:38:00,2011-09-21 14:38:00,1,322.8,20,United Kingdom,4225
16628,2010-03-08 12:24:00,2011-11-10 12:45:00,7,2318.1,125,United Kingdom,4226
16629,2011-09-04 16:12:00,2011-09-27 10:34:00,2,408.63,60,United Kingdom,4227
16630,2010-10-28 14:30:00,2010-10-28 14:30:00,1,106.80000000000001,4,United Kingdom,4228
16631,2010-02-26 10:49:00,2010-08-15 11:20:00,7,1892.52,80,United Kingdom,4229
16632,2010-05-07 16:46:00,2010-08-11 11:39:00,2,406.4,27,United Kingdom,4230
16633,2011-04-19 14:36:00,2011-11-22 13:41:00,6,2883.1,152,United Kingdom,4231
16634,2010-01-21 09:30:00,2011-05-01 12:09:00,6,1814.61,91,United Kingdom,4232
16635,2010-10-29 09:41:00,2010-10-29 09:41:00,1,473.0,25,United Kingdom,4233
16636,2010-03-03 14:06:00,2010-09-27 13:13:00,4,3802.04,73,United Kingdom,4234
16637,2011-04-28 10:20:00,2011-11-07 13:17:00,4,1154.47,69,United Kingdom,4235
16638,2010-08-18 13:33:00,2011-11-17 11:09:00,15,2430.53,140,United Kingdom,4236
16639,2010-10-26 18:23:00,2011-11-08 13:20:00,4,1747.98,81,United Kingdom,4237
16640,2010-11-07 10:48:00,2010-11-07 10:48:00,1,179.4,13,United Kingdom,4238
16641,2010-01-07 12:22:00,2011-08-26 12:49:00,2,554.5,36,United Kingdom,4239
16642,2010-10-20 14:22:00,2011-12-05 11:31:00,3,1077.45,54,United Kingdom,4240
16643,2010-10-13 09:47:00,2011-04-08 08:24:00,2,923.11,55,United Kingdom,4241
16644,2011-05-11 12:53:00,2011-06-15 12:39:00,2,833.78,62,United Kingdom,4242
16645,2009-12-04 09:49:00,2009-12-04 09:49:00,1,160.39,14,United Kingdom,4243
16646,2010-09-16 13:28:00,2010-09-16 13:28:00,1,678.8,29,United Kingdom,4244
16647,2010-06-13 15:52:00,2011-06-23 11:47:00,4,541.9,33,United Kingdom,4245
16648,2010-04-28 14:58:00,2011-10-28 08:58:00,3,672.8,37,United Kingdom,4246
16649,2010-07-07 15:41:00,2010-07-07 15:41:00,1,306.58000000000004,20,United Kingdom,4247
16650,2010-07-08 14:18:00,2011-09-29 09:51:00,7,1916.11,98,United Kingdom,4248
16651,2010-05-02 11:46:00,2010-05-02 11:46:00,1,136.2,6,United Kingdom,4249
16652,2010-03-17 10:22:00,2011-10-12 09:38:00,16,17550.39,275,United Kingdom,4250
16653,2011-09-29 13:38:00,2011-11-23 14:51:00,2,1212.66,69,United Kingdom,4251
16654,2010-04-06 13:29:00,2011-07-21 15:23:00,8,1711.47,83,United Kingdom,4252
16655,2010-01-31 15:40:00,2011-11-22 11:25:00,13,6423.26,590,United Kingdom,4253
16656,2009-12-04 12:59:00,2011-11-17 14:43:00,30,16833.170000000002,141,United Kingdom,4254
16657,2011-03-30 12:02:00,2011-11-30 11:48:00,4,874.43,192,United Kingdom,4255
16658,2010-03-30 16:24:00,2010-12-06 13:47:00,5,804.07,70,United Kingdom,4256
16659,2011-06-03 15:03:00,2011-06-03 15:03:00,1,39.12,2,United Kingdom,4257
16660,2010-01-14 11:09:00,2011-11-23 14:53:00,7,1879.55,24,United Kingdom,4258
16661,2009-12-17 15:39:00,2010-06-17 15:24:00,4,932.76,62,United Kingdom,4259
16662,2010-11-10 16:56:00,2010-11-10 16:56:00,1,151.05,28,United Kingdom,4260
16663,2009-12-10 13:12:00,2009-12-10 13:12:00,1,165.0,1,United Kingdom,4261
16664,2010-05-19 17:11:00,2010-05-19 17:11:00,1,109.2,8,United Kingdom,4262
16665,2010-12-12 14:03:00,2010-12-12 14:03:00,1,135.39999999999998,9,United Kingdom,4263
16666,2010-03-28 15:13:00,2011-11-20 14:01:00,2,217.71,48,United Kingdom,4264
16667,2011-02-28 12:57:00,2011-10-02 15:26:00,2,567.1800000000001,52,United Kingdom,4265
16668,2010-03-18 18:25:00,2011-11-24 17:43:00,13,862.42,53,United Kingdom,4266
16669,2011-09-22 14:13:00,2011-11-16 12:26:00,2,1344.48,154,United Kingdom,4267
16670,2009-12-10 15:28:00,2011-11-23 09:34:00,20,8030.150000000001,485,United Kingdom,4268
16671,2011-06-28 11:20:00,2011-11-11 13:40:00,3,1692.27,6,United Kingdom,4269
16672,2011-03-18 10:15:00,2011-12-07 16:29:00,20,8134.9400000000005,114,United Kingdom,4270
16673,2010-01-29 14:22:00,2010-01-29 14:22:00,1,171.13,19,United Kingdom,4271
16674,2011-09-02 13:59:00,2011-10-16 11:31:00,2,304.24,93,United Kingdom,4272
16675,2010-08-18 13:11:00,2010-09-24 12:15:00,2,608.86,23,United Kingdom,4273
16676,2010-10-17 13:07:00,2011-11-06 12:01:00,6,2361.9,133,United Kingdom,4274
16677,2010-02-25 16:11:00,2010-10-24 14:53:00,2,880.62,47,United Kingdom,4275
16678,2011-03-02 09:24:00,2011-12-07 12:17:00,12,3109.99,163,United Kingdom,4276
16679,2010-06-10 18:35:00,2010-12-08 13:51:00,3,793.06,21,United Kingdom,4277
16680,2010-06-23 09:30:00,2011-10-27 17:35:00,3,821.45,29,United Kingdom,4278
16681,2010-03-08 14:10:00,2011-09-28 11:11:00,7,1921.84,49,United Kingdom,4279
16682,2011-06-05 11:02:00,2011-12-05 12:13:00,5,1028.0,30,United Kingdom,4280
16683,2010-06-24 10:36:00,2010-06-24 10:36:00,1,320.25,18,United Kingdom,4281
16684,2009-12-07 12:56:00,2011-12-05 14:06:00,55,147142.77,718,United Kingdom,4282
16685,2011-10-09 13:44:00,2011-10-09 13:58:00,2,324.24,62,United Kingdom,4283
16686,2009-12-06 15:48:00,2011-10-23 13:49:00,16,4881.07,1028,United Kingdom,4284
16687,2010-11-14 11:46:00,2010-11-14 11:46:00,1,157.63,8,United Kingdom,4285
16688,2011-10-10 12:23:00,2011-12-08 15:24:00,4,1260.86,62,United Kingdom,4286
16689,2011-09-18 13:29:00,2011-09-25 11:39:00,2,422.59999999999997,13,United Kingdom,4287
16690,2010-09-14 15:00:00,2011-09-28 15:02:00,4,353.03,19,United Kingdom,4288
16691,2010-05-27 14:55:00,2010-10-17 15:03:00,2,178.83,11,United Kingdom,4289
16692,2010-09-24 11:31:00,2011-03-28 14:46:00,4,1764.6999999999998,4,United Kingdom,4290
16693,2010-02-21 12:42:00,2011-10-02 11:10:00,5,1179.48,168,United Kingdom,4291
16694,2009-12-16 15:45:00,2009-12-16 15:45:00,1,98.30000000000001,3,United Kingdom,4292
16695,2010-05-27 12:24:00,2010-05-27 12:36:00,2,191.9,35,United Kingdom,4293
16696,2011-04-05 15:20:00,2011-07-27 14:23:00,4,657.9000000000001,10,United Kingdom,4294
16697,2011-04-12 17:12:00,2011-04-12 17:12:00,1,112.75,21,United Kingdom,4295
16698,2011-03-31 13:33:00,2011-04-27 10:52:00,2,1998.0,5,United Kingdom,4296
16699,2009-12-04 13:31:00,2010-11-24 14:38:00,7,994.6,62,United Kingdom,4297
16700,2009-12-02 10:51:00,2011-12-01 11:00:00,25,9167.710000000001,529,United Kingdom,4298
16701,2009-12-01 19:19:00,2011-12-01 11:10:00,26,9916.73,275,United Kingdom,4299
16702,2009-12-07 16:40:00,2010-10-20 14:10:00,4,1109.53,90,United Kingdom,4300
16704,2010-02-05 14:14:00,2010-03-31 14:02:00,2,664.16,54,United Kingdom,4301
16705,2009-12-09 13:34:00,2011-12-09 12:08:00,42,43515.05,690,United Kingdom,4302
16706,2011-08-17 15:53:00,2011-11-02 13:50:00,3,531.35,123,United Kingdom,4303
16707,2010-03-09 15:16:00,2010-11-04 14:39:00,4,533.41,65,United Kingdom,4304
16708,2011-10-25 12:20:00,2011-10-25 12:20:00,1,656.63,27,United Kingdom,4305
16709,2009-12-09 13:16:00,2011-09-16 10:56:00,14,9056.01,302,United Kingdom,4306
16710,2009-12-04 13:41:00,2011-11-20 14:50:00,22,6291.77,963,United Kingdom,4307
16711,2009-12-02 13:22:00,2011-12-06 16:32:00,9,2868.48,33,United Kingdom,4308
16712,2010-11-03 15:45:00,2011-11-30 13:48:00,13,4225.22,520,United Kingdom,4309
16713,2009-12-15 12:49:00,2011-11-21 12:36:00,32,14529.99,1326,United Kingdom,4310
16714,2010-02-07 11:17:00,2011-01-26 13:46:00,3,1482.33,109,United Kingdom,4311
16715,2010-05-26 12:35:00,2011-09-22 18:15:00,2,625.52,28,United Kingdom,4312
16716,2010-03-19 11:05:00,2011-03-18 10:03:00,3,2149.6800000000003,8,United Kingdom,4313
16717,2009-12-07 15:55:00,2011-11-16 12:16:00,14,6970.93,365,United Kingdom,4314
16718,2009-12-06 13:07:00,2010-12-05 13:03:00,5,3612.13,221,United Kingdom,4315
16719,2009-12-13 10:59:00,2011-11-25 09:27:00,14,3939.35,435,United Kingdom,4316
16720,2009-12-17 17:54:00,2011-11-13 16:22:00,3,566.74,139,United Kingdom,4317
16721,2011-03-22 16:08:00,2011-03-22 16:08:00,1,292.47,37,United Kingdom,4318
16722,2009-12-03 19:23:00,2011-11-22 13:28:00,22,8989.08,419,United Kingdom,4319
16723,2009-12-04 13:23:00,2011-09-09 13:01:00,4,1231.36,124,United Kingdom,4320
16724,2010-10-31 11:40:00,2010-10-31 11:40:00,1,147.35,17,United Kingdom,4321
16725,2009-12-13 15:54:00,2011-02-10 16:52:00,13,1808.96,372,United Kingdom,4322
16726,2010-10-24 16:09:00,2011-11-13 14:53:00,7,2063.88,262,United Kingdom,4323
16727,2010-01-20 10:48:00,2010-12-10 13:48:00,4,1377.77,205,United Kingdom,4324
16728,2011-03-20 13:28:00,2011-10-24 14:36:00,4,1048.28,263,United Kingdom,4325
16729,2011-04-12 14:22:00,2011-11-01 14:29:00,21,7202.01,655,United Kingdom,4326
16730,2011-01-24 14:01:00,2011-10-18 14:11:00,3,743.11,82,United Kingdom,4327
16731,2010-03-01 15:05:00,2010-03-01 15:05:00,1,170.3,42,United Kingdom,4328
16732,2009-12-08 13:04:00,2011-11-08 09:54:00,4,4387.64,221,United Kingdom,4329
16733,2010-06-28 10:12:00,2010-06-28 10:12:00,1,259.68,12,United Kingdom,4330
16734,2011-08-17 15:00:00,2011-10-18 13:44:00,3,646.76,52,United Kingdom,4331
16735,2009-12-08 09:24:00,2011-09-22 11:49:00,14,6217.41,294,United Kingdom,4332
16736,2009-12-03 16:12:00,2010-07-22 10:09:00,5,2956.56,143,United Kingdom,4333
16737,2010-05-11 09:53:00,2011-10-17 13:03:00,2,835.1999999999999,2,United Kingdom,4334
16738,2011-02-15 09:46:00,2011-02-15 09:46:00,1,3.75,1,United Kingdom,4335
16739,2010-06-21 09:38:00,2011-06-16 09:17:00,2,786.43,38,United Kingdom,4336
16740,2010-11-09 13:34:00,2010-11-09 13:34:00,1,226.91,32,United Kingdom,4337
16741,2010-03-24 15:15:00,2010-03-24 15:15:00,1,173.06,11,United Kingdom,4338
16742,2009-12-16 17:22:00,2010-08-04 10:52:00,13,2334.97,103,United Kingdom,4339
16743,2010-04-22 13:21:00,2011-11-10 13:13:00,14,4212.15,371,United Kingdom,4340
16744,2011-06-19 15:13:00,2011-11-28 13:06:00,7,1291.91,236,United Kingdom,4341
16745,2011-02-01 11:31:00,2011-09-14 11:58:00,17,7180.7,355,United Kingdom,4342
16746,2009-12-04 13:00:00,2011-12-05 12:33:00,42,18045.05,982,United Kingdom,4343
16747,2011-10-03 10:18:00,2011-11-02 11:37:00,2,836.06,42,United Kingdom,4344
16748,2009-12-10 12:28:00,2011-11-22 10:17:00,14,3637.33,165,United Kingdom,4345
16749,2009-12-15 14:05:00,2010-04-27 13:06:00,2,4157.88,72,United Kingdom,4346
16750,2011-04-21 16:53:00,2011-10-26 12:48:00,5,623.93,95,United Kingdom,4347
16751,2011-11-09 10:48:00,2011-11-09 10:48:00,1,1764.72,25,United Kingdom,4348
16752,2010-12-02 12:18:00,2010-12-02 12:18:00,1,415.0,18,United Kingdom,4349
16753,2011-10-12 13:14:00,2011-10-12 13:14:00,1,223.92000000000002,34,United Kingdom,4350
16754,2010-03-08 11:32:00,2010-12-02 17:38:00,29,67502.47,142,United Kingdom,4351
16755,2009-12-09 14:25:00,2011-08-17 13:21:00,7,2864.68,319,United Kingdom,4352
16756,2010-03-09 15:56:00,2011-05-09 09:33:00,7,1312.3700000000001,79,United Kingdom,4353
16757,2010-10-26 15:09:00,2011-01-25 11:59:00,2,270.48,15,United Kingdom,4354
16758,2011-10-05 14:47:00,2011-10-05 14:47:00,1,369.34000000000003,22,United Kingdom,4355
16759,2011-11-09 09:06:00,2011-12-02 12:42:00,3,789.79,42,United Kingdom,4356
16760,2010-10-05 15:55:00,2010-10-05 15:55:00,1,228.0,17,United Kingdom,4357
16761,2011-09-04 11:15:00,2011-09-04 11:15:00,1,316.62,13,United Kingdom,4358
16762,2011-07-18 12:52:00,2011-11-20 11:43:00,3,1207.24,63,United Kingdom,4359
16763,2009-12-01 15:26:00,2011-05-25 11:52:00,2,964.6999999999999,44,United Kingdom,4360
16764,2011-07-19 17:17:00,2011-12-06 11:41:00,13,2790.9500000000003,700,United Kingdom,4361
16765,2010-11-22 13:42:00,2011-02-18 15:41:00,2,454.75,52,United Kingdom,4362
16766,2011-03-11 13:34:00,2011-03-11 15:22:00,2,1145.6,34,United Kingdom,4363
16767,2010-04-28 16:49:00,2011-11-09 09:42:00,15,8052.41,320,United Kingdom,4364
16768,2009-12-07 11:47:00,2011-10-23 10:38:00,9,1698.57,161,United Kingdom,4365
16769,2009-12-14 11:10:00,2011-03-24 13:41:00,4,1117.05,97,United Kingdom,4366
16770,2010-08-22 16:08:00,2011-10-13 12:21:00,9,1909.73,345,United Kingdom,4367
16771,2009-12-09 11:52:00,2011-11-06 13:28:00,10,3921.1,405,United Kingdom,4368
16772,2009-12-18 10:50:00,2010-10-12 13:19:00,3,3698.0499999999997,68,United Kingdom,4369
16773,2009-12-06 15:01:00,2011-10-13 14:37:00,3,421.24,65,United Kingdom,4370
16774,2010-02-16 16:53:00,2011-10-03 12:41:00,8,1567.48,131,United Kingdom,4371
16775,2010-09-23 17:34:00,2011-11-29 15:22:00,16,3052.7400000000002,277,United Kingdom,4372
16776,2010-10-20 12:13:00,2011-10-10 13:04:00,2,592.51,126,United Kingdom,4373
16777,2010-03-17 12:42:00,2011-09-20 13:41:00,5,1292.18,142,United Kingdom,4374
16778,2011-03-10 15:21:00,2011-09-26 13:48:00,2,245.94,16,United Kingdom,4375
16779,2009-12-03 13:03:00,2011-12-07 14:54:00,53,33165.94,1049,United Kingdom,4376
16780,2010-10-28 19:41:00,2011-08-31 16:09:00,3,596.4,96,United Kingdom,4377
16781,2010-02-08 13:56:00,2010-12-02 14:26:00,2,934.25,56,United Kingdom,4378
16782,2009-12-09 11:58:00,2011-11-29 13:20:00,38,10000.32,1729,United Kingdom,4379
16783,2010-09-29 11:53:00,2010-09-29 11:53:00,1,391.95,25,United Kingdom,4380
16784,2010-03-28 12:55:00,2011-11-20 12:20:00,5,892.33,158,United Kingdom,4381
16785,2010-10-26 10:36:00,2010-10-26 10:36:00,1,533.78,35,United Kingdom,4382
16786,2010-11-11 08:25:00,2010-11-11 08:25:00,1,51.839999999999996,1,United Kingdom,4383
16787,2010-01-10 11:12:00,2010-11-07 11:01:00,4,1017.53,112,United Kingdom,4384
16788,2010-02-07 12:40:00,2011-08-08 14:53:00,5,1927.28,477,United Kingdom,4385
16789,2011-12-01 15:12:00,2011-12-01 15:12:00,1,80.8,5,United Kingdom,4386
16790,2011-11-02 11:23:00,2011-12-06 11:53:00,6,1545.6200000000001,93,United Kingdom,4387
16791,2009-12-03 18:08:00,2011-11-10 19:12:00,15,3944.88,680,United Kingdom,4388
16792,2010-01-04 13:47:00,2011-03-02 14:41:00,5,623.46,102,United Kingdom,4389
16793,2011-10-13 15:08:00,2011-10-13 15:08:00,1,243.84,16,United Kingdom,4390
16794,2010-03-25 15:17:00,2011-12-08 17:54:00,15,2050.68,501,United Kingdom,4391
16795,2010-01-25 13:14:00,2010-12-09 14:08:00,3,2477.29,402,United Kingdom,4392
16796,2011-09-11 14:01:00,2011-09-11 14:01:00,1,305.62,18,United Kingdom,4393
16797,2009-12-02 13:33:00,2010-11-11 19:14:00,5,1802.02,398,United Kingdom,4394
16798,2009-12-10 19:35:00,2010-06-03 19:01:00,3,841.16,169,United Kingdom,4395
16799,2010-09-12 12:46:00,2010-10-03 14:28:00,2,452.78000000000003,92,United Kingdom,4396
16800,2011-11-28 14:06:00,2011-11-28 14:06:00,1,1162.65,156,United Kingdom,4397
16801,2011-03-11 13:56:00,2011-06-29 15:33:00,4,1594.23,75,United Kingdom,4398
16802,2009-12-09 13:00:00,2010-01-29 13:44:00,2,582.61,53,United Kingdom,4399
16803,2011-10-05 14:28:00,2011-10-05 14:28:00,1,332.3,24,United Kingdom,4400
16804,2011-03-14 15:48:00,2011-11-16 16:43:00,3,536.99,60,United Kingdom,4401
16805,2009-12-14 15:17:00,2011-06-19 11:23:00,4,1076.34,248,United Kingdom,4402
16806,2011-04-14 19:59:00,2011-08-28 15:27:00,4,736.21,92,United Kingdom,4403
16807,2010-03-26 14:38:00,2011-07-20 12:00:00,6,2123.88,142,United Kingdom,4404
16808,2011-03-10 19:05:00,2011-09-01 19:34:00,2,288.42,23,United Kingdom,4405
16809,2010-04-13 15:34:00,2011-11-16 15:45:00,9,1727.43,259,United Kingdom,4406
16810,2010-10-15 15:32:00,2011-05-31 15:32:00,2,842.0400000000001,34,United Kingdom,4407
16811,2011-11-22 17:19:00,2011-12-05 11:39:00,2,547.07,28,United Kingdom,4408
16812,2010-11-22 14:36:00,2010-12-14 12:35:00,4,2392.0,115,United Kingdom,4409
16813,2011-05-19 13:28:00,2011-12-01 14:03:00,10,1652.18,426,United Kingdom,4410
16814,2010-04-11 12:45:00,2011-11-25 13:27:00,36,12188.24,781,United Kingdom,4411
16815,2010-06-21 12:05:00,2010-09-12 10:59:00,2,406.02,73,United Kingdom,4412
16816,2010-12-16 17:01:00,2011-08-28 14:16:00,4,417.06,28,United Kingdom,4413
16817,2010-10-04 09:06:00,2011-12-07 11:03:00,13,2804.9,151,United Kingdom,4414
16818,2011-05-18 11:42:00,2011-11-29 10:41:00,11,3349.57,188,United Kingdom,4415
16819,2010-08-31 17:31:00,2010-08-31 17:37:00,2,182.59,17,United Kingdom,4416
16820,2011-09-05 12:06:00,2011-09-05 12:06:00,1,497.61,26,United Kingdom,4417
16821,2010-11-23 10:04:00,2010-11-23 10:04:00,1,113.35,7,United Kingdom,4418
16822,2010-01-22 14:22:00,2010-01-22 14:22:00,1,181.39,11,United Kingdom,4419
16823,2009-12-02 09:57:00,2011-04-26 15:00:00,7,2243.09,173,United Kingdom,4420
16824,2010-11-11 12:21:00,2011-11-24 12:38:00,3,686.24,39,United Kingdom,4421
16825,2010-06-23 13:14:00,2011-11-01 11:51:00,5,1826.89,64,United Kingdom,4422
16826,2011-10-19 14:05:00,2011-10-19 14:05:00,1,341.7,22,United Kingdom,4423
16827,2010-04-29 19:07:00,2010-11-11 14:04:00,5,387.18,11,United Kingdom,4424
16828,2011-08-19 13:24:00,2011-08-19 13:24:00,1,113.5,7,United Kingdom,4425
16829,2010-11-16 18:11:00,2011-07-06 10:48:00,2,513.32,27,United Kingdom,4426
16830,2009-12-13 12:11:00,2011-11-01 11:35:00,4,1207.5,75,United Kingdom,4427
16831,2010-05-24 09:08:00,2010-05-24 09:08:00,1,91.8,6,United Kingdom,4428
16832,2010-09-07 12:35:00,2011-06-08 15:36:00,5,417.61,21,United Kingdom,4429
16833,2010-03-26 15:31:00,2011-12-08 14:39:00,6,2409.04,92,United Kingdom,4430
16834,2010-02-03 14:24:00,2011-04-26 09:37:00,2,898.96,48,United Kingdom,4431
16835,2010-05-19 08:41:00,2011-08-03 13:50:00,6,1538.41,87,United Kingdom,4432
16836,2010-05-14 12:52:00,2011-10-31 10:05:00,4,782.37,42,United Kingdom,4433
16837,2011-04-08 08:48:00,2011-11-08 14:27:00,11,3170.98,165,United Kingdom,4434
16838,2010-02-14 15:27:00,2011-05-26 13:13:00,4,1159.61,59,United Kingdom,4435
16839,2010-02-11 15:02:00,2011-12-01 09:03:00,44,22310.49,355,United Kingdom,4436
16840,2010-02-03 12:42:00,2010-04-15 15:48:00,2,139.85,9,United Kingdom,4437
16841,2010-01-12 11:32:00,2011-11-03 11:51:00,12,4006.06,219,United Kingdom,4438
16842,2011-02-10 14:51:00,2011-08-31 10:42:00,3,1264.19,63,United Kingdom,4439
16843,2009-12-10 11:40:00,2011-10-28 09:06:00,35,19571.43,596,United Kingdom,4440
16844,2010-05-06 09:16:00,2010-05-26 10:29:00,2,614.34,32,United Kingdom,4441
16845,2010-03-31 13:09:00,2010-03-31 13:09:00,1,253.88,20,United Kingdom,4442
16846,2010-03-10 12:03:00,2011-10-20 13:55:00,3,842.41,47,United Kingdom,4443
16847,2010-03-31 13:32:00,2011-10-27 13:29:00,2,614.89,37,United Kingdom,4444
16848,2010-10-03 11:01:00,2011-10-18 08:42:00,4,1411.62,85,United Kingdom,4445
16849,2011-06-06 09:16:00,2011-06-06 09:16:00,1,124.57,8,United Kingdom,4446
16850,2011-01-10 11:09:00,2011-01-10 11:09:00,1,332.41,19,United Kingdom,4447
16851,2011-10-19 09:48:00,2011-12-05 13:32:00,3,342.45,20,United Kingdom,4448
16852,2011-06-16 15:49:00,2011-11-29 13:22:00,2,144.91000000000003,9,United Kingdom,4449
16854,2010-03-09 14:32:00,2010-10-18 16:31:00,2,1408.96,75,United Kingdom,4450
16855,2011-10-27 16:31:00,2011-11-16 12:03:00,2,328.4,19,United Kingdom,4451
16856,2010-09-23 13:11:00,2011-11-25 08:59:00,3,358.49,19,United Kingdom,4452
16857,2010-09-23 10:49:00,2010-09-23 10:49:00,1,352.8,11,United Kingdom,4453
16858,2009-12-15 11:09:00,2010-12-06 09:52:00,10,4668.28,136,United Kingdom,4454
16859,2010-03-04 12:37:00,2011-07-18 12:19:00,7,1932.41,110,United Kingdom,4455
16860,2010-02-15 13:46:00,2010-09-13 10:05:00,3,1610.62,43,United Kingdom,4456
16861,2010-07-19 11:44:00,2011-10-11 09:05:00,5,946.59,49,United Kingdom,4457
16862,2010-01-07 12:57:00,2010-06-10 13:05:00,4,662.33,35,United Kingdom,4458
16863,2010-10-26 10:03:00,2011-11-08 15:26:00,3,998.52,56,United Kingdom,4459
16864,2010-04-20 11:56:00,2010-10-01 16:16:00,2,409.25,17,United Kingdom,4460
16865,2010-11-03 11:34:00,2010-11-03 11:34:00,1,130.95,16,United Kingdom,4461
16866,2011-07-01 12:34:00,2011-07-22 10:06:00,3,207.73999999999998,11,United Kingdom,4462
16867,2010-01-19 09:11:00,2010-01-19 09:11:00,1,76.74000000000001,6,United Kingdom,4463
16868,2010-04-25 11:31:00,2010-11-10 13:17:00,3,384.56,50,United Kingdom,4464
16869,2011-06-17 13:01:00,2011-11-17 12:02:00,4,817.12,127,United Kingdom,4465
16870,2010-08-27 13:53:00,2010-08-27 13:53:00,1,450.15999999999997,28,United Kingdom,4466
16871,2011-03-14 10:31:00,2011-11-17 19:27:00,6,2812.34,137,United Kingdom,4467
16872,2010-09-02 17:36:00,2011-09-23 16:05:00,6,1213.13,18,United Kingdom,4468
16873,2010-02-09 14:17:00,2011-12-05 12:05:00,12,14617.39,512,United Kingdom,4469
16874,2010-11-25 13:08:00,2010-11-25 13:08:00,1,209.89000000000001,31,United Kingdom,4470
16875,2010-01-05 09:16:00,2011-10-03 13:39:00,11,4234.53,230,United Kingdom,4471
16876,2010-11-01 11:59:00,2010-11-01 11:59:00,1,136.01,32,United Kingdom,4472
16877,2011-05-15 16:13:00,2011-11-27 13:47:00,6,846.62,156,United Kingdom,4473
16878,2011-09-16 17:39:00,2011-09-16 17:39:00,1,13.3,3,United Kingdom,4474
16880,2010-08-03 13:54:00,2011-11-09 11:33:00,8,1813.21,183,United Kingdom,4475
16881,2011-10-04 10:33:00,2011-10-04 10:33:00,1,432.0,1,United Kingdom,4476
16882,2011-01-26 17:43:00,2011-10-04 10:42:00,3,705.12,39,United Kingdom,4477
16883,2009-12-04 12:07:00,2011-06-05 12:51:00,19,2374.09,284,United Kingdom,4478
16884,2010-05-18 12:00:00,2011-11-02 11:52:00,4,1070.97,74,United Kingdom,4479
16885,2010-11-19 12:51:00,2011-11-24 13:40:00,4,683.35,135,United Kingdom,4480
16886,2010-09-09 15:08:00,2010-09-09 15:08:00,1,134.0,8,United Kingdom,4481
16887,2009-12-01 13:41:00,2011-11-04 14:07:00,3,658.17,101,United Kingdom,4482
16888,2010-01-07 13:07:00,2010-11-04 12:39:00,3,434.2,52,United Kingdom,4483
16889,2010-05-23 10:46:00,2011-05-29 11:05:00,6,2526.65,217,United Kingdom,4484
16890,2010-05-06 16:27:00,2010-08-20 11:23:00,3,277.91,18,United Kingdom,4485
16891,2009-12-04 12:37:00,2011-12-08 11:15:00,11,1945.2,481,United Kingdom,4486
16892,2009-12-08 14:20:00,2011-12-08 13:18:00,7,754.75,137,United Kingdom,4487
16893,2010-11-28 15:14:00,2010-12-08 12:06:00,2,395.40000000000003,131,United Kingdom,4488
16894,2010-06-22 14:21:00,2010-07-25 15:43:00,3,1306.96,187,United Kingdom,4489
16895,2010-02-12 11:07:00,2011-10-06 12:15:00,5,1102.9,163,United Kingdom,4490
16896,2010-06-02 15:40:00,2010-06-02 15:40:00,1,103.95,18,United Kingdom,4491
16897,2011-01-30 11:52:00,2011-02-13 15:02:00,2,289.78,37,United Kingdom,4492
16898,2010-05-12 12:18:00,2011-11-13 15:44:00,5,997.29,280,United Kingdom,4493
16899,2010-11-07 15:00:00,2011-12-02 12:03:00,8,1695.77,173,United Kingdom,4494
16900,2011-10-07 13:17:00,2011-11-23 10:32:00,3,882.16,78,United Kingdom,4495
16901,2009-12-10 16:30:00,2009-12-10 16:30:00,1,204.26,23,United Kingdom,4496
16902,2011-08-15 14:17:00,2011-08-15 14:17:00,1,1706.88,44,United Kingdom,4497
16903,2010-10-20 14:42:00,2011-11-10 15:32:00,3,1041.75,182,United Kingdom,4498
16904,2010-10-24 16:03:00,2011-12-05 13:10:00,20,4995.26,926,United Kingdom,4499
16905,2009-12-10 20:04:00,2011-12-04 14:01:00,17,4958.67,329,United Kingdom,4500
16906,2010-05-13 13:23:00,2011-09-19 11:49:00,7,1410.07,212,United Kingdom,4501
16907,2010-07-01 17:30:00,2011-11-10 18:04:00,9,1650.81,242,United Kingdom,4502
16908,2009-12-17 13:35:00,2009-12-17 13:35:00,1,252.59,20,United Kingdom,4503
16909,2011-09-28 16:45:00,2011-09-28 16:45:00,1,379.14,18,United Kingdom,4504
16910,2011-09-09 14:14:00,2011-12-05 12:51:00,8,1508.96,545,United Kingdom,4505
16911,2010-02-16 16:12:00,2010-03-14 12:18:00,2,255.25,35,United Kingdom,4506
16912,2009-12-09 12:32:00,2011-11-11 12:18:00,15,4460.51,172,United Kingdom,4507
16913,2010-02-26 12:06:00,2011-02-22 12:56:00,3,423.90999999999997,18,United Kingdom,4508
16914,2011-11-03 15:27:00,2011-11-03 15:27:00,1,183.76,30,United Kingdom,4509
16915,2010-05-19 13:32:00,2011-11-30 16:39:00,11,1543.18,74,United Kingdom,4510
16916,2010-10-20 12:56:00,2011-11-16 12:08:00,4,1092.55,253,United Kingdom,4511
16917,2010-03-17 15:24:00,2011-03-08 11:55:00,2,1851.88,50,United Kingdom,4512
16918,2009-12-03 12:27:00,2011-10-21 12:50:00,16,3206.54,454,United Kingdom,4513
16919,2010-08-19 15:28:00,2011-07-06 13:35:00,24,5108.01,636,United Kingdom,4514
16920,2010-10-24 14:07:00,2010-10-24 14:07:00,1,355.45,23,United Kingdom,4515
16921,2010-04-18 15:34:00,2011-10-09 16:22:00,3,409.21,88,United Kingdom,4516
16922,2010-05-16 11:24:00,2010-05-16 11:24:00,1,611.08,122,United Kingdom,4517
16923,2010-01-31 11:14:00,2011-11-27 13:00:00,32,13157.130000000001,1083,United Kingdom,4518
16924,2011-09-16 12:54:00,2011-11-18 12:53:00,3,829.89,81,United Kingdom,4519
16925,2010-06-17 15:03:00,2010-06-17 15:03:00,1,125.65,18,United Kingdom,4520
16926,2010-07-01 12:57:00,2010-12-03 13:42:00,5,1399.8600000000001,110,United Kingdom,4521
16927,2010-12-13 11:57:00,2011-08-16 11:10:00,3,543.05,6,United Kingdom,4522
16928,2010-02-03 12:30:00,2011-09-20 15:10:00,26,3914.33,320,United Kingdom,4523
16929,2011-07-07 12:39:00,2011-12-06 08:37:00,7,1295.39,77,United Kingdom,4524
16930,2011-10-02 14:25:00,2011-11-13 16:13:00,3,378.89,53,United Kingdom,4525
16931,2010-11-07 13:24:00,2011-12-04 13:15:00,23,5184.27,989,United Kingdom,4526
16932,2010-05-17 14:15:00,2011-10-17 14:12:00,3,412.55,133,United Kingdom,4527
16933,2009-12-09 15:03:00,2011-12-08 12:54:00,9,3099.3,282,United Kingdom,4528
16934,2010-03-28 12:43:00,2011-10-16 12:40:00,6,2083.14,141,United Kingdom,4529
16935,2010-10-14 13:09:00,2010-11-23 09:16:00,3,530.86,69,United Kingdom,4530
16936,2010-11-19 11:54:00,2011-11-14 11:04:00,2,548.29,139,United Kingdom,4531
16937,2010-07-28 17:56:00,2010-07-28 17:56:00,1,196.25,49,United Kingdom,4532
16938,2010-02-17 14:47:00,2011-12-01 10:20:00,9,6995.360000000001,824,United Kingdom,4533
16939,2010-02-28 13:33:00,2010-08-08 12:24:00,3,433.85,41,United Kingdom,4534
16940,2009-12-08 13:08:00,2011-10-18 13:15:00,8,6427.66,629,United Kingdom,4535
16941,2010-04-07 11:13:00,2010-04-07 11:13:00,1,33.0,2,United Kingdom,4536
16942,2011-04-26 11:59:00,2011-11-27 12:40:00,9,1904.99,277,United Kingdom,4537
16943,2011-01-25 14:00:00,2011-05-12 11:57:00,3,816.73,33,United Kingdom,4538
16944,2010-04-09 11:03:00,2010-04-09 11:03:00,1,101.36,7,United Kingdom,4539
16945,2009-12-09 11:33:00,2011-11-18 11:39:00,33,8548.16,474,United Kingdom,4540
16946,2010-03-02 10:49:00,2010-11-21 14:06:00,5,1222.04,75,United Kingdom,4541
16947,2010-03-03 10:54:00,2011-04-18 09:38:00,4,946.71,52,United Kingdom,4542
16948,2010-02-21 13:48:00,2011-07-24 12:46:00,7,868.77,43,United Kingdom,4543
16949,2011-01-27 12:11:00,2011-12-06 11:07:00,6,1286.27,60,United Kingdom,4544
16950,2010-01-24 11:26:00,2011-10-14 09:06:00,10,3705.77,146,United Kingdom,4545
16951,2011-02-08 14:58:00,2011-07-28 12:05:00,3,1277.75,86,United Kingdom,4546
16952,2009-12-11 13:52:00,2011-08-22 13:03:00,5,795.83,87,United Kingdom,4547
16953,2011-11-09 15:54:00,2011-11-09 15:54:00,1,20.8,1,United Kingdom,4548
16954,2010-01-18 14:49:00,2011-12-09 09:46:00,20,6081.88,206,United Kingdom,4549
16955,2010-01-31 11:38:00,2011-06-08 10:36:00,6,1309.41,57,United Kingdom,4550
16956,2011-11-22 08:56:00,2011-11-22 08:56:00,1,308.74,16,United Kingdom,4551
16957,2011-03-03 09:25:00,2011-04-14 13:56:00,2,416.64,16,United Kingdom,4552
16958,2010-09-30 14:25:00,2010-09-30 14:25:00,1,778.49,70,United Kingdom,4553
16959,2011-09-13 15:03:00,2011-09-13 15:03:00,1,117.35000000000001,7,United Kingdom,4554
16960,2010-03-02 13:36:00,2011-11-01 11:35:00,8,1988.93,448,United Kingdom,4555
16961,2010-06-25 14:36:00,2011-08-15 13:46:00,3,794.56,52,United Kingdom,4556
16962,2010-10-26 11:36:00,2010-10-26 11:36:00,1,251.04,15,United Kingdom,4557
16963,2011-06-05 13:48:00,2011-06-05 13:48:00,1,110.55000000000001,7,United Kingdom,4558
16964,2009-12-06 12:51:00,2009-12-06 12:53:00,2,207.85,6,United Kingdom,4559
16965,2011-04-27 12:08:00,2011-04-27 12:08:00,1,192.07,25,United Kingdom,4560
16966,2011-04-13 14:17:00,2011-12-01 13:40:00,7,2154.97,28,United Kingdom,4561
16967,2011-06-03 14:24:00,2011-06-03 14:24:00,1,319.02,21,United Kingdom,4562
16968,2011-08-24 10:51:00,2011-12-05 15:02:00,2,439.43,31,United Kingdom,4563
16969,2011-06-01 12:10:00,2011-10-31 13:12:00,3,650.41,42,United Kingdom,4564
16970,2010-03-23 13:50:00,2010-03-23 13:50:00,1,71.4,2,United Kingdom,4565
16971,2011-11-01 15:06:00,2011-11-01 15:06:00,1,357.21,41,United Kingdom,4566
16972,2010-09-09 11:20:00,2010-11-22 10:59:00,2,749.0,82,United Kingdom,4567
16973,2010-11-18 13:56:00,2010-11-18 13:56:00,1,127.0,6,United Kingdom,4568
16974,2010-05-24 10:43:00,2010-07-05 10:18:00,2,365.5,8,United Kingdom,4569
16975,2010-07-22 11:38:00,2010-10-12 17:53:00,3,926.12,45,United Kingdom,4570
16976,2011-03-17 16:33:00,2011-03-17 16:33:00,1,251.51999999999998,2,United Kingdom,4571
16977,2010-03-18 11:06:00,2010-11-09 13:17:00,4,496.0,28,United Kingdom,4572
16978,2010-02-11 16:27:00,2011-09-23 12:50:00,3,768.88,67,United Kingdom,4573
16979,2010-09-15 14:30:00,2011-12-06 12:21:00,9,2859.74,129,United Kingdom,4574
16980,2010-10-07 14:05:00,2011-03-29 16:36:00,3,1422.8300000000002,106,United Kingdom,4575
16982,2011-10-10 12:28:00,2011-10-10 12:28:00,1,384.06,22,United Kingdom,4576
16983,2010-09-19 12:38:00,2011-11-27 12:10:00,11,3654.02,240,United Kingdom,4577
16984,2010-03-07 15:34:00,2011-09-12 13:43:00,9,10350.53,1072,United Kingdom,4578
16985,2009-12-10 13:34:00,2011-11-22 13:33:00,23,10923.16,243,United Kingdom,4579
16986,2010-02-04 14:46:00,2011-11-10 11:55:00,11,4888.75,174,United Kingdom,4580
16987,2009-12-02 14:34:00,2011-12-06 17:26:00,11,2499.45,260,United Kingdom,4581
16988,2010-11-25 09:22:00,2011-12-04 16:02:00,2,382.67,20,United Kingdom,4582
16989,2011-07-12 09:11:00,2011-12-02 16:39:00,6,1133.25,12,United Kingdom,4583
16990,2010-10-13 11:42:00,2011-05-05 08:30:00,2,344.0,2,United Kingdom,4584
16991,2010-10-14 14:08:00,2010-10-14 14:08:00,1,1041.21,74,United Kingdom,4585
16992,2010-02-11 12:36:00,2011-11-29 11:50:00,13,5476.5,285,United Kingdom,4586
16993,2010-05-12 13:55:00,2010-09-02 12:16:00,2,1950.9499999999998,28,United Kingdom,4587
16996,2010-10-18 12:24:00,2011-11-09 16:43:00,9,2123.61,75,United Kingdom,4588
16997,2011-01-18 11:51:00,2011-02-24 17:28:00,3,702.0,12,United Kingdom,4589
16998,2010-09-21 14:39:00,2011-07-13 09:44:00,5,402.0,6,United Kingdom,4590
16999,2011-09-26 15:43:00,2011-11-16 13:53:00,2,484.82,23,United Kingdom,4591
17000,2010-10-27 14:16:00,2010-11-08 13:35:00,2,406.3,30,United Kingdom,4592
17001,2010-03-25 12:41:00,2011-12-09 09:38:00,19,6640.8,275,United Kingdom,4593
17002,2010-03-08 15:46:00,2011-09-15 12:40:00,7,2571.55,84,United Kingdom,4594
17003,2010-05-10 11:20:00,2010-11-02 13:15:00,4,828.21,111,United Kingdom,4595
17004,2010-10-11 15:43:00,2011-10-24 14:25:00,4,2324.36,69,United Kingdom,4596
17005,2010-04-30 10:55:00,2010-08-26 10:57:00,2,622.36,18,United Kingdom,4597
17006,2010-03-05 13:33:00,2011-12-05 12:09:00,8,1635.27,129,United Kingdom,4598
17007,2010-09-28 13:51:00,2011-10-20 10:47:00,7,1120.1,67,United Kingdom,4599
17008,2010-10-06 15:19:00,2010-10-06 15:19:00,1,81.36,1,United Kingdom,4600
17009,2010-06-06 16:01:00,2010-06-06 16:01:00,1,242.06,11,United Kingdom,4601
17010,2011-11-21 14:49:00,2011-11-21 14:49:00,1,195.36,11,United Kingdom,4602
17011,2010-02-26 09:47:00,2011-11-09 13:30:00,3,671.7,28,United Kingdom,4603
17012,2009-12-14 17:34:00,2009-12-14 17:34:00,1,360.61,36,United Kingdom,4604
17014,2011-10-04 11:36:00,2011-12-01 14:09:00,3,583.4300000000001,72,United Kingdom,4605
17015,2011-06-07 13:19:00,2011-11-11 10:45:00,3,1838.6100000000001,214,United Kingdom,4606
17016,2010-05-12 12:32:00,2010-05-12 12:32:00,1,552.4,41,United Kingdom,4607
17017,2009-12-03 13:22:00,2011-12-07 09:32:00,29,14110.61,424,United Kingdom,4608
17018,2009-12-05 10:27:00,2011-10-30 11:42:00,6,2287.7,37,United Kingdom,4609
17019,2009-12-02 11:52:00,2011-11-28 13:06:00,11,3945.81,690,United Kingdom,4610
17020,2010-03-03 12:27:00,2010-06-15 13:06:00,2,935.62,69,United Kingdom,4611
17021,2010-04-29 20:05:00,2010-09-23 20:01:00,6,1182.22,48,United Kingdom,4612
17022,2010-10-03 10:27:00,2011-11-08 17:09:00,2,260.0,16,United Kingdom,4613
17023,2010-01-11 15:09:00,2010-10-18 15:37:00,3,800.18,49,United Kingdom,4614
17024,2011-07-05 09:31:00,2011-10-25 13:47:00,3,95.85,3,United Kingdom,4615
17025,2010-03-08 13:37:00,2011-10-10 09:06:00,5,1510.6399999999999,42,United Kingdom,4616
17026,2010-10-18 15:22:00,2011-06-07 14:28:00,3,208.98,8,United Kingdom,4617
17027,2009-12-10 12:10:00,2011-09-22 12:24:00,9,1310.63,178,United Kingdom,4618
17028,2009-12-18 14:28:00,2010-05-07 15:33:00,3,1593.83,95,United Kingdom,4619
17029,2010-02-14 10:19:00,2011-08-21 11:06:00,7,2137.3,29,United Kingdom,4620
17030,2011-10-07 08:49:00,2011-10-07 08:49:00,1,146.87,11,United Kingdom,4621
17031,2010-05-07 14:52:00,2011-11-28 10:23:00,6,2773.85,50,United Kingdom,4622
17032,2009-12-10 15:36:00,2010-04-15 14:14:00,5,2896.69,234,United Kingdom,4623
17033,2010-11-07 12:55:00,2011-09-14 14:34:00,4,1332.79,40,United Kingdom,4624
17034,2010-07-14 12:55:00,2011-11-23 15:14:00,5,1276.42,58,United Kingdom,4625
17035,2009-12-03 10:37:00,2011-04-08 11:23:00,4,613.59,33,United Kingdom,4626
17036,2010-11-21 14:26:00,2010-11-21 14:26:00,1,176.9,12,United Kingdom,4627
17037,2011-09-13 12:49:00,2011-09-13 12:49:00,1,1267.32,75,United Kingdom,4628
17038,2010-10-20 16:04:00,2011-11-09 13:50:00,2,743.17,63,United Kingdom,4629
17039,2010-04-14 12:56:00,2010-04-14 12:56:00,1,1954.99,44,United Kingdom,4630
17040,2010-06-07 15:08:00,2011-07-25 10:19:00,2,463.25,16,United Kingdom,4631
17041,2010-04-18 14:25:00,2011-11-13 11:21:00,6,1655.2,126,United Kingdom,4632
17042,2011-04-06 14:53:00,2011-12-07 12:26:00,5,1036.58,97,United Kingdom,4633
17043,2009-12-09 15:20:00,2011-11-07 15:33:00,8,2593.65,199,United Kingdom,4634
17044,2009-12-07 12:25:00,2011-11-14 14:28:00,12,11962.3,149,United Kingdom,4635
17045,2010-10-06 14:52:00,2011-08-18 17:09:00,5,827.6800000000001,53,United Kingdom,4636
17046,2010-03-29 13:46:00,2011-07-05 14:24:00,5,1906.07,85,United Kingdom,4637
17047,2009-12-08 08:48:00,2011-09-15 13:27:00,6,2289.23,142,United Kingdom,4638
17048,2010-01-18 13:55:00,2011-08-14 11:49:00,7,2071.68,101,United Kingdom,4639
17049,2010-03-04 10:23:00,2011-12-07 10:48:00,19,9942.53,558,United Kingdom,4640
17050,2010-01-26 14:54:00,2011-09-04 13:48:00,11,4648.59,349,United Kingdom,4641
17051,2010-03-21 14:55:00,2011-05-29 14:13:00,4,706.49,155,United Kingdom,4642
17052,2011-11-11 14:50:00,2011-11-11 14:50:00,1,399.09,83,United Kingdom,4643
17053,2011-08-01 10:23:00,2011-08-01 10:23:00,1,498.48,13,United Kingdom,4644
17054,2011-04-08 13:14:00,2011-11-11 12:56:00,5,1356.33,83,United Kingdom,4645
17055,2010-09-20 12:21:00,2010-09-20 12:21:00,1,232.85,26,United Kingdom,4646
17056,2009-12-01 12:55:00,2009-12-01 12:55:00,1,128.60000000000002,8,United Kingdom,4647
17057,2010-04-22 19:21:00,2010-04-22 19:21:00,1,288.79,49,United Kingdom,4648
17058,2011-04-14 09:18:00,2011-09-19 10:13:00,3,1179.89,62,United Kingdom,4649
17059,2010-01-26 14:43:00,2011-11-10 12:27:00,9,5586.93,838,United Kingdom,4650
17060,2011-03-18 13:27:00,2011-03-18 13:27:00,1,234.24,5,United Kingdom,4651
17061,2011-04-21 13:29:00,2011-09-27 11:24:00,11,5232.2300000000005,99,United Kingdom,4652
17062,2010-09-26 11:57:00,2011-01-30 11:01:00,6,1169.06,157,United Kingdom,4653
17063,2009-12-01 12:36:00,2011-11-18 16:19:00,13,3638.53,205,United Kingdom,4654
17064,2011-01-16 16:10:00,2011-10-12 10:18:00,3,855.45,61,United Kingdom,4655
17065,2010-03-12 11:40:00,2010-03-12 11:41:00,2,194.7,12,United Kingdom,4656
17066,2009-12-13 13:24:00,2009-12-13 13:24:00,1,228.34,18,United Kingdom,4657
17067,2009-12-08 12:03:00,2009-12-15 08:39:00,3,454.54,13,United Kingdom,4658
17068,2010-03-28 14:26:00,2011-11-27 13:14:00,47,9140.08,1017,United Kingdom,4659
17069,2009-12-03 12:27:00,2011-11-11 17:13:00,14,5794.28,295,United Kingdom,4660
17070,2010-10-25 15:57:00,2011-08-17 17:01:00,2,437.42,103,United Kingdom,4661
17071,2010-01-24 13:05:00,2011-11-11 16:31:00,13,3793.71,211,United Kingdom,4662
17072,2010-03-24 16:33:00,2010-03-24 16:33:00,1,273.35,21,United Kingdom,4663
17073,2011-08-22 14:37:00,2011-11-22 11:47:00,4,1444.84,173,United Kingdom,4664
17074,2010-05-26 12:04:00,2010-05-26 12:04:00,1,203.05,4,United Kingdom,4665
17075,2009-12-14 11:24:00,2011-11-22 11:58:00,10,2236.63,199,United Kingdom,4666
17076,2009-12-04 12:12:00,2011-11-03 17:53:00,6,1242.75,50,United Kingdom,4667
17077,2010-05-10 16:36:00,2010-05-10 16:36:00,1,306.0,1,United Kingdom,4668
17078,2011-11-03 18:49:00,2011-11-03 19:17:00,2,375.86,27,United Kingdom,4669
17079,2011-09-22 15:34:00,2011-09-22 15:34:00,1,118.80000000000001,2,United Kingdom,4670
17080,2010-07-01 16:03:00,2011-11-17 12:59:00,7,957.53,33,United Kingdom,4671
17081,2010-02-22 13:19:00,2011-11-14 12:56:00,6,949.39,207,United Kingdom,4672
17082,2009-12-15 11:25:00,2011-11-06 15:17:00,6,4732.03,170,United Kingdom,4673
17083,2010-02-09 11:46:00,2011-08-22 15:43:00,9,4049.79,115,United Kingdom,4674
17084,2010-11-08 14:20:00,2011-11-04 14:54:00,3,5001.21,281,United Kingdom,4675
17085,2009-12-06 12:16:00,2011-08-08 14:15:00,28,7839.27,985,United Kingdom,4676
17086,2011-10-07 11:22:00,2011-12-02 13:54:00,6,2050.08,96,United Kingdom,4677
17087,2009-12-02 10:41:00,2009-12-02 10:41:00,1,221.53,12,United Kingdom,4678
17088,2011-03-31 09:48:00,2011-11-11 14:23:00,4,1991.01,115,United Kingdom,4679
17089,2010-11-18 15:33:00,2010-11-18 15:33:00,1,128.45,4,United Kingdom,4680
17090,2010-07-19 16:02:00,2011-12-05 13:44:00,13,3080.1800000000003,90,United Kingdom,4681
17091,2009-12-16 15:45:00,2011-12-07 10:43:00,19,7789.2,468,United Kingdom,4682
17092,2010-02-02 16:42:00,2011-10-20 19:51:00,11,5511.41,392,United Kingdom,4683
17093,2010-04-26 10:22:00,2010-04-26 10:22:00,1,235.88,13,United Kingdom,4684
17094,2010-10-12 10:48:00,2011-01-21 13:09:00,2,402.20000000000005,18,United Kingdom,4685
17095,2009-12-15 12:32:00,2011-11-17 12:21:00,7,2572.25,137,United Kingdom,4686
17096,2010-06-02 14:48:00,2011-11-24 15:01:00,11,3697.93,205,United Kingdom,4687
17097,2010-10-05 14:09:00,2011-12-07 17:05:00,9,1318.08,307,Spain,4688
17098,2010-06-17 10:30:00,2010-11-23 12:13:00,3,591.0699999999999,18,United Kingdom,4689
17099,2010-06-24 16:25:00,2010-06-24 16:25:00,1,582.17,40,United Kingdom,4690
17100,2011-11-21 16:36:00,2011-11-21 16:36:00,2,971.74,65,United Kingdom,4691
17101,2010-06-07 15:12:00,2011-11-29 13:57:00,7,2507.05,73,United Kingdom,4692
17102,2011-03-23 10:08:00,2011-03-23 10:08:00,1,25.5,1,United Kingdom,4693
17103,2009-12-17 14:08:00,2009-12-17 14:08:00,1,424.3,32,United Kingdom,4694
17104,2010-10-12 12:21:00,2010-10-12 12:21:00,1,474.03,19,United Kingdom,4695
17105,2011-02-06 14:46:00,2011-07-03 15:53:00,2,665.78,90,United Kingdom,4696
17106,2010-11-15 14:11:00,2010-11-15 14:11:00,1,481.58,51,United Kingdom,4697
17107,2010-01-31 15:47:00,2011-11-06 14:14:00,10,16052.72,670,United Kingdom,4698
17108,2010-02-14 12:22:00,2010-02-14 12:22:00,1,174.95,9,United Kingdom,4699
17109,2010-07-30 12:42:00,2011-11-10 16:59:00,8,1291.71,139,United Kingdom,4700
17110,2010-04-08 13:32:00,2011-06-27 12:58:00,3,499.9,49,United Kingdom,4701
17111,2010-10-10 15:21:00,2011-10-23 15:59:00,2,459.58,48,United Kingdom,4702
17112,2010-07-25 11:14:00,2010-07-25 11:14:00,1,197.57,47,United Kingdom,4703
17113,2010-01-11 10:14:00,2010-05-14 13:59:00,6,2305.59,158,United Kingdom,4704
17114,2011-01-09 11:39:00,2011-12-04 12:17:00,8,801.12,123,United Kingdom,4705
17115,2009-12-05 12:13:00,2011-12-01 14:30:00,7,2761.4900000000002,120,United Kingdom,4706
17116,2010-03-01 16:29:00,2010-03-01 16:29:00,1,389.78,47,United Kingdom,4707
17117,2011-02-24 13:54:00,2011-02-24 13:54:00,1,116.19999999999999,9,United Kingdom,4708
17118,2011-01-26 12:19:00,2011-01-26 12:19:00,1,157.02,10,United Kingdom,4709
17119,2011-10-11 11:03:00,2011-12-06 14:40:00,2,606.91,35,United Kingdom,4710
17120,2011-04-20 15:21:00,2011-04-20 15:21:00,1,307.46,18,United Kingdom,4711
17121,2010-11-02 11:47:00,2010-11-02 11:47:00,1,314.74,12,United Kingdom,4712
17122,2010-07-28 09:34:00,2011-08-12 14:33:00,4,570.5,30,United Kingdom,4713
17123,2010-05-16 11:52:00,2011-07-01 10:47:00,3,966.67,42,United Kingdom,4714
17124,2011-06-07 14:02:00,2011-06-07 14:02:00,1,294.24,31,United Kingdom,4715
17125,2011-10-20 14:41:00,2011-10-20 14:41:00,1,230.5,35,United Kingdom,4716
17126,2010-08-31 13:41:00,2011-07-10 13:52:00,9,2008.93,444,United Kingdom,4717
17127,2009-12-04 15:18:00,2010-10-07 09:54:00,5,1155.0300000000002,37,United Kingdom,4718
17128,2011-01-09 12:02:00,2011-01-09 12:02:00,1,157.09,14,United Kingdom,4719
17129,2010-07-07 13:46:00,2010-07-07 13:46:00,1,31.85,2,United Kingdom,4720
17131,2011-09-25 12:42:00,2011-12-04 12:52:00,5,2463.17,134,United Kingdom,4721
17132,2010-08-08 13:49:00,2010-09-13 16:31:00,2,1220.9099999999999,71,United Kingdom,4722
17133,2010-03-21 12:31:00,2011-11-24 12:27:00,12,14622.33,56,United Kingdom,4723
17134,2010-09-23 18:32:00,2011-08-25 09:53:00,3,625.3,36,United Kingdom,4724
17135,2010-05-09 16:03:00,2011-11-23 16:48:00,10,1931.96,151,United Kingdom,4725
17136,2010-02-15 13:13:00,2010-02-15 13:13:00,1,231.68,14,United Kingdom,4726
17137,2010-01-31 12:27:00,2010-10-19 14:51:00,6,1099.81,167,United Kingdom,4727
17138,2010-02-04 14:19:00,2011-03-09 11:54:00,7,4417.27,256,United Kingdom,4728
17139,2010-01-11 11:31:00,2011-11-24 10:12:00,25,19566.76,808,United Kingdom,4729
17140,2011-04-06 13:33:00,2011-04-06 13:33:00,1,454.12,18,United Kingdom,4730
17141,2010-01-24 14:19:00,2010-10-17 14:54:00,4,727.58,162,United Kingdom,4731
17142,2010-01-24 15:23:00,2011-04-14 18:22:00,4,1275.25,89,United Kingdom,4732
17143,2010-07-12 13:26:00,2010-10-18 15:27:00,2,880.97,112,United Kingdom,4733
17144,2011-09-16 12:50:00,2011-12-08 17:57:00,2,984.57,48,United Kingdom,4734
17145,2010-02-19 12:07:00,2010-07-15 09:02:00,4,3120.91,180,United Kingdom,4735
17146,2010-02-02 09:39:00,2011-08-26 12:44:00,13,5852.64,301,United Kingdom,4736
17147,2010-01-11 09:38:00,2011-11-17 12:32:00,9,3199.95,136,United Kingdom,4737
17148,2011-10-19 09:59:00,2011-10-19 09:59:00,1,124.88,9,United Kingdom,4738
17149,2010-09-14 14:56:00,2010-09-14 14:56:00,1,143.10000000000002,6,United Kingdom,4739
17150,2009-12-06 10:51:00,2010-11-28 11:27:00,6,1357.95,92,United Kingdom,4740
17151,2009-12-04 14:56:00,2009-12-04 14:56:00,1,231.90000000000003,4,United Kingdom,4741
17152,2010-10-10 12:40:00,2011-05-29 12:19:00,4,2016.5,16,United Kingdom,4742
17153,2011-11-15 13:42:00,2011-11-15 13:42:00,1,213.78,14,United Kingdom,4743
17154,2011-09-25 13:42:00,2011-09-25 13:42:00,1,329.34,23,United Kingdom,4744
17155,2009-12-03 11:34:00,2011-11-22 12:38:00,7,892.46,73,United Kingdom,4745
17156,2010-08-05 11:30:00,2010-08-05 11:30:00,1,591.87,39,United Kingdom,4746
17157,2009-12-04 13:00:00,2011-12-02 09:10:00,19,5151.9,141,United Kingdom,4747
17158,2010-03-07 15:50:00,2011-11-07 15:15:00,5,1980.0,113,United Kingdom,4748
17159,2010-03-04 14:53:00,2011-11-18 10:52:00,5,2099.59,130,United Kingdom,4749
17160,2009-12-04 10:57:00,2011-11-08 14:05:00,17,10209.16,651,United Kingdom,4750
17161,2010-09-21 16:44:00,2010-09-21 16:44:00,1,856.01,52,United Kingdom,4751
17162,2011-02-07 12:27:00,2011-11-11 11:34:00,10,1715.46,104,United Kingdom,4752
17163,2010-02-02 10:39:00,2011-11-18 08:57:00,4,699.78,30,United Kingdom,4753
17164,2011-03-11 14:26:00,2011-11-07 09:14:00,7,2467.35,144,United Kingdom,4754
17165,2009-12-11 09:18:00,2011-02-28 16:39:00,6,1794.32,100,United Kingdom,4755
17166,2011-05-20 08:18:00,2011-11-01 09:46:00,2,206.34,12,United Kingdom,4756
17167,2010-09-20 14:02:00,2010-11-25 10:05:00,3,867.11,79,United Kingdom,4757
17168,2010-07-29 12:33:00,2010-07-29 12:33:00,1,400.2,21,United Kingdom,4758
17169,2010-05-10 13:00:00,2011-10-13 10:25:00,3,1156.73,75,United Kingdom,4759
17170,2010-11-15 16:23:00,2010-11-30 15:55:00,2,178.68,10,United Kingdom,4760
17171,2010-02-16 12:02:00,2011-02-23 16:37:00,2,384.59,25,United Kingdom,4761
17172,2009-12-13 11:46:00,2011-09-22 09:36:00,3,956.5699999999999,39,United Kingdom,4762
17173,2011-07-31 15:26:00,2011-12-04 14:40:00,8,3766.6,86,United Kingdom,4763
17174,2011-05-06 11:47:00,2011-05-06 11:47:00,1,59.9,4,United Kingdom,4764
17175,2011-02-16 14:56:00,2011-10-26 15:31:00,4,1443.69,63,United Kingdom,4765
17176,2010-01-31 15:49:00,2011-05-22 12:41:00,3,902.3199999999999,42,United Kingdom,4766
17177,2010-07-22 14:53:00,2010-07-22 14:53:00,1,119.5,29,United Kingdom,4767
17178,2009-12-08 16:20:00,2009-12-08 16:20:00,1,432.96,31,United Kingdom,4768
17179,2010-05-26 11:22:00,2011-06-14 16:48:00,6,1507.26,158,United Kingdom,4769
17180,2010-01-21 17:43:00,2011-10-14 15:46:00,11,2236.77,400,United Kingdom,4770
17181,2010-04-23 11:21:00,2011-10-13 14:48:00,3,465.37,30,United Kingdom,4771
17182,2009-12-21 15:22:00,2010-10-13 10:09:00,2,321.3,6,United Kingdom,4772
17183,2011-08-26 15:25:00,2011-12-02 10:07:00,6,3347.31,73,United Kingdom,4773
17184,2009-12-09 14:17:00,2010-05-19 14:24:00,2,198.41000000000003,14,United Kingdom,4774
17185,2010-04-20 13:49:00,2010-04-27 12:15:00,3,229.46,44,United Kingdom,4775
17186,2011-10-10 12:52:00,2011-10-24 10:20:00,2,144.0,2,United Kingdom,4776
17187,2010-07-01 14:38:00,2011-04-27 12:39:00,2,467.71,23,United Kingdom,4777
17188,2009-12-08 19:16:00,2011-11-28 13:53:00,13,4592.93,172,United Kingdom,4778
17189,2009-12-02 11:45:00,2011-08-25 19:39:00,5,953.63,120,United Kingdom,4779
17190,2010-03-05 13:21:00,2011-10-12 11:33:00,7,1724.73,188,United Kingdom,4780
17191,2009-12-01 16:34:00,2011-11-11 16:58:00,15,4820.45,569,United Kingdom,4781
17192,2010-06-21 16:07:00,2010-06-21 16:07:00,1,75.28,20,United Kingdom,4782
17193,2009-12-02 10:02:00,2011-11-04 12:47:00,9,2310.04,44,United Kingdom,4783
17194,2010-06-27 13:16:00,2010-12-14 12:06:00,2,776.66,57,United Kingdom,4784
17195,2010-02-22 13:05:00,2010-02-22 13:05:00,1,562.98,31,United Kingdom,4785
17196,2010-10-08 11:31:00,2010-10-08 11:31:00,1,327.75,93,United Kingdom,4786
17197,2011-11-10 10:32:00,2011-11-10 10:32:00,1,1013.01,29,United Kingdom,4787
17198,2010-12-03 14:54:00,2011-11-16 10:39:00,3,1213.88,173,United Kingdom,4788
17199,2010-05-06 13:53:00,2010-05-06 13:53:00,1,135.04000000000002,8,United Kingdom,4789
17200,2010-02-25 13:23:00,2010-11-17 13:04:00,4,356.71,25,United Kingdom,4790
17201,2010-02-10 12:26:00,2011-10-17 11:55:00,4,1132.6,170,United Kingdom,4791
17202,2010-10-15 11:25:00,2010-10-15 11:25:00,1,160.65,8,United Kingdom,4792
17203,2010-11-16 12:52:00,2011-11-04 12:27:00,10,5564.09,261,United Kingdom,4793
17204,2010-06-10 11:37:00,2011-06-17 14:46:00,9,5504.6900000000005,177,United Kingdom,4794
17205,2010-05-24 15:36:00,2011-10-17 12:46:00,3,999.35,35,United Kingdom,4795
17206,2011-10-17 13:25:00,2011-10-17 13:25:00,1,204.24,7,United Kingdom,4796
17207,2010-02-25 19:08:00,2010-02-25 19:08:00,1,291.77,59,United Kingdom,4797
17208,2010-11-09 12:50:00,2010-11-09 12:50:00,1,111.15,23,United Kingdom,4798
17209,2009-12-03 11:10:00,2010-02-28 16:01:00,3,595.7,38,United Kingdom,4799
17210,2010-11-12 12:15:00,2010-11-12 12:15:00,1,251.72,53,United Kingdom,4800
17211,2009-12-13 13:17:00,2011-11-13 12:03:00,13,4046.65,377,United Kingdom,4801
17212,2010-08-10 09:22:00,2011-03-31 19:42:00,3,794.41,29,United Kingdom,4802
17213,2009-12-15 10:28:00,2011-10-30 14:53:00,13,5182.3,281,United Kingdom,4803
17214,2010-12-15 15:14:00,2011-10-10 13:17:00,6,1059.1200000000001,101,United Kingdom,4804
17215,2010-09-01 13:39:00,2010-09-01 13:39:00,1,186.15,11,United Kingdom,4805
17216,2010-06-03 13:03:00,2010-06-03 13:03:00,1,63.6,13,United Kingdom,4806
17217,2010-03-30 13:35:00,2011-04-19 17:19:00,2,210.1,27,United Kingdom,4807
17218,2010-01-25 16:12:00,2011-12-05 13:52:00,18,4176.93,519,United Kingdom,4808
17219,2010-10-19 11:29:00,2011-11-08 11:25:00,2,259.13,50,United Kingdom,4809
17220,2010-01-20 11:57:00,2011-11-15 13:47:00,21,4451.41,671,United Kingdom,4810
17221,2010-04-11 15:34:00,2011-12-02 13:35:00,5,976.62,124,United Kingdom,4811
17222,2010-01-10 15:24:00,2011-10-05 13:58:00,6,1563.6100000000001,111,United Kingdom,4812
17223,2010-11-29 17:19:00,2011-02-02 15:57:00,3,780.88,97,United Kingdom,4813
17224,2010-07-26 13:30:00,2010-07-26 13:30:00,1,100.86,8,United Kingdom,4814
17225,2010-05-07 11:38:00,2010-05-07 11:38:00,1,131.15,5,United Kingdom,4815
17226,2010-02-12 14:31:00,2011-02-04 11:52:00,3,895.47,59,United Kingdom,4816
17227,2010-01-15 15:05:00,2011-11-21 10:51:00,12,2021.18,124,United Kingdom,4817
17228,2010-03-12 11:54:00,2011-11-24 10:24:00,13,3175.98,357,United Kingdom,4818
17229,2011-07-20 12:38:00,2011-09-04 13:56:00,2,318.76,47,United Kingdom,4819
17230,2009-12-08 13:41:00,2011-03-20 16:12:00,18,9388.49,217,United Kingdom,4820
17231,2009-12-07 16:38:00,2011-11-27 15:18:00,25,7064.8,1201,United Kingdom,4821
17232,2011-11-25 12:24:00,2011-12-07 12:21:00,2,417.77,35,United Kingdom,4822
17233,2009-12-15 12:03:00,2011-11-04 14:06:00,3,560.86,58,United Kingdom,4823
17234,2011-06-10 11:20:00,2011-06-10 11:20:00,1,149.89000000000001,14,United Kingdom,4824
17235,2010-06-04 17:01:00,2011-11-14 15:51:00,8,1904.8799999999999,99,United Kingdom,4825
17236,2010-03-07 13:00:00,2011-11-27 12:00:00,12,1929.26,158,United Kingdom,4826
17237,2010-11-23 11:45:00,2011-11-28 15:02:00,4,994.13,79,United Kingdom,4827
17238,2009-12-01 10:59:00,2011-12-07 11:35:00,32,7701.26,1198,United Kingdom,4828
17239,2010-07-01 10:53:00,2011-01-31 09:41:00,4,1189.45,32,United Kingdom,4829
17240,2010-04-22 15:44:00,2010-04-22 15:44:00,1,130.6,7,United Kingdom,4830
17241,2010-02-15 14:47:00,2010-11-19 13:01:00,12,2736.64,170,United Kingdom,4831
17242,2010-01-24 10:27:00,2011-08-23 14:55:00,5,2889.28,84,United Kingdom,4832
17243,2009-12-01 15:36:00,2011-12-08 13:26:00,69,20441.58,1082,United Kingdom,4833
17244,2009-12-06 11:27:00,2011-10-17 15:19:00,5,1826.04,120,United Kingdom,4834
17245,2010-01-19 15:39:00,2011-05-19 10:43:00,2,371.63,25,United Kingdom,4835
17246,2009-12-01 17:45:00,2010-06-11 12:36:00,2,38.92,6,United Kingdom,4836
17247,2011-11-24 15:21:00,2011-11-24 15:21:00,1,280.09000000000003,54,United Kingdom,4837
17248,2010-08-15 11:55:00,2011-08-11 13:34:00,2,500.54,104,United Kingdom,4838
17249,2010-10-07 11:33:00,2010-10-07 11:33:00,1,68.03,27,United Kingdom,4839
17250,2011-03-23 16:45:00,2011-12-06 12:15:00,2,381.97,56,United Kingdom,4840
17251,2009-12-15 10:36:00,2010-12-12 11:06:00,3,798.98,78,United Kingdom,4841
17252,2011-06-06 16:41:00,2011-08-15 09:45:00,2,348.91,86,United Kingdom,4842
17253,2011-11-21 12:59:00,2011-11-21 12:59:00,1,178.26,18,United Kingdom,4843
17254,2010-11-03 14:00:00,2011-12-05 12:46:00,3,469.48,147,United Kingdom,4844
17255,2010-09-19 15:53:00,2011-10-30 12:18:00,4,781.7,182,United Kingdom,4845
17256,2010-04-18 13:40:00,2011-08-24 13:30:00,5,498.93,31,United Kingdom,4846
17257,2010-09-29 12:49:00,2010-09-29 12:51:00,2,189.78,14,United Kingdom,4847
17258,2010-02-12 15:51:00,2010-11-08 12:37:00,2,417.3,55,United Kingdom,4848
17259,2010-02-22 13:38:00,2011-07-14 15:01:00,6,1820.34,312,United Kingdom,4849
17260,2010-10-24 13:21:00,2010-10-24 13:21:00,1,120.95,6,United Kingdom,4850
17261,2010-07-18 11:49:00,2010-07-18 11:49:00,1,221.59,43,United Kingdom,4851
17262,2009-12-15 11:26:00,2011-10-18 12:56:00,11,2757.62,21,United Kingdom,4852
17263,2011-05-15 14:32:00,2011-05-15 14:32:00,1,63.440000000000005,23,United Kingdom,4853
17264,2010-10-11 12:52:00,2010-10-11 12:52:00,1,268.28,74,United Kingdom,4854
17265,2011-06-12 12:00:00,2011-07-24 10:49:00,2,550.01,122,United Kingdom,4855
17266,2010-03-09 10:42:00,2011-12-07 14:12:00,5,501.71999999999997,119,United Kingdom,4856
17267,2011-08-04 17:19:00,2011-08-04 17:22:00,2,317.2,37,United Kingdom,4857
17268,2009-12-08 11:46:00,2011-08-24 10:06:00,11,1733.8899999999999,30,United Kingdom,4858
17269,2010-11-19 11:12:00,2010-11-19 11:12:00,1,491.81,125,United Kingdom,4859
17270,2009-12-07 17:18:00,2010-08-27 14:09:00,2,601.4499999999999,48,United Kingdom,4860
17271,2009-12-03 13:49:00,2009-12-03 13:49:00,1,204.3,48,United Kingdom,4861
17272,2011-03-22 12:05:00,2011-10-28 16:37:00,4,2148.63,114,United Kingdom,4862
17273,2010-10-11 15:57:00,2010-10-11 15:57:00,1,141.12,12,United Kingdom,4863
17274,2010-11-09 12:06:00,2011-11-04 13:16:00,2,573.22,77,United Kingdom,4864
17275,2010-11-21 13:26:00,2010-11-21 13:26:00,1,114.1,23,United Kingdom,4865
17276,2010-11-02 16:20:00,2010-11-02 16:20:00,1,501.24,52,United Kingdom,4866
17277,2011-01-21 12:37:00,2011-04-26 12:47:00,2,1065.3500000000001,69,United Kingdom,4867
17278,2010-05-23 13:49:00,2011-04-12 13:10:00,2,271.24,17,United Kingdom,4868
17279,2011-10-13 11:58:00,2011-10-13 11:58:00,1,187.82999999999998,9,United Kingdom,4869
17280,2010-09-27 16:46:00,2010-09-27 16:46:00,1,118.85999999999999,6,United Kingdom,4870
17281,2010-02-04 13:00:00,2010-11-30 18:05:00,6,797.8499999999999,6,United Kingdom,4871
17282,2010-06-09 12:07:00,2011-08-01 14:29:00,5,2308.54,204,United Kingdom,4872
17283,2010-11-26 11:53:00,2010-11-26 11:53:00,1,188.46,15,United Kingdom,4873
17284,2010-11-15 17:14:00,2011-10-10 14:38:00,7,2558.6,372,United Kingdom,4874
17285,2010-02-14 14:10:00,2010-03-21 13:38:00,2,400.44,43,United Kingdom,4875
17286,2010-11-04 13:43:00,2011-11-18 12:47:00,3,389.18,90,United Kingdom,4876
17287,2009-12-03 12:45:00,2011-11-13 13:27:00,21,4049.56,485,United Kingdom,4877
17288,2010-11-10 14:44:00,2011-11-30 16:09:00,11,2468.43,288,United Kingdom,4878
17289,2010-03-08 12:52:00,2011-11-08 12:01:00,9,2041.8,266,United Kingdom,4879
17290,2009-12-13 13:28:00,2011-12-06 12:38:00,8,1427.48,195,United Kingdom,4880
17291,2011-02-04 13:04:00,2011-02-04 13:04:00,1,550.8000000000001,1,United Kingdom,4881
17292,2010-05-09 14:52:00,2010-08-24 17:14:00,2,271.75,15,United Kingdom,4882
17293,2009-12-03 15:09:00,2011-12-01 14:37:00,17,3750.63,241,United Kingdom,4883
17294,2010-02-08 14:21:00,2010-02-08 16:12:00,2,467.78999999999996,17,United Kingdom,4884
17295,2011-10-06 12:22:00,2011-11-11 10:49:00,3,547.0,68,United Kingdom,4885
17296,2009-12-09 14:01:00,2009-12-09 14:01:00,1,338.13,33,United Kingdom,4886
17297,2011-11-22 14:43:00,2011-11-22 14:43:00,1,128.18,49,United Kingdom,4887
17298,2010-03-08 08:56:00,2011-08-30 16:43:00,5,938.36,68,United Kingdom,4888
17299,2010-08-15 16:00:00,2011-11-28 12:01:00,6,993.23,113,United Kingdom,4889
17300,2010-08-15 11:02:00,2010-11-14 10:56:00,2,393.64,44,United Kingdom,4890
17301,2010-03-25 13:16:00,2011-11-18 13:43:00,2,294.39,113,United Kingdom,4891
17302,2011-02-07 10:14:00,2011-11-25 09:36:00,5,1135.63,79,United Kingdom,4892
17303,2010-12-13 13:32:00,2010-12-13 13:32:00,1,250.04,53,United Kingdom,4893
17304,2010-06-23 16:23:00,2010-06-23 16:23:00,1,111.5,5,United Kingdom,4894
17305,2010-03-01 12:47:00,2010-03-01 12:47:00,1,2135.46,9,United Kingdom,4895
17306,2010-11-01 11:38:00,2011-11-29 12:14:00,21,9782.35,72,United Kingdom,4896
17307,2010-01-19 16:38:00,2010-11-09 13:40:00,11,3999.8900000000003,48,United Kingdom,4897
17308,2010-09-13 09:35:00,2010-11-11 13:19:00,2,4511.76,7,United Kingdom,4898
17309,2010-02-04 15:49:00,2011-09-05 15:20:00,3,320.39,36,United Kingdom,4899
17310,2010-06-23 11:38:00,2010-11-17 16:00:00,2,1025.1,2,United Kingdom,4900
17311,2010-02-03 12:38:00,2011-09-22 14:11:00,6,3566.56,127,United Kingdom,4901
17312,2011-07-03 13:12:00,2011-07-24 11:52:00,3,644.3,14,United Kingdom,4902
17313,2011-11-08 15:45:00,2011-11-08 15:45:00,1,2328.84,24,United Kingdom,4903
17314,2009-12-03 11:25:00,2011-11-15 09:41:00,17,4904.43,256,United Kingdom,4904
17315,2010-09-27 12:45:00,2011-12-08 12:15:00,41,9559.5,744,United Kingdom,4905
17316,2010-10-15 14:35:00,2010-10-15 14:35:00,1,124.45,35,United Kingdom,4906
17317,2011-09-11 12:45:00,2011-10-24 17:19:00,3,2600.34,9,United Kingdom,4907
17318,2009-12-14 13:11:00,2009-12-14 13:11:00,1,157.32999999999998,17,United Kingdom,4908
17319,2010-02-08 15:47:00,2010-02-08 15:47:00,1,29.1,3,United Kingdom,4909
17320,2010-01-21 16:29:00,2011-08-31 13:31:00,6,2895.77,174,United Kingdom,4910
17321,2010-05-11 12:10:00,2011-12-01 13:41:00,6,1665.21,271,United Kingdom,4911
17322,2009-12-03 11:46:00,2010-11-28 14:41:00,5,922.59,177,United Kingdom,4912
17323,2010-01-10 11:58:00,2011-11-24 17:29:00,12,1547.64,330,United Kingdom,4913
17324,2009-12-18 15:29:00,2011-11-22 10:34:00,12,2298.12,151,United Kingdom,4914
17325,2010-03-08 11:31:00,2011-03-04 13:09:00,3,609.5699999999999,39,United Kingdom,4915
17326,2010-06-28 14:05:00,2010-10-27 15:38:00,2,312.35,86,United Kingdom,4916
17327,2010-05-26 11:20:00,2010-10-26 09:54:00,2,152.35,4,United Kingdom,4917
17328,2010-02-04 17:11:00,2010-02-04 17:11:00,1,104.7,6,United Kingdom,4918
17329,2009-12-03 16:09:00,2011-11-25 14:24:00,5,998.53,104,United Kingdom,4919
17330,2010-03-02 09:20:00,2011-11-17 08:56:00,4,423.8,8,United Kingdom,4920
17331,2011-08-08 11:55:00,2011-08-08 11:55:00,1,175.2,1,United Kingdom,4921
17332,2010-02-21 14:41:00,2010-06-29 16:10:00,5,827.77,94,United Kingdom,4922
17333,2011-09-15 10:11:00,2011-09-15 10:11:00,1,494.25,28,United Kingdom,4923
17334,2010-10-29 12:16:00,2011-02-10 14:59:00,3,635.15,31,United Kingdom,4924
17335,2010-01-24 11:15:00,2010-11-21 10:17:00,2,497.04,36,United Kingdom,4925
17336,2010-08-24 15:37:00,2010-08-24 15:37:00,1,81.12,1,United Kingdom,4926
17337,2011-02-02 17:06:00,2011-07-11 14:55:00,4,1979.61,520,United Kingdom,4927
17338,2010-03-10 16:09:00,2011-11-22 14:23:00,17,11880.54,1303,United Kingdom,4928
17339,2010-07-18 13:08:00,2011-09-06 13:29:00,3,362.36,14,United Kingdom,4929
17340,2010-02-14 14:54:00,2011-11-10 10:45:00,18,22289.22,764,United Kingdom,4930
17341,2010-06-17 18:17:00,2011-07-06 12:33:00,5,1688.82,355,United Kingdom,4931
17342,2010-02-08 09:16:00,2010-11-25 11:07:00,4,1227.54,35,United Kingdom,4932
17343,2009-12-03 18:30:00,2010-12-19 15:07:00,6,1259.94,80,United Kingdom,4933
17344,2009-12-11 12:31:00,2011-10-24 12:56:00,2,457.36,67,United Kingdom,4934
17345,2009-12-01 16:17:00,2011-11-24 15:03:00,10,1586.6299999999999,209,United Kingdom,4935
17346,2010-04-18 12:18:00,2011-12-06 12:18:00,26,5125.52,952,United Kingdom,4936
17347,2011-09-14 13:12:00,2011-09-14 13:12:00,1,228.96,1,United Kingdom,4937
17348,2010-03-10 12:13:00,2011-11-25 11:25:00,9,2430.99,441,United Kingdom,4938
17349,2010-03-18 14:26:00,2011-06-13 14:29:00,5,772.41,85,United Kingdom,4939
17350,2010-02-01 15:38:00,2011-12-01 15:47:00,7,1893.7,142,United Kingdom,4940
17351,2009-12-10 18:43:00,2011-11-03 18:45:00,12,1964.38,68,United Kingdom,4941
17352,2010-01-12 16:13:00,2010-01-12 16:13:00,1,36.25,5,United Kingdom,4942
17353,2010-03-25 12:52:00,2011-08-02 17:19:00,4,3242.0,14,United Kingdom,4943
17354,2010-10-07 13:22:00,2011-10-20 10:34:00,4,3133.96,101,United Kingdom,4944
17355,2010-11-18 13:18:00,2010-11-18 13:18:00,1,273.31,33,United Kingdom,4945
17356,2010-01-20 12:14:00,2011-02-01 11:07:00,5,946.47,86,United Kingdom,4946
17357,2011-11-15 16:29:00,2011-11-15 16:30:00,2,384.39,44,United Kingdom,4947
17358,2010-02-24 16:42:00,2011-02-09 16:57:00,5,861.01,146,United Kingdom,4948
17359,2010-03-01 14:48:00,2011-11-28 14:37:00,2,284.46,38,United Kingdom,4949
17360,2010-10-01 12:07:00,2011-11-22 13:11:00,6,1200.51,229,United Kingdom,4950
17361,2010-02-01 14:30:00,2011-10-21 15:43:00,5,871.79,57,United Kingdom,4951
17362,2010-01-06 10:53:00,2011-04-14 14:43:00,7,1024.04,144,United Kingdom,4952
17363,2010-11-02 17:25:00,2010-11-09 17:11:00,3,920.46,35,United Kingdom,4953
17364,2009-12-07 15:28:00,2011-12-09 09:00:00,28,11972.92,904,United Kingdom,4954
17365,2010-02-01 11:56:00,2011-11-27 12:13:00,15,8179.45,793,United Kingdom,4955
17366,2010-09-09 19:46:00,2010-10-03 16:04:00,2,1077.24,131,United Kingdom,4956
17367,2011-04-15 14:21:00,2011-04-15 14:21:00,1,167.55,33,United Kingdom,4957
17368,2009-12-15 17:45:00,2011-11-16 15:26:00,14,2758.29,226,United Kingdom,4958
17369,2010-09-10 09:49:00,2010-09-10 09:49:00,1,979.1999999999999,1,United Kingdom,4959
17370,2011-06-23 11:50:00,2011-09-28 10:14:00,4,446.18,33,United Kingdom,4960
17371,2009-12-08 12:25:00,2011-11-22 13:30:00,6,651.37,143,United Kingdom,4961
17372,2009-12-03 18:41:00,2011-10-30 11:37:00,27,4316.46,646,United Kingdom,4962
17373,2010-02-28 14:17:00,2011-10-30 15:28:00,7,1167.5,91,United Kingdom,4963
17374,2010-11-09 17:14:00,2011-05-05 09:05:00,3,727.11,42,United Kingdom,4964
17375,2010-10-04 09:14:00,2011-05-24 15:45:00,4,660.55,86,United Kingdom,4965
17376,2010-07-05 11:11:00,2011-09-30 12:36:00,4,453.64,55,United Kingdom,4966
17377,2009-12-02 12:39:00,2011-11-16 11:17:00,78,18227.53,1746,United Kingdom,4967
17378,2010-11-30 18:46:00,2010-11-30 18:46:00,1,10.95,1,United Kingdom,4968
17379,2011-11-28 13:56:00,2011-11-28 13:56:00,1,389.71999999999997,78,United Kingdom,4969
17380,2010-06-23 11:24:00,2010-10-01 16:42:00,3,645.0,10,United Kingdom,4970
17381,2010-06-09 12:55:00,2011-12-01 11:59:00,38,40002.37,174,United Kingdom,4971
17382,2010-05-19 11:33:00,2011-10-05 13:05:00,8,902.28,18,United Kingdom,4972
17383,2010-09-12 14:54:00,2011-12-05 17:36:00,2,304.09,51,United Kingdom,4973
17384,2010-08-29 16:01:00,2011-11-20 15:48:00,3,507.55,20,United Kingdom,4974
17385,2011-11-25 11:02:00,2011-11-25 11:02:00,1,256.11,45,United Kingdom,4975
17386,2010-11-19 13:40:00,2011-12-02 11:28:00,7,2812.77,38,United Kingdom,4976
17387,2011-11-06 11:25:00,2011-11-20 11:00:00,2,746.81,76,United Kingdom,4977
17388,2009-12-10 11:45:00,2011-09-23 10:31:00,11,2675.37,55,United Kingdom,4978
17389,2009-12-04 12:06:00,2011-12-09 09:38:00,61,57215.33,429,United Kingdom,4979
17390,2010-10-15 11:29:00,2010-10-15 11:29:00,1,149.3,12,United Kingdom,4980
17391,2011-06-28 12:21:00,2011-06-29 09:58:00,2,508.8,3,United Kingdom,4981
17392,2010-09-15 16:17:00,2011-02-06 12:48:00,3,579.92,69,United Kingdom,4982
17393,2010-08-08 15:53:00,2010-10-25 11:10:00,2,381.15,48,United Kingdom,4983
17394,2011-05-04 13:22:00,2011-05-04 13:22:00,1,203.86999999999998,4,United Kingdom,4984
17395,2010-07-19 15:34:00,2010-07-19 15:34:00,1,97.5,3,United Kingdom,4985
17396,2010-09-24 13:04:00,2011-10-31 14:12:00,13,8789.1,49,United Kingdom,4986
17397,2010-10-19 13:20:00,2011-11-17 14:08:00,3,1198.28,134,United Kingdom,4987
17398,2011-03-29 13:04:00,2011-08-17 09:48:00,3,653.38,38,United Kingdom,4988
17400,2009-12-17 15:41:00,2011-08-05 15:38:00,8,4623.28,469,United Kingdom,4989
17401,2010-06-16 16:54:00,2010-06-16 16:54:00,1,114.85,12,United Kingdom,4990
17402,2009-12-16 17:40:00,2011-12-05 10:15:00,22,5060.53,201,United Kingdom,4991
17403,2010-09-15 12:29:00,2011-11-03 15:18:00,2,382.87,45,United Kingdom,4992
17404,2010-01-07 11:31:00,2011-12-05 16:26:00,21,47638.12,288,Sweden,4993
17405,2011-07-12 14:17:00,2011-12-08 17:12:00,3,1031.41,82,United Kingdom,4994
17406,2009-12-06 13:45:00,2011-01-10 15:07:00,13,4889.05,257,United Kingdom,4995
17407,2010-10-24 11:57:00,2010-10-24 11:57:00,1,552.9,23,United Kingdom,4996
17408,2010-07-13 14:02:00,2011-06-29 12:53:00,3,316.09000000000003,8,United Kingdom,4997
17409,2009-12-11 12:17:00,2011-06-08 10:36:00,10,7793.51,104,United Kingdom,4998
17410,2011-05-08 15:21:00,2011-11-23 15:46:00,5,1214.72,64,United Kingdom,4999
17411,2009-12-03 12:02:00,2011-11-27 14:25:00,5,1425.38,75,United Kingdom,5000
17412,2009-12-02 13:51:00,2011-12-07 11:36:00,16,4417.52,236,United Kingdom,5001
17413,2010-05-19 11:11:00,2010-10-31 12:33:00,2,560.14,10,United Kingdom,5002
17414,2009-12-03 16:49:00,2011-10-27 12:13:00,6,2249.52,21,United Kingdom,5003
17415,2011-09-21 12:50:00,2011-09-21 12:50:00,1,507.84,14,United Kingdom,5004
17416,2009-12-14 16:29:00,2011-11-10 12:47:00,22,17298.45,597,United Kingdom,5005
17417,2010-06-09 10:00:00,2010-06-09 10:00:00,1,164.18,16,United Kingdom,5006
17418,2010-11-17 13:42:00,2011-10-28 13:00:00,3,670.0600000000001,42,United Kingdom,5007
17419,2010-01-25 13:19:00,2011-11-28 13:47:00,18,6500.52,318,United Kingdom,5008
17420,2010-11-03 13:09:00,2011-10-20 14:52:00,6,1084.43,57,United Kingdom,5009
17421,2009-12-04 15:43:00,2010-11-18 16:57:00,3,1059.41,58,United Kingdom,5010
17422,2010-06-23 10:19:00,2011-11-23 13:27:00,11,3594.76,205,United Kingdom,5011
17423,2010-11-11 12:26:00,2011-10-24 13:36:00,3,1118.95,43,United Kingdom,5012
17425,2011-10-10 11:37:00,2011-11-20 15:30:00,2,759.17,43,United Kingdom,5013
17426,2010-02-17 13:39:00,2011-12-01 18:07:00,13,8077.77,427,United Kingdom,5014
17427,2011-09-29 11:29:00,2011-09-29 11:29:00,1,100.8,2,United Kingdom,5015
17428,2009-12-01 17:28:00,2011-12-09 09:45:00,45,31819.760000000002,729,United Kingdom,5016
17429,2010-10-06 12:30:00,2011-08-03 13:22:00,5,1357.46,95,United Kingdom,5017
17430,2010-08-17 11:52:00,2011-11-07 09:24:00,4,735.17,42,United Kingdom,5018
17431,2011-01-30 14:36:00,2011-01-30 14:36:00,1,403.3,43,United Kingdom,5019
17432,2009-12-03 19:13:00,2011-11-21 17:33:00,9,1728.99,274,United Kingdom,5020
17433,2010-11-19 13:37:00,2011-09-12 14:24:00,2,569.96,93,United Kingdom,5021
17434,2011-09-15 13:54:00,2011-12-07 13:16:00,7,2373.82,134,United Kingdom,5022
17435,2010-10-24 13:55:00,2010-10-24 13:55:00,1,331.35,15,United Kingdom,5023
17436,2009-12-07 12:31:00,2011-12-08 12:30:00,5,534.06,17,United Kingdom,5024
17437,2010-06-28 11:11:00,2010-06-28 11:11:00,1,369.68,52,United Kingdom,5025
17438,2010-03-08 16:53:00,2011-03-31 10:26:00,5,1422.77,71,United Kingdom,5026
17439,2010-02-22 12:48:00,2010-02-22 12:48:00,1,325.74,8,United Kingdom,5027
17440,2010-06-08 14:40:00,2011-07-06 11:54:00,4,323.58,6,United Kingdom,5028
17441,2009-12-07 13:32:00,2009-12-07 13:32:00,1,293.35,21,United Kingdom,5029
17442,2010-02-15 15:54:00,2011-11-03 09:17:00,15,4620.3,283,United Kingdom,5030
17443,2011-05-04 10:47:00,2011-05-04 10:47:00,1,534.24,1,Canada,5031
17444,2011-06-20 09:04:00,2011-07-11 10:33:00,2,2389.1,134,Canada,5032
17446,2011-02-02 14:40:00,2011-06-16 10:42:00,2,120.9,9,United Kingdom,5033
17447,2011-09-29 10:10:00,2011-10-30 14:18:00,2,541.53,36,United Kingdom,5034
17448,2010-03-04 17:29:00,2010-06-28 13:58:00,41,14448.67,1110,United Kingdom,5035
17449,2009-12-09 14:16:00,2011-12-07 16:56:00,13,4865.15,583,United Kingdom,5036
17450,2010-09-27 16:59:00,2011-12-01 13:29:00,51,246813.09,423,United Kingdom,5037
17451,2011-08-26 11:54:00,2011-12-08 15:02:00,7,1721.4,100,United Kingdom,5038
17453,2011-10-06 17:02:00,2011-11-22 09:42:00,2,486.71999999999997,19,United Kingdom,5039
17454,2010-01-15 15:40:00,2011-05-31 13:58:00,10,1547.94,126,United Kingdom,5040
17455,2011-05-20 12:31:00,2011-05-20 12:31:00,1,131.7,8,United Kingdom,5041
17456,2010-09-09 15:28:00,2010-12-09 15:23:00,2,1225.42,77,United Kingdom,5042
17457,2009-12-07 14:52:00,2011-08-05 12:48:00,14,5984.8099999999995,64,United Kingdom,5043
17458,2010-11-23 11:43:00,2011-11-24 13:01:00,2,529.58,86,United Kingdom,5044
17459,2011-10-10 17:00:00,2011-10-27 13:25:00,2,657.3,111,United Kingdom,5045
17460,2010-01-22 13:25:00,2011-09-06 15:04:00,16,2228.27,139,United Kingdom,5046
17461,2011-11-10 12:01:00,2011-11-17 10:21:00,3,735.82,106,United Kingdom,5047
17462,2011-02-28 17:01:00,2011-10-10 13:56:00,2,675.69,27,United Kingdom,5048
17463,2010-04-29 17:57:00,2011-11-23 13:40:00,7,2535.26,316,United Kingdom,5049
17464,2010-03-30 13:15:00,2011-07-04 13:19:00,3,907.14,39,United Kingdom,5050
17465,2009-12-03 13:25:00,2010-10-10 11:56:00,7,2542.79,142,United Kingdom,5051
17466,2011-09-22 09:16:00,2011-11-29 13:15:00,2,763.28,41,United Kingdom,5052
17467,2010-11-09 12:58:00,2010-11-09 12:58:00,1,102.6,4,United Kingdom,5053
17468,2010-11-29 17:25:00,2011-11-29 15:33:00,3,194.8,8,United Kingdom,5054
17469,2009-12-16 15:06:00,2011-11-23 13:15:00,17,5051.25,267,United Kingdom,5055
17470,2010-07-19 16:16:00,2011-10-26 12:42:00,11,2804.87,166,United Kingdom,5056
17471,2010-08-22 11:53:00,2010-08-22 11:53:00,1,321.65000000000003,19,United Kingdom,5057
17472,2010-03-21 13:27:00,2011-06-01 14:57:00,4,922.35,223,United Kingdom,5058
17473,2010-09-09 19:03:00,2010-10-27 11:45:00,2,607.0,34,United Kingdom,5059
17474,2010-04-19 10:43:00,2010-04-19 10:43:00,1,1047.0,6,United Kingdom,5060
17475,2011-09-21 14:55:00,2011-09-21 14:55:00,1,194.37,14,United Kingdom,5061
17476,2009-12-02 12:09:00,2010-11-09 10:21:00,2,489.86,31,United Kingdom,5062
17477,2010-03-02 11:53:00,2010-04-06 10:06:00,2,1144.3,44,United Kingdom,5063
17478,2010-03-16 14:19:00,2010-10-27 15:01:00,2,1272.8,40,United Kingdom,5064
17479,2010-03-17 09:26:00,2010-03-17 09:26:00,1,389.26000000000005,18,United Kingdom,5065
17480,2010-09-21 12:31:00,2011-09-23 11:39:00,2,882.23,53,United Kingdom,5066
17481,2011-09-07 09:57:00,2011-12-06 12:28:00,4,1255.59,82,United Kingdom,5067
17482,2010-05-10 14:10:00,2010-08-09 15:33:00,2,775.64,53,United Kingdom,5068
17483,2010-10-21 12:43:00,2011-10-05 13:10:00,4,591.73,28,United Kingdom,5069
17484,2010-03-25 16:17:00,2010-05-12 15:41:00,2,209.57,14,United Kingdom,5070
17486,2011-03-23 14:00:00,2011-03-23 14:00:00,1,396.87,24,United Kingdom,5071
17487,2009-12-11 15:06:00,2009-12-11 15:06:00,1,160.55,8,United Kingdom,5072
17488,2010-03-08 14:07:00,2010-03-08 14:07:00,1,336.5,18,United Kingdom,5073
17489,2011-05-11 11:34:00,2011-10-12 08:56:00,2,376.64,29,United Kingdom,5074
17490,2010-05-19 12:40:00,2011-12-09 09:08:00,9,2750.5,116,United Kingdom,5075
17491,2010-04-28 11:57:00,2011-12-08 16:18:00,17,5981.07,182,United Kingdom,5076
17492,2010-07-09 13:27:00,2011-04-05 15:21:00,3,1122.42,39,United Kingdom,5077
17493,2010-11-19 16:57:00,2010-11-19 16:57:00,1,100.91000000000001,8,United Kingdom,5078
17494,2010-07-26 10:06:00,2010-07-26 10:06:00,1,54.699999999999996,3,United Kingdom,5079
17495,2010-11-14 11:50:00,2011-12-02 12:08:00,3,806.72,48,United Kingdom,5080
17496,2010-01-14 13:36:00,2010-12-16 08:39:00,4,1412.89,72,United Kingdom,5081
17497,2010-04-08 08:01:00,2010-11-14 14:17:00,2,287.25,7,United Kingdom,5082
17498,2011-09-25 12:25:00,2011-09-25 12:25:00,1,272.22,17,United Kingdom,5083
17499,2010-05-27 09:59:00,2011-02-23 09:14:00,2,1341.39,71,United Kingdom,5084
17500,2011-11-10 09:08:00,2011-11-22 14:25:00,3,1138.0,5,United Kingdom,5085
17501,2011-05-03 09:46:00,2011-05-03 09:47:00,2,288.6,18,United Kingdom,5086
17502,2011-11-10 16:39:00,2011-11-30 13:13:00,4,689.1,28,United Kingdom,5087
17503,2011-11-01 11:12:00,2011-12-07 09:18:00,2,558.96,38,United Kingdom,5088
17504,2010-02-08 09:22:00,2011-05-17 12:59:00,18,9490.17,342,United Kingdom,5089
17505,2010-04-13 16:33:00,2011-07-01 12:50:00,5,2435.48,102,United Kingdom,5090
17506,2011-09-25 11:39:00,2011-09-25 11:39:00,1,302.2,14,United Kingdom,5091
17507,2011-02-03 18:08:00,2011-03-23 11:48:00,2,605.58,88,United Kingdom,5092
17508,2009-12-07 11:46:00,2011-03-04 08:10:00,8,4579.23,231,Greece,5093
17509,2011-10-07 13:14:00,2011-10-13 10:26:00,8,6083.64,364,United Kingdom,5094
17510,2010-10-15 10:20:00,2011-11-15 10:00:00,2,514.56,35,United Kingdom,5095
17511,2009-12-02 10:52:00,2011-12-07 10:12:00,60,175603.55,1911,United Kingdom,5096
17512,2009-12-10 19:35:00,2011-11-11 12:11:00,18,5467.820000000001,197,United Kingdom,5097
17513,2010-08-17 15:08:00,2011-09-28 16:42:00,3,1158.8,18,United Kingdom,5098
17514,2010-02-08 14:00:00,2011-08-03 15:45:00,2,522.0,83,United Kingdom,5099
17515,2010-06-07 13:29:00,2011-11-08 14:04:00,9,1602.51,179,United Kingdom,5100
17516,2010-11-26 12:50:00,2011-11-24 16:51:00,6,947.5,191,United Kingdom,5101
17517,2011-02-04 11:48:00,2011-02-04 11:48:00,1,153.94,11,United Kingdom,5102
17518,2010-03-28 13:31:00,2010-10-10 12:40:00,2,329.42,77,United Kingdom,5103
17519,2009-12-01 09:57:00,2011-11-22 16:43:00,15,5109.47,222,United Kingdom,5104
17520,2011-10-17 12:04:00,2011-10-17 12:04:00,1,546.81,30,United Kingdom,5105
17521,2010-10-01 11:49:00,2011-11-10 11:22:00,5,1278.06,78,United Kingdom,5106
17522,2011-05-05 16:31:00,2011-12-08 12:31:00,5,1066.15,72,United Kingdom,5107
17523,2011-11-20 13:40:00,2011-11-28 13:20:00,4,652.74,33,United Kingdom,5108
17524,2010-09-27 16:20:00,2010-12-13 14:32:00,3,539.14,43,United Kingdom,5109
17525,2010-10-07 09:12:00,2010-12-15 12:05:00,3,1161.9,26,United Kingdom,5110
17526,2009-12-17 16:18:00,2011-12-05 11:05:00,12,4166.04,97,United Kingdom,5111
17527,2011-05-05 13:43:00,2011-10-17 12:32:00,4,939.37,47,United Kingdom,5112
17528,2011-09-29 13:04:00,2011-12-08 13:27:00,8,3628.5,253,United Kingdom,5113
17529,2010-01-11 12:29:00,2010-04-08 17:51:00,2,1240.25,82,United Kingdom,5114
17530,2009-12-06 16:17:00,2011-12-08 18:42:00,12,3087.74,540,United Kingdom,5115
17531,2010-03-31 12:57:00,2011-06-02 19:17:00,3,1266.82,58,United Kingdom,5116
17532,2010-11-19 08:13:00,2010-11-19 08:13:00,1,65.34,4,United Kingdom,5117
17533,2010-10-01 09:14:00,2010-10-01 09:14:00,1,34.8,1,United Kingdom,5118
17534,2010-02-25 16:55:00,2011-10-17 12:47:00,5,1668.83,92,United Kingdom,5119
17535,2011-03-04 15:20:00,2011-03-04 15:20:00,1,164.4,13,United Kingdom,5120
17536,2010-01-26 12:00:00,2011-06-15 13:23:00,3,364.83,16,United Kingdom,5121
17537,2011-02-09 13:37:00,2011-11-10 10:56:00,2,887.67,74,United Kingdom,5122
17538,2011-11-14 12:12:00,2011-11-14 12:12:00,1,98.42,9,United Kingdom,5123
17539,2009-12-13 12:36:00,2010-03-21 15:23:00,3,1161.84,143,United Kingdom,5124
17540,2010-04-19 09:47:00,2011-11-15 11:56:00,6,1590.6000000000001,64,United Kingdom,5125
17541,2010-07-18 11:36:00,2010-07-18 11:36:00,1,119.86,31,United Kingdom,5126
17542,2010-03-08 12:08:00,2011-03-15 11:45:00,3,340.85,64,United Kingdom,5127
17543,2010-06-08 12:41:00,2010-06-08 12:41:00,1,120.05,13,United Kingdom,5128
17544,2010-11-14 14:47:00,2010-11-14 15:08:00,3,944.82,88,United Kingdom,5129
17545,2010-05-11 10:04:00,2011-10-27 14:04:00,6,1409.8600000000001,260,United Kingdom,5130
17547,2010-02-12 14:34:00,2010-11-29 09:41:00,2,727.85,31,United Kingdom,5131
17548,2010-11-08 16:19:00,2011-04-20 12:01:00,4,731.26,34,United Kingdom,5132
17549,2011-10-19 10:05:00,2011-11-16 09:59:00,2,148.86,6,United Kingdom,5133
17550,2010-02-07 15:07:00,2011-05-26 14:09:00,9,2506.64,321,United Kingdom,5134
17551,2010-12-15 14:12:00,2010-12-15 14:12:00,1,290.34,39,United Kingdom,5135
17552,2010-03-22 09:19:00,2011-10-10 17:00:00,12,3085.29,156,United Kingdom,5136
17553,2010-04-08 09:44:00,2011-08-02 10:00:00,4,3757.6,6,United Kingdom,5137
17554,2011-07-14 20:01:00,2011-12-08 14:15:00,5,1952.45,88,United Kingdom,5138
17555,2010-05-02 16:02:00,2011-11-20 12:22:00,5,1045.74,264,United Kingdom,5139
17556,2010-11-25 17:00:00,2011-05-18 10:48:00,2,300.67,14,United Kingdom,5140
17557,2009-12-07 10:15:00,2011-11-25 12:57:00,4,575.46,35,United Kingdom,5141
17558,2010-11-11 14:36:00,2010-11-11 14:36:00,1,259.17,28,United Kingdom,5142
17559,2010-07-15 12:02:00,2010-07-15 12:02:00,1,167.62,12,United Kingdom,5143
17560,2010-02-17 12:11:00,2011-09-06 09:18:00,8,1895.8,55,United Kingdom,5144
17561,2009-12-06 13:29:00,2011-11-20 12:53:00,4,703.02,191,United Kingdom,5145
17562,2011-06-19 13:06:00,2011-11-25 14:21:00,7,1122.38,63,United Kingdom,5146
17563,2010-04-07 10:02:00,2010-05-10 14:54:00,2,392.38,29,United Kingdom,5147
17564,2011-09-20 14:00:00,2011-11-15 13:27:00,3,454.01,49,United Kingdom,5148
17565,2010-05-02 11:54:00,2010-05-02 11:54:00,1,131.83,30,United Kingdom,5149
17566,2011-11-14 13:42:00,2011-12-01 19:54:00,2,869.77,142,United Kingdom,5150
17567,2010-09-24 10:48:00,2011-12-02 15:48:00,9,5356.03,223,United Kingdom,5151
17568,2010-03-16 16:45:00,2010-03-16 16:45:00,1,374.45,62,United Kingdom,5152
17569,2011-01-11 14:15:00,2011-01-11 14:15:00,1,344.14,29,United Kingdom,5153
17571,2010-06-15 12:50:00,2011-10-20 15:57:00,5,1629.66,324,United Kingdom,5154
17572,2009-12-15 10:00:00,2011-09-29 17:53:00,10,723.01,36,United Kingdom,5155
17573,2011-09-07 10:36:00,2011-11-10 13:01:00,3,380.6,25,United Kingdom,5156
17574,2011-04-11 09:47:00,2011-04-11 09:47:00,1,185.65,8,United Kingdom,5157
17575,2010-02-10 13:48:00,2010-02-10 13:48:00,1,171.7,5,United Kingdom,5158
17576,2009-12-03 16:54:00,2011-12-01 17:56:00,41,8825.25,899,United Kingdom,5159
17577,2010-02-09 10:10:00,2010-03-04 13:01:00,2,348.75,21,United Kingdom,5160
17578,2010-06-28 11:55:00,2011-05-05 18:38:00,7,1047.33,65,United Kingdom,5161
17579,2010-05-10 14:28:00,2011-12-05 12:28:00,4,753.28,94,United Kingdom,5162
17580,2010-10-13 14:28:00,2011-04-01 12:41:00,5,538.07,93,United Kingdom,5163
17581,2009-12-03 12:34:00,2011-12-09 12:21:00,43,18737.95,849,United Kingdom,5164
17582,2010-03-26 12:23:00,2011-04-17 13:18:00,5,1446.95,122,United Kingdom,5165
17583,2010-05-28 14:24:00,2010-05-28 14:24:00,1,135.95,7,United Kingdom,5166
17584,2010-01-25 08:17:00,2011-12-02 17:12:00,6,5309.42,124,United Kingdom,5167
17585,2010-08-18 16:39:00,2011-08-22 13:30:00,7,2064.71,384,United Kingdom,5168
17586,2010-03-30 13:12:00,2010-03-30 13:12:00,1,167.4,8,United Kingdom,5169
17587,2010-03-21 14:16:00,2010-03-21 14:16:00,1,173.76,41,United Kingdom,5170
17588,2010-03-12 12:34:00,2011-08-31 13:37:00,7,2939.55,71,United Kingdom,5171
17589,2010-03-07 13:48:00,2011-10-10 16:58:00,18,13806.27,1299,United Kingdom,5172
17590,2011-10-30 14:05:00,2011-12-07 12:55:00,3,1466.77,195,United Kingdom,5173
17591,2010-01-17 16:09:00,2011-09-27 13:42:00,8,2723.62,247,United Kingdom,5174
17592,2009-12-01 10:49:00,2009-12-01 10:49:00,1,148.3,13,United Kingdom,5175
17593,2009-12-04 14:35:00,2011-12-06 10:30:00,11,8092.32,408,United Kingdom,5176
17594,2010-04-14 08:53:00,2011-09-15 16:34:00,4,2497.88,104,United Kingdom,5177
17595,2011-11-02 16:19:00,2011-11-27 16:08:00,2,386.69,82,United Kingdom,5178
17596,2009-12-15 13:21:00,2011-11-16 14:11:00,13,4882.43,545,United Kingdom,5179
17597,2010-05-05 15:33:00,2011-05-10 11:54:00,5,3484.09,128,United Kingdom,5180
17598,2010-11-23 17:43:00,2010-11-23 17:43:00,1,409.98,10,United Kingdom,5181
17599,2010-08-19 12:50:00,2010-08-19 12:50:00,1,52.05,3,United Kingdom,5182
17600,2011-11-22 09:43:00,2011-11-22 09:43:00,1,161.67000000000002,13,United Kingdom,5183
17601,2010-11-24 14:29:00,2011-04-14 18:02:00,2,412.65999999999997,71,United Kingdom,5184
17602,2010-03-30 17:25:00,2011-12-07 13:53:00,14,7354.43,909,United Kingdom,5185
17603,2009-12-10 09:44:00,2011-09-22 14:18:00,4,1788.38,106,United Kingdom,5186
17604,2010-01-27 12:19:00,2011-05-06 13:43:00,6,942.38,208,United Kingdom,5187
17605,2010-04-28 14:45:00,2010-04-28 14:45:00,1,160.75,13,United Kingdom,5188
17606,2009-12-02 13:32:00,2009-12-02 13:32:00,1,87.30000000000001,6,United Kingdom,5189
17607,2010-11-28 13:11:00,2010-11-28 13:11:00,1,333.81,22,United Kingdom,5190
17608,2010-04-11 13:37:00,2011-11-06 13:06:00,4,488.06,159,United Kingdom,5191
17609,2010-04-09 16:54:00,2011-10-30 12:28:00,11,1875.36,382,United Kingdom,5192
17610,2009-12-06 16:07:00,2010-06-17 16:34:00,5,1511.94,154,United Kingdom,5193
17611,2009-12-01 13:29:00,2011-12-02 13:29:00,28,8287.53,1111,United Kingdom,5194
17612,2009-12-17 11:59:00,2011-10-17 14:59:00,18,5394.86,340,United Kingdom,5195
17613,2011-02-07 11:20:00,2011-11-17 10:51:00,14,4544.55,306,United Kingdom,5196
17614,2011-10-13 16:01:00,2011-10-13 16:01:00,1,386.32,98,United Kingdom,5197
17615,2010-08-11 12:54:00,2011-08-01 14:06:00,6,721.8,56,United Kingdom,5198
17616,2010-09-14 10:43:00,2011-06-19 10:11:00,4,1060.8,5,United Kingdom,5199
17617,2010-05-30 12:48:00,2010-05-30 12:48:00,1,385.19,18,United Kingdom,5200
17618,2010-01-24 11:03:00,2011-12-04 11:50:00,11,4001.64,357,United Kingdom,5201
17619,2011-01-31 14:18:00,2011-01-31 14:18:00,1,214.37,74,United Kingdom,5202
17620,2011-10-11 12:08:00,2011-10-11 12:08:00,1,81.44,4,United Kingdom,5203
17621,2010-10-04 09:37:00,2011-11-18 17:11:00,6,3175.12,66,United Kingdom,5204
17622,2010-04-20 13:38:00,2010-04-21 12:36:00,2,1130.21,38,United Kingdom,5205
17623,2009-12-14 14:36:00,2011-11-07 11:32:00,7,2365.77,194,United Kingdom,5206
17624,2009-12-20 12:35:00,2011-11-25 10:52:00,4,1568.63,97,United Kingdom,5207
17625,2009-12-15 11:49:00,2011-11-21 13:36:00,8,5978.9,683,United Kingdom,5208
17626,2010-04-16 12:15:00,2010-04-16 12:15:00,1,254.0,18,United Kingdom,5209
17627,2010-08-18 11:27:00,2010-08-18 11:27:00,1,296.36,10,United Kingdom,5210
17628,2011-09-19 15:21:00,2011-09-19 15:21:00,1,75.75,5,United Kingdom,5211
17629,2010-10-14 13:35:00,2011-12-04 10:56:00,10,2455.52,156,United Kingdom,5212
17630,2011-04-21 14:03:00,2011-06-23 11:58:00,2,503.59999999999997,26,United Kingdom,5213
17631,2009-12-09 14:15:00,2011-12-08 09:47:00,7,998.49,69,United Kingdom,5214
17633,2010-11-15 14:55:00,2011-11-08 13:25:00,7,2057.39,101,United Kingdom,5215
17634,2011-01-06 12:45:00,2011-11-03 13:09:00,9,2358.59,296,United Kingdom,5216
17635,2010-04-28 10:51:00,2010-10-11 15:12:00,3,1265.58,74,United Kingdom,5217
17636,2011-11-20 14:40:00,2011-11-20 14:40:00,1,285.56,20,United Kingdom,5218
17637,2011-08-16 13:25:00,2011-11-08 12:51:00,2,547.0600000000001,35,United Kingdom,5219
17638,2009-12-18 09:58:00,2010-03-02 14:32:00,2,842.4,3,United Kingdom,5220
17639,2010-08-13 11:59:00,2011-03-08 15:22:00,6,615.17,79,United Kingdom,5221
17640,2010-03-23 09:15:00,2011-09-14 09:13:00,6,3168.94,66,United Kingdom,5222
17642,2009-12-05 16:01:00,2011-08-12 09:11:00,5,1824.49,108,United Kingdom,5223
17643,2010-07-22 13:07:00,2010-12-01 14:38:00,2,541.25,39,United Kingdom,5224
17644,2010-02-16 08:44:00,2011-12-08 13:43:00,20,6028.6,327,United Kingdom,5225
17646,2009-12-16 09:37:00,2011-05-04 13:17:00,12,4149.79,205,United Kingdom,5226
17647,2010-02-08 14:39:00,2011-10-05 15:38:00,3,331.65999999999997,12,United Kingdom,5227
17648,2010-11-19 16:41:00,2011-10-10 09:41:00,5,2216.37,125,United Kingdom,5228
17649,2010-08-24 13:01:00,2011-07-24 15:53:00,3,1578.89,98,United Kingdom,5229
17650,2011-11-18 14:52:00,2011-11-18 14:52:00,1,166.08,8,United Kingdom,5230
17651,2010-07-01 12:17:00,2011-11-28 10:29:00,16,5703.52,332,United Kingdom,5231
17652,2011-03-03 14:05:00,2011-11-14 12:55:00,12,4867.72,259,United Kingdom,5232
17653,2011-08-11 15:24:00,2011-11-03 12:46:00,4,1207.56,44,United Kingdom,5233
17654,2011-03-07 13:17:00,2011-03-07 13:17:00,1,117.55,22,United Kingdom,5234
17655,2010-10-19 10:20:00,2011-11-29 11:34:00,9,3652.48,120,United Kingdom,5235
17656,2011-08-03 10:45:00,2011-09-27 13:04:00,5,1674.69,82,United Kingdom,5236
17657,2010-10-05 14:52:00,2010-10-05 14:52:00,1,126.0,7,United Kingdom,5237
17658,2011-05-12 15:23:00,2011-11-14 12:07:00,2,595.42,19,United Kingdom,5238
17659,2010-11-18 14:20:00,2011-11-22 13:29:00,14,3834.79,204,United Kingdom,5239
17660,2009-12-02 16:02:00,2011-07-21 13:37:00,2,342.22,82,United Kingdom,5240
17662,2009-12-17 09:54:00,2010-02-16 09:38:00,2,412.92,15,United Kingdom,5241
17663,2010-03-04 11:42:00,2011-11-14 08:56:00,17,5175.83,238,United Kingdom,5242
17664,2010-03-29 17:17:00,2011-11-21 11:29:00,4,1166.23,80,United Kingdom,5243
17665,2010-08-03 13:12:00,2010-08-03 13:12:00,1,563.1,19,United Kingdom,5244
17666,2010-06-30 12:03:00,2011-12-06 09:06:00,5,2047.8,44,United Kingdom,5245
17667,2010-02-23 09:57:00,2011-10-04 14:32:00,9,3950.7,230,United Kingdom,5246
17668,2011-11-01 14:45:00,2011-12-08 13:25:00,2,347.75,15,United Kingdom,5247
17669,2010-04-01 18:48:00,2011-10-28 08:53:00,10,6142.35,144,United Kingdom,5248
17670,2011-04-26 09:12:00,2011-04-26 09:12:00,1,205.7,11,United Kingdom,5249
17671,2010-11-29 11:53:00,2011-11-24 12:21:00,5,2403.34,92,United Kingdom,5250
17672,2010-01-26 17:20:00,2011-10-20 14:18:00,7,5778.63,206,United Kingdom,5251
17673,2010-03-19 14:02:00,2011-12-08 12:50:00,13,4173.88,507,United Kingdom,5252
17674,2010-12-06 10:20:00,2011-09-26 13:35:00,2,851.7,38,United Kingdom,5253
17675,2009-12-10 16:10:00,2011-12-08 18:03:00,70,38259.6,1128,United Kingdom,5254
17676,2010-03-30 10:49:00,2011-12-05 15:16:00,10,2749.34,163,United Kingdom,5255
17677,2009-12-16 11:23:00,2011-12-08 09:56:00,54,36675.06,711,United Kingdom,5256
17678,2010-04-15 13:54:00,2011-03-21 11:52:00,2,599.76,28,United Kingdom,5257
17679,2009-12-03 17:32:00,2011-10-18 07:43:00,7,3577.61,81,United Kingdom,5258
17680,2010-07-16 16:07:00,2011-11-16 12:42:00,3,497.45,20,United Kingdom,5259
17681,2010-01-15 11:53:00,2010-04-21 17:22:00,5,731.2,14,United Kingdom,5260
17682,2010-03-08 09:49:00,2011-11-29 15:59:00,11,4456.78,238,United Kingdom,5261
17683,2010-06-03 17:15:00,2010-11-19 10:11:00,3,819.01,46,United Kingdom,5262
17684,2011-10-27 11:10:00,2011-10-27 11:10:00,1,239.41,15,United Kingdom,5263
17685,2010-02-11 13:44:00,2011-11-23 11:36:00,12,5907.47,210,United Kingdom,5264
17686,2010-06-24 09:49:00,2011-12-02 15:39:00,9,8296.81,429,United Kingdom,5265
17687,2010-10-15 12:30:00,2010-10-15 12:30:00,1,432.68,26,United Kingdom,5266
17688,2010-11-11 10:41:00,2010-11-11 10:41:00,1,304.2,19,United Kingdom,5267
17689,2010-08-22 13:54:00,2010-11-16 13:22:00,2,317.08,22,United Kingdom,5268
17690,2010-02-03 14:26:00,2011-11-09 15:17:00,20,7412.0,378,United Kingdom,5269
17691,2010-06-11 11:50:00,2010-12-16 17:20:00,4,780.0500000000001,52,United Kingdom,5270
17692,2010-06-17 11:14:00,2011-08-04 14:01:00,12,2960.44,161,United Kingdom,5271
17693,2011-07-25 15:48:00,2011-07-25 15:48:00,1,200.47,16,United Kingdom,5272
17694,2010-05-26 08:27:00,2011-07-21 12:00:00,3,1695.97,81,United Kingdom,5273
17695,2010-01-28 09:27:00,2011-07-31 10:40:00,5,1746.04,61,United Kingdom,5274
17696,2009-12-10 17:09:00,2011-11-01 13:43:00,27,7679.59,365,United Kingdom,5275
17697,2011-04-17 15:40:00,2011-04-17 15:40:00,1,338.95,19,United Kingdom,5276
17698,2011-03-24 11:34:00,2011-03-24 11:34:00,1,154.95,8,United Kingdom,5277
17699,2010-05-27 11:53:00,2010-08-20 09:39:00,2,442.0,19,United Kingdom,5278
17700,2009-12-01 11:37:00,2011-11-23 11:51:00,14,6679.97,360,United Kingdom,5279
17701,2011-04-01 12:25:00,2011-04-01 12:25:00,1,417.95,24,United Kingdom,5280
17702,2010-11-04 12:09:00,2011-11-09 16:03:00,6,3144.04,153,United Kingdom,5281
17703,2010-10-17 16:16:00,2011-11-04 15:51:00,4,1094.84,78,United Kingdom,5282
17704,2011-04-14 09:28:00,2011-06-24 09:40:00,2,885.19,31,United Kingdom,5283
17705,2010-05-12 09:47:00,2011-12-06 13:45:00,11,2083.9,120,United Kingdom,5284
17706,2010-01-19 12:13:00,2011-12-05 13:34:00,31,20749.98,765,United Kingdom,5285
17707,2009-12-07 12:19:00,2011-06-07 15:03:00,8,609.3000000000001,24,United Kingdom,5286
17708,2010-10-12 12:13:00,2011-06-05 10:12:00,4,884.1800000000001,73,United Kingdom,5287
17709,2010-04-15 14:48:00,2011-06-23 11:55:00,5,671.01,40,United Kingdom,5288
17710,2010-10-12 07:49:00,2010-10-12 07:49:00,1,293.5,20,United Kingdom,5289
17711,2011-02-23 11:32:00,2011-11-29 11:40:00,2,385.1,23,United Kingdom,5290
17712,2011-10-26 12:28:00,2011-10-26 12:28:00,1,522.91,29,United Kingdom,5291
17713,2010-06-09 09:33:00,2010-11-22 16:50:00,4,1198.09,76,United Kingdom,5292
17714,2010-07-14 10:41:00,2011-01-23 10:32:00,5,1410.18,81,United Kingdom,5293
17715,2010-04-26 12:17:00,2011-05-23 12:32:00,2,489.59999999999997,2,United Kingdom,5294
17716,2009-12-02 17:18:00,2011-11-17 12:00:00,24,15956.97,601,United Kingdom,5295
17717,2010-10-14 12:54:00,2010-10-14 12:54:00,1,376.92,26,United Kingdom,5296
17718,2010-03-05 08:01:00,2011-04-21 13:39:00,2,439.18,23,United Kingdom,5297
17719,2011-03-29 11:29:00,2011-11-02 10:36:00,15,5396.04,274,United Kingdom,5298
17720,2010-05-10 09:58:00,2011-11-13 15:04:00,10,2768.91,133,United Kingdom,5299
17721,2010-02-18 15:18:00,2010-02-18 15:18:00,1,307.21000000000004,11,United Kingdom,5300
17722,2010-11-29 09:44:00,2011-09-04 15:22:00,5,4430.36,219,United Kingdom,5301
17723,2010-11-29 10:35:00,2011-08-04 18:37:00,7,3378.4000000000005,12,United Kingdom,5302
17724,2011-07-24 13:26:00,2011-09-29 15:26:00,3,1033.0,40,United Kingdom,5303
17725,2011-03-17 19:47:00,2011-11-23 16:34:00,11,3439.08,192,United Kingdom,5304
17726,2010-01-26 14:58:00,2010-11-09 13:37:00,7,1092.06,64,United Kingdom,5305
17727,2011-11-24 17:06:00,2011-11-24 17:06:00,1,1060.25,66,United Kingdom,5306
17728,2010-09-12 14:58:00,2011-12-06 08:52:00,5,4238.76,244,United Kingdom,5307
17729,2010-04-22 15:03:00,2010-04-22 15:03:00,1,438.65000000000003,23,United Kingdom,5308
17730,2010-04-29 11:48:00,2011-12-06 15:43:00,20,7773.8,314,United Kingdom,5309
17731,2010-02-09 12:37:00,2011-09-21 15:02:00,6,1708.99,99,United Kingdom,5310
17732,2010-08-09 08:41:00,2010-12-02 09:29:00,8,2470.39,140,United Kingdom,5311
17733,2011-03-23 09:54:00,2011-11-01 08:16:00,2,692.19,35,United Kingdom,5312
17734,2010-03-07 13:55:00,2011-10-17 12:33:00,6,1442.32,86,United Kingdom,5313
17735,2010-07-30 13:25:00,2011-12-07 16:47:00,26,17244.93,896,United Kingdom,5314
17736,2011-08-18 14:33:00,2011-11-30 15:36:00,3,377.44,25,United Kingdom,5315
17737,2011-10-12 14:42:00,2011-11-30 15:16:00,2,168.24,10,United Kingdom,5316
17738,2010-03-19 10:07:00,2011-11-20 15:05:00,13,4183.56,230,United Kingdom,5317
17739,2009-12-07 10:48:00,2011-11-28 09:12:00,18,7730.59,149,United Kingdom,5318
17740,2010-01-11 13:11:00,2010-11-15 16:33:00,6,426.9,9,United Kingdom,5319
17741,2010-05-28 12:11:00,2010-10-29 11:59:00,2,101.1,6,United Kingdom,5320
17742,2009-12-01 13:16:00,2011-08-18 15:28:00,11,2098.48,85,United Kingdom,5321
17743,2010-09-17 14:54:00,2010-09-17 14:54:00,1,229.2,3,United Kingdom,5322
17744,2010-11-24 09:34:00,2011-12-06 12:11:00,7,2649.14,151,United Kingdom,5323
17745,2010-06-02 09:03:00,2010-08-19 12:30:00,2,600.34,28,United Kingdom,5324
17746,2010-04-08 12:54:00,2011-04-13 14:31:00,4,904.1800000000001,36,United Kingdom,5325
17747,2011-08-19 08:13:00,2011-08-19 08:13:00,1,71.4,1,United Kingdom,5326
17748,2010-06-30 13:49:00,2010-06-30 13:49:00,1,358.15,17,United Kingdom,5327
17749,2010-06-11 14:56:00,2011-06-14 15:45:00,3,1026.18,57,United Kingdom,5328
17750,2011-06-28 15:44:00,2011-12-04 14:09:00,9,1694.16,182,United Kingdom,5329
17751,2010-10-14 13:57:00,2010-10-14 13:57:00,1,157.85999999999999,32,United Kingdom,5330
17752,2010-12-15 16:19:00,2010-12-15 16:19:00,1,80.64,1,United Kingdom,5331
17753,2010-01-06 14:20:00,2010-09-01 15:49:00,4,382.06,69,United Kingdom,5332
17754,2009-12-11 15:52:00,2011-12-09 11:20:00,13,4451.22,223,United Kingdom,5333
17756,2010-11-10 12:54:00,2010-11-29 12:20:00,3,728.75,84,United Kingdom,5334
17757,2010-01-13 15:56:00,2011-12-08 15:31:00,56,9362.55,1298,United Kingdom,5335
17758,2010-05-20 13:18:00,2011-11-20 14:45:00,12,4964.03,528,United Kingdom,5336
17759,2010-05-05 11:40:00,2011-11-22 16:02:00,5,1260.63,132,United Kingdom,5337
17760,2010-02-28 12:15:00,2011-11-18 10:56:00,6,918.93,76,United Kingdom,5338
17761,2011-11-07 10:23:00,2011-11-07 10:23:00,1,712.78,19,United Kingdom,5339
17762,2010-09-09 17:40:00,2010-09-09 17:40:00,1,129.75,17,United Kingdom,5340
17763,2010-02-18 14:32:00,2011-03-21 14:25:00,4,86.15,14,United Kingdom,5341
17764,2009-12-03 14:28:00,2011-10-20 11:03:00,5,1513.57,149,United Kingdom,5342
17765,2010-09-17 12:45:00,2011-07-04 12:41:00,4,524.0,81,United Kingdom,5343
17766,2010-11-23 14:17:00,2010-11-23 14:29:00,2,299.61,22,United Kingdom,5344
17767,2010-10-25 16:22:00,2011-11-24 14:42:00,2,413.05,39,United Kingdom,5345
17768,2009-12-02 12:26:00,2011-12-01 13:22:00,7,3292.73,182,United Kingdom,5346
17769,2010-01-19 11:33:00,2011-11-27 11:18:00,17,7053.38,583,United Kingdom,5347
17770,2011-03-02 13:35:00,2011-05-25 12:34:00,5,1143.27,38,United Kingdom,5348
17771,2010-04-29 13:21:00,2011-10-14 11:43:00,4,386.93,68,United Kingdom,5349
17772,2010-11-12 11:31:00,2011-11-29 11:05:00,3,360.75,96,United Kingdom,5350
17773,2010-01-18 14:32:00,2010-07-13 14:07:00,2,575.37,55,United Kingdom,5351
17774,2010-02-08 16:06:00,2011-09-04 12:49:00,9,3272.83,396,United Kingdom,5352
17775,2011-03-30 10:50:00,2011-03-30 10:50:00,1,56.4,3,United Kingdom,5353
17776,2009-12-16 14:59:00,2010-11-18 12:14:00,2,329.3,79,United Kingdom,5354
17777,2011-08-31 14:35:00,2011-11-15 12:02:00,3,647.56,190,United Kingdom,5355
17778,2010-02-16 12:44:00,2010-02-16 12:44:00,1,197.70000000000002,10,United Kingdom,5356
17779,2011-07-19 12:19:00,2011-11-18 14:15:00,3,650.32,81,United Kingdom,5357
17780,2010-01-24 11:21:00,2010-02-10 13:43:00,3,346.56,79,United Kingdom,5358
17781,2011-03-31 19:54:00,2011-07-03 16:00:00,2,188.02,12,United Kingdom,5359
17782,2010-11-22 10:03:00,2010-11-22 11:15:00,2,679.02,29,United Kingdom,5360
17783,2010-07-15 12:50:00,2011-09-28 16:07:00,3,376.96,91,United Kingdom,5361
17784,2010-06-07 16:08:00,2010-06-07 16:08:00,1,112.86,23,United Kingdom,5362
17785,2010-05-23 13:01:00,2011-10-17 13:43:00,3,403.38,51,United Kingdom,5363
17786,2011-01-26 14:35:00,2011-09-15 12:51:00,2,266.85,68,United Kingdom,5364
17787,2010-12-03 13:43:00,2011-07-10 11:24:00,4,2553.82,159,United Kingdom,5365
17788,2011-08-02 10:38:00,2011-09-27 10:09:00,2,1112.95,4,United Kingdom,5366
17789,2010-02-16 13:16:00,2011-03-03 13:14:00,2,397.15,29,United Kingdom,5367
17790,2010-06-13 13:30:00,2011-11-13 11:30:00,20,2779.41,302,United Kingdom,5368
17791,2011-11-10 12:09:00,2011-11-10 12:09:00,1,106.1,10,United Kingdom,5369
17792,2010-08-18 13:08:00,2010-08-29 14:30:00,2,368.35,52,United Kingdom,5370
17793,2011-11-14 14:24:00,2011-11-14 14:24:00,1,300.34,52,United Kingdom,5371
17794,2010-01-20 12:17:00,2010-01-22 10:18:00,2,147.3,7,United Kingdom,5372
17795,2011-03-20 12:02:00,2011-06-13 12:36:00,2,342.83,45,United Kingdom,5373
17796,2010-10-14 13:37:00,2011-10-30 15:38:00,7,1351.04,222,United Kingdom,5374
17797,2009-12-15 14:30:00,2011-11-17 13:21:00,8,1971.87,271,United Kingdom,5375
17798,2010-05-07 11:42:00,2010-05-07 11:42:00,1,172.17,44,United Kingdom,5376
17799,2009-12-13 16:03:00,2011-11-17 15:16:00,20,6246.93,904,United Kingdom,5377
17800,2011-01-09 13:50:00,2011-11-02 12:57:00,9,1186.21,102,United Kingdom,5378
17801,2010-01-17 11:31:00,2010-09-14 14:32:00,3,770.03,81,United Kingdom,5379
17802,2009-12-13 13:39:00,2011-09-18 14:56:00,10,5046.42,536,United Kingdom,5380
17803,2010-11-12 13:53:00,2010-11-12 13:53:00,1,184.66,27,United Kingdom,5381
17804,2009-12-01 12:22:00,2010-11-28 14:01:00,3,383.78000000000003,91,United Kingdom,5382
17805,2010-04-08 14:36:00,2011-09-27 11:49:00,2,927.03,11,United Kingdom,5383
17806,2011-11-28 14:12:00,2011-11-28 14:12:00,1,546.04,43,United Kingdom,5384
17807,2010-01-04 14:00:00,2010-11-09 16:21:00,3,437.87,89,United Kingdom,5385
17808,2010-05-07 16:26:00,2010-06-09 10:44:00,4,262.64,33,United Kingdom,5386
17809,2009-12-02 14:52:00,2011-11-23 12:59:00,20,11337.39,112,United Kingdom,5387
17810,2010-01-25 10:26:00,2010-02-09 10:47:00,2,343.21,54,United Kingdom,5388
17811,2010-09-20 11:24:00,2011-12-05 13:46:00,47,9513.1,1151,United Kingdom,5389
17812,2010-06-27 13:34:00,2011-11-27 11:47:00,7,1105.29,218,United Kingdom,5390
17813,2011-09-29 15:57:00,2011-11-25 16:13:00,5,1698.07,348,United Kingdom,5391
17814,2010-10-13 14:03:00,2010-11-29 14:21:00,2,1609.37,143,United Kingdom,5392
17815,2010-11-11 14:39:00,2010-11-11 14:39:00,1,591.96,13,United Kingdom,5393
17816,2009-12-15 15:27:00,2011-11-03 11:34:00,6,112.32,55,United Kingdom,5394
17817,2010-10-13 15:07:00,2011-12-05 14:39:00,6,788.15,134,United Kingdom,5395
17818,2009-12-02 11:34:00,2009-12-02 11:34:00,1,124.78,42,United Kingdom,5396
17819,2009-12-13 15:24:00,2011-09-29 10:52:00,12,6612.5199999999995,101,United Kingdom,5397
17820,2010-11-30 17:43:00,2010-11-30 17:43:00,1,180.60999999999999,41,United Kingdom,5398
17821,2010-10-29 13:20:00,2010-10-29 13:20:00,1,334.62,6,United Kingdom,5399
17822,2010-05-28 12:15:00,2010-10-15 13:47:00,5,2154.08,168,United Kingdom,5400
17823,2010-10-14 16:14:00,2010-10-14 16:24:00,2,449.25,100,United Kingdom,5401
17824,2011-10-19 14:14:00,2011-10-19 14:14:00,1,298.4,13,United Kingdom,5402
17825,2009-12-14 12:09:00,2010-04-20 12:01:00,4,701.96,27,United Kingdom,5403
17826,2010-11-30 13:23:00,2010-11-30 13:23:00,1,133.34,33,United Kingdom,5404
17827,2010-03-28 12:20:00,2011-12-04 15:00:00,6,2376.17,281,United Kingdom,5405
17828,2011-06-08 08:31:00,2011-11-17 08:41:00,4,1165.09,64,Malta,5406
17829,2010-02-22 15:39:00,2011-02-14 12:46:00,5,4756.74,171,United Arab Emirates,5407
17830,2011-02-24 10:15:00,2011-12-08 12:28:00,3,398.7,23,United Kingdom,5408
17831,2011-11-06 15:09:00,2011-11-06 15:09:00,1,35.400000000000006,2,United Kingdom,5409
17832,2011-10-21 11:43:00,2011-10-21 11:43:00,1,155.37,61,United Kingdom,5410
17833,2009-12-16 13:40:00,2009-12-16 13:40:00,1,338.46000000000004,31,United Kingdom,5411
17834,2010-09-20 15:32:00,2010-10-21 12:09:00,2,689.6700000000001,58,United Kingdom,5412
17835,2011-11-16 16:30:00,2011-12-07 11:48:00,3,342.24,59,United Kingdom,5413
17836,2011-10-23 16:13:00,2011-10-23 16:13:00,1,109.83,23,United Kingdom,5414
17837,2011-06-29 16:44:00,2011-10-28 16:13:00,8,1535.33,161,United Kingdom,5415
17838,2010-03-19 09:53:00,2011-11-13 11:20:00,13,6507.5,295,United Kingdom,5416
17839,2011-10-28 17:27:00,2011-10-28 17:27:00,1,318.15,52,United Kingdom,5417
17840,2010-09-22 12:24:00,2010-09-22 12:24:00,1,175.9,50,United Kingdom,5418
17841,2009-12-02 15:41:00,2011-12-08 12:07:00,211,70056.56,12610,United Kingdom,5419
17842,2010-04-16 14:23:00,2010-04-16 14:23:00,1,430.69,18,United Kingdom,5420
17843,2010-10-24 10:56:00,2011-02-09 15:33:00,2,312.65,60,United Kingdom,5421
17844,2011-08-25 11:27:00,2011-08-25 11:27:00,1,51.559999999999995,5,Canada,5422
17845,2010-05-12 13:04:00,2010-06-02 15:20:00,4,596.09,47,United Kingdom,5423
17847,2010-03-04 12:57:00,2010-07-12 10:00:00,2,125.74000000000001,8,United Kingdom,5424
17848,2009-12-06 13:19:00,2011-09-19 16:49:00,30,3538.46,162,United Kingdom,5425
17849,2010-03-14 15:17:00,2011-05-05 13:46:00,8,1063.76,50,United Kingdom,5426
17850,2009-12-05 12:28:00,2010-12-02 15:27:00,155,56600.08,2796,United Kingdom,5427
17851,2009-12-03 17:46:00,2010-10-13 15:13:00,6,1552.35,232,United Kingdom,5428
17852,2009-12-08 12:51:00,2011-11-28 12:36:00,5,657.8100000000001,108,United Kingdom,5429
17853,2009-12-03 15:09:00,2010-10-28 15:29:00,3,1596.29,105,United Kingdom,5430
17854,2009-12-08 11:13:00,2011-06-07 16:21:00,6,1068.5,118,United Kingdom,5431
17855,2010-12-02 09:44:00,2010-12-02 09:44:00,1,417.94,34,United Kingdom,5432
17856,2011-03-03 11:40:00,2011-12-08 09:40:00,4,1418.03,15,United Kingdom,5433
17857,2010-03-08 12:09:00,2011-12-05 13:13:00,23,27104.74,54,United Kingdom,5434
17858,2009-12-06 15:41:00,2011-12-04 11:56:00,30,12754.9,390,United Kingdom,5435
17859,2011-02-08 10:32:00,2011-02-08 10:32:00,1,141.92000000000002,23,United Kingdom,5436
17860,2009-12-11 16:48:00,2010-12-06 12:41:00,4,943.84,214,United Kingdom,5437
17861,2009-12-10 11:27:00,2011-12-06 16:21:00,18,5088.29,558,United Kingdom,5438
17862,2010-05-25 17:22:00,2011-01-20 12:23:00,4,1254.89,99,United Kingdom,5439
17863,2010-02-25 12:01:00,2011-10-11 13:45:00,12,5745.2,276,United Kingdom,5440
17864,2010-10-08 11:49:00,2011-11-27 11:15:00,5,876.57,132,United Kingdom,5441
17865,2009-12-01 10:49:00,2011-11-09 12:08:00,46,26310.09,1009,United Kingdom,5442
17866,2009-12-14 16:01:00,2011-07-20 11:07:00,3,1134.95,26,United Kingdom,5443
17867,2009-12-02 13:39:00,2011-11-09 14:15:00,15,1577.0500000000002,129,United Kingdom,5444
17868,2010-11-18 18:55:00,2010-11-18 18:55:00,1,227.15,18,United Kingdom,5445
17869,2010-06-10 13:47:00,2011-08-24 16:16:00,7,1027.96,96,United Kingdom,5446
17870,2010-11-23 11:39:00,2011-12-07 15:07:00,13,3079.69,273,United Kingdom,5447
17871,2010-01-15 14:48:00,2011-05-19 11:32:00,5,1068.95,83,United Kingdom,5448
17872,2010-11-23 12:02:00,2010-11-23 12:02:00,1,235.87,15,United Kingdom,5449
17873,2009-12-16 15:11:00,2011-09-20 16:41:00,18,6340.900000000001,175,United Kingdom,5450
17874,2011-03-29 11:25:00,2011-06-07 12:54:00,6,683.46,46,United Kingdom,5451
17875,2010-01-20 15:30:00,2010-01-20 15:30:00,1,167.1,26,United Kingdom,5452
17876,2010-02-02 13:00:00,2010-11-05 10:52:00,3,3424.02,4,United Kingdom,5453
17877,2011-06-22 13:00:00,2011-06-22 13:00:00,1,237.61,12,United Kingdom,5454
17878,2010-11-09 13:50:00,2011-10-27 11:24:00,3,1378.93,82,United Kingdom,5455
17879,2011-06-19 12:36:00,2011-06-19 12:36:00,1,178.51999999999998,6,United Kingdom,5456
17880,2009-12-09 16:13:00,2010-12-10 10:21:00,3,824.9200000000001,45,United Kingdom,5457
17881,2011-02-08 17:16:00,2011-02-08 17:16:00,1,133.35000000000002,8,United Kingdom,5458
17882,2010-11-25 14:35:00,2010-11-25 14:40:00,2,291.56,53,United Kingdom,5459
17883,2010-02-25 20:07:00,2011-12-06 17:49:00,7,988.42,173,United Kingdom,5460
17884,2009-12-04 16:23:00,2011-12-06 11:33:00,20,3015.99,468,United Kingdom,5461
17885,2011-11-27 14:40:00,2011-11-27 14:40:00,1,156.34,53,United Kingdom,5462
17886,2010-04-29 11:10:00,2011-11-08 10:09:00,6,1572.55,166,United Kingdom,5463
17887,2011-08-02 17:29:00,2011-08-02 17:29:00,1,111.35,10,United Kingdom,5464
17888,2009-12-21 16:34:00,2011-11-18 13:45:00,25,1807.44,160,United Kingdom,5465
17889,2010-03-31 10:54:00,2011-05-11 16:26:00,7,746.42,116,United Kingdom,5466
17890,2010-12-13 15:12:00,2011-01-21 11:19:00,2,586.89,91,United Kingdom,5467
17891,2011-06-30 20:08:00,2011-06-30 20:08:00,1,203.85999999999999,34,United Kingdom,5468
17892,2011-07-07 12:56:00,2011-10-14 16:49:00,3,244.1,28,United Kingdom,5469
17893,2011-04-28 13:50:00,2011-04-28 13:50:00,1,107.21,15,United Kingdom,5470
17894,2010-08-27 14:13:00,2011-09-29 09:23:00,18,2410.93,412,United Kingdom,5471
17895,2011-10-26 17:00:00,2011-10-26 17:00:00,1,95.45,15,United Kingdom,5472
17896,2011-11-16 13:59:00,2011-11-16 13:59:00,1,256.32,2,United Kingdom,5473
17897,2010-05-12 16:03:00,2011-06-20 11:23:00,9,2463.71,327,United Kingdom,5474
17898,2010-05-21 17:22:00,2011-09-15 14:56:00,4,299.18,50,United Kingdom,5475
17899,2011-07-03 14:58:00,2011-07-03 14:58:00,1,154.55,31,United Kingdom,5476
17900,2011-06-02 14:28:00,2011-06-02 14:38:00,2,112.19999999999999,6,United Kingdom,5477
17901,2010-07-06 10:54:00,2011-11-10 17:29:00,3,260.08,22,United Kingdom,5478
17902,2010-06-11 12:25:00,2010-06-11 12:25:00,1,216.39999999999998,24,United Kingdom,5479
17903,2010-11-10 15:39:00,2010-11-10 15:39:00,1,381.09000000000003,45,United Kingdom,5480
17904,2011-11-18 12:57:00,2011-11-18 12:57:00,1,181.07,34,United Kingdom,5481
17905,2010-01-28 17:54:00,2011-09-29 17:33:00,13,2368.87,167,United Kingdom,5482
17906,2011-04-06 17:25:00,2011-04-06 17:25:00,1,72.9,12,United Kingdom,5483
17907,2010-03-09 12:33:00,2010-03-09 12:33:00,1,291.76,13,United Kingdom,5484
17908,2009-12-14 12:24:00,2010-12-01 11:45:00,5,1374.5,262,United Kingdom,5485
17909,2009-12-02 13:10:00,2009-12-02 13:10:00,1,110.05,8,United Kingdom,5486
17910,2009-12-13 16:04:00,2009-12-13 16:04:00,1,261.7,26,United Kingdom,5487
17911,2011-11-30 14:52:00,2011-11-30 14:52:00,1,366.23,39,United Kingdom,5488
17912,2010-11-29 13:53:00,2011-02-02 14:25:00,6,371.6,49,United Kingdom,5489
17913,2009-12-03 13:02:00,2011-10-12 10:45:00,14,3425.09,465,United Kingdom,5490
17914,2011-12-06 11:58:00,2011-12-06 11:58:00,1,329.36,75,United Kingdom,5491
17915,2010-06-06 13:22:00,2010-06-06 13:22:00,1,225.78,29,United Kingdom,5492
17916,2009-12-06 14:10:00,2010-03-21 12:26:00,2,43.87,19,United Kingdom,5493
17917,2010-12-12 12:08:00,2011-10-25 13:20:00,3,335.03,92,United Kingdom,5494
17918,2010-07-22 14:20:00,2010-07-27 11:51:00,3,388.44,39,United Kingdom,5495
17919,2010-09-27 10:40:00,2011-09-12 13:41:00,2,1840.32,40,United Kingdom,5496
17920,2009-12-06 10:37:00,2011-12-05 14:29:00,54,24232.94,1720,United Kingdom,5497
17921,2010-07-15 20:05:00,2011-10-06 18:56:00,10,2394.36,360,United Kingdom,5498
17922,2010-06-14 16:32:00,2010-06-14 16:32:00,1,170.4,8,United Kingdom,5499
17923,2010-06-13 13:58:00,2011-03-02 15:15:00,3,497.0,3,United Kingdom,5500
17924,2010-10-21 12:17:00,2011-11-28 09:11:00,8,3536.7000000000003,35,United Kingdom,5501
17925,2010-12-02 10:10:00,2010-12-02 10:10:00,1,488.16,2,United Kingdom,5502
17926,2010-05-09 14:07:00,2011-07-29 14:39:00,5,1035.49,44,United Kingdom,5503
17927,2009-12-18 11:03:00,2009-12-18 11:03:00,1,294.0,10,United Kingdom,5504
17928,2010-05-17 15:30:00,2011-10-25 13:52:00,3,313.16,26,United Kingdom,5505
17929,2009-12-09 11:40:00,2011-11-28 16:01:00,12,3082.1,15,United Kingdom,5506
17930,2010-03-04 10:41:00,2011-11-04 10:23:00,13,4275.22,87,United Kingdom,5507
17931,2010-02-16 15:47:00,2011-07-28 18:33:00,14,3402.24,351,United Kingdom,5508
17932,2011-05-12 13:58:00,2011-11-10 19:49:00,3,1331.57,90,United Kingdom,5509
17933,2010-03-17 15:11:00,2010-03-17 15:11:00,1,105.99,13,United Kingdom,5510
17934,2010-10-29 12:23:00,2011-10-19 11:16:00,3,1049.15,41,United Kingdom,5511
17935,2009-12-04 14:33:00,2011-07-24 13:18:00,7,683.24,63,United Kingdom,5512
17936,2011-12-04 13:32:00,2011-12-04 13:32:00,1,380.13,72,United Kingdom,5513
17937,2010-12-12 14:43:00,2011-12-01 11:45:00,7,4301.22,43,United Kingdom,5514
17938,2010-10-15 14:27:00,2010-10-15 14:27:00,1,144.29,29,United Kingdom,5515
17939,2011-07-03 12:27:00,2011-07-03 12:27:00,1,99.14,12,United Kingdom,5516
17940,2009-12-03 12:31:00,2011-10-21 13:27:00,15,28438.93,34,United Kingdom,5517
17941,2010-01-06 15:37:00,2011-08-01 08:30:00,4,1433.28,7,United Kingdom,5518
17942,2011-12-02 10:45:00,2011-12-02 10:45:00,1,77.50000000000001,2,United Kingdom,5519
17944,2010-10-12 16:25:00,2010-10-12 16:25:00,1,74.99,25,United Kingdom,5520
17945,2010-01-12 11:33:00,2010-01-12 11:40:00,3,359.5,71,United Kingdom,5521
17946,2011-03-25 14:34:00,2011-04-20 17:00:00,2,149.57999999999998,20,United Kingdom,5522
17947,2011-11-02 13:05:00,2011-11-02 13:05:00,1,176.68,9,United Kingdom,5523
17948,2011-07-15 12:58:00,2011-07-15 12:58:00,1,358.56000000000006,1,United Kingdom,5524
17949,2009-12-02 11:07:00,2011-12-08 18:46:00,116,109147.48,154,United Kingdom,5525
17950,2010-01-04 17:39:00,2011-09-28 15:18:00,7,1429.46,204,United Kingdom,5526
17951,2010-10-31 15:15:00,2011-10-31 12:30:00,4,1636.0800000000002,33,United Kingdom,5527
17952,2010-06-16 11:54:00,2010-11-26 13:54:00,4,788.46,98,United Kingdom,5528
17953,2010-06-17 15:08:00,2010-06-17 15:08:00,1,148.67000000000002,19,United Kingdom,5529
17954,2009-12-09 13:22:00,2011-12-04 14:15:00,19,3930.51,757,United Kingdom,5530
17955,2010-02-12 16:27:00,2011-05-25 12:00:00,6,949.9,22,United Kingdom,5531
17956,2011-04-04 13:47:00,2011-04-04 13:47:00,1,12.75,1,United Kingdom,5532
17957,2011-10-04 14:58:00,2011-10-04 14:58:00,1,110.72,30,United Kingdom,5533
17958,2009-12-11 15:37:00,2011-08-15 12:19:00,2,973.88,36,United Kingdom,5534
17959,2010-04-26 14:12:00,2010-04-26 14:12:00,1,140.75,2,United Kingdom,5535
17960,2010-03-08 12:22:00,2011-06-21 14:15:00,3,135.08,37,United Kingdom,5536
17961,2009-12-01 14:48:00,2011-11-18 16:55:00,100,2994.29,659,United Kingdom,5537
17962,2010-01-13 15:24:00,2011-07-20 14:16:00,4,665.91,182,United Kingdom,5538
17963,2010-01-19 17:25:00,2010-08-25 15:58:00,4,643.16,109,United Kingdom,5539
17964,2010-12-02 13:32:00,2011-11-08 10:44:00,2,724.97,133,United Kingdom,5540
17965,2009-12-14 13:19:00,2011-11-02 09:31:00,29,7153.45,839,United Kingdom,5541
17966,2010-01-18 13:24:00,2011-11-02 10:26:00,10,1963.92,113,United Kingdom,5542
17967,2010-10-19 13:19:00,2010-12-03 11:19:00,2,335.69,103,United Kingdom,5543
17968,2010-07-15 15:01:00,2010-12-01 12:23:00,4,855.54,209,United Kingdom,5544
17969,2009-12-06 13:53:00,2011-06-26 13:00:00,20,2354.29,204,United Kingdom,5545
17970,2011-05-12 20:03:00,2011-05-12 20:03:00,1,562.79,29,United Kingdom,5546
17971,2010-06-09 14:04:00,2010-06-09 14:04:00,1,161.94,21,United Kingdom,5547
17972,2011-04-12 12:16:00,2011-04-12 12:16:00,1,135.19,30,United Kingdom,5548
17973,2011-10-19 10:34:00,2011-10-19 10:34:00,1,337.04,15,United Kingdom,5549
17974,2010-10-28 20:03:00,2011-11-15 11:37:00,6,1739.09,361,United Kingdom,5550
17975,2010-08-06 11:24:00,2011-11-24 13:27:00,24,7007.13,473,United Kingdom,5551
17976,2010-12-02 13:49:00,2010-12-02 13:49:00,1,643.58,114,United Kingdom,5552
17977,2010-11-04 14:26:00,2011-11-10 13:28:00,2,1511.45,104,United Kingdom,5553
17978,2009-12-08 13:27:00,2010-12-09 14:05:00,4,1460.9099999999999,79,United Kingdom,5554
17979,2011-03-25 11:34:00,2011-11-04 12:05:00,4,729.01,137,United Kingdom,5555
17980,2010-11-11 14:42:00,2011-06-27 12:01:00,4,1012.72,61,United Kingdom,5556
17981,2010-10-25 10:40:00,2010-10-25 10:40:00,1,239.12,17,United Kingdom,5557
17982,2010-01-28 09:38:00,2010-01-28 09:38:00,1,138.18,13,United Kingdom,5558
17983,2010-11-09 13:23:00,2010-11-09 13:24:00,1,171.71,24,United Kingdom,5559
17984,2009-12-01 11:51:00,2011-07-17 15:59:00,5,1148.69,241,United Kingdom,5560
17985,2011-11-17 14:24:00,2011-11-17 14:24:00,1,631.35,21,United Kingdom,5561
17986,2011-10-14 14:22:00,2011-10-14 14:22:00,1,20.8,1,United Kingdom,5562
17987,2010-06-07 11:23:00,2011-06-07 14:22:00,5,965.4399999999999,164,United Kingdom,5563
17988,2009-12-07 13:35:00,2011-11-28 11:00:00,13,485.69,121,United Kingdom,5564
17989,2010-11-25 13:49:00,2010-11-25 13:49:00,1,207.32999999999998,29,United Kingdom,5565
17990,2009-12-07 15:19:00,2011-04-17 11:44:00,6,1527.6100000000001,57,United Kingdom,5566
17991,2010-04-27 12:46:00,2011-04-28 15:58:00,3,298.65,37,United Kingdom,5567
17992,2010-11-15 13:04:00,2010-11-15 13:04:00,1,252.88,52,United Kingdom,5568
17993,2010-04-01 14:23:00,2010-04-01 14:23:00,1,225.99,60,United Kingdom,5569
17994,2010-03-29 10:37:00,2011-08-10 11:41:00,11,2264.0299999999997,304,United Kingdom,5570
17995,2010-11-17 17:01:00,2011-03-03 12:30:00,3,495.48,29,United Kingdom,5571
17996,2010-06-11 11:48:00,2010-11-25 11:00:00,3,469.73,66,United Kingdom,5572
17997,2011-06-28 17:28:00,2011-09-26 16:13:00,8,1962.46,164,United Kingdom,5573
17998,2009-12-01 13:07:00,2010-11-24 15:31:00,3,639.24,58,United Kingdom,5574
17999,2010-11-26 13:16:00,2011-11-02 15:56:00,3,718.8,172,United Kingdom,5575
18000,2010-05-24 17:34:00,2010-05-24 17:34:00,1,124.25,6,United Kingdom,5576
18001,2009-12-02 15:38:00,2011-11-27 16:02:00,6,924.14,132,United Kingdom,5577
18002,2009-12-08 11:07:00,2010-11-29 10:57:00,4,237.62,52,United Kingdom,5578
18003,2010-11-28 15:09:00,2010-11-28 15:09:00,1,353.51,23,United Kingdom,5579
18004,2010-12-12 13:47:00,2010-12-12 13:47:00,1,157.92,37,United Kingdom,5580
18005,2011-10-23 14:40:00,2011-12-06 11:51:00,2,226.47,53,United Kingdom,5581
18006,2009-12-17 12:27:00,2011-11-16 16:52:00,4,969.51,63,United Kingdom,5582
18007,2010-11-12 11:08:00,2010-11-12 11:08:00,1,215.22,50,United Kingdom,5583
18008,2010-01-06 12:35:00,2011-09-30 15:17:00,23,19759.079999999998,97,United Kingdom,5584
18009,2010-02-25 11:49:00,2011-04-18 13:36:00,8,2144.23,179,United Kingdom,5585
18010,2011-03-28 12:27:00,2011-03-28 12:27:00,1,174.8,14,United Kingdom,5586
18011,2010-05-21 13:28:00,2010-12-01 17:35:00,2,513.58,91,United Kingdom,5587
18012,2009-12-16 13:16:00,2009-12-16 13:16:00,1,115.3,13,United Kingdom,5588
18013,2011-07-07 14:08:00,2011-07-07 14:11:00,2,187.29,31,United Kingdom,5589
18014,2011-11-11 15:28:00,2011-11-11 15:28:00,1,154.27,29,United Kingdom,5590
18015,2011-12-05 14:49:00,2011-12-05 14:49:00,1,120.03,46,United Kingdom,5591
18016,2010-01-27 16:00:00,2011-11-07 13:25:00,7,1954.56,169,United Kingdom,5592
18017,2010-10-04 15:11:00,2011-09-19 16:15:00,4,688.0,4,United Kingdom,5593
18018,2010-10-15 11:05:00,2011-08-23 17:37:00,4,297.99,44,United Kingdom,5594
18019,2011-10-19 12:10:00,2011-10-19 12:10:00,1,38.45,5,United Kingdom,5595
18020,2010-06-14 12:31:00,2010-06-14 12:31:00,1,190.48000000000002,12,United Kingdom,5596
18021,2010-07-15 18:47:00,2010-07-18 10:52:00,2,216.41,32,United Kingdom,5597
18022,2010-06-11 13:59:00,2011-11-04 12:45:00,5,1506.62,424,United Kingdom,5598
18024,2011-07-10 12:28:00,2011-07-10 12:40:00,2,389.78,21,United Kingdom,5599
18025,2010-03-30 17:33:00,2010-11-25 12:37:00,6,1177.72,112,United Kingdom,5600
18026,2010-07-22 16:21:00,2010-07-27 10:37:00,2,2074.07,17,United Kingdom,5601
18027,2011-09-02 10:38:00,2011-09-02 10:38:00,1,115.31,21,United Kingdom,5602
18028,2010-05-05 13:28:00,2010-05-05 13:28:00,1,192.05,4,United Kingdom,5603
18029,2010-03-07 15:30:00,2010-03-07 15:30:00,1,433.77,18,United Kingdom,5604
18030,2011-10-28 13:55:00,2011-12-05 16:37:00,2,230.64999999999998,9,United Kingdom,5605
18031,2010-11-26 11:00:00,2010-11-26 11:00:00,1,451.3,63,United Kingdom,5606
18032,2011-01-09 15:32:00,2011-01-09 15:32:00,1,73.5,5,United Kingdom,5607
18033,2011-10-05 17:28:00,2011-10-05 17:28:00,1,93.82000000000001,33,United Kingdom,5608
18034,2010-11-29 12:36:00,2011-11-18 12:22:00,3,753.35,213,United Kingdom,5609
18035,2010-11-19 13:42:00,2011-11-04 12:39:00,5,1260.23,57,United Kingdom,5610
18036,2009-12-18 12:04:00,2011-11-07 14:40:00,11,1545.49,326,United Kingdom,5611
18037,2009-12-01 13:48:00,2011-07-08 13:39:00,15,167.42,33,United Kingdom,5612
18038,2010-06-01 15:59:00,2010-06-01 15:59:00,1,141.48,27,United Kingdom,5613
18039,2010-03-09 11:19:00,2010-11-30 13:07:00,4,548.22,158,United Kingdom,5614
18040,2011-04-08 08:27:00,2011-11-20 14:20:00,2,357.20000000000005,19,United Kingdom,5615
18041,2010-01-14 10:04:00,2011-11-28 11:39:00,38,8633.66,933,United Kingdom,5616
18042,2010-06-16 10:53:00,2011-10-17 11:49:00,2,281.15,16,United Kingdom,5617
18043,2010-12-08 12:35:00,2011-11-15 12:48:00,3,817.2,177,United Kingdom,5618
18044,2010-05-28 15:31:00,2011-12-05 14:26:00,18,3505.61,200,United Kingdom,5619
18045,2011-10-25 13:07:00,2011-10-25 13:07:00,1,178.34,43,United Kingdom,5620
18046,2010-02-28 11:36:00,2010-02-28 11:36:00,1,189.63,26,United Kingdom,5621
18047,2010-11-23 12:57:00,2010-11-23 13:11:00,2,326.09,83,United Kingdom,5622
18048,2010-08-03 13:03:00,2011-05-20 14:58:00,3,394.93,59,United Kingdom,5623
18049,2010-04-28 13:24:00,2010-09-28 14:26:00,2,500.5,86,United Kingdom,5624
18050,2010-11-11 15:51:00,2010-12-15 14:25:00,2,412.06,23,United Kingdom,5625
18051,2009-12-09 12:17:00,2010-03-15 13:58:00,7,2282.28,55,United Kingdom,5626
18052,2010-05-24 11:11:00,2010-05-24 11:11:00,1,10877.18,16,United Kingdom,5627
18053,2010-06-30 12:36:00,2011-09-30 09:05:00,3,571.07,32,United Kingdom,5628
18054,2010-11-12 08:18:00,2010-11-12 08:18:00,1,176.5,11,United Kingdom,5629
18055,2010-10-22 13:27:00,2011-12-02 14:25:00,14,11143.12,580,United Kingdom,5630
18056,2010-03-31 12:29:00,2011-02-24 14:27:00,2,554.6,30,United Kingdom,5631
18057,2010-01-18 12:42:00,2010-11-11 16:55:00,3,1168.14,131,United Kingdom,5632
18058,2010-02-10 09:38:00,2011-11-30 08:38:00,3,774.06,16,United Kingdom,5633
18059,2011-10-03 09:30:00,2011-11-16 16:49:00,3,306.46,18,United Kingdom,5634
18060,2010-05-24 08:34:00,2010-10-27 16:41:00,2,1185.46,75,United Kingdom,5635
18061,2009-12-04 11:36:00,2011-11-18 11:20:00,28,6488.97,128,United Kingdom,5636
18062,2010-04-21 08:55:00,2011-06-19 14:47:00,6,1632.67,54,United Kingdom,5637
18063,2010-03-16 13:05:00,2010-11-14 10:46:00,2,186.60000000000002,3,United Kingdom,5638
18064,2010-02-01 15:01:00,2011-07-29 16:39:00,11,4481.83,64,United Kingdom,5639
18065,2009-12-09 16:00:00,2011-12-04 10:30:00,28,5846.63,309,United Kingdom,5640
18066,2010-10-20 11:42:00,2011-09-25 15:30:00,3,1440.4,53,United Kingdom,5641
18067,2011-10-30 15:58:00,2011-10-30 15:58:00,1,396.33,37,United Kingdom,5642
18068,2011-02-23 14:50:00,2011-02-23 14:50:00,1,101.69999999999999,1,United Kingdom,5643
18069,2010-02-28 16:14:00,2011-11-13 16:03:00,11,4449.02,969,United Kingdom,5644
18070,2010-02-08 13:28:00,2010-02-08 13:28:00,1,314.1,9,United Kingdom,5645
18071,2009-12-05 10:31:00,2011-03-27 11:59:00,6,1428.63,85,United Kingdom,5646
18072,2011-06-07 10:44:00,2011-06-07 10:44:00,1,247.44,18,United Kingdom,5647
18073,2011-05-26 19:38:00,2011-08-17 14:02:00,12,3859.82,72,United Kingdom,5648
18074,2010-07-22 10:31:00,2010-12-01 09:53:00,2,1509.04,56,United Kingdom,5649
18075,2010-07-29 11:47:00,2011-11-16 15:21:00,20,5783.29,323,United Kingdom,5650
18076,2010-11-24 14:02:00,2010-11-24 14:02:00,1,151.49,8,United Kingdom,5651
18077,2009-12-07 11:40:00,2011-12-01 13:32:00,18,4283.66,372,United Kingdom,5652
18078,2010-03-21 15:50:00,2011-05-06 14:32:00,4,725.53,73,United Kingdom,5653
18079,2010-08-05 12:19:00,2011-10-25 15:27:00,5,4203.93,136,United Kingdom,5654
18080,2011-04-11 10:10:00,2011-11-21 08:02:00,2,1231.5,2,United Kingdom,5655
18081,2011-07-29 11:56:00,2011-11-03 16:30:00,3,343.45,17,United Kingdom,5656
18082,2011-11-14 12:45:00,2011-11-14 12:45:00,1,680.84,70,United Kingdom,5657
18083,2010-11-07 11:44:00,2010-11-07 11:44:00,1,463.53,40,United Kingdom,5658
18084,2010-11-16 08:09:00,2011-11-23 13:57:00,3,795.2299999999999,7,United Kingdom,5659
18085,2010-03-21 11:57:00,2011-01-13 15:17:00,4,1645.75,71,United Kingdom,5660
18086,2011-03-10 13:34:00,2011-03-10 13:34:00,1,101.34,7,United Kingdom,5661
18087,2009-12-01 09:43:00,2011-02-22 10:43:00,16,13908.72,87,United Kingdom,5662
18088,2011-10-09 13:41:00,2011-10-09 13:41:00,1,166.03,37,United Kingdom,5663
18089,2010-09-19 11:57:00,2010-09-19 11:57:00,1,428.45,10,United Kingdom,5664
18090,2010-10-14 12:32:00,2010-10-14 12:32:00,1,321.9,54,United Kingdom,5665
18091,2010-04-25 13:18:00,2010-04-25 13:18:00,1,360.85,25,United Kingdom,5666
18092,2009-12-04 12:37:00,2011-12-07 13:14:00,18,16179.44,150,United Kingdom,5667
18093,2010-03-31 10:27:00,2011-09-07 15:43:00,8,4452.71,61,United Kingdom,5668
18094,2010-01-07 11:16:00,2011-09-19 09:28:00,13,6391.52,126,United Kingdom,5669
18095,2010-04-19 14:09:00,2011-01-31 12:50:00,5,2303.09,48,United Kingdom,5670
18096,2010-07-14 14:30:00,2011-11-28 12:44:00,6,1638.16,389,United Kingdom,5671
18097,2009-12-17 11:06:00,2011-12-02 11:16:00,11,4627.92,156,United Kingdom,5672
18098,2010-11-08 16:31:00,2010-11-08 16:31:00,1,527.94,86,United Kingdom,5673
18099,2011-08-04 15:52:00,2011-08-04 15:52:00,1,168.31,19,United Kingdom,5674
18100,2010-06-07 14:19:00,2010-06-07 14:19:00,1,451.56,30,United Kingdom,5675
18101,2010-02-03 13:52:00,2011-11-28 13:37:00,5,622.01,109,United Kingdom,5676
18102,2009-12-01 09:24:00,2011-12-09 11:50:00,145,608821.65,1058,United Kingdom,5677
18103,2010-06-08 13:36:00,2010-06-08 13:36:00,1,105.8,10,United Kingdom,5678
18104,2011-11-02 14:07:00,2011-11-02 14:07:00,1,754.64,38,United Kingdom,5679
18105,2011-11-02 12:04:00,2011-11-02 12:04:00,1,113.48000000000002,18,United Kingdom,5680
18106,2010-01-15 11:36:00,2011-01-14 12:23:00,6,1441.06,191,United Kingdom,5681
18107,2010-09-23 13:03:00,2010-09-23 13:03:00,1,165.88,38,United Kingdom,5682
18108,2009-12-02 12:47:00,2011-03-30 13:56:00,3,848.8100000000001,47,United Kingdom,5683
18109,2010-07-01 12:13:00,2011-12-08 11:36:00,38,9833.16,668,United Kingdom,5684
18110,2010-10-24 14:21:00,2011-11-20 12:34:00,2,392.28000000000003,72,United Kingdom,5685
18111,2010-04-29 12:58:00,2010-04-29 12:58:00,1,405.85,27,United Kingdom,5686
18112,2010-06-06 12:40:00,2011-11-27 14:43:00,4,773.36,62,United Kingdom,5687
18113,2010-12-06 12:31:00,2010-12-06 12:31:00,1,152.64000000000001,2,United Kingdom,5688
18114,2011-02-22 13:20:00,2011-02-22 13:20:00,1,220.1,28,United Kingdom,5689
18115,2010-01-11 11:57:00,2010-01-11 11:57:00,1,9.700000000000001,3,United Kingdom,5690
18116,2010-10-24 15:29:00,2011-10-03 11:00:00,13,2130.89,563,United Kingdom,5691
18117,2011-11-14 12:47:00,2011-11-14 12:47:00,1,314.4,71,United Kingdom,5692
18118,2010-11-23 13:36:00,2011-11-29 11:32:00,29,6690.7300000000005,1546,United Kingdom,5693
18119,2010-12-07 11:59:00,2010-12-07 11:59:00,1,361.4,58,United Kingdom,5694
18120,2011-05-09 13:45:00,2011-05-09 13:45:00,1,111.15,17,United Kingdom,5695
18121,2011-07-08 12:14:00,2011-07-13 12:53:00,2,653.3,31,United Kingdom,5696
18122,2011-07-12 11:37:00,2011-12-01 13:08:00,6,1791.84,355,United Kingdom,5697
18123,2010-07-14 12:47:00,2011-11-15 14:23:00,3,666.64,56,United Kingdom,5698
18124,2010-08-24 17:21:00,2010-08-24 17:21:00,1,102.65,20,United Kingdom,5699
18125,2011-01-27 15:02:00,2011-11-10 12:29:00,4,1131.75,192,United Kingdom,5700
18126,2011-10-10 12:19:00,2011-10-10 12:19:00,1,198.58,51,United Kingdom,5701
18127,2010-11-01 13:56:00,2011-11-20 14:05:00,4,556.13,67,United Kingdom,5702
18128,2010-06-20 13:19:00,2010-06-20 13:19:00,1,399.29,42,United Kingdom,5703
18129,2011-04-10 14:16:00,2011-04-10 14:16:00,1,112.55000000000001,14,United Kingdom,5704
18130,2011-10-13 15:58:00,2011-11-24 14:40:00,3,1059.39,70,United Kingdom,5705
18131,2010-03-18 08:48:00,2010-03-18 08:48:00,1,222.95999999999998,4,United Kingdom,5706
18132,2010-07-23 16:54:00,2010-07-23 16:54:00,1,220.13,62,United Kingdom,5707
18133,2011-05-11 14:14:00,2011-05-11 14:14:00,1,931.4999999999999,1,United Kingdom,5708
18134,2010-01-14 11:59:00,2010-04-20 14:02:00,2,445.0,28,United Kingdom,5709
18135,2010-03-15 13:55:00,2011-11-10 19:32:00,10,1249.6200000000001,37,United Kingdom,5710
18136,2010-09-14 15:50:00,2011-10-07 15:40:00,5,1631.3600000000001,88,United Kingdom,5711
18137,2010-06-06 13:45:00,2010-06-06 14:18:00,2,145.99,29,United Kingdom,5712
18138,2011-02-17 14:51:00,2011-02-17 14:51:00,1,152.65,8,United Kingdom,5713
18139,2011-11-21 14:06:00,2011-11-22 10:44:00,6,8438.34,159,United Kingdom,5714
18140,2010-08-23 11:58:00,2010-08-23 11:58:00,1,536.41,54,West Indies,5715
18141,2010-04-29 15:32:00,2010-11-03 11:44:00,2,882.47,42,United Kingdom,5716
18142,2011-05-08 12:31:00,2011-07-05 13:19:00,2,1019.52,15,United Kingdom,5717
18143,2011-07-21 10:44:00,2011-08-15 12:07:00,2,1000.16,61,United Kingdom,5718
18144,2009-12-16 15:57:00,2011-12-02 12:46:00,19,5058.0,87,United Kingdom,5719
18145,2009-12-08 12:30:00,2011-11-27 11:22:00,11,5609.74,402,United Kingdom,5720
18146,2011-05-03 16:35:00,2011-07-22 12:08:00,2,160.35000000000002,10,United Kingdom,5721
18147,2011-08-23 12:22:00,2011-10-25 11:46:00,2,179.33999999999997,7,United Kingdom,5722
18148,2010-03-03 11:40:00,2010-03-03 11:40:00,1,112.85000000000001,10,United Kingdom,5723
18149,2010-03-14 12:41:00,2011-10-20 12:04:00,7,1553.96,91,United Kingdom,5724
18150,2011-05-22 10:47:00,2011-11-07 16:49:00,3,566.58,37,United Kingdom,5725
18151,2010-03-04 10:47:00,2011-07-28 11:35:00,6,1879.44,106,United Kingdom,5726
18152,2010-03-03 15:26:00,2010-03-03 15:26:00,1,426.69,10,United Kingdom,5727
18153,2010-02-18 15:50:00,2010-02-18 15:50:00,1,246.22,17,United Kingdom,5728
18154,2010-08-06 09:18:00,2011-12-06 16:41:00,5,932.6,47,United Kingdom,5729
18155,2011-02-21 10:36:00,2011-09-25 13:32:00,3,371.62,25,United Kingdom,5730
18156,2010-12-05 12:29:00,2011-11-27 12:24:00,2,862.52,172,United Kingdom,5731
18157,2010-05-17 14:09:00,2010-05-17 14:09:00,1,213.9,25,United Kingdom,5732
18158,2011-09-12 09:03:00,2011-11-30 16:19:00,2,453.4,34,United Kingdom,5733
18159,2011-02-11 14:26:00,2011-02-11 14:26:00,1,530.15,23,United Kingdom,5734
18160,2010-11-18 16:33:00,2011-10-13 15:50:00,3,1003.88,65,United Kingdom,5735
18161,2010-11-25 15:55:00,2011-11-24 16:40:00,6,1803.1000000000001,93,United Kingdom,5736
18162,2009-12-07 13:24:00,2009-12-07 13:24:00,1,371.51,46,United Kingdom,5737
18163,2010-05-04 14:51:00,2010-05-04 14:51:00,1,728.84,33,United Kingdom,5738
18164,2011-11-02 12:56:00,2011-11-02 12:56:00,1,399.65000000000003,24,United Kingdom,5739
18165,2011-06-15 13:23:00,2011-06-15 13:23:00,1,302.46000000000004,10,United Kingdom,5740
18166,2010-03-26 12:26:00,2010-03-26 12:26:00,1,175.5,10,United Kingdom,5741
18167,2011-08-26 11:40:00,2011-11-16 15:56:00,3,1384.8600000000001,37,United Kingdom,5742
18168,2009-12-03 17:29:00,2011-06-16 19:21:00,16,3698.8,390,United Kingdom,5743
18169,2011-10-10 12:18:00,2011-10-10 12:18:00,1,202.65,9,United Kingdom,5744
18170,2010-01-08 14:10:00,2011-11-06 14:35:00,9,2878.0,126,United Kingdom,5745
18171,2010-01-05 10:46:00,2011-10-12 09:13:00,9,2437.31,92,United Kingdom,5746
18172,2009-12-11 09:58:00,2011-11-25 11:12:00,52,17467.24,475,United Kingdom,5747
18173,2010-04-06 10:43:00,2011-09-14 11:26:00,5,2696.36,45,United Kingdom,5748
18174,2010-04-15 12:17:00,2011-12-02 16:56:00,2,162.5,2,United Kingdom,5749
18175,2010-02-02 10:25:00,2010-02-02 10:25:00,1,176.1,7,United Kingdom,5750
18176,2010-12-16 15:45:00,2010-12-16 15:45:00,1,476.35,30,United Kingdom,5751
18177,2009-12-15 18:57:00,2011-11-08 14:44:00,9,2216.32,99,United Kingdom,5752
18178,2010-02-18 14:25:00,2011-08-03 09:30:00,11,6103.74,350,United Kingdom,5753
18179,2010-02-14 15:51:00,2011-11-30 16:23:00,8,2547.55,109,United Kingdom,5754
18180,2011-07-20 08:59:00,2011-12-05 08:39:00,6,1843.75,119,United Kingdom,5755
18181,2009-12-04 15:30:00,2011-11-15 15:08:00,5,1188.34,178,United Kingdom,5756
18182,2010-09-02 14:25:00,2010-09-02 14:25:00,1,291.13,10,United Kingdom,5757
18183,2011-03-10 10:08:00,2011-04-26 15:26:00,2,632.07,37,United Kingdom,5758
18184,2011-11-24 15:28:00,2011-11-24 15:28:00,1,49.8,1,United Kingdom,5759
18185,2011-04-04 13:42:00,2011-04-04 13:42:00,1,304.25,17,United Kingdom,5760
18186,2009-12-17 10:22:00,2009-12-17 10:22:00,1,329.58,11,United Kingdom,5761
18187,2010-03-18 09:49:00,2010-03-18 09:49:00,1,724.89,48,United Kingdom,5762
18188,2010-03-26 11:37:00,2011-11-24 16:46:00,6,3280.59,133,United Kingdom,5763
18189,2010-03-24 09:57:00,2011-09-23 12:40:00,3,1403.73,86,United Kingdom,5764
18190,2009-12-22 12:05:00,2011-05-31 14:48:00,5,745.62,42,United Kingdom,5765
18191,2010-08-19 17:42:00,2011-03-23 12:08:00,2,529.4,15,United Kingdom,5766
18192,2011-09-29 09:53:00,2011-09-29 09:53:00,1,957.97,45,United Kingdom,5767
18193,2010-09-23 13:33:00,2011-06-27 13:58:00,3,1207.35,70,United Kingdom,5768
18194,2010-01-28 15:30:00,2011-09-18 13:29:00,6,4162.04,28,United Kingdom,5769
18195,2010-11-17 15:03:00,2010-11-17 15:03:00,1,101.16,5,United Kingdom,5770
18196,2010-03-17 14:55:00,2011-09-05 16:22:00,4,1455.27,275,United Kingdom,5771
18197,2010-05-13 10:46:00,2010-05-13 10:46:00,1,230.1,9,United Kingdom,5772
18198,2011-01-07 13:39:00,2011-12-05 14:49:00,17,5425.56,159,United Kingdom,5773
18199,2010-01-25 11:32:00,2010-01-25 11:32:00,1,344.75,20,United Kingdom,5774
18200,2011-08-25 18:45:00,2011-08-25 18:45:00,1,150.35,30,United Kingdom,5775
18201,2009-12-17 08:55:00,2009-12-17 08:55:00,1,447.53000000000003,27,United Kingdom,5776
18202,2011-02-01 13:36:00,2011-05-24 12:12:00,3,1396.99,68,United Kingdom,5777
18203,2009-12-08 13:19:00,2011-07-05 13:07:00,4,482.52,58,United Kingdom,5778
18204,2011-05-31 15:26:00,2011-09-29 16:44:00,3,1975.35,192,United Kingdom,5779
18205,2011-09-26 12:02:00,2011-11-03 13:22:00,2,517.36,32,United Kingdom,5780
18206,2010-06-04 13:47:00,2010-06-04 13:47:00,1,314.65999999999997,19,United Kingdom,5781
18207,2010-07-28 14:26:00,2010-07-28 14:26:00,1,544.47,31,United Kingdom,5782
18208,2010-05-23 11:54:00,2010-05-23 11:54:00,1,360.08,17,United Kingdom,5783
18209,2011-11-11 12:07:00,2011-11-11 12:07:00,1,139.10000000000002,8,United Kingdom,5784
18210,2010-11-22 09:39:00,2011-12-08 11:02:00,7,2768.83,144,United Kingdom,5785
18211,2011-03-06 12:09:00,2011-11-14 08:10:00,5,600.07,42,United Kingdom,5786
18212,2010-01-31 14:42:00,2011-01-17 16:14:00,2,514.37,46,United Kingdom,5787
18213,2011-04-17 10:21:00,2011-04-17 10:21:00,1,232.48000000000002,15,United Kingdom,5788
18214,2010-06-03 19:47:00,2010-06-27 11:21:00,4,1780.34,58,United Kingdom,5789
18215,2010-03-26 13:03:00,2011-09-11 16:05:00,5,2232.4900000000002,89,United Kingdom,5790
18216,2011-11-08 16:55:00,2011-11-08 16:55:00,1,481.75,26,United Kingdom,5791
18217,2010-07-01 15:39:00,2011-11-10 13:18:00,4,945.04,40,United Kingdom,5792
18218,2010-02-17 15:11:00,2011-05-12 12:53:00,4,1121.84,38,United Kingdom,5793
18219,2009-12-07 13:17:00,2011-12-07 11:43:00,17,3562.89,203,United Kingdom,5794
18220,2009-12-15 11:42:00,2011-04-27 09:03:00,6,1921.76,25,United Kingdom,5795
18221,2010-11-14 15:46:00,2011-11-17 14:40:00,6,1424.94,84,United Kingdom,5796
18222,2011-09-08 10:45:00,2011-09-08 10:45:00,1,443.0,19,United Kingdom,5797
18223,2009-12-04 12:20:00,2011-12-05 09:11:00,26,14000.85,576,United Kingdom,5798
18224,2011-03-21 10:30:00,2011-03-21 10:30:00,1,158.95000000000002,10,United Kingdom,5799
18225,2009-12-04 16:52:00,2011-12-06 13:27:00,26,13044.8,574,United Kingdom,5800
18226,2010-03-05 10:05:00,2011-10-26 13:36:00,26,11878.88,528,United Kingdom,5801
18227,2010-08-12 16:45:00,2011-05-06 12:23:00,2,388.75,6,United Kingdom,5802
18228,2011-09-21 10:48:00,2011-10-14 09:21:00,2,779.9,30,United Kingdom,5803
18229,2009-12-03 14:42:00,2011-11-28 09:48:00,28,10803.710000000001,211,United Kingdom,5804
18230,2010-07-02 10:01:00,2011-11-30 13:22:00,9,4291.06,140,United Kingdom,5805
18231,2010-01-10 12:13:00,2011-05-31 14:18:00,28,6848.27,382,United Kingdom,5806
18232,2011-05-26 16:30:00,2011-09-19 11:49:00,4,592.97,37,United Kingdom,5807
18233,2011-01-18 08:44:00,2011-01-18 08:44:00,1,440.0,1,United Kingdom,5808
18234,2010-06-06 11:22:00,2010-06-06 11:22:00,1,179.6,30,United Kingdom,5809
18235,2011-05-06 13:35:00,2011-09-29 08:27:00,3,1796.48,104,United Kingdom,5810
18236,2010-04-15 13:39:00,2011-11-10 08:06:00,12,1795.3500000000001,98,United Kingdom,5811
18237,2011-07-28 13:05:00,2011-12-07 12:49:00,5,987.1,61,United Kingdom,5812
18238,2010-07-12 12:51:00,2010-07-12 12:51:00,1,270.92,14,United Kingdom,5813
18239,2010-10-13 10:11:00,2011-05-05 12:38:00,6,2150.36,125,United Kingdom,5814
18240,2011-10-24 13:06:00,2011-10-24 13:06:00,1,422.58,6,United Kingdom,5815
18241,2010-04-01 11:55:00,2011-11-30 12:10:00,21,2986.9900000000002,159,United Kingdom,5816
18242,2010-01-11 08:49:00,2011-09-28 13:43:00,8,3605.21,140,United Kingdom,5817
18243,2010-10-21 14:29:00,2010-10-21 14:29:00,1,515.78,26,United Kingdom,5818
18244,2010-07-25 10:30:00,2010-10-05 11:15:00,2,568.64,19,United Kingdom,5819
18245,2010-03-08 15:26:00,2011-12-02 14:48:00,20,6324.9800000000005,458,United Kingdom,5820
18246,2010-04-09 10:19:00,2011-11-16 11:49:00,3,758.8199999999999,5,United Kingdom,5821
18247,2010-03-18 15:52:00,2010-10-21 09:49:00,3,839.73,37,United Kingdom,5822
18248,2011-06-06 13:18:00,2011-08-09 10:19:00,2,804.02,47,United Kingdom,5823
18249,2011-11-22 15:07:00,2011-11-22 15:07:00,1,95.34,8,United Kingdom,5824
18250,2011-02-02 13:16:00,2011-02-02 13:16:00,1,349.27,21,United Kingdom,5825
18251,2009-12-22 12:01:00,2011-09-13 15:03:00,9,26278.86,108,United Kingdom,5826
18252,2009-12-18 16:13:00,2011-10-20 12:43:00,7,1533.69,134,United Kingdom,5827
18253,2010-03-07 12:38:00,2010-03-07 12:38:00,1,317.88,7,United Kingdom,5828
18254,2010-05-07 14:37:00,2010-05-07 14:37:00,1,267.9,16,United Kingdom,5829
18255,2010-09-09 16:31:00,2011-09-11 13:16:00,2,303.15,19,United Kingdom,5830
18256,2010-11-17 08:53:00,2010-11-17 08:53:00,1,110.7,10,United Kingdom,5831
18257,2010-02-18 16:20:00,2011-10-31 14:48:00,12,4585.15,275,United Kingdom,5832
18258,2010-05-16 11:35:00,2010-09-01 14:20:00,6,2059.67,50,United Kingdom,5833
18259,2009-12-08 08:38:00,2011-11-15 12:34:00,7,4318.200000000001,92,United Kingdom,5834
18260,2009-12-15 13:50:00,2011-06-20 12:37:00,23,9947.26,410,United Kingdom,5835
18261,2011-09-05 09:34:00,2011-10-27 15:36:00,2,324.24,21,United Kingdom,5836
18262,2010-04-16 09:05:00,2011-07-22 16:04:00,3,577.54,42,United Kingdom,5837
18263,2011-04-01 11:48:00,2011-11-14 09:00:00,3,1213.1599999999999,61,United Kingdom,5838
18264,2010-07-29 10:02:00,2010-07-29 10:02:00,1,603.25,36,United Kingdom,5839
18265,2011-07-04 15:26:00,2011-09-28 14:10:00,2,801.51,46,United Kingdom,5840
18266,2010-10-01 15:33:00,2010-10-01 15:33:00,1,251.1,14,United Kingdom,5841
18267,2010-02-05 08:43:00,2010-02-05 08:43:00,1,269.37,17,United Kingdom,5842
18268,2009-12-11 10:27:00,2011-07-28 19:13:00,6,1490.23,67,United Kingdom,5843
18269,2010-12-08 13:53:00,2010-12-08 13:53:00,1,337.2,14,United Kingdom,5844
18270,2010-10-03 10:49:00,2011-11-01 13:57:00,3,444.55,17,United Kingdom,5845
18271,2009-12-08 11:27:00,2010-04-09 09:26:00,2,680.85,21,United Kingdom,5846
18272,2010-03-04 12:53:00,2011-12-07 12:43:00,9,4385.9800000000005,226,United Kingdom,5847
18273,2010-04-28 12:24:00,2011-12-07 13:16:00,4,357.0,4,United Kingdom,5848
18274,2011-11-09 17:03:00,2011-11-09 17:03:00,1,175.92,11,United Kingdom,5849
18275,2009-12-08 16:23:00,2010-05-10 15:46:00,2,741.85,19,United Kingdom,5850
18276,2009-12-10 17:14:00,2011-10-27 10:54:00,6,1656.52,94,United Kingdom,5851
18277,2010-08-02 10:26:00,2011-10-12 15:22:00,5,1180.05,64,United Kingdom,5852
18278,2010-10-31 12:13:00,2011-09-27 11:58:00,2,414.20000000000005,24,United Kingdom,5853
18279,2010-07-08 14:48:00,2010-07-08 14:48:00,1,231.33999999999997,13,United Kingdom,5854
18280,2010-11-10 15:51:00,2011-03-07 09:52:00,2,488.15000000000003,30,United Kingdom,5855
18281,2010-05-11 10:49:00,2011-06-12 10:53:00,2,201.14,17,United Kingdom,5856
18282,2011-08-05 13:35:00,2011-12-02 11:43:00,2,178.05,12,United Kingdom,5857
18283,2010-02-19 17:16:00,2011-12-06 12:02:00,22,2658.95,936,United Kingdom,5858
18284,2010-10-04 11:33:00,2010-10-04 11:33:00,1,461.68,28,United Kingdom,5859
18285,2010-02-17 10:24:00,2010-02-17 10:24:00,1,427.0,12,United Kingdom,5860
18286,2009-12-16 10:45:00,2010-08-20 11:57:00,2,1296.43,67,United Kingdom,5861
18287,2010-05-17 11:55:00,2011-10-28 09:29:00,7,4182.99,155,United Kingdom,5862
